ISO-10303-21;
HEADER;
FILE_DESCRIPTION(('Open CASCADE Model'),'2;1');
FILE_NAME('Open CASCADE Shape Model','2026-09-05T10:58:37',('Author'),(
    'Open CASCADE'),'Open CASCADE STEP processor 7.9','Open CASCADE 7.9'
  ,'Unknown');
FILE_SCHEMA(('AUTOMOTIVE_DESIGN { 1 0 10303 214 1 1 1 1 }'));
ENDSEC;
DATA;
#1 = APPLICATION_PROTOCOL_DEFINITION('international standard',
  'automotive_design',2000,#2);
#2 = APPLICATION_CONTEXT(
  'core data for automotive mechanical design processes');
#3 = SHAPE_DEFINITION_REPRESENTATION(#4,#10);
#4 = PRODUCT_DEFINITION_SHAPE('','',#5);
#5 = PRODUCT_DEFINITION('design','',#6,#9);
#6 = PRODUCT_DEFINITION_FORMATION('','',#7);
#7 = PRODUCT('esp32-c3-supermini-components',
  'esp32-c3-supermini-components','',(#8));
#8 = PRODUCT_CONTEXT('',#2,'mechanical');
#9 = PRODUCT_DEFINITION_CONTEXT('part definition',#2,'design');
#10 = SHAPE_REPRESENTATION('',(#11,#15,#19,#23,#27,#31,#35,#39,#43,#47,
    #51,#55),#59);
#11 = AXIS2_PLACEMENT_3D('',#12,#13,#14);
#12 = CARTESIAN_POINT('',(0.,0.,0.));
#13 = DIRECTION('',(0.,0.,1.));
#14 = DIRECTION('',(1.,0.,-0.));
#15 = AXIS2_PLACEMENT_3D('',#16,#17,#18);
#16 = CARTESIAN_POINT('',(0.,0.,0.));
#17 = DIRECTION('',(0.,0.,1.));
#18 = DIRECTION('',(1.,0.,-0.));
#19 = AXIS2_PLACEMENT_3D('',#20,#21,#22);
#20 = CARTESIAN_POINT('',(0.,0.,0.));
#21 = DIRECTION('',(0.,0.,1.));
#22 = DIRECTION('',(1.,0.,-0.));
#23 = AXIS2_PLACEMENT_3D('',#24,#25,#26);
#24 = CARTESIAN_POINT('',(0.,0.,0.));
#25 = DIRECTION('',(0.,0.,1.));
#26 = DIRECTION('',(1.,0.,-0.));
#27 = AXIS2_PLACEMENT_3D('',#28,#29,#30);
#28 = CARTESIAN_POINT('',(0.,0.,0.));
#29 = DIRECTION('',(0.,0.,1.));
#30 = DIRECTION('',(1.,0.,-0.));
#31 = AXIS2_PLACEMENT_3D('',#32,#33,#34);
#32 = CARTESIAN_POINT('',(0.,0.,0.));
#33 = DIRECTION('',(0.,0.,1.));
#34 = DIRECTION('',(1.,0.,-0.));
#35 = AXIS2_PLACEMENT_3D('',#36,#37,#38);
#36 = CARTESIAN_POINT('',(0.,0.,0.));
#37 = DIRECTION('',(0.,0.,1.));
#38 = DIRECTION('',(1.,0.,-0.));
#39 = AXIS2_PLACEMENT_3D('',#40,#41,#42);
#40 = CARTESIAN_POINT('',(0.,0.,0.));
#41 = DIRECTION('',(0.,0.,1.));
#42 = DIRECTION('',(1.,0.,-0.));
#43 = AXIS2_PLACEMENT_3D('',#44,#45,#46);
#44 = CARTESIAN_POINT('',(0.,0.,0.));
#45 = DIRECTION('',(0.,0.,1.));
#46 = DIRECTION('',(1.,0.,-0.));
#47 = AXIS2_PLACEMENT_3D('',#48,#49,#50);
#48 = CARTESIAN_POINT('',(0.,0.,0.));
#49 = DIRECTION('',(0.,0.,1.));
#50 = DIRECTION('',(1.,0.,-0.));
#51 = AXIS2_PLACEMENT_3D('',#52,#53,#54);
#52 = CARTESIAN_POINT('',(0.,0.,0.));
#53 = DIRECTION('',(0.,0.,1.));
#54 = DIRECTION('',(1.,0.,-0.));
#55 = AXIS2_PLACEMENT_3D('',#56,#57,#58);
#56 = CARTESIAN_POINT('',(0.,0.,0.));
#57 = DIRECTION('',(0.,0.,1.));
#58 = DIRECTION('',(1.,0.,-0.));
#59 = ( GEOMETRIC_REPRESENTATION_CONTEXT(3) 
GLOBAL_UNCERTAINTY_ASSIGNED_CONTEXT((#63)) GLOBAL_UNIT_ASSIGNED_CONTEXT(
(#60,#61,#62)) REPRESENTATION_CONTEXT('Context #1',
  '3D Context with UNIT and UNCERTAINTY') );
#60 = ( LENGTH_UNIT() NAMED_UNIT(*) SI_UNIT(.MILLI.,.METRE.) );
#61 = ( NAMED_UNIT(*) PLANE_ANGLE_UNIT() SI_UNIT($,.RADIAN.) );
#62 = ( NAMED_UNIT(*) SI_UNIT($,.STERADIAN.) SOLID_ANGLE_UNIT() );
#63 = UNCERTAINTY_MEASURE_WITH_UNIT(LENGTH_MEASURE(1.E-07),#60,
  'distance_accuracy_value','confusion accuracy');
#64 = PRODUCT_RELATED_PRODUCT_CATEGORY('part',$,(#7));
#65 = SHAPE_DEFINITION_REPRESENTATION(#66,#72);
#66 = PRODUCT_DEFINITION_SHAPE('','',#67);
#67 = PRODUCT_DEFINITION('design','',#68,#71);
#68 = PRODUCT_DEFINITION_FORMATION('','',#69);
#69 = PRODUCT('usb_c_0','usb_c_0','',(#70));
#70 = PRODUCT_CONTEXT('',#2,'mechanical');
#71 = PRODUCT_DEFINITION_CONTEXT('part definition',#2,'design');
#72 = ADVANCED_BREP_SHAPE_REPRESENTATION('',(#11,#73),#739);
#73 = MANIFOLD_SOLID_BREP('',#74);
#74 = CLOSED_SHELL('',(#75,#195,#395,#449,#499,#624,#651,#678,#705,#732)
  );
#75 = ADVANCED_FACE('',(#76),#90,.F.);
#76 = FACE_BOUND('',#77,.F.);
#77 = EDGE_LOOP('',(#78,#113,#141,#169));
#78 = ORIENTED_EDGE('',*,*,#79,.F.);
#79 = EDGE_CURVE('',#80,#82,#84,.T.);
#80 = VERTEX_POINT('',#81);
#81 = CARTESIAN_POINT('',(3.12,-4.11,2.2));
#82 = VERTEX_POINT('',#83);
#83 = CARTESIAN_POINT('',(3.12,-4.11,2.96));
#84 = SURFACE_CURVE('',#85,(#89,#101),.PCURVE_S1.);
#85 = LINE('',#86,#87);
#86 = CARTESIAN_POINT('',(3.12,-4.11,1.));
#87 = VECTOR('',#88,1.);
#88 = DIRECTION('',(0.,0.,1.));
#89 = PCURVE('',#90,#95);
#90 = PLANE('',#91);
#91 = AXIS2_PLACEMENT_3D('',#92,#93,#94);
#92 = CARTESIAN_POINT('',(3.12,-4.11,1.));
#93 = DIRECTION('',(1.,0.,0.));
#94 = DIRECTION('',(0.,0.,1.));
#95 = DEFINITIONAL_REPRESENTATION('',(#96),#100);
#96 = LINE('',#97,#98);
#97 = CARTESIAN_POINT('',(0.,0.));
#98 = VECTOR('',#99,1.);
#99 = DIRECTION('',(1.,0.));
#100 = ( GEOMETRIC_REPRESENTATION_CONTEXT(2) 
PARAMETRIC_REPRESENTATION_CONTEXT() REPRESENTATION_CONTEXT('2D SPACE',''
  ) );
#101 = PCURVE('',#102,#107);
#102 = PLANE('',#103);
#103 = AXIS2_PLACEMENT_3D('',#104,#105,#106);
#104 = CARTESIAN_POINT('',(3.12,-4.11,1.));
#105 = DIRECTION('',(0.,1.,0.));
#106 = DIRECTION('',(0.,0.,1.));
#107 = DEFINITIONAL_REPRESENTATION('',(#108),#112);
#108 = LINE('',#109,#110);
#109 = CARTESIAN_POINT('',(0.,0.));
#110 = VECTOR('',#111,1.);
#111 = DIRECTION('',(1.,0.));
#112 = ( GEOMETRIC_REPRESENTATION_CONTEXT(2) 
PARAMETRIC_REPRESENTATION_CONTEXT() REPRESENTATION_CONTEXT('2D SPACE',''
  ) );
#113 = ORIENTED_EDGE('',*,*,#114,.T.);
#114 = EDGE_CURVE('',#80,#115,#117,.T.);
#115 = VERTEX_POINT('',#116);
#116 = CARTESIAN_POINT('',(3.12,3.24,2.2));
#117 = SURFACE_CURVE('',#118,(#122,#129),.PCURVE_S1.);
#118 = LINE('',#119,#120);
#119 = CARTESIAN_POINT('',(3.12,-4.11,2.2));
#120 = VECTOR('',#121,1.);
#121 = DIRECTION('',(0.,1.,0.));
#122 = PCURVE('',#90,#123);
#123 = DEFINITIONAL_REPRESENTATION('',(#124),#128);
#124 = LINE('',#125,#126);
#125 = CARTESIAN_POINT('',(1.2,0.));
#126 = VECTOR('',#127,1.);
#127 = DIRECTION('',(0.,-1.));
#128 = ( GEOMETRIC_REPRESENTATION_CONTEXT(2) 
PARAMETRIC_REPRESENTATION_CONTEXT() REPRESENTATION_CONTEXT('2D SPACE',''
  ) );
#129 = PCURVE('',#130,#135);
#130 = CYLINDRICAL_SURFACE('',#131,1.2);
#131 = AXIS2_PLACEMENT_3D('',#132,#133,#134);
#132 = CARTESIAN_POINT('',(4.32,-4.11,2.2));
#133 = DIRECTION('',(0.,1.,0.));
#134 = DIRECTION('',(-1.,0.,0.));
#135 = DEFINITIONAL_REPRESENTATION('',(#136),#140);
#136 = LINE('',#137,#138);
#137 = CARTESIAN_POINT('',(-0.,0.));
#138 = VECTOR('',#139,1.);
#139 = DIRECTION('',(-0.,1.));
#140 = ( GEOMETRIC_REPRESENTATION_CONTEXT(2) 
PARAMETRIC_REPRESENTATION_CONTEXT() REPRESENTATION_CONTEXT('2D SPACE',''
  ) );
#141 = ORIENTED_EDGE('',*,*,#142,.T.);
#142 = EDGE_CURVE('',#115,#143,#145,.T.);
#143 = VERTEX_POINT('',#144);
#144 = CARTESIAN_POINT('',(3.12,3.24,2.96));
#145 = SURFACE_CURVE('',#146,(#150,#157),.PCURVE_S1.);
#146 = LINE('',#147,#148);
#147 = CARTESIAN_POINT('',(3.12,3.24,1.));
#148 = VECTOR('',#149,1.);
#149 = DIRECTION('',(0.,0.,1.));
#150 = PCURVE('',#90,#151);
#151 = DEFINITIONAL_REPRESENTATION('',(#152),#156);
#152 = LINE('',#153,#154);
#153 = CARTESIAN_POINT('',(0.,-7.35));
#154 = VECTOR('',#155,1.);
#155 = DIRECTION('',(1.,0.));
#156 = ( GEOMETRIC_REPRESENTATION_CONTEXT(2) 
PARAMETRIC_REPRESENTATION_CONTEXT() REPRESENTATION_CONTEXT('2D SPACE',''
  ) );
#157 = PCURVE('',#158,#163);
#158 = PLANE('',#159);
#159 = AXIS2_PLACEMENT_3D('',#160,#161,#162);
#160 = CARTESIAN_POINT('',(3.12,3.24,1.));
#161 = DIRECTION('',(0.,1.,0.));
#162 = DIRECTION('',(0.,0.,1.));
#163 = DEFINITIONAL_REPRESENTATION('',(#164),#168);
#164 = LINE('',#165,#166);
#165 = CARTESIAN_POINT('',(0.,0.));
#166 = VECTOR('',#167,1.);
#167 = DIRECTION('',(1.,0.));
#168 = ( GEOMETRIC_REPRESENTATION_CONTEXT(2) 
PARAMETRIC_REPRESENTATION_CONTEXT() REPRESENTATION_CONTEXT('2D SPACE',''
  ) );
#169 = ORIENTED_EDGE('',*,*,#170,.F.);
#170 = EDGE_CURVE('',#82,#143,#171,.T.);
#171 = SURFACE_CURVE('',#172,(#176,#183),.PCURVE_S1.);
#172 = LINE('',#173,#174);
#173 = CARTESIAN_POINT('',(3.12,-4.11,2.96));
#174 = VECTOR('',#175,1.);
#175 = DIRECTION('',(0.,1.,0.));
#176 = PCURVE('',#90,#177);
#177 = DEFINITIONAL_REPRESENTATION('',(#178),#182);
#178 = LINE('',#179,#180);
#179 = CARTESIAN_POINT('',(1.96,0.));
#180 = VECTOR('',#181,1.);
#181 = DIRECTION('',(0.,-1.));
#182 = ( GEOMETRIC_REPRESENTATION_CONTEXT(2) 
PARAMETRIC_REPRESENTATION_CONTEXT() REPRESENTATION_CONTEXT('2D SPACE',''
  ) );
#183 = PCURVE('',#184,#189);
#184 = CYLINDRICAL_SURFACE('',#185,1.2);
#185 = AXIS2_PLACEMENT_3D('',#186,#187,#188);
#186 = CARTESIAN_POINT('',(4.32,-4.11,2.96));
#187 = DIRECTION('',(0.,1.,0.));
#188 = DIRECTION('',(-1.,0.,0.));
#189 = DEFINITIONAL_REPRESENTATION('',(#190),#194);
#190 = LINE('',#191,#192);
#191 = CARTESIAN_POINT('',(0.,0.));
#192 = VECTOR('',#193,1.);
#193 = DIRECTION('',(0.,1.));
#194 = ( GEOMETRIC_REPRESENTATION_CONTEXT(2) 
PARAMETRIC_REPRESENTATION_CONTEXT() REPRESENTATION_CONTEXT('2D SPACE',''
  ) );
#195 = ADVANCED_FACE('',(#196),#102,.F.);
#196 = FACE_BOUND('',#197,.F.);
#197 = EDGE_LOOP('',(#198,#228,#254,#255,#279,#307,#340,#368));
#198 = ORIENTED_EDGE('',*,*,#199,.F.);
#199 = EDGE_CURVE('',#200,#202,#204,.T.);
#200 = VERTEX_POINT('',#201);
#201 = CARTESIAN_POINT('',(4.32,-4.11,1.));
#202 = VERTEX_POINT('',#203);
#203 = CARTESIAN_POINT('',(10.92,-4.11,1.));
#204 = SURFACE_CURVE('',#205,(#209,#216),.PCURVE_S1.);
#205 = LINE('',#206,#207);
#206 = CARTESIAN_POINT('',(3.12,-4.11,1.));
#207 = VECTOR('',#208,1.);
#208 = DIRECTION('',(1.,0.,0.));
#209 = PCURVE('',#102,#210);
#210 = DEFINITIONAL_REPRESENTATION('',(#211),#215);
#211 = LINE('',#212,#213);
#212 = CARTESIAN_POINT('',(0.,0.));
#213 = VECTOR('',#214,1.);
#214 = DIRECTION('',(0.,1.));
#215 = ( GEOMETRIC_REPRESENTATION_CONTEXT(2) 
PARAMETRIC_REPRESENTATION_CONTEXT() REPRESENTATION_CONTEXT('2D SPACE',''
  ) );
#216 = PCURVE('',#217,#222);
#217 = PLANE('',#218);
#218 = AXIS2_PLACEMENT_3D('',#219,#220,#221);
#219 = CARTESIAN_POINT('',(3.12,-4.11,1.));
#220 = DIRECTION('',(0.,0.,1.));
#221 = DIRECTION('',(1.,0.,0.));
#222 = DEFINITIONAL_REPRESENTATION('',(#223),#227);
#223 = LINE('',#224,#225);
#224 = CARTESIAN_POINT('',(0.,0.));
#225 = VECTOR('',#226,1.);
#226 = DIRECTION('',(1.,0.));
#227 = ( GEOMETRIC_REPRESENTATION_CONTEXT(2) 
PARAMETRIC_REPRESENTATION_CONTEXT() REPRESENTATION_CONTEXT('2D SPACE',''
  ) );
#228 = ORIENTED_EDGE('',*,*,#229,.F.);
#229 = EDGE_CURVE('',#80,#200,#230,.T.);
#230 = SURFACE_CURVE('',#231,(#236,#247),.PCURVE_S1.);
#231 = CIRCLE('',#232,1.2);
#232 = AXIS2_PLACEMENT_3D('',#233,#234,#235);
#233 = CARTESIAN_POINT('',(4.32,-4.11,2.2));
#234 = DIRECTION('',(-0.,-1.,0.));
#235 = DIRECTION('',(0.,-0.,1.));
#236 = PCURVE('',#102,#237);
#237 = DEFINITIONAL_REPRESENTATION('',(#238),#246);
#238 = ( BOUNDED_CURVE() B_SPLINE_CURVE(2,(#239,#240,#241,#242,#243,#244
,#245),.UNSPECIFIED.,.T.,.F.) B_SPLINE_CURVE_WITH_KNOTS((1,2,2,2,2,1),(
    -2.094395102393,0.,2.094395102393,4.188790204786,6.28318530718,
8.377580409573),.UNSPECIFIED.) CURVE() GEOMETRIC_REPRESENTATION_ITEM() 
RATIONAL_B_SPLINE_CURVE((1.,0.5,1.,0.5,1.,0.5,1.)) REPRESENTATION_ITEM(
  '') );
#239 = CARTESIAN_POINT('',(2.4,1.2));
#240 = CARTESIAN_POINT('',(2.4,-0.878460969083));
#241 = CARTESIAN_POINT('',(0.6,0.160769515459));
#242 = CARTESIAN_POINT('',(-1.2,1.2));
#243 = CARTESIAN_POINT('',(0.6,2.239230484541));
#244 = CARTESIAN_POINT('',(2.4,3.278460969083));
#245 = CARTESIAN_POINT('',(2.4,1.2));
#246 = ( GEOMETRIC_REPRESENTATION_CONTEXT(2) 
PARAMETRIC_REPRESENTATION_CONTEXT() REPRESENTATION_CONTEXT('2D SPACE',''
  ) );
#247 = PCURVE('',#130,#248);
#248 = DEFINITIONAL_REPRESENTATION('',(#249),#253);
#249 = LINE('',#250,#251);
#250 = CARTESIAN_POINT('',(1.570796326795,-0.));
#251 = VECTOR('',#252,1.);
#252 = DIRECTION('',(-1.,0.));
#253 = ( GEOMETRIC_REPRESENTATION_CONTEXT(2) 
PARAMETRIC_REPRESENTATION_CONTEXT() REPRESENTATION_CONTEXT('2D SPACE',''
  ) );
#254 = ORIENTED_EDGE('',*,*,#79,.T.);
#255 = ORIENTED_EDGE('',*,*,#256,.T.);
#256 = EDGE_CURVE('',#82,#257,#259,.T.);
#257 = VERTEX_POINT('',#258);
#258 = CARTESIAN_POINT('',(4.32,-4.11,4.16));
#259 = SURFACE_CURVE('',#260,(#265,#272),.PCURVE_S1.);
#260 = CIRCLE('',#261,1.2);
#261 = AXIS2_PLACEMENT_3D('',#262,#263,#264);
#262 = CARTESIAN_POINT('',(4.32,-4.11,2.96));
#263 = DIRECTION('',(0.,1.,0.));
#264 = DIRECTION('',(0.,-0.,1.));
#265 = PCURVE('',#102,#266);
#266 = DEFINITIONAL_REPRESENTATION('',(#267),#271);
#267 = CIRCLE('',#268,1.2);
#268 = AXIS2_PLACEMENT_2D('',#269,#270);
#269 = CARTESIAN_POINT('',(1.96,1.2));
#270 = DIRECTION('',(1.,0.));
#271 = ( GEOMETRIC_REPRESENTATION_CONTEXT(2) 
PARAMETRIC_REPRESENTATION_CONTEXT() REPRESENTATION_CONTEXT('2D SPACE',''
  ) );
#272 = PCURVE('',#184,#273);
#273 = DEFINITIONAL_REPRESENTATION('',(#274),#278);
#274 = LINE('',#275,#276);
#275 = CARTESIAN_POINT('',(-4.712388980385,0.));
#276 = VECTOR('',#277,1.);
#277 = DIRECTION('',(1.,0.));
#278 = ( GEOMETRIC_REPRESENTATION_CONTEXT(2) 
PARAMETRIC_REPRESENTATION_CONTEXT() REPRESENTATION_CONTEXT('2D SPACE',''
  ) );
#279 = ORIENTED_EDGE('',*,*,#280,.T.);
#280 = EDGE_CURVE('',#257,#281,#283,.T.);
#281 = VERTEX_POINT('',#282);
#282 = CARTESIAN_POINT('',(10.92,-4.11,4.16));
#283 = SURFACE_CURVE('',#284,(#288,#295),.PCURVE_S1.);
#284 = LINE('',#285,#286);
#285 = CARTESIAN_POINT('',(3.12,-4.11,4.16));
#286 = VECTOR('',#287,1.);
#287 = DIRECTION('',(1.,0.,0.));
#288 = PCURVE('',#102,#289);
#289 = DEFINITIONAL_REPRESENTATION('',(#290),#294);
#290 = LINE('',#291,#292);
#291 = CARTESIAN_POINT('',(3.16,0.));
#292 = VECTOR('',#293,1.);
#293 = DIRECTION('',(0.,1.));
#294 = ( GEOMETRIC_REPRESENTATION_CONTEXT(2) 
PARAMETRIC_REPRESENTATION_CONTEXT() REPRESENTATION_CONTEXT('2D SPACE',''
  ) );
#295 = PCURVE('',#296,#301);
#296 = PLANE('',#297);
#297 = AXIS2_PLACEMENT_3D('',#298,#299,#300);
#298 = CARTESIAN_POINT('',(3.12,-4.11,4.16));
#299 = DIRECTION('',(0.,0.,1.));
#300 = DIRECTION('',(1.,0.,0.));
#301 = DEFINITIONAL_REPRESENTATION('',(#302),#306);
#302 = LINE('',#303,#304);
#303 = CARTESIAN_POINT('',(0.,0.));
#304 = VECTOR('',#305,1.);
#305 = DIRECTION('',(1.,0.));
#306 = ( GEOMETRIC_REPRESENTATION_CONTEXT(2) 
PARAMETRIC_REPRESENTATION_CONTEXT() REPRESENTATION_CONTEXT('2D SPACE',''
  ) );
#307 = ORIENTED_EDGE('',*,*,#308,.F.);
#308 = EDGE_CURVE('',#309,#281,#311,.T.);
#309 = VERTEX_POINT('',#310);
#310 = CARTESIAN_POINT('',(12.12,-4.11,2.96));
#311 = SURFACE_CURVE('',#312,(#317,#328),.PCURVE_S1.);
#312 = CIRCLE('',#313,1.2);
#313 = AXIS2_PLACEMENT_3D('',#314,#315,#316);
#314 = CARTESIAN_POINT('',(10.92,-4.11,2.96));
#315 = DIRECTION('',(-0.,-1.,0.));
#316 = DIRECTION('',(0.,-0.,1.));
#317 = PCURVE('',#102,#318);
#318 = DEFINITIONAL_REPRESENTATION('',(#319),#327);
#319 = ( BOUNDED_CURVE() B_SPLINE_CURVE(2,(#320,#321,#322,#323,#324,#325
,#326),.UNSPECIFIED.,.T.,.F.) B_SPLINE_CURVE_WITH_KNOTS((1,2,2,2,2,1),(
    -2.094395102393,0.,2.094395102393,4.188790204786,6.28318530718,
8.377580409573),.UNSPECIFIED.) CURVE() GEOMETRIC_REPRESENTATION_ITEM() 
RATIONAL_B_SPLINE_CURVE((1.,0.5,1.,0.5,1.,0.5,1.)) REPRESENTATION_ITEM(
  '') );
#320 = CARTESIAN_POINT('',(3.16,7.8));
#321 = CARTESIAN_POINT('',(3.16,5.721539030917));
#322 = CARTESIAN_POINT('',(1.36,6.760769515459));
#323 = CARTESIAN_POINT('',(-0.44,7.8));
#324 = CARTESIAN_POINT('',(1.36,8.839230484541));
#325 = CARTESIAN_POINT('',(3.16,9.878460969083));
#326 = CARTESIAN_POINT('',(3.16,7.8));
#327 = ( GEOMETRIC_REPRESENTATION_CONTEXT(2) 
PARAMETRIC_REPRESENTATION_CONTEXT() REPRESENTATION_CONTEXT('2D SPACE',''
  ) );
#328 = PCURVE('',#329,#334);
#329 = CYLINDRICAL_SURFACE('',#330,1.2);
#330 = AXIS2_PLACEMENT_3D('',#331,#332,#333);
#331 = CARTESIAN_POINT('',(10.92,-4.11,2.96));
#332 = DIRECTION('',(0.,1.,0.));
#333 = DIRECTION('',(1.,0.,-0.));
#334 = DEFINITIONAL_REPRESENTATION('',(#335),#339);
#335 = LINE('',#336,#337);
#336 = CARTESIAN_POINT('',(4.712388980385,-0.));
#337 = VECTOR('',#338,1.);
#338 = DIRECTION('',(-1.,0.));
#339 = ( GEOMETRIC_REPRESENTATION_CONTEXT(2) 
PARAMETRIC_REPRESENTATION_CONTEXT() REPRESENTATION_CONTEXT('2D SPACE',''
  ) );
#340 = ORIENTED_EDGE('',*,*,#341,.F.);
#341 = EDGE_CURVE('',#342,#309,#344,.T.);
#342 = VERTEX_POINT('',#343);
#343 = CARTESIAN_POINT('',(12.12,-4.11,2.2));
#344 = SURFACE_CURVE('',#345,(#349,#356),.PCURVE_S1.);
#345 = LINE('',#346,#347);
#346 = CARTESIAN_POINT('',(12.12,-4.11,1.));
#347 = VECTOR('',#348,1.);
#348 = DIRECTION('',(0.,0.,1.));
#349 = PCURVE('',#102,#350);
#350 = DEFINITIONAL_REPRESENTATION('',(#351),#355);
#351 = LINE('',#352,#353);
#352 = CARTESIAN_POINT('',(0.,9.));
#353 = VECTOR('',#354,1.);
#354 = DIRECTION('',(1.,0.));
#355 = ( GEOMETRIC_REPRESENTATION_CONTEXT(2) 
PARAMETRIC_REPRESENTATION_CONTEXT() REPRESENTATION_CONTEXT('2D SPACE',''
  ) );
#356 = PCURVE('',#357,#362);
#357 = PLANE('',#358);
#358 = AXIS2_PLACEMENT_3D('',#359,#360,#361);
#359 = CARTESIAN_POINT('',(12.12,-4.11,1.));
#360 = DIRECTION('',(1.,0.,0.));
#361 = DIRECTION('',(0.,0.,1.));
#362 = DEFINITIONAL_REPRESENTATION('',(#363),#367);
#363 = LINE('',#364,#365);
#364 = CARTESIAN_POINT('',(0.,0.));
#365 = VECTOR('',#366,1.);
#366 = DIRECTION('',(1.,0.));
#367 = ( GEOMETRIC_REPRESENTATION_CONTEXT(2) 
PARAMETRIC_REPRESENTATION_CONTEXT() REPRESENTATION_CONTEXT('2D SPACE',''
  ) );
#368 = ORIENTED_EDGE('',*,*,#369,.T.);
#369 = EDGE_CURVE('',#342,#202,#370,.T.);
#370 = SURFACE_CURVE('',#371,(#376,#383),.PCURVE_S1.);
#371 = CIRCLE('',#372,1.2);
#372 = AXIS2_PLACEMENT_3D('',#373,#374,#375);
#373 = CARTESIAN_POINT('',(10.92,-4.11,2.2));
#374 = DIRECTION('',(0.,1.,0.));
#375 = DIRECTION('',(0.,-0.,1.));
#376 = PCURVE('',#102,#377);
#377 = DEFINITIONAL_REPRESENTATION('',(#378),#382);
#378 = CIRCLE('',#379,1.2);
#379 = AXIS2_PLACEMENT_2D('',#380,#381);
#380 = CARTESIAN_POINT('',(1.2,7.8));
#381 = DIRECTION('',(1.,0.));
#382 = ( GEOMETRIC_REPRESENTATION_CONTEXT(2) 
PARAMETRIC_REPRESENTATION_CONTEXT() REPRESENTATION_CONTEXT('2D SPACE',''
  ) );
#383 = PCURVE('',#384,#389);
#384 = CYLINDRICAL_SURFACE('',#385,1.2);
#385 = AXIS2_PLACEMENT_3D('',#386,#387,#388);
#386 = CARTESIAN_POINT('',(10.92,-4.11,2.2));
#387 = DIRECTION('',(0.,1.,0.));
#388 = DIRECTION('',(1.,0.,-0.));
#389 = DEFINITIONAL_REPRESENTATION('',(#390),#394);
#390 = LINE('',#391,#392);
#391 = CARTESIAN_POINT('',(-1.570796326795,0.));
#392 = VECTOR('',#393,1.);
#393 = DIRECTION('',(1.,0.));
#394 = ( GEOMETRIC_REPRESENTATION_CONTEXT(2) 
PARAMETRIC_REPRESENTATION_CONTEXT() REPRESENTATION_CONTEXT('2D SPACE',''
  ) );
#395 = ADVANCED_FACE('',(#396),#130,.T.);
#396 = FACE_BOUND('',#397,.F.);
#397 = EDGE_LOOP('',(#398,#399,#422,#448));
#398 = ORIENTED_EDGE('',*,*,#229,.T.);
#399 = ORIENTED_EDGE('',*,*,#400,.T.);
#400 = EDGE_CURVE('',#200,#401,#403,.T.);
#401 = VERTEX_POINT('',#402);
#402 = CARTESIAN_POINT('',(4.32,3.24,1.));
#403 = SURFACE_CURVE('',#404,(#408,#415),.PCURVE_S1.);
#404 = LINE('',#405,#406);
#405 = CARTESIAN_POINT('',(4.32,-4.11,1.));
#406 = VECTOR('',#407,1.);
#407 = DIRECTION('',(0.,1.,0.));
#408 = PCURVE('',#130,#409);
#409 = DEFINITIONAL_REPRESENTATION('',(#410),#414);
#410 = LINE('',#411,#412);
#411 = CARTESIAN_POINT('',(-1.570796326795,0.));
#412 = VECTOR('',#413,1.);
#413 = DIRECTION('',(-0.,1.));
#414 = ( GEOMETRIC_REPRESENTATION_CONTEXT(2) 
PARAMETRIC_REPRESENTATION_CONTEXT() REPRESENTATION_CONTEXT('2D SPACE',''
  ) );
#415 = PCURVE('',#217,#416);
#416 = DEFINITIONAL_REPRESENTATION('',(#417),#421);
#417 = LINE('',#418,#419);
#418 = CARTESIAN_POINT('',(1.2,0.));
#419 = VECTOR('',#420,1.);
#420 = DIRECTION('',(0.,1.));
#421 = ( GEOMETRIC_REPRESENTATION_CONTEXT(2) 
PARAMETRIC_REPRESENTATION_CONTEXT() REPRESENTATION_CONTEXT('2D SPACE',''
  ) );
#422 = ORIENTED_EDGE('',*,*,#423,.F.);
#423 = EDGE_CURVE('',#115,#401,#424,.T.);
#424 = SURFACE_CURVE('',#425,(#430,#437),.PCURVE_S1.);
#425 = CIRCLE('',#426,1.2);
#426 = AXIS2_PLACEMENT_3D('',#427,#428,#429);
#427 = CARTESIAN_POINT('',(4.32,3.24,2.2));
#428 = DIRECTION('',(-0.,-1.,0.));
#429 = DIRECTION('',(0.,-0.,1.));
#430 = PCURVE('',#130,#431);
#431 = DEFINITIONAL_REPRESENTATION('',(#432),#436);
#432 = LINE('',#433,#434);
#433 = CARTESIAN_POINT('',(1.570796326795,7.35));
#434 = VECTOR('',#435,1.);
#435 = DIRECTION('',(-1.,0.));
#436 = ( GEOMETRIC_REPRESENTATION_CONTEXT(2) 
PARAMETRIC_REPRESENTATION_CONTEXT() REPRESENTATION_CONTEXT('2D SPACE',''
  ) );
#437 = PCURVE('',#158,#438);
#438 = DEFINITIONAL_REPRESENTATION('',(#439),#447);
#439 = ( BOUNDED_CURVE() B_SPLINE_CURVE(2,(#440,#441,#442,#443,#444,#445
,#446),.UNSPECIFIED.,.T.,.F.) B_SPLINE_CURVE_WITH_KNOTS((1,2,2,2,2,1),(
    -2.094395102393,0.,2.094395102393,4.188790204786,6.28318530718,
8.377580409573),.UNSPECIFIED.) CURVE() GEOMETRIC_REPRESENTATION_ITEM() 
RATIONAL_B_SPLINE_CURVE((1.,0.5,1.,0.5,1.,0.5,1.)) REPRESENTATION_ITEM(
  '') );
#440 = CARTESIAN_POINT('',(2.4,1.2));
#441 = CARTESIAN_POINT('',(2.4,-0.878460969083));
#442 = CARTESIAN_POINT('',(0.6,0.160769515459));
#443 = CARTESIAN_POINT('',(-1.2,1.2));
#444 = CARTESIAN_POINT('',(0.6,2.239230484541));
#445 = CARTESIAN_POINT('',(2.4,3.278460969083));
#446 = CARTESIAN_POINT('',(2.4,1.2));
#447 = ( GEOMETRIC_REPRESENTATION_CONTEXT(2) 
PARAMETRIC_REPRESENTATION_CONTEXT() REPRESENTATION_CONTEXT('2D SPACE',''
  ) );
#448 = ORIENTED_EDGE('',*,*,#114,.F.);
#449 = ADVANCED_FACE('',(#450),#184,.T.);
#450 = FACE_BOUND('',#451,.T.);
#451 = EDGE_LOOP('',(#452,#453,#476,#498));
#452 = ORIENTED_EDGE('',*,*,#256,.T.);
#453 = ORIENTED_EDGE('',*,*,#454,.T.);
#454 = EDGE_CURVE('',#257,#455,#457,.T.);
#455 = VERTEX_POINT('',#456);
#456 = CARTESIAN_POINT('',(4.32,3.24,4.16));
#457 = SURFACE_CURVE('',#458,(#462,#469),.PCURVE_S1.);
#458 = LINE('',#459,#460);
#459 = CARTESIAN_POINT('',(4.32,-4.11,4.16));
#460 = VECTOR('',#461,1.);
#461 = DIRECTION('',(0.,1.,0.));
#462 = PCURVE('',#184,#463);
#463 = DEFINITIONAL_REPRESENTATION('',(#464),#468);
#464 = LINE('',#465,#466);
#465 = CARTESIAN_POINT('',(1.570796326795,0.));
#466 = VECTOR('',#467,1.);
#467 = DIRECTION('',(0.,1.));
#468 = ( GEOMETRIC_REPRESENTATION_CONTEXT(2) 
PARAMETRIC_REPRESENTATION_CONTEXT() REPRESENTATION_CONTEXT('2D SPACE',''
  ) );
#469 = PCURVE('',#296,#470);
#470 = DEFINITIONAL_REPRESENTATION('',(#471),#475);
#471 = LINE('',#472,#473);
#472 = CARTESIAN_POINT('',(1.2,0.));
#473 = VECTOR('',#474,1.);
#474 = DIRECTION('',(0.,1.));
#475 = ( GEOMETRIC_REPRESENTATION_CONTEXT(2) 
PARAMETRIC_REPRESENTATION_CONTEXT() REPRESENTATION_CONTEXT('2D SPACE',''
  ) );
#476 = ORIENTED_EDGE('',*,*,#477,.F.);
#477 = EDGE_CURVE('',#143,#455,#478,.T.);
#478 = SURFACE_CURVE('',#479,(#484,#491),.PCURVE_S1.);
#479 = CIRCLE('',#480,1.2);
#480 = AXIS2_PLACEMENT_3D('',#481,#482,#483);
#481 = CARTESIAN_POINT('',(4.32,3.24,2.96));
#482 = DIRECTION('',(0.,1.,0.));
#483 = DIRECTION('',(0.,-0.,1.));
#484 = PCURVE('',#184,#485);
#485 = DEFINITIONAL_REPRESENTATION('',(#486),#490);
#486 = LINE('',#487,#488);
#487 = CARTESIAN_POINT('',(-4.712388980385,7.35));
#488 = VECTOR('',#489,1.);
#489 = DIRECTION('',(1.,0.));
#490 = ( GEOMETRIC_REPRESENTATION_CONTEXT(2) 
PARAMETRIC_REPRESENTATION_CONTEXT() REPRESENTATION_CONTEXT('2D SPACE',''
  ) );
#491 = PCURVE('',#158,#492);
#492 = DEFINITIONAL_REPRESENTATION('',(#493),#497);
#493 = CIRCLE('',#494,1.2);
#494 = AXIS2_PLACEMENT_2D('',#495,#496);
#495 = CARTESIAN_POINT('',(1.96,1.2));
#496 = DIRECTION('',(1.,0.));
#497 = ( GEOMETRIC_REPRESENTATION_CONTEXT(2) 
PARAMETRIC_REPRESENTATION_CONTEXT() REPRESENTATION_CONTEXT('2D SPACE',''
  ) );
#498 = ORIENTED_EDGE('',*,*,#170,.F.);
#499 = ADVANCED_FACE('',(#500),#158,.T.);
#500 = FACE_BOUND('',#501,.T.);
#501 = EDGE_LOOP('',(#502,#525,#526,#527,#528,#551,#579,#602));
#502 = ORIENTED_EDGE('',*,*,#503,.F.);
#503 = EDGE_CURVE('',#401,#504,#506,.T.);
#504 = VERTEX_POINT('',#505);
#505 = CARTESIAN_POINT('',(10.92,3.24,1.));
#506 = SURFACE_CURVE('',#507,(#511,#518),.PCURVE_S1.);
#507 = LINE('',#508,#509);
#508 = CARTESIAN_POINT('',(3.12,3.24,1.));
#509 = VECTOR('',#510,1.);
#510 = DIRECTION('',(1.,0.,0.));
#511 = PCURVE('',#158,#512);
#512 = DEFINITIONAL_REPRESENTATION('',(#513),#517);
#513 = LINE('',#514,#515);
#514 = CARTESIAN_POINT('',(0.,0.));
#515 = VECTOR('',#516,1.);
#516 = DIRECTION('',(0.,1.));
#517 = ( GEOMETRIC_REPRESENTATION_CONTEXT(2) 
PARAMETRIC_REPRESENTATION_CONTEXT() REPRESENTATION_CONTEXT('2D SPACE',''
  ) );
#518 = PCURVE('',#217,#519);
#519 = DEFINITIONAL_REPRESENTATION('',(#520),#524);
#520 = LINE('',#521,#522);
#521 = CARTESIAN_POINT('',(0.,7.35));
#522 = VECTOR('',#523,1.);
#523 = DIRECTION('',(1.,0.));
#524 = ( GEOMETRIC_REPRESENTATION_CONTEXT(2) 
PARAMETRIC_REPRESENTATION_CONTEXT() REPRESENTATION_CONTEXT('2D SPACE',''
  ) );
#525 = ORIENTED_EDGE('',*,*,#423,.F.);
#526 = ORIENTED_EDGE('',*,*,#142,.T.);
#527 = ORIENTED_EDGE('',*,*,#477,.T.);
#528 = ORIENTED_EDGE('',*,*,#529,.T.);
#529 = EDGE_CURVE('',#455,#530,#532,.T.);
#530 = VERTEX_POINT('',#531);
#531 = CARTESIAN_POINT('',(10.92,3.24,4.16));
#532 = SURFACE_CURVE('',#533,(#537,#544),.PCURVE_S1.);
#533 = LINE('',#534,#535);
#534 = CARTESIAN_POINT('',(3.12,3.24,4.16));
#535 = VECTOR('',#536,1.);
#536 = DIRECTION('',(1.,0.,0.));
#537 = PCURVE('',#158,#538);
#538 = DEFINITIONAL_REPRESENTATION('',(#539),#543);
#539 = LINE('',#540,#541);
#540 = CARTESIAN_POINT('',(3.16,0.));
#541 = VECTOR('',#542,1.);
#542 = DIRECTION('',(0.,1.));
#543 = ( GEOMETRIC_REPRESENTATION_CONTEXT(2) 
PARAMETRIC_REPRESENTATION_CONTEXT() REPRESENTATION_CONTEXT('2D SPACE',''
  ) );
#544 = PCURVE('',#296,#545);
#545 = DEFINITIONAL_REPRESENTATION('',(#546),#550);
#546 = LINE('',#547,#548);
#547 = CARTESIAN_POINT('',(0.,7.35));
#548 = VECTOR('',#549,1.);
#549 = DIRECTION('',(1.,0.));
#550 = ( GEOMETRIC_REPRESENTATION_CONTEXT(2) 
PARAMETRIC_REPRESENTATION_CONTEXT() REPRESENTATION_CONTEXT('2D SPACE',''
  ) );
#551 = ORIENTED_EDGE('',*,*,#552,.F.);
#552 = EDGE_CURVE('',#553,#530,#555,.T.);
#553 = VERTEX_POINT('',#554);
#554 = CARTESIAN_POINT('',(12.12,3.24,2.96));
#555 = SURFACE_CURVE('',#556,(#561,#572),.PCURVE_S1.);
#556 = CIRCLE('',#557,1.2);
#557 = AXIS2_PLACEMENT_3D('',#558,#559,#560);
#558 = CARTESIAN_POINT('',(10.92,3.24,2.96));
#559 = DIRECTION('',(-0.,-1.,0.));
#560 = DIRECTION('',(0.,-0.,1.));
#561 = PCURVE('',#158,#562);
#562 = DEFINITIONAL_REPRESENTATION('',(#563),#571);
#563 = ( BOUNDED_CURVE() B_SPLINE_CURVE(2,(#564,#565,#566,#567,#568,#569
,#570),.UNSPECIFIED.,.T.,.F.) B_SPLINE_CURVE_WITH_KNOTS((1,2,2,2,2,1),(
    -2.094395102393,0.,2.094395102393,4.188790204786,6.28318530718,
8.377580409573),.UNSPECIFIED.) CURVE() GEOMETRIC_REPRESENTATION_ITEM() 
RATIONAL_B_SPLINE_CURVE((1.,0.5,1.,0.5,1.,0.5,1.)) REPRESENTATION_ITEM(
  '') );
#564 = CARTESIAN_POINT('',(3.16,7.8));
#565 = CARTESIAN_POINT('',(3.16,5.721539030917));
#566 = CARTESIAN_POINT('',(1.36,6.760769515459));
#567 = CARTESIAN_POINT('',(-0.44,7.8));
#568 = CARTESIAN_POINT('',(1.36,8.839230484541));
#569 = CARTESIAN_POINT('',(3.16,9.878460969083));
#570 = CARTESIAN_POINT('',(3.16,7.8));
#571 = ( GEOMETRIC_REPRESENTATION_CONTEXT(2) 
PARAMETRIC_REPRESENTATION_CONTEXT() REPRESENTATION_CONTEXT('2D SPACE',''
  ) );
#572 = PCURVE('',#329,#573);
#573 = DEFINITIONAL_REPRESENTATION('',(#574),#578);
#574 = LINE('',#575,#576);
#575 = CARTESIAN_POINT('',(4.712388980385,7.35));
#576 = VECTOR('',#577,1.);
#577 = DIRECTION('',(-1.,0.));
#578 = ( GEOMETRIC_REPRESENTATION_CONTEXT(2) 
PARAMETRIC_REPRESENTATION_CONTEXT() REPRESENTATION_CONTEXT('2D SPACE',''
  ) );
#579 = ORIENTED_EDGE('',*,*,#580,.F.);
#580 = EDGE_CURVE('',#581,#553,#583,.T.);
#581 = VERTEX_POINT('',#582);
#582 = CARTESIAN_POINT('',(12.12,3.24,2.2));
#583 = SURFACE_CURVE('',#584,(#588,#595),.PCURVE_S1.);
#584 = LINE('',#585,#586);
#585 = CARTESIAN_POINT('',(12.12,3.24,1.));
#586 = VECTOR('',#587,1.);
#587 = DIRECTION('',(0.,0.,1.));
#588 = PCURVE('',#158,#589);
#589 = DEFINITIONAL_REPRESENTATION('',(#590),#594);
#590 = LINE('',#591,#592);
#591 = CARTESIAN_POINT('',(0.,9.));
#592 = VECTOR('',#593,1.);
#593 = DIRECTION('',(1.,0.));
#594 = ( GEOMETRIC_REPRESENTATION_CONTEXT(2) 
PARAMETRIC_REPRESENTATION_CONTEXT() REPRESENTATION_CONTEXT('2D SPACE',''
  ) );
#595 = PCURVE('',#357,#596);
#596 = DEFINITIONAL_REPRESENTATION('',(#597),#601);
#597 = LINE('',#598,#599);
#598 = CARTESIAN_POINT('',(0.,-7.35));
#599 = VECTOR('',#600,1.);
#600 = DIRECTION('',(1.,0.));
#601 = ( GEOMETRIC_REPRESENTATION_CONTEXT(2) 
PARAMETRIC_REPRESENTATION_CONTEXT() REPRESENTATION_CONTEXT('2D SPACE',''
  ) );
#602 = ORIENTED_EDGE('',*,*,#603,.T.);
#603 = EDGE_CURVE('',#581,#504,#604,.T.);
#604 = SURFACE_CURVE('',#605,(#610,#617),.PCURVE_S1.);
#605 = CIRCLE('',#606,1.2);
#606 = AXIS2_PLACEMENT_3D('',#607,#608,#609);
#607 = CARTESIAN_POINT('',(10.92,3.24,2.2));
#608 = DIRECTION('',(0.,1.,0.));
#609 = DIRECTION('',(0.,-0.,1.));
#610 = PCURVE('',#158,#611);
#611 = DEFINITIONAL_REPRESENTATION('',(#612),#616);
#612 = CIRCLE('',#613,1.2);
#613 = AXIS2_PLACEMENT_2D('',#614,#615);
#614 = CARTESIAN_POINT('',(1.2,7.8));
#615 = DIRECTION('',(1.,0.));
#616 = ( GEOMETRIC_REPRESENTATION_CONTEXT(2) 
PARAMETRIC_REPRESENTATION_CONTEXT() REPRESENTATION_CONTEXT('2D SPACE',''
  ) );
#617 = PCURVE('',#384,#618);
#618 = DEFINITIONAL_REPRESENTATION('',(#619),#623);
#619 = LINE('',#620,#621);
#620 = CARTESIAN_POINT('',(-1.570796326795,7.35));
#621 = VECTOR('',#622,1.);
#622 = DIRECTION('',(1.,0.));
#623 = ( GEOMETRIC_REPRESENTATION_CONTEXT(2) 
PARAMETRIC_REPRESENTATION_CONTEXT() REPRESENTATION_CONTEXT('2D SPACE',''
  ) );
#624 = ADVANCED_FACE('',(#625),#217,.F.);
#625 = FACE_BOUND('',#626,.F.);
#626 = EDGE_LOOP('',(#627,#628,#629,#630));
#627 = ORIENTED_EDGE('',*,*,#503,.F.);
#628 = ORIENTED_EDGE('',*,*,#400,.F.);
#629 = ORIENTED_EDGE('',*,*,#199,.T.);
#630 = ORIENTED_EDGE('',*,*,#631,.T.);
#631 = EDGE_CURVE('',#202,#504,#632,.T.);
#632 = SURFACE_CURVE('',#633,(#637,#644),.PCURVE_S1.);
#633 = LINE('',#634,#635);
#634 = CARTESIAN_POINT('',(10.92,-4.11,1.));
#635 = VECTOR('',#636,1.);
#636 = DIRECTION('',(0.,1.,0.));
#637 = PCURVE('',#217,#638);
#638 = DEFINITIONAL_REPRESENTATION('',(#639),#643);
#639 = LINE('',#640,#641);
#640 = CARTESIAN_POINT('',(7.8,0.));
#641 = VECTOR('',#642,1.);
#642 = DIRECTION('',(0.,1.));
#643 = ( GEOMETRIC_REPRESENTATION_CONTEXT(2) 
PARAMETRIC_REPRESENTATION_CONTEXT() REPRESENTATION_CONTEXT('2D SPACE',''
  ) );
#644 = PCURVE('',#384,#645);
#645 = DEFINITIONAL_REPRESENTATION('',(#646),#650);
#646 = LINE('',#647,#648);
#647 = CARTESIAN_POINT('',(1.570796326795,0.));
#648 = VECTOR('',#649,1.);
#649 = DIRECTION('',(0.,1.));
#650 = ( GEOMETRIC_REPRESENTATION_CONTEXT(2) 
PARAMETRIC_REPRESENTATION_CONTEXT() REPRESENTATION_CONTEXT('2D SPACE',''
  ) );
#651 = ADVANCED_FACE('',(#652),#384,.T.);
#652 = FACE_BOUND('',#653,.T.);
#653 = EDGE_LOOP('',(#654,#655,#656,#657));
#654 = ORIENTED_EDGE('',*,*,#369,.T.);
#655 = ORIENTED_EDGE('',*,*,#631,.T.);
#656 = ORIENTED_EDGE('',*,*,#603,.F.);
#657 = ORIENTED_EDGE('',*,*,#658,.F.);
#658 = EDGE_CURVE('',#342,#581,#659,.T.);
#659 = SURFACE_CURVE('',#660,(#664,#671),.PCURVE_S1.);
#660 = LINE('',#661,#662);
#661 = CARTESIAN_POINT('',(12.12,-4.11,2.2));
#662 = VECTOR('',#663,1.);
#663 = DIRECTION('',(0.,1.,0.));
#664 = PCURVE('',#384,#665);
#665 = DEFINITIONAL_REPRESENTATION('',(#666),#670);
#666 = LINE('',#667,#668);
#667 = CARTESIAN_POINT('',(0.,0.));
#668 = VECTOR('',#669,1.);
#669 = DIRECTION('',(0.,1.));
#670 = ( GEOMETRIC_REPRESENTATION_CONTEXT(2) 
PARAMETRIC_REPRESENTATION_CONTEXT() REPRESENTATION_CONTEXT('2D SPACE',''
  ) );
#671 = PCURVE('',#357,#672);
#672 = DEFINITIONAL_REPRESENTATION('',(#673),#677);
#673 = LINE('',#674,#675);
#674 = CARTESIAN_POINT('',(1.2,0.));
#675 = VECTOR('',#676,1.);
#676 = DIRECTION('',(0.,-1.));
#677 = ( GEOMETRIC_REPRESENTATION_CONTEXT(2) 
PARAMETRIC_REPRESENTATION_CONTEXT() REPRESENTATION_CONTEXT('2D SPACE',''
  ) );
#678 = ADVANCED_FACE('',(#679),#357,.T.);
#679 = FACE_BOUND('',#680,.T.);
#680 = EDGE_LOOP('',(#681,#682,#683,#684));
#681 = ORIENTED_EDGE('',*,*,#341,.F.);
#682 = ORIENTED_EDGE('',*,*,#658,.T.);
#683 = ORIENTED_EDGE('',*,*,#580,.T.);
#684 = ORIENTED_EDGE('',*,*,#685,.F.);
#685 = EDGE_CURVE('',#309,#553,#686,.T.);
#686 = SURFACE_CURVE('',#687,(#691,#698),.PCURVE_S1.);
#687 = LINE('',#688,#689);
#688 = CARTESIAN_POINT('',(12.12,-4.11,2.96));
#689 = VECTOR('',#690,1.);
#690 = DIRECTION('',(0.,1.,0.));
#691 = PCURVE('',#357,#692);
#692 = DEFINITIONAL_REPRESENTATION('',(#693),#697);
#693 = LINE('',#694,#695);
#694 = CARTESIAN_POINT('',(1.96,0.));
#695 = VECTOR('',#696,1.);
#696 = DIRECTION('',(0.,-1.));
#697 = ( GEOMETRIC_REPRESENTATION_CONTEXT(2) 
PARAMETRIC_REPRESENTATION_CONTEXT() REPRESENTATION_CONTEXT('2D SPACE',''
  ) );
#698 = PCURVE('',#329,#699);
#699 = DEFINITIONAL_REPRESENTATION('',(#700),#704);
#700 = LINE('',#701,#702);
#701 = CARTESIAN_POINT('',(-0.,0.));
#702 = VECTOR('',#703,1.);
#703 = DIRECTION('',(-0.,1.));
#704 = ( GEOMETRIC_REPRESENTATION_CONTEXT(2) 
PARAMETRIC_REPRESENTATION_CONTEXT() REPRESENTATION_CONTEXT('2D SPACE',''
  ) );
#705 = ADVANCED_FACE('',(#706),#329,.T.);
#706 = FACE_BOUND('',#707,.F.);
#707 = EDGE_LOOP('',(#708,#709,#730,#731));
#708 = ORIENTED_EDGE('',*,*,#308,.T.);
#709 = ORIENTED_EDGE('',*,*,#710,.T.);
#710 = EDGE_CURVE('',#281,#530,#711,.T.);
#711 = SURFACE_CURVE('',#712,(#716,#723),.PCURVE_S1.);
#712 = LINE('',#713,#714);
#713 = CARTESIAN_POINT('',(10.92,-4.11,4.16));
#714 = VECTOR('',#715,1.);
#715 = DIRECTION('',(0.,1.,0.));
#716 = PCURVE('',#329,#717);
#717 = DEFINITIONAL_REPRESENTATION('',(#718),#722);
#718 = LINE('',#719,#720);
#719 = CARTESIAN_POINT('',(-1.570796326795,0.));
#720 = VECTOR('',#721,1.);
#721 = DIRECTION('',(-0.,1.));
#722 = ( GEOMETRIC_REPRESENTATION_CONTEXT(2) 
PARAMETRIC_REPRESENTATION_CONTEXT() REPRESENTATION_CONTEXT('2D SPACE',''
  ) );
#723 = PCURVE('',#296,#724);
#724 = DEFINITIONAL_REPRESENTATION('',(#725),#729);
#725 = LINE('',#726,#727);
#726 = CARTESIAN_POINT('',(7.8,0.));
#727 = VECTOR('',#728,1.);
#728 = DIRECTION('',(0.,1.));
#729 = ( GEOMETRIC_REPRESENTATION_CONTEXT(2) 
PARAMETRIC_REPRESENTATION_CONTEXT() REPRESENTATION_CONTEXT('2D SPACE',''
  ) );
#730 = ORIENTED_EDGE('',*,*,#552,.F.);
#731 = ORIENTED_EDGE('',*,*,#685,.F.);
#732 = ADVANCED_FACE('',(#733),#296,.T.);
#733 = FACE_BOUND('',#734,.T.);
#734 = EDGE_LOOP('',(#735,#736,#737,#738));
#735 = ORIENTED_EDGE('',*,*,#529,.F.);
#736 = ORIENTED_EDGE('',*,*,#454,.F.);
#737 = ORIENTED_EDGE('',*,*,#280,.T.);
#738 = ORIENTED_EDGE('',*,*,#710,.T.);
#739 = ( GEOMETRIC_REPRESENTATION_CONTEXT(3) 
GLOBAL_UNCERTAINTY_ASSIGNED_CONTEXT((#743)) GLOBAL_UNIT_ASSIGNED_CONTEXT
((#740,#741,#742)) REPRESENTATION_CONTEXT('Context #1',
  '3D Context with UNIT and UNCERTAINTY') );
#740 = ( LENGTH_UNIT() NAMED_UNIT(*) SI_UNIT(.MILLI.,.METRE.) );
#741 = ( NAMED_UNIT(*) PLANE_ANGLE_UNIT() SI_UNIT($,.RADIAN.) );
#742 = ( NAMED_UNIT(*) SI_UNIT($,.STERADIAN.) SOLID_ANGLE_UNIT() );
#743 = UNCERTAINTY_MEASURE_WITH_UNIT(LENGTH_MEASURE(1.E-07),#740,
  'distance_accuracy_value','confusion accuracy');
#744 = CONTEXT_DEPENDENT_SHAPE_REPRESENTATION(#745,#747);
#745 = ( REPRESENTATION_RELATIONSHIP('','',#72,#10) 
REPRESENTATION_RELATIONSHIP_WITH_TRANSFORMATION(#746) 
SHAPE_REPRESENTATION_RELATIONSHIP() );
#746 = ITEM_DEFINED_TRANSFORMATION('','',#11,#15);
#747 = PRODUCT_DEFINITION_SHAPE('Placement','Placement of an item',#748
  );
#748 = NEXT_ASSEMBLY_USAGE_OCCURRENCE('1','usb_c_0','',#5,#67,$);
#749 = PRODUCT_RELATED_PRODUCT_CATEGORY('part',$,(#69));
#750 = SHAPE_DEFINITION_REPRESENTATION(#751,#757);
#751 = PRODUCT_DEFINITION_SHAPE('','',#752);
#752 = PRODUCT_DEFINITION('design','',#753,#756);
#753 = PRODUCT_DEFINITION_FORMATION('','',#754);
#754 = PRODUCT('button_1','button_1','',(#755));
#755 = PRODUCT_CONTEXT('',#2,'mechanical');
#756 = PRODUCT_DEFINITION_CONTEXT('part definition',#2,'design');
#757 = ADVANCED_BREP_SHAPE_REPRESENTATION('',(#11,#758),#1088);
#758 = MANIFOLD_SOLID_BREP('',#759);
#759 = CLOSED_SHELL('',(#760,#880,#980,#1027,#1074,#1081));
#760 = ADVANCED_FACE('',(#761),#775,.F.);
#761 = FACE_BOUND('',#762,.F.);
#762 = EDGE_LOOP('',(#763,#798,#826,#854));
#763 = ORIENTED_EDGE('',*,*,#764,.F.);
#764 = EDGE_CURVE('',#765,#767,#769,.T.);
#765 = VERTEX_POINT('',#766);
#766 = CARTESIAN_POINT('',(3.17,-8.4,1.));
#767 = VERTEX_POINT('',#768);
#768 = CARTESIAN_POINT('',(3.17,-8.4,2.5));
#769 = SURFACE_CURVE('',#770,(#774,#786),.PCURVE_S1.);
#770 = LINE('',#771,#772);
#771 = CARTESIAN_POINT('',(3.17,-8.4,1.));
#772 = VECTOR('',#773,1.);
#773 = DIRECTION('',(0.,0.,1.));
#774 = PCURVE('',#775,#780);
#775 = PLANE('',#776);
#776 = AXIS2_PLACEMENT_3D('',#777,#778,#779);
#777 = CARTESIAN_POINT('',(3.17,-8.4,1.));
#778 = DIRECTION('',(1.,0.,0.));
#779 = DIRECTION('',(0.,0.,1.));
#780 = DEFINITIONAL_REPRESENTATION('',(#781),#785);
#781 = LINE('',#782,#783);
#782 = CARTESIAN_POINT('',(0.,0.));
#783 = VECTOR('',#784,1.);
#784 = DIRECTION('',(1.,0.));
#785 = ( GEOMETRIC_REPRESENTATION_CONTEXT(2) 
PARAMETRIC_REPRESENTATION_CONTEXT() REPRESENTATION_CONTEXT('2D SPACE',''
  ) );
#786 = PCURVE('',#787,#792);
#787 = PLANE('',#788);
#788 = AXIS2_PLACEMENT_3D('',#789,#790,#791);
#789 = CARTESIAN_POINT('',(3.17,-8.4,1.));
#790 = DIRECTION('',(0.,1.,0.));
#791 = DIRECTION('',(0.,0.,1.));
#792 = DEFINITIONAL_REPRESENTATION('',(#793),#797);
#793 = LINE('',#794,#795);
#794 = CARTESIAN_POINT('',(0.,0.));
#795 = VECTOR('',#796,1.);
#796 = DIRECTION('',(1.,0.));
#797 = ( GEOMETRIC_REPRESENTATION_CONTEXT(2) 
PARAMETRIC_REPRESENTATION_CONTEXT() REPRESENTATION_CONTEXT('2D SPACE',''
  ) );
#798 = ORIENTED_EDGE('',*,*,#799,.T.);
#799 = EDGE_CURVE('',#765,#800,#802,.T.);
#800 = VERTEX_POINT('',#801);
#801 = CARTESIAN_POINT('',(3.17,-5.8,1.));
#802 = SURFACE_CURVE('',#803,(#807,#814),.PCURVE_S1.);
#803 = LINE('',#804,#805);
#804 = CARTESIAN_POINT('',(3.17,-8.4,1.));
#805 = VECTOR('',#806,1.);
#806 = DIRECTION('',(0.,1.,0.));
#807 = PCURVE('',#775,#808);
#808 = DEFINITIONAL_REPRESENTATION('',(#809),#813);
#809 = LINE('',#810,#811);
#810 = CARTESIAN_POINT('',(0.,0.));
#811 = VECTOR('',#812,1.);
#812 = DIRECTION('',(0.,-1.));
#813 = ( GEOMETRIC_REPRESENTATION_CONTEXT(2) 
PARAMETRIC_REPRESENTATION_CONTEXT() REPRESENTATION_CONTEXT('2D SPACE',''
  ) );
#814 = PCURVE('',#815,#820);
#815 = PLANE('',#816);
#816 = AXIS2_PLACEMENT_3D('',#817,#818,#819);
#817 = CARTESIAN_POINT('',(3.17,-8.4,1.));
#818 = DIRECTION('',(0.,0.,1.));
#819 = DIRECTION('',(1.,0.,0.));
#820 = DEFINITIONAL_REPRESENTATION('',(#821),#825);
#821 = LINE('',#822,#823);
#822 = CARTESIAN_POINT('',(0.,0.));
#823 = VECTOR('',#824,1.);
#824 = DIRECTION('',(0.,1.));
#825 = ( GEOMETRIC_REPRESENTATION_CONTEXT(2) 
PARAMETRIC_REPRESENTATION_CONTEXT() REPRESENTATION_CONTEXT('2D SPACE',''
  ) );
#826 = ORIENTED_EDGE('',*,*,#827,.T.);
#827 = EDGE_CURVE('',#800,#828,#830,.T.);
#828 = VERTEX_POINT('',#829);
#829 = CARTESIAN_POINT('',(3.17,-5.8,2.5));
#830 = SURFACE_CURVE('',#831,(#835,#842),.PCURVE_S1.);
#831 = LINE('',#832,#833);
#832 = CARTESIAN_POINT('',(3.17,-5.8,1.));
#833 = VECTOR('',#834,1.);
#834 = DIRECTION('',(0.,0.,1.));
#835 = PCURVE('',#775,#836);
#836 = DEFINITIONAL_REPRESENTATION('',(#837),#841);
#837 = LINE('',#838,#839);
#838 = CARTESIAN_POINT('',(0.,-2.6));
#839 = VECTOR('',#840,1.);
#840 = DIRECTION('',(1.,0.));
#841 = ( GEOMETRIC_REPRESENTATION_CONTEXT(2) 
PARAMETRIC_REPRESENTATION_CONTEXT() REPRESENTATION_CONTEXT('2D SPACE',''
  ) );
#842 = PCURVE('',#843,#848);
#843 = PLANE('',#844);
#844 = AXIS2_PLACEMENT_3D('',#845,#846,#847);
#845 = CARTESIAN_POINT('',(3.17,-5.8,1.));
#846 = DIRECTION('',(0.,1.,0.));
#847 = DIRECTION('',(0.,0.,1.));
#848 = DEFINITIONAL_REPRESENTATION('',(#849),#853);
#849 = LINE('',#850,#851);
#850 = CARTESIAN_POINT('',(0.,0.));
#851 = VECTOR('',#852,1.);
#852 = DIRECTION('',(1.,0.));
#853 = ( GEOMETRIC_REPRESENTATION_CONTEXT(2) 
PARAMETRIC_REPRESENTATION_CONTEXT() REPRESENTATION_CONTEXT('2D SPACE',''
  ) );
#854 = ORIENTED_EDGE('',*,*,#855,.F.);
#855 = EDGE_CURVE('',#767,#828,#856,.T.);
#856 = SURFACE_CURVE('',#857,(#861,#868),.PCURVE_S1.);
#857 = LINE('',#858,#859);
#858 = CARTESIAN_POINT('',(3.17,-8.4,2.5));
#859 = VECTOR('',#860,1.);
#860 = DIRECTION('',(0.,1.,0.));
#861 = PCURVE('',#775,#862);
#862 = DEFINITIONAL_REPRESENTATION('',(#863),#867);
#863 = LINE('',#864,#865);
#864 = CARTESIAN_POINT('',(1.5,0.));
#865 = VECTOR('',#866,1.);
#866 = DIRECTION('',(0.,-1.));
#867 = ( GEOMETRIC_REPRESENTATION_CONTEXT(2) 
PARAMETRIC_REPRESENTATION_CONTEXT() REPRESENTATION_CONTEXT('2D SPACE',''
  ) );
#868 = PCURVE('',#869,#874);
#869 = PLANE('',#870);
#870 = AXIS2_PLACEMENT_3D('',#871,#872,#873);
#871 = CARTESIAN_POINT('',(3.17,-8.4,2.5));
#872 = DIRECTION('',(0.,0.,1.));
#873 = DIRECTION('',(1.,0.,0.));
#874 = DEFINITIONAL_REPRESENTATION('',(#875),#879);
#875 = LINE('',#876,#877);
#876 = CARTESIAN_POINT('',(0.,0.));
#877 = VECTOR('',#878,1.);
#878 = DIRECTION('',(0.,1.));
#879 = ( GEOMETRIC_REPRESENTATION_CONTEXT(2) 
PARAMETRIC_REPRESENTATION_CONTEXT() REPRESENTATION_CONTEXT('2D SPACE',''
  ) );
#880 = ADVANCED_FACE('',(#881),#895,.T.);
#881 = FACE_BOUND('',#882,.T.);
#882 = EDGE_LOOP('',(#883,#913,#936,#959));
#883 = ORIENTED_EDGE('',*,*,#884,.F.);
#884 = EDGE_CURVE('',#885,#887,#889,.T.);
#885 = VERTEX_POINT('',#886);
#886 = CARTESIAN_POINT('',(6.17,-8.4,1.));
#887 = VERTEX_POINT('',#888);
#888 = CARTESIAN_POINT('',(6.17,-8.4,2.5));
#889 = SURFACE_CURVE('',#890,(#894,#906),.PCURVE_S1.);
#890 = LINE('',#891,#892);
#891 = CARTESIAN_POINT('',(6.17,-8.4,1.));
#892 = VECTOR('',#893,1.);
#893 = DIRECTION('',(0.,0.,1.));
#894 = PCURVE('',#895,#900);
#895 = PLANE('',#896);
#896 = AXIS2_PLACEMENT_3D('',#897,#898,#899);
#897 = CARTESIAN_POINT('',(6.17,-8.4,1.));
#898 = DIRECTION('',(1.,0.,0.));
#899 = DIRECTION('',(0.,0.,1.));
#900 = DEFINITIONAL_REPRESENTATION('',(#901),#905);
#901 = LINE('',#902,#903);
#902 = CARTESIAN_POINT('',(0.,0.));
#903 = VECTOR('',#904,1.);
#904 = DIRECTION('',(1.,0.));
#905 = ( GEOMETRIC_REPRESENTATION_CONTEXT(2) 
PARAMETRIC_REPRESENTATION_CONTEXT() REPRESENTATION_CONTEXT('2D SPACE',''
  ) );
#906 = PCURVE('',#787,#907);
#907 = DEFINITIONAL_REPRESENTATION('',(#908),#912);
#908 = LINE('',#909,#910);
#909 = CARTESIAN_POINT('',(0.,3.));
#910 = VECTOR('',#911,1.);
#911 = DIRECTION('',(1.,0.));
#912 = ( GEOMETRIC_REPRESENTATION_CONTEXT(2) 
PARAMETRIC_REPRESENTATION_CONTEXT() REPRESENTATION_CONTEXT('2D SPACE',''
  ) );
#913 = ORIENTED_EDGE('',*,*,#914,.T.);
#914 = EDGE_CURVE('',#885,#915,#917,.T.);
#915 = VERTEX_POINT('',#916);
#916 = CARTESIAN_POINT('',(6.17,-5.8,1.));
#917 = SURFACE_CURVE('',#918,(#922,#929),.PCURVE_S1.);
#918 = LINE('',#919,#920);
#919 = CARTESIAN_POINT('',(6.17,-8.4,1.));
#920 = VECTOR('',#921,1.);
#921 = DIRECTION('',(0.,1.,0.));
#922 = PCURVE('',#895,#923);
#923 = DEFINITIONAL_REPRESENTATION('',(#924),#928);
#924 = LINE('',#925,#926);
#925 = CARTESIAN_POINT('',(0.,0.));
#926 = VECTOR('',#927,1.);
#927 = DIRECTION('',(0.,-1.));
#928 = ( GEOMETRIC_REPRESENTATION_CONTEXT(2) 
PARAMETRIC_REPRESENTATION_CONTEXT() REPRESENTATION_CONTEXT('2D SPACE',''
  ) );
#929 = PCURVE('',#815,#930);
#930 = DEFINITIONAL_REPRESENTATION('',(#931),#935);
#931 = LINE('',#932,#933);
#932 = CARTESIAN_POINT('',(3.,0.));
#933 = VECTOR('',#934,1.);
#934 = DIRECTION('',(0.,1.));
#935 = ( GEOMETRIC_REPRESENTATION_CONTEXT(2) 
PARAMETRIC_REPRESENTATION_CONTEXT() REPRESENTATION_CONTEXT('2D SPACE',''
  ) );
#936 = ORIENTED_EDGE('',*,*,#937,.T.);
#937 = EDGE_CURVE('',#915,#938,#940,.T.);
#938 = VERTEX_POINT('',#939);
#939 = CARTESIAN_POINT('',(6.17,-5.8,2.5));
#940 = SURFACE_CURVE('',#941,(#945,#952),.PCURVE_S1.);
#941 = LINE('',#942,#943);
#942 = CARTESIAN_POINT('',(6.17,-5.8,1.));
#943 = VECTOR('',#944,1.);
#944 = DIRECTION('',(0.,0.,1.));
#945 = PCURVE('',#895,#946);
#946 = DEFINITIONAL_REPRESENTATION('',(#947),#951);
#947 = LINE('',#948,#949);
#948 = CARTESIAN_POINT('',(0.,-2.6));
#949 = VECTOR('',#950,1.);
#950 = DIRECTION('',(1.,0.));
#951 = ( GEOMETRIC_REPRESENTATION_CONTEXT(2) 
PARAMETRIC_REPRESENTATION_CONTEXT() REPRESENTATION_CONTEXT('2D SPACE',''
  ) );
#952 = PCURVE('',#843,#953);
#953 = DEFINITIONAL_REPRESENTATION('',(#954),#958);
#954 = LINE('',#955,#956);
#955 = CARTESIAN_POINT('',(0.,3.));
#956 = VECTOR('',#957,1.);
#957 = DIRECTION('',(1.,0.));
#958 = ( GEOMETRIC_REPRESENTATION_CONTEXT(2) 
PARAMETRIC_REPRESENTATION_CONTEXT() REPRESENTATION_CONTEXT('2D SPACE',''
  ) );
#959 = ORIENTED_EDGE('',*,*,#960,.F.);
#960 = EDGE_CURVE('',#887,#938,#961,.T.);
#961 = SURFACE_CURVE('',#962,(#966,#973),.PCURVE_S1.);
#962 = LINE('',#963,#964);
#963 = CARTESIAN_POINT('',(6.17,-8.4,2.5));
#964 = VECTOR('',#965,1.);
#965 = DIRECTION('',(0.,1.,0.));
#966 = PCURVE('',#895,#967);
#967 = DEFINITIONAL_REPRESENTATION('',(#968),#972);
#968 = LINE('',#969,#970);
#969 = CARTESIAN_POINT('',(1.5,0.));
#970 = VECTOR('',#971,1.);
#971 = DIRECTION('',(0.,-1.));
#972 = ( GEOMETRIC_REPRESENTATION_CONTEXT(2) 
PARAMETRIC_REPRESENTATION_CONTEXT() REPRESENTATION_CONTEXT('2D SPACE',''
  ) );
#973 = PCURVE('',#869,#974);
#974 = DEFINITIONAL_REPRESENTATION('',(#975),#979);
#975 = LINE('',#976,#977);
#976 = CARTESIAN_POINT('',(3.,0.));
#977 = VECTOR('',#978,1.);
#978 = DIRECTION('',(0.,1.));
#979 = ( GEOMETRIC_REPRESENTATION_CONTEXT(2) 
PARAMETRIC_REPRESENTATION_CONTEXT() REPRESENTATION_CONTEXT('2D SPACE',''
  ) );
#980 = ADVANCED_FACE('',(#981),#787,.F.);
#981 = FACE_BOUND('',#982,.F.);
#982 = EDGE_LOOP('',(#983,#1004,#1005,#1026));
#983 = ORIENTED_EDGE('',*,*,#984,.F.);
#984 = EDGE_CURVE('',#765,#885,#985,.T.);
#985 = SURFACE_CURVE('',#986,(#990,#997),.PCURVE_S1.);
#986 = LINE('',#987,#988);
#987 = CARTESIAN_POINT('',(3.17,-8.4,1.));
#988 = VECTOR('',#989,1.);
#989 = DIRECTION('',(1.,0.,0.));
#990 = PCURVE('',#787,#991);
#991 = DEFINITIONAL_REPRESENTATION('',(#992),#996);
#992 = LINE('',#993,#994);
#993 = CARTESIAN_POINT('',(0.,0.));
#994 = VECTOR('',#995,1.);
#995 = DIRECTION('',(0.,1.));
#996 = ( GEOMETRIC_REPRESENTATION_CONTEXT(2) 
PARAMETRIC_REPRESENTATION_CONTEXT() REPRESENTATION_CONTEXT('2D SPACE',''
  ) );
#997 = PCURVE('',#815,#998);
#998 = DEFINITIONAL_REPRESENTATION('',(#999),#1003);
#999 = LINE('',#1000,#1001);
#1000 = CARTESIAN_POINT('',(0.,0.));
#1001 = VECTOR('',#1002,1.);
#1002 = DIRECTION('',(1.,0.));
#1003 = ( GEOMETRIC_REPRESENTATION_CONTEXT(2) 
PARAMETRIC_REPRESENTATION_CONTEXT() REPRESENTATION_CONTEXT('2D SPACE',''
  ) );
#1004 = ORIENTED_EDGE('',*,*,#764,.T.);
#1005 = ORIENTED_EDGE('',*,*,#1006,.T.);
#1006 = EDGE_CURVE('',#767,#887,#1007,.T.);
#1007 = SURFACE_CURVE('',#1008,(#1012,#1019),.PCURVE_S1.);
#1008 = LINE('',#1009,#1010);
#1009 = CARTESIAN_POINT('',(3.17,-8.4,2.5));
#1010 = VECTOR('',#1011,1.);
#1011 = DIRECTION('',(1.,0.,0.));
#1012 = PCURVE('',#787,#1013);
#1013 = DEFINITIONAL_REPRESENTATION('',(#1014),#1018);
#1014 = LINE('',#1015,#1016);
#1015 = CARTESIAN_POINT('',(1.5,0.));
#1016 = VECTOR('',#1017,1.);
#1017 = DIRECTION('',(0.,1.));
#1018 = ( GEOMETRIC_REPRESENTATION_CONTEXT(2) 
PARAMETRIC_REPRESENTATION_CONTEXT() REPRESENTATION_CONTEXT('2D SPACE',''
  ) );
#1019 = PCURVE('',#869,#1020);
#1020 = DEFINITIONAL_REPRESENTATION('',(#1021),#1025);
#1021 = LINE('',#1022,#1023);
#1022 = CARTESIAN_POINT('',(0.,0.));
#1023 = VECTOR('',#1024,1.);
#1024 = DIRECTION('',(1.,0.));
#1025 = ( GEOMETRIC_REPRESENTATION_CONTEXT(2) 
PARAMETRIC_REPRESENTATION_CONTEXT() REPRESENTATION_CONTEXT('2D SPACE',''
  ) );
#1026 = ORIENTED_EDGE('',*,*,#884,.F.);
#1027 = ADVANCED_FACE('',(#1028),#843,.T.);
#1028 = FACE_BOUND('',#1029,.T.);
#1029 = EDGE_LOOP('',(#1030,#1051,#1052,#1073));
#1030 = ORIENTED_EDGE('',*,*,#1031,.F.);
#1031 = EDGE_CURVE('',#800,#915,#1032,.T.);
#1032 = SURFACE_CURVE('',#1033,(#1037,#1044),.PCURVE_S1.);
#1033 = LINE('',#1034,#1035);
#1034 = CARTESIAN_POINT('',(3.17,-5.8,1.));
#1035 = VECTOR('',#1036,1.);
#1036 = DIRECTION('',(1.,0.,0.));
#1037 = PCURVE('',#843,#1038);
#1038 = DEFINITIONAL_REPRESENTATION('',(#1039),#1043);
#1039 = LINE('',#1040,#1041);
#1040 = CARTESIAN_POINT('',(0.,0.));
#1041 = VECTOR('',#1042,1.);
#1042 = DIRECTION('',(0.,1.));
#1043 = ( GEOMETRIC_REPRESENTATION_CONTEXT(2) 
PARAMETRIC_REPRESENTATION_CONTEXT() REPRESENTATION_CONTEXT('2D SPACE',''
  ) );
#1044 = PCURVE('',#815,#1045);
#1045 = DEFINITIONAL_REPRESENTATION('',(#1046),#1050);
#1046 = LINE('',#1047,#1048);
#1047 = CARTESIAN_POINT('',(0.,2.6));
#1048 = VECTOR('',#1049,1.);
#1049 = DIRECTION('',(1.,0.));
#1050 = ( GEOMETRIC_REPRESENTATION_CONTEXT(2) 
PARAMETRIC_REPRESENTATION_CONTEXT() REPRESENTATION_CONTEXT('2D SPACE',''
  ) );
#1051 = ORIENTED_EDGE('',*,*,#827,.T.);
#1052 = ORIENTED_EDGE('',*,*,#1053,.T.);
#1053 = EDGE_CURVE('',#828,#938,#1054,.T.);
#1054 = SURFACE_CURVE('',#1055,(#1059,#1066),.PCURVE_S1.);
#1055 = LINE('',#1056,#1057);
#1056 = CARTESIAN_POINT('',(3.17,-5.8,2.5));
#1057 = VECTOR('',#1058,1.);
#1058 = DIRECTION('',(1.,0.,0.));
#1059 = PCURVE('',#843,#1060);
#1060 = DEFINITIONAL_REPRESENTATION('',(#1061),#1065);
#1061 = LINE('',#1062,#1063);
#1062 = CARTESIAN_POINT('',(1.5,0.));
#1063 = VECTOR('',#1064,1.);
#1064 = DIRECTION('',(0.,1.));
#1065 = ( GEOMETRIC_REPRESENTATION_CONTEXT(2) 
PARAMETRIC_REPRESENTATION_CONTEXT() REPRESENTATION_CONTEXT('2D SPACE',''
  ) );
#1066 = PCURVE('',#869,#1067);
#1067 = DEFINITIONAL_REPRESENTATION('',(#1068),#1072);
#1068 = LINE('',#1069,#1070);
#1069 = CARTESIAN_POINT('',(0.,2.6));
#1070 = VECTOR('',#1071,1.);
#1071 = DIRECTION('',(1.,0.));
#1072 = ( GEOMETRIC_REPRESENTATION_CONTEXT(2) 
PARAMETRIC_REPRESENTATION_CONTEXT() REPRESENTATION_CONTEXT('2D SPACE',''
  ) );
#1073 = ORIENTED_EDGE('',*,*,#937,.F.);
#1074 = ADVANCED_FACE('',(#1075),#815,.F.);
#1075 = FACE_BOUND('',#1076,.F.);
#1076 = EDGE_LOOP('',(#1077,#1078,#1079,#1080));
#1077 = ORIENTED_EDGE('',*,*,#799,.F.);
#1078 = ORIENTED_EDGE('',*,*,#984,.T.);
#1079 = ORIENTED_EDGE('',*,*,#914,.T.);
#1080 = ORIENTED_EDGE('',*,*,#1031,.F.);
#1081 = ADVANCED_FACE('',(#1082),#869,.T.);
#1082 = FACE_BOUND('',#1083,.T.);
#1083 = EDGE_LOOP('',(#1084,#1085,#1086,#1087));
#1084 = ORIENTED_EDGE('',*,*,#855,.F.);
#1085 = ORIENTED_EDGE('',*,*,#1006,.T.);
#1086 = ORIENTED_EDGE('',*,*,#960,.T.);
#1087 = ORIENTED_EDGE('',*,*,#1053,.F.);
#1088 = ( GEOMETRIC_REPRESENTATION_CONTEXT(3) 
GLOBAL_UNCERTAINTY_ASSIGNED_CONTEXT((#1092)) 
GLOBAL_UNIT_ASSIGNED_CONTEXT((#1089,#1090,#1091)) REPRESENTATION_CONTEXT
('Context #1','3D Context with UNIT and UNCERTAINTY') );
#1089 = ( LENGTH_UNIT() NAMED_UNIT(*) SI_UNIT(.MILLI.,.METRE.) );
#1090 = ( NAMED_UNIT(*) PLANE_ANGLE_UNIT() SI_UNIT($,.RADIAN.) );
#1091 = ( NAMED_UNIT(*) SI_UNIT($,.STERADIAN.) SOLID_ANGLE_UNIT() );
#1092 = UNCERTAINTY_MEASURE_WITH_UNIT(LENGTH_MEASURE(1.E-07),#1089,
  'distance_accuracy_value','confusion accuracy');
#1093 = CONTEXT_DEPENDENT_SHAPE_REPRESENTATION(#1094,#1096);
#1094 = ( REPRESENTATION_RELATIONSHIP('','',#757,#10) 
REPRESENTATION_RELATIONSHIP_WITH_TRANSFORMATION(#1095) 
SHAPE_REPRESENTATION_RELATIONSHIP() );
#1095 = ITEM_DEFINED_TRANSFORMATION('','',#11,#19);
#1096 = PRODUCT_DEFINITION_SHAPE('Placement','Placement of an item',
  #1097);
#1097 = NEXT_ASSEMBLY_USAGE_OCCURRENCE('2','button_1','',#5,#752,$);
#1098 = PRODUCT_RELATED_PRODUCT_CATEGORY('part',$,(#754));
#1099 = SHAPE_DEFINITION_REPRESENTATION(#1100,#1106);
#1100 = PRODUCT_DEFINITION_SHAPE('','',#1101);
#1101 = PRODUCT_DEFINITION('design','',#1102,#1105);
#1102 = PRODUCT_DEFINITION_FORMATION('','',#1103);
#1103 = PRODUCT('button_cap_2','button_cap_2','',(#1104));
#1104 = PRODUCT_CONTEXT('',#2,'mechanical');
#1105 = PRODUCT_DEFINITION_CONTEXT('part definition',#2,'design');
#1106 = ADVANCED_BREP_SHAPE_REPRESENTATION('',(#11,#1107),#1205);
#1107 = MANIFOLD_SOLID_BREP('',#1108);
#1108 = CLOSED_SHELL('',(#1109,#1197,#1201));
#1109 = ADVANCED_FACE('',(#1110),#1124,.T.);
#1110 = FACE_BOUND('',#1111,.F.);
#1111 = EDGE_LOOP('',(#1112,#1142,#1169,#1170));
#1112 = ORIENTED_EDGE('',*,*,#1113,.T.);
#1113 = EDGE_CURVE('',#1114,#1116,#1118,.T.);
#1114 = VERTEX_POINT('',#1115);
#1115 = CARTESIAN_POINT('',(5.47,-7.1,2.5));
#1116 = VERTEX_POINT('',#1117);
#1117 = CARTESIAN_POINT('',(5.47,-7.1,3.));
#1118 = SEAM_CURVE('',#1119,(#1123,#1135),.PCURVE_S1.);
#1119 = LINE('',#1120,#1121);
#1120 = CARTESIAN_POINT('',(5.47,-7.1,2.5));
#1121 = VECTOR('',#1122,1.);
#1122 = DIRECTION('',(0.,0.,1.));
#1123 = PCURVE('',#1124,#1129);
#1124 = CYLINDRICAL_SURFACE('',#1125,0.8);
#1125 = AXIS2_PLACEMENT_3D('',#1126,#1127,#1128);
#1126 = CARTESIAN_POINT('',(4.67,-7.1,2.5));
#1127 = DIRECTION('',(-0.,-0.,-1.));
#1128 = DIRECTION('',(1.,0.,0.));
#1129 = DEFINITIONAL_REPRESENTATION('',(#1130),#1134);
#1130 = LINE('',#1131,#1132);
#1131 = CARTESIAN_POINT('',(-0.,0.));
#1132 = VECTOR('',#1133,1.);
#1133 = DIRECTION('',(-0.,-1.));
#1134 = ( GEOMETRIC_REPRESENTATION_CONTEXT(2) 
PARAMETRIC_REPRESENTATION_CONTEXT() REPRESENTATION_CONTEXT('2D SPACE',''
  ) );
#1135 = PCURVE('',#1124,#1136);
#1136 = DEFINITIONAL_REPRESENTATION('',(#1137),#1141);
#1137 = LINE('',#1138,#1139);
#1138 = CARTESIAN_POINT('',(-6.28318530718,0.));
#1139 = VECTOR('',#1140,1.);
#1140 = DIRECTION('',(-0.,-1.));
#1141 = ( GEOMETRIC_REPRESENTATION_CONTEXT(2) 
PARAMETRIC_REPRESENTATION_CONTEXT() REPRESENTATION_CONTEXT('2D SPACE',''
  ) );
#1142 = ORIENTED_EDGE('',*,*,#1143,.T.);
#1143 = EDGE_CURVE('',#1116,#1116,#1144,.T.);
#1144 = SURFACE_CURVE('',#1145,(#1150,#1157),.PCURVE_S1.);
#1145 = CIRCLE('',#1146,0.8);
#1146 = AXIS2_PLACEMENT_3D('',#1147,#1148,#1149);
#1147 = CARTESIAN_POINT('',(4.67,-7.1,3.));
#1148 = DIRECTION('',(0.,0.,1.));
#1149 = DIRECTION('',(1.,0.,0.));
#1150 = PCURVE('',#1124,#1151);
#1151 = DEFINITIONAL_REPRESENTATION('',(#1152),#1156);
#1152 = LINE('',#1153,#1154);
#1153 = CARTESIAN_POINT('',(-0.,-0.5));
#1154 = VECTOR('',#1155,1.);
#1155 = DIRECTION('',(-1.,0.));
#1156 = ( GEOMETRIC_REPRESENTATION_CONTEXT(2) 
PARAMETRIC_REPRESENTATION_CONTEXT() REPRESENTATION_CONTEXT('2D SPACE',''
  ) );
#1157 = PCURVE('',#1158,#1163);
#1158 = PLANE('',#1159);
#1159 = AXIS2_PLACEMENT_3D('',#1160,#1161,#1162);
#1160 = CARTESIAN_POINT('',(4.67,-7.1,3.));
#1161 = DIRECTION('',(0.,0.,1.));
#1162 = DIRECTION('',(1.,0.,-0.));
#1163 = DEFINITIONAL_REPRESENTATION('',(#1164),#1168);
#1164 = CIRCLE('',#1165,0.8);
#1165 = AXIS2_PLACEMENT_2D('',#1166,#1167);
#1166 = CARTESIAN_POINT('',(0.,0.));
#1167 = DIRECTION('',(1.,0.));
#1168 = ( GEOMETRIC_REPRESENTATION_CONTEXT(2) 
PARAMETRIC_REPRESENTATION_CONTEXT() REPRESENTATION_CONTEXT('2D SPACE',''
  ) );
#1169 = ORIENTED_EDGE('',*,*,#1113,.F.);
#1170 = ORIENTED_EDGE('',*,*,#1171,.F.);
#1171 = EDGE_CURVE('',#1114,#1114,#1172,.T.);
#1172 = SURFACE_CURVE('',#1173,(#1178,#1185),.PCURVE_S1.);
#1173 = CIRCLE('',#1174,0.8);
#1174 = AXIS2_PLACEMENT_3D('',#1175,#1176,#1177);
#1175 = CARTESIAN_POINT('',(4.67,-7.1,2.5));
#1176 = DIRECTION('',(0.,0.,1.));
#1177 = DIRECTION('',(1.,0.,0.));
#1178 = PCURVE('',#1124,#1179);
#1179 = DEFINITIONAL_REPRESENTATION('',(#1180),#1184);
#1180 = LINE('',#1181,#1182);
#1181 = CARTESIAN_POINT('',(-0.,0.));
#1182 = VECTOR('',#1183,1.);
#1183 = DIRECTION('',(-1.,0.));
#1184 = ( GEOMETRIC_REPRESENTATION_CONTEXT(2) 
PARAMETRIC_REPRESENTATION_CONTEXT() REPRESENTATION_CONTEXT('2D SPACE',''
  ) );
#1185 = PCURVE('',#1186,#1191);
#1186 = PLANE('',#1187);
#1187 = AXIS2_PLACEMENT_3D('',#1188,#1189,#1190);
#1188 = CARTESIAN_POINT('',(4.67,-7.1,2.5));
#1189 = DIRECTION('',(0.,0.,1.));
#1190 = DIRECTION('',(1.,0.,-0.));
#1191 = DEFINITIONAL_REPRESENTATION('',(#1192),#1196);
#1192 = CIRCLE('',#1193,0.8);
#1193 = AXIS2_PLACEMENT_2D('',#1194,#1195);
#1194 = CARTESIAN_POINT('',(0.,0.));
#1195 = DIRECTION('',(1.,0.));
#1196 = ( GEOMETRIC_REPRESENTATION_CONTEXT(2) 
PARAMETRIC_REPRESENTATION_CONTEXT() REPRESENTATION_CONTEXT('2D SPACE',''
  ) );
#1197 = ADVANCED_FACE('',(#1198),#1186,.F.);
#1198 = FACE_BOUND('',#1199,.F.);
#1199 = EDGE_LOOP('',(#1200));
#1200 = ORIENTED_EDGE('',*,*,#1171,.T.);
#1201 = ADVANCED_FACE('',(#1202),#1158,.T.);
#1202 = FACE_BOUND('',#1203,.T.);
#1203 = EDGE_LOOP('',(#1204));
#1204 = ORIENTED_EDGE('',*,*,#1143,.T.);
#1205 = ( GEOMETRIC_REPRESENTATION_CONTEXT(3) 
GLOBAL_UNCERTAINTY_ASSIGNED_CONTEXT((#1209)) 
GLOBAL_UNIT_ASSIGNED_CONTEXT((#1206,#1207,#1208)) REPRESENTATION_CONTEXT
('Context #1','3D Context with UNIT and UNCERTAINTY') );
#1206 = ( LENGTH_UNIT() NAMED_UNIT(*) SI_UNIT(.MILLI.,.METRE.) );
#1207 = ( NAMED_UNIT(*) PLANE_ANGLE_UNIT() SI_UNIT($,.RADIAN.) );
#1208 = ( NAMED_UNIT(*) SI_UNIT($,.STERADIAN.) SOLID_ANGLE_UNIT() );
#1209 = UNCERTAINTY_MEASURE_WITH_UNIT(LENGTH_MEASURE(1.E-07),#1206,
  'distance_accuracy_value','confusion accuracy');
#1210 = CONTEXT_DEPENDENT_SHAPE_REPRESENTATION(#1211,#1213);
#1211 = ( REPRESENTATION_RELATIONSHIP('','',#1106,#10) 
REPRESENTATION_RELATIONSHIP_WITH_TRANSFORMATION(#1212) 
SHAPE_REPRESENTATION_RELATIONSHIP() );
#1212 = ITEM_DEFINED_TRANSFORMATION('','',#11,#23);
#1213 = PRODUCT_DEFINITION_SHAPE('Placement','Placement of an item',
  #1214);
#1214 = NEXT_ASSEMBLY_USAGE_OCCURRENCE('3','button_cap_2','',#5,#1101,$
  );
#1215 = PRODUCT_RELATED_PRODUCT_CATEGORY('part',$,(#1103));
#1216 = SHAPE_DEFINITION_REPRESENTATION(#1217,#1223);
#1217 = PRODUCT_DEFINITION_SHAPE('','',#1218);
#1218 = PRODUCT_DEFINITION('design','',#1219,#1222);
#1219 = PRODUCT_DEFINITION_FORMATION('','',#1220);
#1220 = PRODUCT('button_3','button_3','',(#1221));
#1221 = PRODUCT_CONTEXT('',#2,'mechanical');
#1222 = PRODUCT_DEFINITION_CONTEXT('part definition',#2,'design');
#1223 = ADVANCED_BREP_SHAPE_REPRESENTATION('',(#11,#1224),#1554);
#1224 = MANIFOLD_SOLID_BREP('',#1225);
#1225 = CLOSED_SHELL('',(#1226,#1346,#1446,#1493,#1540,#1547));
#1226 = ADVANCED_FACE('',(#1227),#1241,.F.);
#1227 = FACE_BOUND('',#1228,.F.);
#1228 = EDGE_LOOP('',(#1229,#1264,#1292,#1320));
#1229 = ORIENTED_EDGE('',*,*,#1230,.F.);
#1230 = EDGE_CURVE('',#1231,#1233,#1235,.T.);
#1231 = VERTEX_POINT('',#1232);
#1232 = CARTESIAN_POINT('',(9.07,-8.4,1.));
#1233 = VERTEX_POINT('',#1234);
#1234 = CARTESIAN_POINT('',(9.07,-8.4,2.5));
#1235 = SURFACE_CURVE('',#1236,(#1240,#1252),.PCURVE_S1.);
#1236 = LINE('',#1237,#1238);
#1237 = CARTESIAN_POINT('',(9.07,-8.4,1.));
#1238 = VECTOR('',#1239,1.);
#1239 = DIRECTION('',(0.,0.,1.));
#1240 = PCURVE('',#1241,#1246);
#1241 = PLANE('',#1242);
#1242 = AXIS2_PLACEMENT_3D('',#1243,#1244,#1245);
#1243 = CARTESIAN_POINT('',(9.07,-8.4,1.));
#1244 = DIRECTION('',(1.,0.,0.));
#1245 = DIRECTION('',(0.,0.,1.));
#1246 = DEFINITIONAL_REPRESENTATION('',(#1247),#1251);
#1247 = LINE('',#1248,#1249);
#1248 = CARTESIAN_POINT('',(0.,0.));
#1249 = VECTOR('',#1250,1.);
#1250 = DIRECTION('',(1.,0.));
#1251 = ( GEOMETRIC_REPRESENTATION_CONTEXT(2) 
PARAMETRIC_REPRESENTATION_CONTEXT() REPRESENTATION_CONTEXT('2D SPACE',''
  ) );
#1252 = PCURVE('',#1253,#1258);
#1253 = PLANE('',#1254);
#1254 = AXIS2_PLACEMENT_3D('',#1255,#1256,#1257);
#1255 = CARTESIAN_POINT('',(9.07,-8.4,1.));
#1256 = DIRECTION('',(0.,1.,0.));
#1257 = DIRECTION('',(0.,0.,1.));
#1258 = DEFINITIONAL_REPRESENTATION('',(#1259),#1263);
#1259 = LINE('',#1260,#1261);
#1260 = CARTESIAN_POINT('',(0.,0.));
#1261 = VECTOR('',#1262,1.);
#1262 = DIRECTION('',(1.,0.));
#1263 = ( GEOMETRIC_REPRESENTATION_CONTEXT(2) 
PARAMETRIC_REPRESENTATION_CONTEXT() REPRESENTATION_CONTEXT('2D SPACE',''
  ) );
#1264 = ORIENTED_EDGE('',*,*,#1265,.T.);
#1265 = EDGE_CURVE('',#1231,#1266,#1268,.T.);
#1266 = VERTEX_POINT('',#1267);
#1267 = CARTESIAN_POINT('',(9.07,-5.8,1.));
#1268 = SURFACE_CURVE('',#1269,(#1273,#1280),.PCURVE_S1.);
#1269 = LINE('',#1270,#1271);
#1270 = CARTESIAN_POINT('',(9.07,-8.4,1.));
#1271 = VECTOR('',#1272,1.);
#1272 = DIRECTION('',(0.,1.,0.));
#1273 = PCURVE('',#1241,#1274);
#1274 = DEFINITIONAL_REPRESENTATION('',(#1275),#1279);
#1275 = LINE('',#1276,#1277);
#1276 = CARTESIAN_POINT('',(0.,0.));
#1277 = VECTOR('',#1278,1.);
#1278 = DIRECTION('',(0.,-1.));
#1279 = ( GEOMETRIC_REPRESENTATION_CONTEXT(2) 
PARAMETRIC_REPRESENTATION_CONTEXT() REPRESENTATION_CONTEXT('2D SPACE',''
  ) );
#1280 = PCURVE('',#1281,#1286);
#1281 = PLANE('',#1282);
#1282 = AXIS2_PLACEMENT_3D('',#1283,#1284,#1285);
#1283 = CARTESIAN_POINT('',(9.07,-8.4,1.));
#1284 = DIRECTION('',(0.,0.,1.));
#1285 = DIRECTION('',(1.,0.,0.));
#1286 = DEFINITIONAL_REPRESENTATION('',(#1287),#1291);
#1287 = LINE('',#1288,#1289);
#1288 = CARTESIAN_POINT('',(0.,0.));
#1289 = VECTOR('',#1290,1.);
#1290 = DIRECTION('',(0.,1.));
#1291 = ( GEOMETRIC_REPRESENTATION_CONTEXT(2) 
PARAMETRIC_REPRESENTATION_CONTEXT() REPRESENTATION_CONTEXT('2D SPACE',''
  ) );
#1292 = ORIENTED_EDGE('',*,*,#1293,.T.);
#1293 = EDGE_CURVE('',#1266,#1294,#1296,.T.);
#1294 = VERTEX_POINT('',#1295);
#1295 = CARTESIAN_POINT('',(9.07,-5.8,2.5));
#1296 = SURFACE_CURVE('',#1297,(#1301,#1308),.PCURVE_S1.);
#1297 = LINE('',#1298,#1299);
#1298 = CARTESIAN_POINT('',(9.07,-5.8,1.));
#1299 = VECTOR('',#1300,1.);
#1300 = DIRECTION('',(0.,0.,1.));
#1301 = PCURVE('',#1241,#1302);
#1302 = DEFINITIONAL_REPRESENTATION('',(#1303),#1307);
#1303 = LINE('',#1304,#1305);
#1304 = CARTESIAN_POINT('',(0.,-2.6));
#1305 = VECTOR('',#1306,1.);
#1306 = DIRECTION('',(1.,0.));
#1307 = ( GEOMETRIC_REPRESENTATION_CONTEXT(2) 
PARAMETRIC_REPRESENTATION_CONTEXT() REPRESENTATION_CONTEXT('2D SPACE',''
  ) );
#1308 = PCURVE('',#1309,#1314);
#1309 = PLANE('',#1310);
#1310 = AXIS2_PLACEMENT_3D('',#1311,#1312,#1313);
#1311 = CARTESIAN_POINT('',(9.07,-5.8,1.));
#1312 = DIRECTION('',(0.,1.,0.));
#1313 = DIRECTION('',(0.,0.,1.));
#1314 = DEFINITIONAL_REPRESENTATION('',(#1315),#1319);
#1315 = LINE('',#1316,#1317);
#1316 = CARTESIAN_POINT('',(0.,0.));
#1317 = VECTOR('',#1318,1.);
#1318 = DIRECTION('',(1.,0.));
#1319 = ( GEOMETRIC_REPRESENTATION_CONTEXT(2) 
PARAMETRIC_REPRESENTATION_CONTEXT() REPRESENTATION_CONTEXT('2D SPACE',''
  ) );
#1320 = ORIENTED_EDGE('',*,*,#1321,.F.);
#1321 = EDGE_CURVE('',#1233,#1294,#1322,.T.);
#1322 = SURFACE_CURVE('',#1323,(#1327,#1334),.PCURVE_S1.);
#1323 = LINE('',#1324,#1325);
#1324 = CARTESIAN_POINT('',(9.07,-8.4,2.5));
#1325 = VECTOR('',#1326,1.);
#1326 = DIRECTION('',(0.,1.,0.));
#1327 = PCURVE('',#1241,#1328);
#1328 = DEFINITIONAL_REPRESENTATION('',(#1329),#1333);
#1329 = LINE('',#1330,#1331);
#1330 = CARTESIAN_POINT('',(1.5,0.));
#1331 = VECTOR('',#1332,1.);
#1332 = DIRECTION('',(0.,-1.));
#1333 = ( GEOMETRIC_REPRESENTATION_CONTEXT(2) 
PARAMETRIC_REPRESENTATION_CONTEXT() REPRESENTATION_CONTEXT('2D SPACE',''
  ) );
#1334 = PCURVE('',#1335,#1340);
#1335 = PLANE('',#1336);
#1336 = AXIS2_PLACEMENT_3D('',#1337,#1338,#1339);
#1337 = CARTESIAN_POINT('',(9.07,-8.4,2.5));
#1338 = DIRECTION('',(0.,0.,1.));
#1339 = DIRECTION('',(1.,0.,0.));
#1340 = DEFINITIONAL_REPRESENTATION('',(#1341),#1345);
#1341 = LINE('',#1342,#1343);
#1342 = CARTESIAN_POINT('',(0.,0.));
#1343 = VECTOR('',#1344,1.);
#1344 = DIRECTION('',(0.,1.));
#1345 = ( GEOMETRIC_REPRESENTATION_CONTEXT(2) 
PARAMETRIC_REPRESENTATION_CONTEXT() REPRESENTATION_CONTEXT('2D SPACE',''
  ) );
#1346 = ADVANCED_FACE('',(#1347),#1361,.T.);
#1347 = FACE_BOUND('',#1348,.T.);
#1348 = EDGE_LOOP('',(#1349,#1379,#1402,#1425));
#1349 = ORIENTED_EDGE('',*,*,#1350,.F.);
#1350 = EDGE_CURVE('',#1351,#1353,#1355,.T.);
#1351 = VERTEX_POINT('',#1352);
#1352 = CARTESIAN_POINT('',(12.07,-8.4,1.));
#1353 = VERTEX_POINT('',#1354);
#1354 = CARTESIAN_POINT('',(12.07,-8.4,2.5));
#1355 = SURFACE_CURVE('',#1356,(#1360,#1372),.PCURVE_S1.);
#1356 = LINE('',#1357,#1358);
#1357 = CARTESIAN_POINT('',(12.07,-8.4,1.));
#1358 = VECTOR('',#1359,1.);
#1359 = DIRECTION('',(0.,0.,1.));
#1360 = PCURVE('',#1361,#1366);
#1361 = PLANE('',#1362);
#1362 = AXIS2_PLACEMENT_3D('',#1363,#1364,#1365);
#1363 = CARTESIAN_POINT('',(12.07,-8.4,1.));
#1364 = DIRECTION('',(1.,0.,0.));
#1365 = DIRECTION('',(0.,0.,1.));
#1366 = DEFINITIONAL_REPRESENTATION('',(#1367),#1371);
#1367 = LINE('',#1368,#1369);
#1368 = CARTESIAN_POINT('',(0.,0.));
#1369 = VECTOR('',#1370,1.);
#1370 = DIRECTION('',(1.,0.));
#1371 = ( GEOMETRIC_REPRESENTATION_CONTEXT(2) 
PARAMETRIC_REPRESENTATION_CONTEXT() REPRESENTATION_CONTEXT('2D SPACE',''
  ) );
#1372 = PCURVE('',#1253,#1373);
#1373 = DEFINITIONAL_REPRESENTATION('',(#1374),#1378);
#1374 = LINE('',#1375,#1376);
#1375 = CARTESIAN_POINT('',(0.,3.));
#1376 = VECTOR('',#1377,1.);
#1377 = DIRECTION('',(1.,0.));
#1378 = ( GEOMETRIC_REPRESENTATION_CONTEXT(2) 
PARAMETRIC_REPRESENTATION_CONTEXT() REPRESENTATION_CONTEXT('2D SPACE',''
  ) );
#1379 = ORIENTED_EDGE('',*,*,#1380,.T.);
#1380 = EDGE_CURVE('',#1351,#1381,#1383,.T.);
#1381 = VERTEX_POINT('',#1382);
#1382 = CARTESIAN_POINT('',(12.07,-5.8,1.));
#1383 = SURFACE_CURVE('',#1384,(#1388,#1395),.PCURVE_S1.);
#1384 = LINE('',#1385,#1386);
#1385 = CARTESIAN_POINT('',(12.07,-8.4,1.));
#1386 = VECTOR('',#1387,1.);
#1387 = DIRECTION('',(0.,1.,0.));
#1388 = PCURVE('',#1361,#1389);
#1389 = DEFINITIONAL_REPRESENTATION('',(#1390),#1394);
#1390 = LINE('',#1391,#1392);
#1391 = CARTESIAN_POINT('',(0.,0.));
#1392 = VECTOR('',#1393,1.);
#1393 = DIRECTION('',(0.,-1.));
#1394 = ( GEOMETRIC_REPRESENTATION_CONTEXT(2) 
PARAMETRIC_REPRESENTATION_CONTEXT() REPRESENTATION_CONTEXT('2D SPACE',''
  ) );
#1395 = PCURVE('',#1281,#1396);
#1396 = DEFINITIONAL_REPRESENTATION('',(#1397),#1401);
#1397 = LINE('',#1398,#1399);
#1398 = CARTESIAN_POINT('',(3.,0.));
#1399 = VECTOR('',#1400,1.);
#1400 = DIRECTION('',(0.,1.));
#1401 = ( GEOMETRIC_REPRESENTATION_CONTEXT(2) 
PARAMETRIC_REPRESENTATION_CONTEXT() REPRESENTATION_CONTEXT('2D SPACE',''
  ) );
#1402 = ORIENTED_EDGE('',*,*,#1403,.T.);
#1403 = EDGE_CURVE('',#1381,#1404,#1406,.T.);
#1404 = VERTEX_POINT('',#1405);
#1405 = CARTESIAN_POINT('',(12.07,-5.8,2.5));
#1406 = SURFACE_CURVE('',#1407,(#1411,#1418),.PCURVE_S1.);
#1407 = LINE('',#1408,#1409);
#1408 = CARTESIAN_POINT('',(12.07,-5.8,1.));
#1409 = VECTOR('',#1410,1.);
#1410 = DIRECTION('',(0.,0.,1.));
#1411 = PCURVE('',#1361,#1412);
#1412 = DEFINITIONAL_REPRESENTATION('',(#1413),#1417);
#1413 = LINE('',#1414,#1415);
#1414 = CARTESIAN_POINT('',(0.,-2.6));
#1415 = VECTOR('',#1416,1.);
#1416 = DIRECTION('',(1.,0.));
#1417 = ( GEOMETRIC_REPRESENTATION_CONTEXT(2) 
PARAMETRIC_REPRESENTATION_CONTEXT() REPRESENTATION_CONTEXT('2D SPACE',''
  ) );
#1418 = PCURVE('',#1309,#1419);
#1419 = DEFINITIONAL_REPRESENTATION('',(#1420),#1424);
#1420 = LINE('',#1421,#1422);
#1421 = CARTESIAN_POINT('',(0.,3.));
#1422 = VECTOR('',#1423,1.);
#1423 = DIRECTION('',(1.,0.));
#1424 = ( GEOMETRIC_REPRESENTATION_CONTEXT(2) 
PARAMETRIC_REPRESENTATION_CONTEXT() REPRESENTATION_CONTEXT('2D SPACE',''
  ) );
#1425 = ORIENTED_EDGE('',*,*,#1426,.F.);
#1426 = EDGE_CURVE('',#1353,#1404,#1427,.T.);
#1427 = SURFACE_CURVE('',#1428,(#1432,#1439),.PCURVE_S1.);
#1428 = LINE('',#1429,#1430);
#1429 = CARTESIAN_POINT('',(12.07,-8.4,2.5));
#1430 = VECTOR('',#1431,1.);
#1431 = DIRECTION('',(0.,1.,0.));
#1432 = PCURVE('',#1361,#1433);
#1433 = DEFINITIONAL_REPRESENTATION('',(#1434),#1438);
#1434 = LINE('',#1435,#1436);
#1435 = CARTESIAN_POINT('',(1.5,0.));
#1436 = VECTOR('',#1437,1.);
#1437 = DIRECTION('',(0.,-1.));
#1438 = ( GEOMETRIC_REPRESENTATION_CONTEXT(2) 
PARAMETRIC_REPRESENTATION_CONTEXT() REPRESENTATION_CONTEXT('2D SPACE',''
  ) );
#1439 = PCURVE('',#1335,#1440);
#1440 = DEFINITIONAL_REPRESENTATION('',(#1441),#1445);
#1441 = LINE('',#1442,#1443);
#1442 = CARTESIAN_POINT('',(3.,0.));
#1443 = VECTOR('',#1444,1.);
#1444 = DIRECTION('',(0.,1.));
#1445 = ( GEOMETRIC_REPRESENTATION_CONTEXT(2) 
PARAMETRIC_REPRESENTATION_CONTEXT() REPRESENTATION_CONTEXT('2D SPACE',''
  ) );
#1446 = ADVANCED_FACE('',(#1447),#1253,.F.);
#1447 = FACE_BOUND('',#1448,.F.);
#1448 = EDGE_LOOP('',(#1449,#1470,#1471,#1492));
#1449 = ORIENTED_EDGE('',*,*,#1450,.F.);
#1450 = EDGE_CURVE('',#1231,#1351,#1451,.T.);
#1451 = SURFACE_CURVE('',#1452,(#1456,#1463),.PCURVE_S1.);
#1452 = LINE('',#1453,#1454);
#1453 = CARTESIAN_POINT('',(9.07,-8.4,1.));
#1454 = VECTOR('',#1455,1.);
#1455 = DIRECTION('',(1.,0.,0.));
#1456 = PCURVE('',#1253,#1457);
#1457 = DEFINITIONAL_REPRESENTATION('',(#1458),#1462);
#1458 = LINE('',#1459,#1460);
#1459 = CARTESIAN_POINT('',(0.,0.));
#1460 = VECTOR('',#1461,1.);
#1461 = DIRECTION('',(0.,1.));
#1462 = ( GEOMETRIC_REPRESENTATION_CONTEXT(2) 
PARAMETRIC_REPRESENTATION_CONTEXT() REPRESENTATION_CONTEXT('2D SPACE',''
  ) );
#1463 = PCURVE('',#1281,#1464);
#1464 = DEFINITIONAL_REPRESENTATION('',(#1465),#1469);
#1465 = LINE('',#1466,#1467);
#1466 = CARTESIAN_POINT('',(0.,0.));
#1467 = VECTOR('',#1468,1.);
#1468 = DIRECTION('',(1.,0.));
#1469 = ( GEOMETRIC_REPRESENTATION_CONTEXT(2) 
PARAMETRIC_REPRESENTATION_CONTEXT() REPRESENTATION_CONTEXT('2D SPACE',''
  ) );
#1470 = ORIENTED_EDGE('',*,*,#1230,.T.);
#1471 = ORIENTED_EDGE('',*,*,#1472,.T.);
#1472 = EDGE_CURVE('',#1233,#1353,#1473,.T.);
#1473 = SURFACE_CURVE('',#1474,(#1478,#1485),.PCURVE_S1.);
#1474 = LINE('',#1475,#1476);
#1475 = CARTESIAN_POINT('',(9.07,-8.4,2.5));
#1476 = VECTOR('',#1477,1.);
#1477 = DIRECTION('',(1.,0.,0.));
#1478 = PCURVE('',#1253,#1479);
#1479 = DEFINITIONAL_REPRESENTATION('',(#1480),#1484);
#1480 = LINE('',#1481,#1482);
#1481 = CARTESIAN_POINT('',(1.5,0.));
#1482 = VECTOR('',#1483,1.);
#1483 = DIRECTION('',(0.,1.));
#1484 = ( GEOMETRIC_REPRESENTATION_CONTEXT(2) 
PARAMETRIC_REPRESENTATION_CONTEXT() REPRESENTATION_CONTEXT('2D SPACE',''
  ) );
#1485 = PCURVE('',#1335,#1486);
#1486 = DEFINITIONAL_REPRESENTATION('',(#1487),#1491);
#1487 = LINE('',#1488,#1489);
#1488 = CARTESIAN_POINT('',(0.,0.));
#1489 = VECTOR('',#1490,1.);
#1490 = DIRECTION('',(1.,0.));
#1491 = ( GEOMETRIC_REPRESENTATION_CONTEXT(2) 
PARAMETRIC_REPRESENTATION_CONTEXT() REPRESENTATION_CONTEXT('2D SPACE',''
  ) );
#1492 = ORIENTED_EDGE('',*,*,#1350,.F.);
#1493 = ADVANCED_FACE('',(#1494),#1309,.T.);
#1494 = FACE_BOUND('',#1495,.T.);
#1495 = EDGE_LOOP('',(#1496,#1517,#1518,#1539));
#1496 = ORIENTED_EDGE('',*,*,#1497,.F.);
#1497 = EDGE_CURVE('',#1266,#1381,#1498,.T.);
#1498 = SURFACE_CURVE('',#1499,(#1503,#1510),.PCURVE_S1.);
#1499 = LINE('',#1500,#1501);
#1500 = CARTESIAN_POINT('',(9.07,-5.8,1.));
#1501 = VECTOR('',#1502,1.);
#1502 = DIRECTION('',(1.,0.,0.));
#1503 = PCURVE('',#1309,#1504);
#1504 = DEFINITIONAL_REPRESENTATION('',(#1505),#1509);
#1505 = LINE('',#1506,#1507);
#1506 = CARTESIAN_POINT('',(0.,0.));
#1507 = VECTOR('',#1508,1.);
#1508 = DIRECTION('',(0.,1.));
#1509 = ( GEOMETRIC_REPRESENTATION_CONTEXT(2) 
PARAMETRIC_REPRESENTATION_CONTEXT() REPRESENTATION_CONTEXT('2D SPACE',''
  ) );
#1510 = PCURVE('',#1281,#1511);
#1511 = DEFINITIONAL_REPRESENTATION('',(#1512),#1516);
#1512 = LINE('',#1513,#1514);
#1513 = CARTESIAN_POINT('',(0.,2.6));
#1514 = VECTOR('',#1515,1.);
#1515 = DIRECTION('',(1.,0.));
#1516 = ( GEOMETRIC_REPRESENTATION_CONTEXT(2) 
PARAMETRIC_REPRESENTATION_CONTEXT() REPRESENTATION_CONTEXT('2D SPACE',''
  ) );
#1517 = ORIENTED_EDGE('',*,*,#1293,.T.);
#1518 = ORIENTED_EDGE('',*,*,#1519,.T.);
#1519 = EDGE_CURVE('',#1294,#1404,#1520,.T.);
#1520 = SURFACE_CURVE('',#1521,(#1525,#1532),.PCURVE_S1.);
#1521 = LINE('',#1522,#1523);
#1522 = CARTESIAN_POINT('',(9.07,-5.8,2.5));
#1523 = VECTOR('',#1524,1.);
#1524 = DIRECTION('',(1.,0.,0.));
#1525 = PCURVE('',#1309,#1526);
#1526 = DEFINITIONAL_REPRESENTATION('',(#1527),#1531);
#1527 = LINE('',#1528,#1529);
#1528 = CARTESIAN_POINT('',(1.5,0.));
#1529 = VECTOR('',#1530,1.);
#1530 = DIRECTION('',(0.,1.));
#1531 = ( GEOMETRIC_REPRESENTATION_CONTEXT(2) 
PARAMETRIC_REPRESENTATION_CONTEXT() REPRESENTATION_CONTEXT('2D SPACE',''
  ) );
#1532 = PCURVE('',#1335,#1533);
#1533 = DEFINITIONAL_REPRESENTATION('',(#1534),#1538);
#1534 = LINE('',#1535,#1536);
#1535 = CARTESIAN_POINT('',(0.,2.6));
#1536 = VECTOR('',#1537,1.);
#1537 = DIRECTION('',(1.,0.));
#1538 = ( GEOMETRIC_REPRESENTATION_CONTEXT(2) 
PARAMETRIC_REPRESENTATION_CONTEXT() REPRESENTATION_CONTEXT('2D SPACE',''
  ) );
#1539 = ORIENTED_EDGE('',*,*,#1403,.F.);
#1540 = ADVANCED_FACE('',(#1541),#1281,.F.);
#1541 = FACE_BOUND('',#1542,.F.);
#1542 = EDGE_LOOP('',(#1543,#1544,#1545,#1546));
#1543 = ORIENTED_EDGE('',*,*,#1265,.F.);
#1544 = ORIENTED_EDGE('',*,*,#1450,.T.);
#1545 = ORIENTED_EDGE('',*,*,#1380,.T.);
#1546 = ORIENTED_EDGE('',*,*,#1497,.F.);
#1547 = ADVANCED_FACE('',(#1548),#1335,.T.);
#1548 = FACE_BOUND('',#1549,.T.);
#1549 = EDGE_LOOP('',(#1550,#1551,#1552,#1553));
#1550 = ORIENTED_EDGE('',*,*,#1321,.F.);
#1551 = ORIENTED_EDGE('',*,*,#1472,.T.);
#1552 = ORIENTED_EDGE('',*,*,#1426,.T.);
#1553 = ORIENTED_EDGE('',*,*,#1519,.F.);
#1554 = ( GEOMETRIC_REPRESENTATION_CONTEXT(3) 
GLOBAL_UNCERTAINTY_ASSIGNED_CONTEXT((#1558)) 
GLOBAL_UNIT_ASSIGNED_CONTEXT((#1555,#1556,#1557)) REPRESENTATION_CONTEXT
('Context #1','3D Context with UNIT and UNCERTAINTY') );
#1555 = ( LENGTH_UNIT() NAMED_UNIT(*) SI_UNIT(.MILLI.,.METRE.) );
#1556 = ( NAMED_UNIT(*) PLANE_ANGLE_UNIT() SI_UNIT($,.RADIAN.) );
#1557 = ( NAMED_UNIT(*) SI_UNIT($,.STERADIAN.) SOLID_ANGLE_UNIT() );
#1558 = UNCERTAINTY_MEASURE_WITH_UNIT(LENGTH_MEASURE(1.E-07),#1555,
  'distance_accuracy_value','confusion accuracy');
#1559 = CONTEXT_DEPENDENT_SHAPE_REPRESENTATION(#1560,#1562);
#1560 = ( REPRESENTATION_RELATIONSHIP('','',#1223,#10) 
REPRESENTATION_RELATIONSHIP_WITH_TRANSFORMATION(#1561) 
SHAPE_REPRESENTATION_RELATIONSHIP() );
#1561 = ITEM_DEFINED_TRANSFORMATION('','',#11,#27);
#1562 = PRODUCT_DEFINITION_SHAPE('Placement','Placement of an item',
  #1563);
#1563 = NEXT_ASSEMBLY_USAGE_OCCURRENCE('4','button_3','',#5,#1218,$);
#1564 = PRODUCT_RELATED_PRODUCT_CATEGORY('part',$,(#1220));
#1565 = SHAPE_DEFINITION_REPRESENTATION(#1566,#1572);
#1566 = PRODUCT_DEFINITION_SHAPE('','',#1567);
#1567 = PRODUCT_DEFINITION('design','',#1568,#1571);
#1568 = PRODUCT_DEFINITION_FORMATION('','',#1569);
#1569 = PRODUCT('button_cap_4','button_cap_4','',(#1570));
#1570 = PRODUCT_CONTEXT('',#2,'mechanical');
#1571 = PRODUCT_DEFINITION_CONTEXT('part definition',#2,'design');
#1572 = ADVANCED_BREP_SHAPE_REPRESENTATION('',(#11,#1573),#1671);
#1573 = MANIFOLD_SOLID_BREP('',#1574);
#1574 = CLOSED_SHELL('',(#1575,#1663,#1667));
#1575 = ADVANCED_FACE('',(#1576),#1590,.T.);
#1576 = FACE_BOUND('',#1577,.F.);
#1577 = EDGE_LOOP('',(#1578,#1608,#1635,#1636));
#1578 = ORIENTED_EDGE('',*,*,#1579,.T.);
#1579 = EDGE_CURVE('',#1580,#1582,#1584,.T.);
#1580 = VERTEX_POINT('',#1581);
#1581 = CARTESIAN_POINT('',(11.37,-7.1,2.5));
#1582 = VERTEX_POINT('',#1583);
#1583 = CARTESIAN_POINT('',(11.37,-7.1,3.));
#1584 = SEAM_CURVE('',#1585,(#1589,#1601),.PCURVE_S1.);
#1585 = LINE('',#1586,#1587);
#1586 = CARTESIAN_POINT('',(11.37,-7.1,2.5));
#1587 = VECTOR('',#1588,1.);
#1588 = DIRECTION('',(0.,0.,1.));
#1589 = PCURVE('',#1590,#1595);
#1590 = CYLINDRICAL_SURFACE('',#1591,0.8);
#1591 = AXIS2_PLACEMENT_3D('',#1592,#1593,#1594);
#1592 = CARTESIAN_POINT('',(10.57,-7.1,2.5));
#1593 = DIRECTION('',(-0.,-0.,-1.));
#1594 = DIRECTION('',(1.,0.,0.));
#1595 = DEFINITIONAL_REPRESENTATION('',(#1596),#1600);
#1596 = LINE('',#1597,#1598);
#1597 = CARTESIAN_POINT('',(-0.,0.));
#1598 = VECTOR('',#1599,1.);
#1599 = DIRECTION('',(-0.,-1.));
#1600 = ( GEOMETRIC_REPRESENTATION_CONTEXT(2) 
PARAMETRIC_REPRESENTATION_CONTEXT() REPRESENTATION_CONTEXT('2D SPACE',''
  ) );
#1601 = PCURVE('',#1590,#1602);
#1602 = DEFINITIONAL_REPRESENTATION('',(#1603),#1607);
#1603 = LINE('',#1604,#1605);
#1604 = CARTESIAN_POINT('',(-6.28318530718,0.));
#1605 = VECTOR('',#1606,1.);
#1606 = DIRECTION('',(-0.,-1.));
#1607 = ( GEOMETRIC_REPRESENTATION_CONTEXT(2) 
PARAMETRIC_REPRESENTATION_CONTEXT() REPRESENTATION_CONTEXT('2D SPACE',''
  ) );
#1608 = ORIENTED_EDGE('',*,*,#1609,.T.);
#1609 = EDGE_CURVE('',#1582,#1582,#1610,.T.);
#1610 = SURFACE_CURVE('',#1611,(#1616,#1623),.PCURVE_S1.);
#1611 = CIRCLE('',#1612,0.8);
#1612 = AXIS2_PLACEMENT_3D('',#1613,#1614,#1615);
#1613 = CARTESIAN_POINT('',(10.57,-7.1,3.));
#1614 = DIRECTION('',(0.,0.,1.));
#1615 = DIRECTION('',(1.,0.,0.));
#1616 = PCURVE('',#1590,#1617);
#1617 = DEFINITIONAL_REPRESENTATION('',(#1618),#1622);
#1618 = LINE('',#1619,#1620);
#1619 = CARTESIAN_POINT('',(-0.,-0.5));
#1620 = VECTOR('',#1621,1.);
#1621 = DIRECTION('',(-1.,0.));
#1622 = ( GEOMETRIC_REPRESENTATION_CONTEXT(2) 
PARAMETRIC_REPRESENTATION_CONTEXT() REPRESENTATION_CONTEXT('2D SPACE',''
  ) );
#1623 = PCURVE('',#1624,#1629);
#1624 = PLANE('',#1625);
#1625 = AXIS2_PLACEMENT_3D('',#1626,#1627,#1628);
#1626 = CARTESIAN_POINT('',(10.57,-7.1,3.));
#1627 = DIRECTION('',(0.,0.,1.));
#1628 = DIRECTION('',(1.,0.,-0.));
#1629 = DEFINITIONAL_REPRESENTATION('',(#1630),#1634);
#1630 = CIRCLE('',#1631,0.8);
#1631 = AXIS2_PLACEMENT_2D('',#1632,#1633);
#1632 = CARTESIAN_POINT('',(0.,0.));
#1633 = DIRECTION('',(1.,0.));
#1634 = ( GEOMETRIC_REPRESENTATION_CONTEXT(2) 
PARAMETRIC_REPRESENTATION_CONTEXT() REPRESENTATION_CONTEXT('2D SPACE',''
  ) );
#1635 = ORIENTED_EDGE('',*,*,#1579,.F.);
#1636 = ORIENTED_EDGE('',*,*,#1637,.F.);
#1637 = EDGE_CURVE('',#1580,#1580,#1638,.T.);
#1638 = SURFACE_CURVE('',#1639,(#1644,#1651),.PCURVE_S1.);
#1639 = CIRCLE('',#1640,0.8);
#1640 = AXIS2_PLACEMENT_3D('',#1641,#1642,#1643);
#1641 = CARTESIAN_POINT('',(10.57,-7.1,2.5));
#1642 = DIRECTION('',(0.,0.,1.));
#1643 = DIRECTION('',(1.,0.,0.));
#1644 = PCURVE('',#1590,#1645);
#1645 = DEFINITIONAL_REPRESENTATION('',(#1646),#1650);
#1646 = LINE('',#1647,#1648);
#1647 = CARTESIAN_POINT('',(-0.,0.));
#1648 = VECTOR('',#1649,1.);
#1649 = DIRECTION('',(-1.,0.));
#1650 = ( GEOMETRIC_REPRESENTATION_CONTEXT(2) 
PARAMETRIC_REPRESENTATION_CONTEXT() REPRESENTATION_CONTEXT('2D SPACE',''
  ) );
#1651 = PCURVE('',#1652,#1657);
#1652 = PLANE('',#1653);
#1653 = AXIS2_PLACEMENT_3D('',#1654,#1655,#1656);
#1654 = CARTESIAN_POINT('',(10.57,-7.1,2.5));
#1655 = DIRECTION('',(0.,0.,1.));
#1656 = DIRECTION('',(1.,0.,-0.));
#1657 = DEFINITIONAL_REPRESENTATION('',(#1658),#1662);
#1658 = CIRCLE('',#1659,0.8);
#1659 = AXIS2_PLACEMENT_2D('',#1660,#1661);
#1660 = CARTESIAN_POINT('',(0.,0.));
#1661 = DIRECTION('',(1.,0.));
#1662 = ( GEOMETRIC_REPRESENTATION_CONTEXT(2) 
PARAMETRIC_REPRESENTATION_CONTEXT() REPRESENTATION_CONTEXT('2D SPACE',''
  ) );
#1663 = ADVANCED_FACE('',(#1664),#1652,.F.);
#1664 = FACE_BOUND('',#1665,.F.);
#1665 = EDGE_LOOP('',(#1666));
#1666 = ORIENTED_EDGE('',*,*,#1637,.T.);
#1667 = ADVANCED_FACE('',(#1668),#1624,.T.);
#1668 = FACE_BOUND('',#1669,.T.);
#1669 = EDGE_LOOP('',(#1670));
#1670 = ORIENTED_EDGE('',*,*,#1609,.T.);
#1671 = ( GEOMETRIC_REPRESENTATION_CONTEXT(3) 
GLOBAL_UNCERTAINTY_ASSIGNED_CONTEXT((#1675)) 
GLOBAL_UNIT_ASSIGNED_CONTEXT((#1672,#1673,#1674)) REPRESENTATION_CONTEXT
('Context #1','3D Context with UNIT and UNCERTAINTY') );
#1672 = ( LENGTH_UNIT() NAMED_UNIT(*) SI_UNIT(.MILLI.,.METRE.) );
#1673 = ( NAMED_UNIT(*) PLANE_ANGLE_UNIT() SI_UNIT($,.RADIAN.) );
#1674 = ( NAMED_UNIT(*) SI_UNIT($,.STERADIAN.) SOLID_ANGLE_UNIT() );
#1675 = UNCERTAINTY_MEASURE_WITH_UNIT(LENGTH_MEASURE(1.E-07),#1672,
  'distance_accuracy_value','confusion accuracy');
#1676 = CONTEXT_DEPENDENT_SHAPE_REPRESENTATION(#1677,#1679);
#1677 = ( REPRESENTATION_RELATIONSHIP('','',#1572,#10) 
REPRESENTATION_RELATIONSHIP_WITH_TRANSFORMATION(#1678) 
SHAPE_REPRESENTATION_RELATIONSHIP() );
#1678 = ITEM_DEFINED_TRANSFORMATION('','',#11,#31);
#1679 = PRODUCT_DEFINITION_SHAPE('Placement','Placement of an item',
  #1680);
#1680 = NEXT_ASSEMBLY_USAGE_OCCURRENCE('5','button_cap_4','',#5,#1567,$
  );
#1681 = PRODUCT_RELATED_PRODUCT_CATEGORY('part',$,(#1569));
#1682 = SHAPE_DEFINITION_REPRESENTATION(#1683,#1689);
#1683 = PRODUCT_DEFINITION_SHAPE('','',#1684);
#1684 = PRODUCT_DEFINITION('design','',#1685,#1688);
#1685 = PRODUCT_DEFINITION_FORMATION('','',#1686);
#1686 = PRODUCT('esp32c3_5','esp32c3_5','',(#1687));
#1687 = PRODUCT_CONTEXT('',#2,'mechanical');
#1688 = PRODUCT_DEFINITION_CONTEXT('part definition',#2,'design');
#1689 = ADVANCED_BREP_SHAPE_REPRESENTATION('',(#11,#1690),#2020);
#1690 = MANIFOLD_SOLID_BREP('',#1691);
#1691 = CLOSED_SHELL('',(#1692,#1812,#1912,#1959,#2006,#2013));
#1692 = ADVANCED_FACE('',(#1693),#1707,.F.);
#1693 = FACE_BOUND('',#1694,.F.);
#1694 = EDGE_LOOP('',(#1695,#1730,#1758,#1786));
#1695 = ORIENTED_EDGE('',*,*,#1696,.F.);
#1696 = EDGE_CURVE('',#1697,#1699,#1701,.T.);
#1697 = VERTEX_POINT('',#1698);
#1698 = CARTESIAN_POINT('',(5.12,-13.76,1.));
#1699 = VERTEX_POINT('',#1700);
#1700 = CARTESIAN_POINT('',(5.12,-13.76,1.9));
#1701 = SURFACE_CURVE('',#1702,(#1706,#1718),.PCURVE_S1.);
#1702 = LINE('',#1703,#1704);
#1703 = CARTESIAN_POINT('',(5.12,-13.76,1.));
#1704 = VECTOR('',#1705,1.);
#1705 = DIRECTION('',(0.,0.,1.));
#1706 = PCURVE('',#1707,#1712);
#1707 = PLANE('',#1708);
#1708 = AXIS2_PLACEMENT_3D('',#1709,#1710,#1711);
#1709 = CARTESIAN_POINT('',(5.12,-13.76,1.));
#1710 = DIRECTION('',(1.,0.,0.));
#1711 = DIRECTION('',(0.,0.,1.));
#1712 = DEFINITIONAL_REPRESENTATION('',(#1713),#1717);
#1713 = LINE('',#1714,#1715);
#1714 = CARTESIAN_POINT('',(0.,0.));
#1715 = VECTOR('',#1716,1.);
#1716 = DIRECTION('',(1.,0.));
#1717 = ( GEOMETRIC_REPRESENTATION_CONTEXT(2) 
PARAMETRIC_REPRESENTATION_CONTEXT() REPRESENTATION_CONTEXT('2D SPACE',''
  ) );
#1718 = PCURVE('',#1719,#1724);
#1719 = PLANE('',#1720);
#1720 = AXIS2_PLACEMENT_3D('',#1721,#1722,#1723);
#1721 = CARTESIAN_POINT('',(5.12,-13.76,1.));
#1722 = DIRECTION('',(0.,1.,0.));
#1723 = DIRECTION('',(0.,0.,1.));
#1724 = DEFINITIONAL_REPRESENTATION('',(#1725),#1729);
#1725 = LINE('',#1726,#1727);
#1726 = CARTESIAN_POINT('',(0.,0.));
#1727 = VECTOR('',#1728,1.);
#1728 = DIRECTION('',(1.,0.));
#1729 = ( GEOMETRIC_REPRESENTATION_CONTEXT(2) 
PARAMETRIC_REPRESENTATION_CONTEXT() REPRESENTATION_CONTEXT('2D SPACE',''
  ) );
#1730 = ORIENTED_EDGE('',*,*,#1731,.T.);
#1731 = EDGE_CURVE('',#1697,#1732,#1734,.T.);
#1732 = VERTEX_POINT('',#1733);
#1733 = CARTESIAN_POINT('',(5.12,-8.76,1.));
#1734 = SURFACE_CURVE('',#1735,(#1739,#1746),.PCURVE_S1.);
#1735 = LINE('',#1736,#1737);
#1736 = CARTESIAN_POINT('',(5.12,-13.76,1.));
#1737 = VECTOR('',#1738,1.);
#1738 = DIRECTION('',(0.,1.,0.));
#1739 = PCURVE('',#1707,#1740);
#1740 = DEFINITIONAL_REPRESENTATION('',(#1741),#1745);
#1741 = LINE('',#1742,#1743);
#1742 = CARTESIAN_POINT('',(0.,0.));
#1743 = VECTOR('',#1744,1.);
#1744 = DIRECTION('',(0.,-1.));
#1745 = ( GEOMETRIC_REPRESENTATION_CONTEXT(2) 
PARAMETRIC_REPRESENTATION_CONTEXT() REPRESENTATION_CONTEXT('2D SPACE',''
  ) );
#1746 = PCURVE('',#1747,#1752);
#1747 = PLANE('',#1748);
#1748 = AXIS2_PLACEMENT_3D('',#1749,#1750,#1751);
#1749 = CARTESIAN_POINT('',(5.12,-13.76,1.));
#1750 = DIRECTION('',(0.,0.,1.));
#1751 = DIRECTION('',(1.,0.,0.));
#1752 = DEFINITIONAL_REPRESENTATION('',(#1753),#1757);
#1753 = LINE('',#1754,#1755);
#1754 = CARTESIAN_POINT('',(0.,0.));
#1755 = VECTOR('',#1756,1.);
#1756 = DIRECTION('',(0.,1.));
#1757 = ( GEOMETRIC_REPRESENTATION_CONTEXT(2) 
PARAMETRIC_REPRESENTATION_CONTEXT() REPRESENTATION_CONTEXT('2D SPACE',''
  ) );
#1758 = ORIENTED_EDGE('',*,*,#1759,.T.);
#1759 = EDGE_CURVE('',#1732,#1760,#1762,.T.);
#1760 = VERTEX_POINT('',#1761);
#1761 = CARTESIAN_POINT('',(5.12,-8.76,1.9));
#1762 = SURFACE_CURVE('',#1763,(#1767,#1774),.PCURVE_S1.);
#1763 = LINE('',#1764,#1765);
#1764 = CARTESIAN_POINT('',(5.12,-8.76,1.));
#1765 = VECTOR('',#1766,1.);
#1766 = DIRECTION('',(0.,0.,1.));
#1767 = PCURVE('',#1707,#1768);
#1768 = DEFINITIONAL_REPRESENTATION('',(#1769),#1773);
#1769 = LINE('',#1770,#1771);
#1770 = CARTESIAN_POINT('',(0.,-5.));
#1771 = VECTOR('',#1772,1.);
#1772 = DIRECTION('',(1.,0.));
#1773 = ( GEOMETRIC_REPRESENTATION_CONTEXT(2) 
PARAMETRIC_REPRESENTATION_CONTEXT() REPRESENTATION_CONTEXT('2D SPACE',''
  ) );
#1774 = PCURVE('',#1775,#1780);
#1775 = PLANE('',#1776);
#1776 = AXIS2_PLACEMENT_3D('',#1777,#1778,#1779);
#1777 = CARTESIAN_POINT('',(5.12,-8.76,1.));
#1778 = DIRECTION('',(0.,1.,0.));
#1779 = DIRECTION('',(0.,0.,1.));
#1780 = DEFINITIONAL_REPRESENTATION('',(#1781),#1785);
#1781 = LINE('',#1782,#1783);
#1782 = CARTESIAN_POINT('',(0.,0.));
#1783 = VECTOR('',#1784,1.);
#1784 = DIRECTION('',(1.,0.));
#1785 = ( GEOMETRIC_REPRESENTATION_CONTEXT(2) 
PARAMETRIC_REPRESENTATION_CONTEXT() REPRESENTATION_CONTEXT('2D SPACE',''
  ) );
#1786 = ORIENTED_EDGE('',*,*,#1787,.F.);
#1787 = EDGE_CURVE('',#1699,#1760,#1788,.T.);
#1788 = SURFACE_CURVE('',#1789,(#1793,#1800),.PCURVE_S1.);
#1789 = LINE('',#1790,#1791);
#1790 = CARTESIAN_POINT('',(5.12,-13.76,1.9));
#1791 = VECTOR('',#1792,1.);
#1792 = DIRECTION('',(0.,1.,0.));
#1793 = PCURVE('',#1707,#1794);
#1794 = DEFINITIONAL_REPRESENTATION('',(#1795),#1799);
#1795 = LINE('',#1796,#1797);
#1796 = CARTESIAN_POINT('',(0.9,0.));
#1797 = VECTOR('',#1798,1.);
#1798 = DIRECTION('',(0.,-1.));
#1799 = ( GEOMETRIC_REPRESENTATION_CONTEXT(2) 
PARAMETRIC_REPRESENTATION_CONTEXT() REPRESENTATION_CONTEXT('2D SPACE',''
  ) );
#1800 = PCURVE('',#1801,#1806);
#1801 = PLANE('',#1802);
#1802 = AXIS2_PLACEMENT_3D('',#1803,#1804,#1805);
#1803 = CARTESIAN_POINT('',(5.12,-13.76,1.9));
#1804 = DIRECTION('',(0.,0.,1.));
#1805 = DIRECTION('',(1.,0.,0.));
#1806 = DEFINITIONAL_REPRESENTATION('',(#1807),#1811);
#1807 = LINE('',#1808,#1809);
#1808 = CARTESIAN_POINT('',(0.,0.));
#1809 = VECTOR('',#1810,1.);
#1810 = DIRECTION('',(0.,1.));
#1811 = ( GEOMETRIC_REPRESENTATION_CONTEXT(2) 
PARAMETRIC_REPRESENTATION_CONTEXT() REPRESENTATION_CONTEXT('2D SPACE',''
  ) );
#1812 = ADVANCED_FACE('',(#1813),#1827,.T.);
#1813 = FACE_BOUND('',#1814,.T.);
#1814 = EDGE_LOOP('',(#1815,#1845,#1868,#1891));
#1815 = ORIENTED_EDGE('',*,*,#1816,.F.);
#1816 = EDGE_CURVE('',#1817,#1819,#1821,.T.);
#1817 = VERTEX_POINT('',#1818);
#1818 = CARTESIAN_POINT('',(10.12,-13.76,1.));
#1819 = VERTEX_POINT('',#1820);
#1820 = CARTESIAN_POINT('',(10.12,-13.76,1.9));
#1821 = SURFACE_CURVE('',#1822,(#1826,#1838),.PCURVE_S1.);
#1822 = LINE('',#1823,#1824);
#1823 = CARTESIAN_POINT('',(10.12,-13.76,1.));
#1824 = VECTOR('',#1825,1.);
#1825 = DIRECTION('',(0.,0.,1.));
#1826 = PCURVE('',#1827,#1832);
#1827 = PLANE('',#1828);
#1828 = AXIS2_PLACEMENT_3D('',#1829,#1830,#1831);
#1829 = CARTESIAN_POINT('',(10.12,-13.76,1.));
#1830 = DIRECTION('',(1.,0.,0.));
#1831 = DIRECTION('',(0.,0.,1.));
#1832 = DEFINITIONAL_REPRESENTATION('',(#1833),#1837);
#1833 = LINE('',#1834,#1835);
#1834 = CARTESIAN_POINT('',(0.,0.));
#1835 = VECTOR('',#1836,1.);
#1836 = DIRECTION('',(1.,0.));
#1837 = ( GEOMETRIC_REPRESENTATION_CONTEXT(2) 
PARAMETRIC_REPRESENTATION_CONTEXT() REPRESENTATION_CONTEXT('2D SPACE',''
  ) );
#1838 = PCURVE('',#1719,#1839);
#1839 = DEFINITIONAL_REPRESENTATION('',(#1840),#1844);
#1840 = LINE('',#1841,#1842);
#1841 = CARTESIAN_POINT('',(0.,5.));
#1842 = VECTOR('',#1843,1.);
#1843 = DIRECTION('',(1.,0.));
#1844 = ( GEOMETRIC_REPRESENTATION_CONTEXT(2) 
PARAMETRIC_REPRESENTATION_CONTEXT() REPRESENTATION_CONTEXT('2D SPACE',''
  ) );
#1845 = ORIENTED_EDGE('',*,*,#1846,.T.);
#1846 = EDGE_CURVE('',#1817,#1847,#1849,.T.);
#1847 = VERTEX_POINT('',#1848);
#1848 = CARTESIAN_POINT('',(10.12,-8.76,1.));
#1849 = SURFACE_CURVE('',#1850,(#1854,#1861),.PCURVE_S1.);
#1850 = LINE('',#1851,#1852);
#1851 = CARTESIAN_POINT('',(10.12,-13.76,1.));
#1852 = VECTOR('',#1853,1.);
#1853 = DIRECTION('',(0.,1.,0.));
#1854 = PCURVE('',#1827,#1855);
#1855 = DEFINITIONAL_REPRESENTATION('',(#1856),#1860);
#1856 = LINE('',#1857,#1858);
#1857 = CARTESIAN_POINT('',(0.,0.));
#1858 = VECTOR('',#1859,1.);
#1859 = DIRECTION('',(0.,-1.));
#1860 = ( GEOMETRIC_REPRESENTATION_CONTEXT(2) 
PARAMETRIC_REPRESENTATION_CONTEXT() REPRESENTATION_CONTEXT('2D SPACE',''
  ) );
#1861 = PCURVE('',#1747,#1862);
#1862 = DEFINITIONAL_REPRESENTATION('',(#1863),#1867);
#1863 = LINE('',#1864,#1865);
#1864 = CARTESIAN_POINT('',(5.,0.));
#1865 = VECTOR('',#1866,1.);
#1866 = DIRECTION('',(0.,1.));
#1867 = ( GEOMETRIC_REPRESENTATION_CONTEXT(2) 
PARAMETRIC_REPRESENTATION_CONTEXT() REPRESENTATION_CONTEXT('2D SPACE',''
  ) );
#1868 = ORIENTED_EDGE('',*,*,#1869,.T.);
#1869 = EDGE_CURVE('',#1847,#1870,#1872,.T.);
#1870 = VERTEX_POINT('',#1871);
#1871 = CARTESIAN_POINT('',(10.12,-8.76,1.9));
#1872 = SURFACE_CURVE('',#1873,(#1877,#1884),.PCURVE_S1.);
#1873 = LINE('',#1874,#1875);
#1874 = CARTESIAN_POINT('',(10.12,-8.76,1.));
#1875 = VECTOR('',#1876,1.);
#1876 = DIRECTION('',(0.,0.,1.));
#1877 = PCURVE('',#1827,#1878);
#1878 = DEFINITIONAL_REPRESENTATION('',(#1879),#1883);
#1879 = LINE('',#1880,#1881);
#1880 = CARTESIAN_POINT('',(0.,-5.));
#1881 = VECTOR('',#1882,1.);
#1882 = DIRECTION('',(1.,0.));
#1883 = ( GEOMETRIC_REPRESENTATION_CONTEXT(2) 
PARAMETRIC_REPRESENTATION_CONTEXT() REPRESENTATION_CONTEXT('2D SPACE',''
  ) );
#1884 = PCURVE('',#1775,#1885);
#1885 = DEFINITIONAL_REPRESENTATION('',(#1886),#1890);
#1886 = LINE('',#1887,#1888);
#1887 = CARTESIAN_POINT('',(0.,5.));
#1888 = VECTOR('',#1889,1.);
#1889 = DIRECTION('',(1.,0.));
#1890 = ( GEOMETRIC_REPRESENTATION_CONTEXT(2) 
PARAMETRIC_REPRESENTATION_CONTEXT() REPRESENTATION_CONTEXT('2D SPACE',''
  ) );
#1891 = ORIENTED_EDGE('',*,*,#1892,.F.);
#1892 = EDGE_CURVE('',#1819,#1870,#1893,.T.);
#1893 = SURFACE_CURVE('',#1894,(#1898,#1905),.PCURVE_S1.);
#1894 = LINE('',#1895,#1896);
#1895 = CARTESIAN_POINT('',(10.12,-13.76,1.9));
#1896 = VECTOR('',#1897,1.);
#1897 = DIRECTION('',(0.,1.,0.));
#1898 = PCURVE('',#1827,#1899);
#1899 = DEFINITIONAL_REPRESENTATION('',(#1900),#1904);
#1900 = LINE('',#1901,#1902);
#1901 = CARTESIAN_POINT('',(0.9,0.));
#1902 = VECTOR('',#1903,1.);
#1903 = DIRECTION('',(0.,-1.));
#1904 = ( GEOMETRIC_REPRESENTATION_CONTEXT(2) 
PARAMETRIC_REPRESENTATION_CONTEXT() REPRESENTATION_CONTEXT('2D SPACE',''
  ) );
#1905 = PCURVE('',#1801,#1906);
#1906 = DEFINITIONAL_REPRESENTATION('',(#1907),#1911);
#1907 = LINE('',#1908,#1909);
#1908 = CARTESIAN_POINT('',(5.,0.));
#1909 = VECTOR('',#1910,1.);
#1910 = DIRECTION('',(0.,1.));
#1911 = ( GEOMETRIC_REPRESENTATION_CONTEXT(2) 
PARAMETRIC_REPRESENTATION_CONTEXT() REPRESENTATION_CONTEXT('2D SPACE',''
  ) );
#1912 = ADVANCED_FACE('',(#1913),#1719,.F.);
#1913 = FACE_BOUND('',#1914,.F.);
#1914 = EDGE_LOOP('',(#1915,#1936,#1937,#1958));
#1915 = ORIENTED_EDGE('',*,*,#1916,.F.);
#1916 = EDGE_CURVE('',#1697,#1817,#1917,.T.);
#1917 = SURFACE_CURVE('',#1918,(#1922,#1929),.PCURVE_S1.);
#1918 = LINE('',#1919,#1920);
#1919 = CARTESIAN_POINT('',(5.12,-13.76,1.));
#1920 = VECTOR('',#1921,1.);
#1921 = DIRECTION('',(1.,0.,0.));
#1922 = PCURVE('',#1719,#1923);
#1923 = DEFINITIONAL_REPRESENTATION('',(#1924),#1928);
#1924 = LINE('',#1925,#1926);
#1925 = CARTESIAN_POINT('',(0.,0.));
#1926 = VECTOR('',#1927,1.);
#1927 = DIRECTION('',(0.,1.));
#1928 = ( GEOMETRIC_REPRESENTATION_CONTEXT(2) 
PARAMETRIC_REPRESENTATION_CONTEXT() REPRESENTATION_CONTEXT('2D SPACE',''
  ) );
#1929 = PCURVE('',#1747,#1930);
#1930 = DEFINITIONAL_REPRESENTATION('',(#1931),#1935);
#1931 = LINE('',#1932,#1933);
#1932 = CARTESIAN_POINT('',(0.,0.));
#1933 = VECTOR('',#1934,1.);
#1934 = DIRECTION('',(1.,0.));
#1935 = ( GEOMETRIC_REPRESENTATION_CONTEXT(2) 
PARAMETRIC_REPRESENTATION_CONTEXT() REPRESENTATION_CONTEXT('2D SPACE',''
  ) );
#1936 = ORIENTED_EDGE('',*,*,#1696,.T.);
#1937 = ORIENTED_EDGE('',*,*,#1938,.T.);
#1938 = EDGE_CURVE('',#1699,#1819,#1939,.T.);
#1939 = SURFACE_CURVE('',#1940,(#1944,#1951),.PCURVE_S1.);
#1940 = LINE('',#1941,#1942);
#1941 = CARTESIAN_POINT('',(5.12,-13.76,1.9));
#1942 = VECTOR('',#1943,1.);
#1943 = DIRECTION('',(1.,0.,0.));
#1944 = PCURVE('',#1719,#1945);
#1945 = DEFINITIONAL_REPRESENTATION('',(#1946),#1950);
#1946 = LINE('',#1947,#1948);
#1947 = CARTESIAN_POINT('',(0.9,0.));
#1948 = VECTOR('',#1949,1.);
#1949 = DIRECTION('',(0.,1.));
#1950 = ( GEOMETRIC_REPRESENTATION_CONTEXT(2) 
PARAMETRIC_REPRESENTATION_CONTEXT() REPRESENTATION_CONTEXT('2D SPACE',''
  ) );
#1951 = PCURVE('',#1801,#1952);
#1952 = DEFINITIONAL_REPRESENTATION('',(#1953),#1957);
#1953 = LINE('',#1954,#1955);
#1954 = CARTESIAN_POINT('',(0.,0.));
#1955 = VECTOR('',#1956,1.);
#1956 = DIRECTION('',(1.,0.));
#1957 = ( GEOMETRIC_REPRESENTATION_CONTEXT(2) 
PARAMETRIC_REPRESENTATION_CONTEXT() REPRESENTATION_CONTEXT('2D SPACE',''
  ) );
#1958 = ORIENTED_EDGE('',*,*,#1816,.F.);
#1959 = ADVANCED_FACE('',(#1960),#1775,.T.);
#1960 = FACE_BOUND('',#1961,.T.);
#1961 = EDGE_LOOP('',(#1962,#1983,#1984,#2005));
#1962 = ORIENTED_EDGE('',*,*,#1963,.F.);
#1963 = EDGE_CURVE('',#1732,#1847,#1964,.T.);
#1964 = SURFACE_CURVE('',#1965,(#1969,#1976),.PCURVE_S1.);
#1965 = LINE('',#1966,#1967);
#1966 = CARTESIAN_POINT('',(5.12,-8.76,1.));
#1967 = VECTOR('',#1968,1.);
#1968 = DIRECTION('',(1.,0.,0.));
#1969 = PCURVE('',#1775,#1970);
#1970 = DEFINITIONAL_REPRESENTATION('',(#1971),#1975);
#1971 = LINE('',#1972,#1973);
#1972 = CARTESIAN_POINT('',(0.,0.));
#1973 = VECTOR('',#1974,1.);
#1974 = DIRECTION('',(0.,1.));
#1975 = ( GEOMETRIC_REPRESENTATION_CONTEXT(2) 
PARAMETRIC_REPRESENTATION_CONTEXT() REPRESENTATION_CONTEXT('2D SPACE',''
  ) );
#1976 = PCURVE('',#1747,#1977);
#1977 = DEFINITIONAL_REPRESENTATION('',(#1978),#1982);
#1978 = LINE('',#1979,#1980);
#1979 = CARTESIAN_POINT('',(0.,5.));
#1980 = VECTOR('',#1981,1.);
#1981 = DIRECTION('',(1.,0.));
#1982 = ( GEOMETRIC_REPRESENTATION_CONTEXT(2) 
PARAMETRIC_REPRESENTATION_CONTEXT() REPRESENTATION_CONTEXT('2D SPACE',''
  ) );
#1983 = ORIENTED_EDGE('',*,*,#1759,.T.);
#1984 = ORIENTED_EDGE('',*,*,#1985,.T.);
#1985 = EDGE_CURVE('',#1760,#1870,#1986,.T.);
#1986 = SURFACE_CURVE('',#1987,(#1991,#1998),.PCURVE_S1.);
#1987 = LINE('',#1988,#1989);
#1988 = CARTESIAN_POINT('',(5.12,-8.76,1.9));
#1989 = VECTOR('',#1990,1.);
#1990 = DIRECTION('',(1.,0.,0.));
#1991 = PCURVE('',#1775,#1992);
#1992 = DEFINITIONAL_REPRESENTATION('',(#1993),#1997);
#1993 = LINE('',#1994,#1995);
#1994 = CARTESIAN_POINT('',(0.9,0.));
#1995 = VECTOR('',#1996,1.);
#1996 = DIRECTION('',(0.,1.));
#1997 = ( GEOMETRIC_REPRESENTATION_CONTEXT(2) 
PARAMETRIC_REPRESENTATION_CONTEXT() REPRESENTATION_CONTEXT('2D SPACE',''
  ) );
#1998 = PCURVE('',#1801,#1999);
#1999 = DEFINITIONAL_REPRESENTATION('',(#2000),#2004);
#2000 = LINE('',#2001,#2002);
#2001 = CARTESIAN_POINT('',(0.,5.));
#2002 = VECTOR('',#2003,1.);
#2003 = DIRECTION('',(1.,0.));
#2004 = ( GEOMETRIC_REPRESENTATION_CONTEXT(2) 
PARAMETRIC_REPRESENTATION_CONTEXT() REPRESENTATION_CONTEXT('2D SPACE',''
  ) );
#2005 = ORIENTED_EDGE('',*,*,#1869,.F.);
#2006 = ADVANCED_FACE('',(#2007),#1747,.F.);
#2007 = FACE_BOUND('',#2008,.F.);
#2008 = EDGE_LOOP('',(#2009,#2010,#2011,#2012));
#2009 = ORIENTED_EDGE('',*,*,#1731,.F.);
#2010 = ORIENTED_EDGE('',*,*,#1916,.T.);
#2011 = ORIENTED_EDGE('',*,*,#1846,.T.);
#2012 = ORIENTED_EDGE('',*,*,#1963,.F.);
#2013 = ADVANCED_FACE('',(#2014),#1801,.T.);
#2014 = FACE_BOUND('',#2015,.T.);
#2015 = EDGE_LOOP('',(#2016,#2017,#2018,#2019));
#2016 = ORIENTED_EDGE('',*,*,#1787,.F.);
#2017 = ORIENTED_EDGE('',*,*,#1938,.T.);
#2018 = ORIENTED_EDGE('',*,*,#1892,.T.);
#2019 = ORIENTED_EDGE('',*,*,#1985,.F.);
#2020 = ( GEOMETRIC_REPRESENTATION_CONTEXT(3) 
GLOBAL_UNCERTAINTY_ASSIGNED_CONTEXT((#2024)) 
GLOBAL_UNIT_ASSIGNED_CONTEXT((#2021,#2022,#2023)) REPRESENTATION_CONTEXT
('Context #1','3D Context with UNIT and UNCERTAINTY') );
#2021 = ( LENGTH_UNIT() NAMED_UNIT(*) SI_UNIT(.MILLI.,.METRE.) );
#2022 = ( NAMED_UNIT(*) PLANE_ANGLE_UNIT() SI_UNIT($,.RADIAN.) );
#2023 = ( NAMED_UNIT(*) SI_UNIT($,.STERADIAN.) SOLID_ANGLE_UNIT() );
#2024 = UNCERTAINTY_MEASURE_WITH_UNIT(LENGTH_MEASURE(1.E-07),#2021,
  'distance_accuracy_value','confusion accuracy');
#2025 = CONTEXT_DEPENDENT_SHAPE_REPRESENTATION(#2026,#2028);
#2026 = ( REPRESENTATION_RELATIONSHIP('','',#1689,#10) 
REPRESENTATION_RELATIONSHIP_WITH_TRANSFORMATION(#2027) 
SHAPE_REPRESENTATION_RELATIONSHIP() );
#2027 = ITEM_DEFINED_TRANSFORMATION('','',#11,#35);
#2028 = PRODUCT_DEFINITION_SHAPE('Placement','Placement of an item',
  #2029);
#2029 = NEXT_ASSEMBLY_USAGE_OCCURRENCE('6','esp32c3_5','',#5,#1684,$);
#2030 = PRODUCT_RELATED_PRODUCT_CATEGORY('part',$,(#1686));
#2031 = SHAPE_DEFINITION_REPRESENTATION(#2032,#2038);
#2032 = PRODUCT_DEFINITION_SHAPE('','',#2033);
#2033 = PRODUCT_DEFINITION('design','',#2034,#2037);
#2034 = PRODUCT_DEFINITION_FORMATION('','',#2035);
#2035 = PRODUCT('crystal_6','crystal_6','',(#2036));
#2036 = PRODUCT_CONTEXT('',#2,'mechanical');
#2037 = PRODUCT_DEFINITION_CONTEXT('part definition',#2,'design');
#2038 = ADVANCED_BREP_SHAPE_REPRESENTATION('',(#11,#2039),#2369);
#2039 = MANIFOLD_SOLID_BREP('',#2040);
#2040 = CLOSED_SHELL('',(#2041,#2161,#2261,#2308,#2355,#2362));
#2041 = ADVANCED_FACE('',(#2042),#2056,.F.);
#2042 = FACE_BOUND('',#2043,.F.);
#2043 = EDGE_LOOP('',(#2044,#2079,#2107,#2135));
#2044 = ORIENTED_EDGE('',*,*,#2045,.F.);
#2045 = EDGE_CURVE('',#2046,#2048,#2050,.T.);
#2046 = VERTEX_POINT('',#2047);
#2047 = CARTESIAN_POINT('',(6.02,-16.86,1.));
#2048 = VERTEX_POINT('',#2049);
#2049 = CARTESIAN_POINT('',(6.02,-16.86,1.8));
#2050 = SURFACE_CURVE('',#2051,(#2055,#2067),.PCURVE_S1.);
#2051 = LINE('',#2052,#2053);
#2052 = CARTESIAN_POINT('',(6.02,-16.86,1.));
#2053 = VECTOR('',#2054,1.);
#2054 = DIRECTION('',(0.,0.,1.));
#2055 = PCURVE('',#2056,#2061);
#2056 = PLANE('',#2057);
#2057 = AXIS2_PLACEMENT_3D('',#2058,#2059,#2060);
#2058 = CARTESIAN_POINT('',(6.02,-16.86,1.));
#2059 = DIRECTION('',(1.,0.,0.));
#2060 = DIRECTION('',(0.,0.,1.));
#2061 = DEFINITIONAL_REPRESENTATION('',(#2062),#2066);
#2062 = LINE('',#2063,#2064);
#2063 = CARTESIAN_POINT('',(0.,0.));
#2064 = VECTOR('',#2065,1.);
#2065 = DIRECTION('',(1.,0.));
#2066 = ( GEOMETRIC_REPRESENTATION_CONTEXT(2) 
PARAMETRIC_REPRESENTATION_CONTEXT() REPRESENTATION_CONTEXT('2D SPACE',''
  ) );
#2067 = PCURVE('',#2068,#2073);
#2068 = PLANE('',#2069);
#2069 = AXIS2_PLACEMENT_3D('',#2070,#2071,#2072);
#2070 = CARTESIAN_POINT('',(6.02,-16.86,1.));
#2071 = DIRECTION('',(0.,1.,0.));
#2072 = DIRECTION('',(0.,0.,1.));
#2073 = DEFINITIONAL_REPRESENTATION('',(#2074),#2078);
#2074 = LINE('',#2075,#2076);
#2075 = CARTESIAN_POINT('',(0.,0.));
#2076 = VECTOR('',#2077,1.);
#2077 = DIRECTION('',(1.,0.));
#2078 = ( GEOMETRIC_REPRESENTATION_CONTEXT(2) 
PARAMETRIC_REPRESENTATION_CONTEXT() REPRESENTATION_CONTEXT('2D SPACE',''
  ) );
#2079 = ORIENTED_EDGE('',*,*,#2080,.T.);
#2080 = EDGE_CURVE('',#2046,#2081,#2083,.T.);
#2081 = VERTEX_POINT('',#2082);
#2082 = CARTESIAN_POINT('',(6.02,-14.36,1.));
#2083 = SURFACE_CURVE('',#2084,(#2088,#2095),.PCURVE_S1.);
#2084 = LINE('',#2085,#2086);
#2085 = CARTESIAN_POINT('',(6.02,-16.86,1.));
#2086 = VECTOR('',#2087,1.);
#2087 = DIRECTION('',(0.,1.,0.));
#2088 = PCURVE('',#2056,#2089);
#2089 = DEFINITIONAL_REPRESENTATION('',(#2090),#2094);
#2090 = LINE('',#2091,#2092);
#2091 = CARTESIAN_POINT('',(0.,0.));
#2092 = VECTOR('',#2093,1.);
#2093 = DIRECTION('',(0.,-1.));
#2094 = ( GEOMETRIC_REPRESENTATION_CONTEXT(2) 
PARAMETRIC_REPRESENTATION_CONTEXT() REPRESENTATION_CONTEXT('2D SPACE',''
  ) );
#2095 = PCURVE('',#2096,#2101);
#2096 = PLANE('',#2097);
#2097 = AXIS2_PLACEMENT_3D('',#2098,#2099,#2100);
#2098 = CARTESIAN_POINT('',(6.02,-16.86,1.));
#2099 = DIRECTION('',(0.,0.,1.));
#2100 = DIRECTION('',(1.,0.,0.));
#2101 = DEFINITIONAL_REPRESENTATION('',(#2102),#2106);
#2102 = LINE('',#2103,#2104);
#2103 = CARTESIAN_POINT('',(0.,0.));
#2104 = VECTOR('',#2105,1.);
#2105 = DIRECTION('',(0.,1.));
#2106 = ( GEOMETRIC_REPRESENTATION_CONTEXT(2) 
PARAMETRIC_REPRESENTATION_CONTEXT() REPRESENTATION_CONTEXT('2D SPACE',''
  ) );
#2107 = ORIENTED_EDGE('',*,*,#2108,.T.);
#2108 = EDGE_CURVE('',#2081,#2109,#2111,.T.);
#2109 = VERTEX_POINT('',#2110);
#2110 = CARTESIAN_POINT('',(6.02,-14.36,1.8));
#2111 = SURFACE_CURVE('',#2112,(#2116,#2123),.PCURVE_S1.);
#2112 = LINE('',#2113,#2114);
#2113 = CARTESIAN_POINT('',(6.02,-14.36,1.));
#2114 = VECTOR('',#2115,1.);
#2115 = DIRECTION('',(0.,0.,1.));
#2116 = PCURVE('',#2056,#2117);
#2117 = DEFINITIONAL_REPRESENTATION('',(#2118),#2122);
#2118 = LINE('',#2119,#2120);
#2119 = CARTESIAN_POINT('',(0.,-2.5));
#2120 = VECTOR('',#2121,1.);
#2121 = DIRECTION('',(1.,0.));
#2122 = ( GEOMETRIC_REPRESENTATION_CONTEXT(2) 
PARAMETRIC_REPRESENTATION_CONTEXT() REPRESENTATION_CONTEXT('2D SPACE',''
  ) );
#2123 = PCURVE('',#2124,#2129);
#2124 = PLANE('',#2125);
#2125 = AXIS2_PLACEMENT_3D('',#2126,#2127,#2128);
#2126 = CARTESIAN_POINT('',(6.02,-14.36,1.));
#2127 = DIRECTION('',(0.,1.,0.));
#2128 = DIRECTION('',(0.,0.,1.));
#2129 = DEFINITIONAL_REPRESENTATION('',(#2130),#2134);
#2130 = LINE('',#2131,#2132);
#2131 = CARTESIAN_POINT('',(0.,0.));
#2132 = VECTOR('',#2133,1.);
#2133 = DIRECTION('',(1.,0.));
#2134 = ( GEOMETRIC_REPRESENTATION_CONTEXT(2) 
PARAMETRIC_REPRESENTATION_CONTEXT() REPRESENTATION_CONTEXT('2D SPACE',''
  ) );
#2135 = ORIENTED_EDGE('',*,*,#2136,.F.);
#2136 = EDGE_CURVE('',#2048,#2109,#2137,.T.);
#2137 = SURFACE_CURVE('',#2138,(#2142,#2149),.PCURVE_S1.);
#2138 = LINE('',#2139,#2140);
#2139 = CARTESIAN_POINT('',(6.02,-16.86,1.8));
#2140 = VECTOR('',#2141,1.);
#2141 = DIRECTION('',(0.,1.,0.));
#2142 = PCURVE('',#2056,#2143);
#2143 = DEFINITIONAL_REPRESENTATION('',(#2144),#2148);
#2144 = LINE('',#2145,#2146);
#2145 = CARTESIAN_POINT('',(0.8,0.));
#2146 = VECTOR('',#2147,1.);
#2147 = DIRECTION('',(0.,-1.));
#2148 = ( GEOMETRIC_REPRESENTATION_CONTEXT(2) 
PARAMETRIC_REPRESENTATION_CONTEXT() REPRESENTATION_CONTEXT('2D SPACE',''
  ) );
#2149 = PCURVE('',#2150,#2155);
#2150 = PLANE('',#2151);
#2151 = AXIS2_PLACEMENT_3D('',#2152,#2153,#2154);
#2152 = CARTESIAN_POINT('',(6.02,-16.86,1.8));
#2153 = DIRECTION('',(0.,0.,1.));
#2154 = DIRECTION('',(1.,0.,0.));
#2155 = DEFINITIONAL_REPRESENTATION('',(#2156),#2160);
#2156 = LINE('',#2157,#2158);
#2157 = CARTESIAN_POINT('',(0.,0.));
#2158 = VECTOR('',#2159,1.);
#2159 = DIRECTION('',(0.,1.));
#2160 = ( GEOMETRIC_REPRESENTATION_CONTEXT(2) 
PARAMETRIC_REPRESENTATION_CONTEXT() REPRESENTATION_CONTEXT('2D SPACE',''
  ) );
#2161 = ADVANCED_FACE('',(#2162),#2176,.T.);
#2162 = FACE_BOUND('',#2163,.T.);
#2163 = EDGE_LOOP('',(#2164,#2194,#2217,#2240));
#2164 = ORIENTED_EDGE('',*,*,#2165,.F.);
#2165 = EDGE_CURVE('',#2166,#2168,#2170,.T.);
#2166 = VERTEX_POINT('',#2167);
#2167 = CARTESIAN_POINT('',(9.22,-16.86,1.));
#2168 = VERTEX_POINT('',#2169);
#2169 = CARTESIAN_POINT('',(9.22,-16.86,1.8));
#2170 = SURFACE_CURVE('',#2171,(#2175,#2187),.PCURVE_S1.);
#2171 = LINE('',#2172,#2173);
#2172 = CARTESIAN_POINT('',(9.22,-16.86,1.));
#2173 = VECTOR('',#2174,1.);
#2174 = DIRECTION('',(0.,0.,1.));
#2175 = PCURVE('',#2176,#2181);
#2176 = PLANE('',#2177);
#2177 = AXIS2_PLACEMENT_3D('',#2178,#2179,#2180);
#2178 = CARTESIAN_POINT('',(9.22,-16.86,1.));
#2179 = DIRECTION('',(1.,0.,0.));
#2180 = DIRECTION('',(0.,0.,1.));
#2181 = DEFINITIONAL_REPRESENTATION('',(#2182),#2186);
#2182 = LINE('',#2183,#2184);
#2183 = CARTESIAN_POINT('',(0.,0.));
#2184 = VECTOR('',#2185,1.);
#2185 = DIRECTION('',(1.,0.));
#2186 = ( GEOMETRIC_REPRESENTATION_CONTEXT(2) 
PARAMETRIC_REPRESENTATION_CONTEXT() REPRESENTATION_CONTEXT('2D SPACE',''
  ) );
#2187 = PCURVE('',#2068,#2188);
#2188 = DEFINITIONAL_REPRESENTATION('',(#2189),#2193);
#2189 = LINE('',#2190,#2191);
#2190 = CARTESIAN_POINT('',(0.,3.2));
#2191 = VECTOR('',#2192,1.);
#2192 = DIRECTION('',(1.,0.));
#2193 = ( GEOMETRIC_REPRESENTATION_CONTEXT(2) 
PARAMETRIC_REPRESENTATION_CONTEXT() REPRESENTATION_CONTEXT('2D SPACE',''
  ) );
#2194 = ORIENTED_EDGE('',*,*,#2195,.T.);
#2195 = EDGE_CURVE('',#2166,#2196,#2198,.T.);
#2196 = VERTEX_POINT('',#2197);
#2197 = CARTESIAN_POINT('',(9.22,-14.36,1.));
#2198 = SURFACE_CURVE('',#2199,(#2203,#2210),.PCURVE_S1.);
#2199 = LINE('',#2200,#2201);
#2200 = CARTESIAN_POINT('',(9.22,-16.86,1.));
#2201 = VECTOR('',#2202,1.);
#2202 = DIRECTION('',(0.,1.,0.));
#2203 = PCURVE('',#2176,#2204);
#2204 = DEFINITIONAL_REPRESENTATION('',(#2205),#2209);
#2205 = LINE('',#2206,#2207);
#2206 = CARTESIAN_POINT('',(0.,0.));
#2207 = VECTOR('',#2208,1.);
#2208 = DIRECTION('',(0.,-1.));
#2209 = ( GEOMETRIC_REPRESENTATION_CONTEXT(2) 
PARAMETRIC_REPRESENTATION_CONTEXT() REPRESENTATION_CONTEXT('2D SPACE',''
  ) );
#2210 = PCURVE('',#2096,#2211);
#2211 = DEFINITIONAL_REPRESENTATION('',(#2212),#2216);
#2212 = LINE('',#2213,#2214);
#2213 = CARTESIAN_POINT('',(3.2,0.));
#2214 = VECTOR('',#2215,1.);
#2215 = DIRECTION('',(0.,1.));
#2216 = ( GEOMETRIC_REPRESENTATION_CONTEXT(2) 
PARAMETRIC_REPRESENTATION_CONTEXT() REPRESENTATION_CONTEXT('2D SPACE',''
  ) );
#2217 = ORIENTED_EDGE('',*,*,#2218,.T.);
#2218 = EDGE_CURVE('',#2196,#2219,#2221,.T.);
#2219 = VERTEX_POINT('',#2220);
#2220 = CARTESIAN_POINT('',(9.22,-14.36,1.8));
#2221 = SURFACE_CURVE('',#2222,(#2226,#2233),.PCURVE_S1.);
#2222 = LINE('',#2223,#2224);
#2223 = CARTESIAN_POINT('',(9.22,-14.36,1.));
#2224 = VECTOR('',#2225,1.);
#2225 = DIRECTION('',(0.,0.,1.));
#2226 = PCURVE('',#2176,#2227);
#2227 = DEFINITIONAL_REPRESENTATION('',(#2228),#2232);
#2228 = LINE('',#2229,#2230);
#2229 = CARTESIAN_POINT('',(0.,-2.5));
#2230 = VECTOR('',#2231,1.);
#2231 = DIRECTION('',(1.,0.));
#2232 = ( GEOMETRIC_REPRESENTATION_CONTEXT(2) 
PARAMETRIC_REPRESENTATION_CONTEXT() REPRESENTATION_CONTEXT('2D SPACE',''
  ) );
#2233 = PCURVE('',#2124,#2234);
#2234 = DEFINITIONAL_REPRESENTATION('',(#2235),#2239);
#2235 = LINE('',#2236,#2237);
#2236 = CARTESIAN_POINT('',(0.,3.2));
#2237 = VECTOR('',#2238,1.);
#2238 = DIRECTION('',(1.,0.));
#2239 = ( GEOMETRIC_REPRESENTATION_CONTEXT(2) 
PARAMETRIC_REPRESENTATION_CONTEXT() REPRESENTATION_CONTEXT('2D SPACE',''
  ) );
#2240 = ORIENTED_EDGE('',*,*,#2241,.F.);
#2241 = EDGE_CURVE('',#2168,#2219,#2242,.T.);
#2242 = SURFACE_CURVE('',#2243,(#2247,#2254),.PCURVE_S1.);
#2243 = LINE('',#2244,#2245);
#2244 = CARTESIAN_POINT('',(9.22,-16.86,1.8));
#2245 = VECTOR('',#2246,1.);
#2246 = DIRECTION('',(0.,1.,0.));
#2247 = PCURVE('',#2176,#2248);
#2248 = DEFINITIONAL_REPRESENTATION('',(#2249),#2253);
#2249 = LINE('',#2250,#2251);
#2250 = CARTESIAN_POINT('',(0.8,0.));
#2251 = VECTOR('',#2252,1.);
#2252 = DIRECTION('',(0.,-1.));
#2253 = ( GEOMETRIC_REPRESENTATION_CONTEXT(2) 
PARAMETRIC_REPRESENTATION_CONTEXT() REPRESENTATION_CONTEXT('2D SPACE',''
  ) );
#2254 = PCURVE('',#2150,#2255);
#2255 = DEFINITIONAL_REPRESENTATION('',(#2256),#2260);
#2256 = LINE('',#2257,#2258);
#2257 = CARTESIAN_POINT('',(3.2,0.));
#2258 = VECTOR('',#2259,1.);
#2259 = DIRECTION('',(0.,1.));
#2260 = ( GEOMETRIC_REPRESENTATION_CONTEXT(2) 
PARAMETRIC_REPRESENTATION_CONTEXT() REPRESENTATION_CONTEXT('2D SPACE',''
  ) );
#2261 = ADVANCED_FACE('',(#2262),#2068,.F.);
#2262 = FACE_BOUND('',#2263,.F.);
#2263 = EDGE_LOOP('',(#2264,#2285,#2286,#2307));
#2264 = ORIENTED_EDGE('',*,*,#2265,.F.);
#2265 = EDGE_CURVE('',#2046,#2166,#2266,.T.);
#2266 = SURFACE_CURVE('',#2267,(#2271,#2278),.PCURVE_S1.);
#2267 = LINE('',#2268,#2269);
#2268 = CARTESIAN_POINT('',(6.02,-16.86,1.));
#2269 = VECTOR('',#2270,1.);
#2270 = DIRECTION('',(1.,0.,0.));
#2271 = PCURVE('',#2068,#2272);
#2272 = DEFINITIONAL_REPRESENTATION('',(#2273),#2277);
#2273 = LINE('',#2274,#2275);
#2274 = CARTESIAN_POINT('',(0.,0.));
#2275 = VECTOR('',#2276,1.);
#2276 = DIRECTION('',(0.,1.));
#2277 = ( GEOMETRIC_REPRESENTATION_CONTEXT(2) 
PARAMETRIC_REPRESENTATION_CONTEXT() REPRESENTATION_CONTEXT('2D SPACE',''
  ) );
#2278 = PCURVE('',#2096,#2279);
#2279 = DEFINITIONAL_REPRESENTATION('',(#2280),#2284);
#2280 = LINE('',#2281,#2282);
#2281 = CARTESIAN_POINT('',(0.,0.));
#2282 = VECTOR('',#2283,1.);
#2283 = DIRECTION('',(1.,0.));
#2284 = ( GEOMETRIC_REPRESENTATION_CONTEXT(2) 
PARAMETRIC_REPRESENTATION_CONTEXT() REPRESENTATION_CONTEXT('2D SPACE',''
  ) );
#2285 = ORIENTED_EDGE('',*,*,#2045,.T.);
#2286 = ORIENTED_EDGE('',*,*,#2287,.T.);
#2287 = EDGE_CURVE('',#2048,#2168,#2288,.T.);
#2288 = SURFACE_CURVE('',#2289,(#2293,#2300),.PCURVE_S1.);
#2289 = LINE('',#2290,#2291);
#2290 = CARTESIAN_POINT('',(6.02,-16.86,1.8));
#2291 = VECTOR('',#2292,1.);
#2292 = DIRECTION('',(1.,0.,0.));
#2293 = PCURVE('',#2068,#2294);
#2294 = DEFINITIONAL_REPRESENTATION('',(#2295),#2299);
#2295 = LINE('',#2296,#2297);
#2296 = CARTESIAN_POINT('',(0.8,0.));
#2297 = VECTOR('',#2298,1.);
#2298 = DIRECTION('',(0.,1.));
#2299 = ( GEOMETRIC_REPRESENTATION_CONTEXT(2) 
PARAMETRIC_REPRESENTATION_CONTEXT() REPRESENTATION_CONTEXT('2D SPACE',''
  ) );
#2300 = PCURVE('',#2150,#2301);
#2301 = DEFINITIONAL_REPRESENTATION('',(#2302),#2306);
#2302 = LINE('',#2303,#2304);
#2303 = CARTESIAN_POINT('',(0.,0.));
#2304 = VECTOR('',#2305,1.);
#2305 = DIRECTION('',(1.,0.));
#2306 = ( GEOMETRIC_REPRESENTATION_CONTEXT(2) 
PARAMETRIC_REPRESENTATION_CONTEXT() REPRESENTATION_CONTEXT('2D SPACE',''
  ) );
#2307 = ORIENTED_EDGE('',*,*,#2165,.F.);
#2308 = ADVANCED_FACE('',(#2309),#2124,.T.);
#2309 = FACE_BOUND('',#2310,.T.);
#2310 = EDGE_LOOP('',(#2311,#2332,#2333,#2354));
#2311 = ORIENTED_EDGE('',*,*,#2312,.F.);
#2312 = EDGE_CURVE('',#2081,#2196,#2313,.T.);
#2313 = SURFACE_CURVE('',#2314,(#2318,#2325),.PCURVE_S1.);
#2314 = LINE('',#2315,#2316);
#2315 = CARTESIAN_POINT('',(6.02,-14.36,1.));
#2316 = VECTOR('',#2317,1.);
#2317 = DIRECTION('',(1.,0.,0.));
#2318 = PCURVE('',#2124,#2319);
#2319 = DEFINITIONAL_REPRESENTATION('',(#2320),#2324);
#2320 = LINE('',#2321,#2322);
#2321 = CARTESIAN_POINT('',(0.,0.));
#2322 = VECTOR('',#2323,1.);
#2323 = DIRECTION('',(0.,1.));
#2324 = ( GEOMETRIC_REPRESENTATION_CONTEXT(2) 
PARAMETRIC_REPRESENTATION_CONTEXT() REPRESENTATION_CONTEXT('2D SPACE',''
  ) );
#2325 = PCURVE('',#2096,#2326);
#2326 = DEFINITIONAL_REPRESENTATION('',(#2327),#2331);
#2327 = LINE('',#2328,#2329);
#2328 = CARTESIAN_POINT('',(0.,2.5));
#2329 = VECTOR('',#2330,1.);
#2330 = DIRECTION('',(1.,0.));
#2331 = ( GEOMETRIC_REPRESENTATION_CONTEXT(2) 
PARAMETRIC_REPRESENTATION_CONTEXT() REPRESENTATION_CONTEXT('2D SPACE',''
  ) );
#2332 = ORIENTED_EDGE('',*,*,#2108,.T.);
#2333 = ORIENTED_EDGE('',*,*,#2334,.T.);
#2334 = EDGE_CURVE('',#2109,#2219,#2335,.T.);
#2335 = SURFACE_CURVE('',#2336,(#2340,#2347),.PCURVE_S1.);
#2336 = LINE('',#2337,#2338);
#2337 = CARTESIAN_POINT('',(6.02,-14.36,1.8));
#2338 = VECTOR('',#2339,1.);
#2339 = DIRECTION('',(1.,0.,0.));
#2340 = PCURVE('',#2124,#2341);
#2341 = DEFINITIONAL_REPRESENTATION('',(#2342),#2346);
#2342 = LINE('',#2343,#2344);
#2343 = CARTESIAN_POINT('',(0.8,0.));
#2344 = VECTOR('',#2345,1.);
#2345 = DIRECTION('',(0.,1.));
#2346 = ( GEOMETRIC_REPRESENTATION_CONTEXT(2) 
PARAMETRIC_REPRESENTATION_CONTEXT() REPRESENTATION_CONTEXT('2D SPACE',''
  ) );
#2347 = PCURVE('',#2150,#2348);
#2348 = DEFINITIONAL_REPRESENTATION('',(#2349),#2353);
#2349 = LINE('',#2350,#2351);
#2350 = CARTESIAN_POINT('',(0.,2.5));
#2351 = VECTOR('',#2352,1.);
#2352 = DIRECTION('',(1.,0.));
#2353 = ( GEOMETRIC_REPRESENTATION_CONTEXT(2) 
PARAMETRIC_REPRESENTATION_CONTEXT() REPRESENTATION_CONTEXT('2D SPACE',''
  ) );
#2354 = ORIENTED_EDGE('',*,*,#2218,.F.);
#2355 = ADVANCED_FACE('',(#2356),#2096,.F.);
#2356 = FACE_BOUND('',#2357,.F.);
#2357 = EDGE_LOOP('',(#2358,#2359,#2360,#2361));
#2358 = ORIENTED_EDGE('',*,*,#2080,.F.);
#2359 = ORIENTED_EDGE('',*,*,#2265,.T.);
#2360 = ORIENTED_EDGE('',*,*,#2195,.T.);
#2361 = ORIENTED_EDGE('',*,*,#2312,.F.);
#2362 = ADVANCED_FACE('',(#2363),#2150,.T.);
#2363 = FACE_BOUND('',#2364,.T.);
#2364 = EDGE_LOOP('',(#2365,#2366,#2367,#2368));
#2365 = ORIENTED_EDGE('',*,*,#2136,.F.);
#2366 = ORIENTED_EDGE('',*,*,#2287,.T.);
#2367 = ORIENTED_EDGE('',*,*,#2241,.T.);
#2368 = ORIENTED_EDGE('',*,*,#2334,.F.);
#2369 = ( GEOMETRIC_REPRESENTATION_CONTEXT(3) 
GLOBAL_UNCERTAINTY_ASSIGNED_CONTEXT((#2373)) 
GLOBAL_UNIT_ASSIGNED_CONTEXT((#2370,#2371,#2372)) REPRESENTATION_CONTEXT
('Context #1','3D Context with UNIT and UNCERTAINTY') );
#2370 = ( LENGTH_UNIT() NAMED_UNIT(*) SI_UNIT(.MILLI.,.METRE.) );
#2371 = ( NAMED_UNIT(*) PLANE_ANGLE_UNIT() SI_UNIT($,.RADIAN.) );
#2372 = ( NAMED_UNIT(*) SI_UNIT($,.STERADIAN.) SOLID_ANGLE_UNIT() );
#2373 = UNCERTAINTY_MEASURE_WITH_UNIT(LENGTH_MEASURE(1.E-07),#2370,
  'distance_accuracy_value','confusion accuracy');
#2374 = CONTEXT_DEPENDENT_SHAPE_REPRESENTATION(#2375,#2377);
#2375 = ( REPRESENTATION_RELATIONSHIP('','',#2038,#10) 
REPRESENTATION_RELATIONSHIP_WITH_TRANSFORMATION(#2376) 
SHAPE_REPRESENTATION_RELATIONSHIP() );
#2376 = ITEM_DEFINED_TRANSFORMATION('','',#11,#39);
#2377 = PRODUCT_DEFINITION_SHAPE('Placement','Placement of an item',
  #2378);
#2378 = NEXT_ASSEMBLY_USAGE_OCCURRENCE('7','crystal_6','',#5,#2033,$);
#2379 = PRODUCT_RELATED_PRODUCT_CATEGORY('part',$,(#2035));
#2380 = SHAPE_DEFINITION_REPRESENTATION(#2381,#2387);
#2381 = PRODUCT_DEFINITION_SHAPE('','',#2382);
#2382 = PRODUCT_DEFINITION('design','',#2383,#2386);
#2383 = PRODUCT_DEFINITION_FORMATION('','',#2384);
#2384 = PRODUCT('ldo_7','ldo_7','',(#2385));
#2385 = PRODUCT_CONTEXT('',#2,'mechanical');
#2386 = PRODUCT_DEFINITION_CONTEXT('part definition',#2,'design');
#2387 = ADVANCED_BREP_SHAPE_REPRESENTATION('',(#11,#2388),#2718);
#2388 = MANIFOLD_SOLID_BREP('',#2389);
#2389 = CLOSED_SHELL('',(#2390,#2510,#2610,#2657,#2704,#2711));
#2390 = ADVANCED_FACE('',(#2391),#2405,.F.);
#2391 = FACE_BOUND('',#2392,.F.);
#2392 = EDGE_LOOP('',(#2393,#2428,#2456,#2484));
#2393 = ORIENTED_EDGE('',*,*,#2394,.F.);
#2394 = EDGE_CURVE('',#2395,#2397,#2399,.T.);
#2395 = VERTEX_POINT('',#2396);
#2396 = CARTESIAN_POINT('',(1.32,-12.66,1.));
#2397 = VERTEX_POINT('',#2398);
#2398 = CARTESIAN_POINT('',(1.32,-12.66,2.1));
#2399 = SURFACE_CURVE('',#2400,(#2404,#2416),.PCURVE_S1.);
#2400 = LINE('',#2401,#2402);
#2401 = CARTESIAN_POINT('',(1.32,-12.66,1.));
#2402 = VECTOR('',#2403,1.);
#2403 = DIRECTION('',(0.,0.,1.));
#2404 = PCURVE('',#2405,#2410);
#2405 = PLANE('',#2406);
#2406 = AXIS2_PLACEMENT_3D('',#2407,#2408,#2409);
#2407 = CARTESIAN_POINT('',(1.32,-12.66,1.));
#2408 = DIRECTION('',(1.,0.,0.));
#2409 = DIRECTION('',(0.,0.,1.));
#2410 = DEFINITIONAL_REPRESENTATION('',(#2411),#2415);
#2411 = LINE('',#2412,#2413);
#2412 = CARTESIAN_POINT('',(0.,0.));
#2413 = VECTOR('',#2414,1.);
#2414 = DIRECTION('',(1.,0.));
#2415 = ( GEOMETRIC_REPRESENTATION_CONTEXT(2) 
PARAMETRIC_REPRESENTATION_CONTEXT() REPRESENTATION_CONTEXT('2D SPACE',''
  ) );
#2416 = PCURVE('',#2417,#2422);
#2417 = PLANE('',#2418);
#2418 = AXIS2_PLACEMENT_3D('',#2419,#2420,#2421);
#2419 = CARTESIAN_POINT('',(1.32,-12.66,1.));
#2420 = DIRECTION('',(0.,1.,0.));
#2421 = DIRECTION('',(0.,0.,1.));
#2422 = DEFINITIONAL_REPRESENTATION('',(#2423),#2427);
#2423 = LINE('',#2424,#2425);
#2424 = CARTESIAN_POINT('',(0.,0.));
#2425 = VECTOR('',#2426,1.);
#2426 = DIRECTION('',(1.,0.));
#2427 = ( GEOMETRIC_REPRESENTATION_CONTEXT(2) 
PARAMETRIC_REPRESENTATION_CONTEXT() REPRESENTATION_CONTEXT('2D SPACE',''
  ) );
#2428 = ORIENTED_EDGE('',*,*,#2429,.T.);
#2429 = EDGE_CURVE('',#2395,#2430,#2432,.T.);
#2430 = VERTEX_POINT('',#2431);
#2431 = CARTESIAN_POINT('',(1.32,-9.76,1.));
#2432 = SURFACE_CURVE('',#2433,(#2437,#2444),.PCURVE_S1.);
#2433 = LINE('',#2434,#2435);
#2434 = CARTESIAN_POINT('',(1.32,-12.66,1.));
#2435 = VECTOR('',#2436,1.);
#2436 = DIRECTION('',(0.,1.,0.));
#2437 = PCURVE('',#2405,#2438);
#2438 = DEFINITIONAL_REPRESENTATION('',(#2439),#2443);
#2439 = LINE('',#2440,#2441);
#2440 = CARTESIAN_POINT('',(0.,0.));
#2441 = VECTOR('',#2442,1.);
#2442 = DIRECTION('',(0.,-1.));
#2443 = ( GEOMETRIC_REPRESENTATION_CONTEXT(2) 
PARAMETRIC_REPRESENTATION_CONTEXT() REPRESENTATION_CONTEXT('2D SPACE',''
  ) );
#2444 = PCURVE('',#2445,#2450);
#2445 = PLANE('',#2446);
#2446 = AXIS2_PLACEMENT_3D('',#2447,#2448,#2449);
#2447 = CARTESIAN_POINT('',(1.32,-12.66,1.));
#2448 = DIRECTION('',(0.,0.,1.));
#2449 = DIRECTION('',(1.,0.,0.));
#2450 = DEFINITIONAL_REPRESENTATION('',(#2451),#2455);
#2451 = LINE('',#2452,#2453);
#2452 = CARTESIAN_POINT('',(0.,0.));
#2453 = VECTOR('',#2454,1.);
#2454 = DIRECTION('',(0.,1.));
#2455 = ( GEOMETRIC_REPRESENTATION_CONTEXT(2) 
PARAMETRIC_REPRESENTATION_CONTEXT() REPRESENTATION_CONTEXT('2D SPACE',''
  ) );
#2456 = ORIENTED_EDGE('',*,*,#2457,.T.);
#2457 = EDGE_CURVE('',#2430,#2458,#2460,.T.);
#2458 = VERTEX_POINT('',#2459);
#2459 = CARTESIAN_POINT('',(1.32,-9.76,2.1));
#2460 = SURFACE_CURVE('',#2461,(#2465,#2472),.PCURVE_S1.);
#2461 = LINE('',#2462,#2463);
#2462 = CARTESIAN_POINT('',(1.32,-9.76,1.));
#2463 = VECTOR('',#2464,1.);
#2464 = DIRECTION('',(0.,0.,1.));
#2465 = PCURVE('',#2405,#2466);
#2466 = DEFINITIONAL_REPRESENTATION('',(#2467),#2471);
#2467 = LINE('',#2468,#2469);
#2468 = CARTESIAN_POINT('',(0.,-2.9));
#2469 = VECTOR('',#2470,1.);
#2470 = DIRECTION('',(1.,0.));
#2471 = ( GEOMETRIC_REPRESENTATION_CONTEXT(2) 
PARAMETRIC_REPRESENTATION_CONTEXT() REPRESENTATION_CONTEXT('2D SPACE',''
  ) );
#2472 = PCURVE('',#2473,#2478);
#2473 = PLANE('',#2474);
#2474 = AXIS2_PLACEMENT_3D('',#2475,#2476,#2477);
#2475 = CARTESIAN_POINT('',(1.32,-9.76,1.));
#2476 = DIRECTION('',(0.,1.,0.));
#2477 = DIRECTION('',(0.,0.,1.));
#2478 = DEFINITIONAL_REPRESENTATION('',(#2479),#2483);
#2479 = LINE('',#2480,#2481);
#2480 = CARTESIAN_POINT('',(0.,0.));
#2481 = VECTOR('',#2482,1.);
#2482 = DIRECTION('',(1.,0.));
#2483 = ( GEOMETRIC_REPRESENTATION_CONTEXT(2) 
PARAMETRIC_REPRESENTATION_CONTEXT() REPRESENTATION_CONTEXT('2D SPACE',''
  ) );
#2484 = ORIENTED_EDGE('',*,*,#2485,.F.);
#2485 = EDGE_CURVE('',#2397,#2458,#2486,.T.);
#2486 = SURFACE_CURVE('',#2487,(#2491,#2498),.PCURVE_S1.);
#2487 = LINE('',#2488,#2489);
#2488 = CARTESIAN_POINT('',(1.32,-12.66,2.1));
#2489 = VECTOR('',#2490,1.);
#2490 = DIRECTION('',(0.,1.,0.));
#2491 = PCURVE('',#2405,#2492);
#2492 = DEFINITIONAL_REPRESENTATION('',(#2493),#2497);
#2493 = LINE('',#2494,#2495);
#2494 = CARTESIAN_POINT('',(1.1,0.));
#2495 = VECTOR('',#2496,1.);
#2496 = DIRECTION('',(0.,-1.));
#2497 = ( GEOMETRIC_REPRESENTATION_CONTEXT(2) 
PARAMETRIC_REPRESENTATION_CONTEXT() REPRESENTATION_CONTEXT('2D SPACE',''
  ) );
#2498 = PCURVE('',#2499,#2504);
#2499 = PLANE('',#2500);
#2500 = AXIS2_PLACEMENT_3D('',#2501,#2502,#2503);
#2501 = CARTESIAN_POINT('',(1.32,-12.66,2.1));
#2502 = DIRECTION('',(0.,0.,1.));
#2503 = DIRECTION('',(1.,0.,0.));
#2504 = DEFINITIONAL_REPRESENTATION('',(#2505),#2509);
#2505 = LINE('',#2506,#2507);
#2506 = CARTESIAN_POINT('',(0.,0.));
#2507 = VECTOR('',#2508,1.);
#2508 = DIRECTION('',(0.,1.));
#2509 = ( GEOMETRIC_REPRESENTATION_CONTEXT(2) 
PARAMETRIC_REPRESENTATION_CONTEXT() REPRESENTATION_CONTEXT('2D SPACE',''
  ) );
#2510 = ADVANCED_FACE('',(#2511),#2525,.T.);
#2511 = FACE_BOUND('',#2512,.T.);
#2512 = EDGE_LOOP('',(#2513,#2543,#2566,#2589));
#2513 = ORIENTED_EDGE('',*,*,#2514,.F.);
#2514 = EDGE_CURVE('',#2515,#2517,#2519,.T.);
#2515 = VERTEX_POINT('',#2516);
#2516 = CARTESIAN_POINT('',(2.92,-12.66,1.));
#2517 = VERTEX_POINT('',#2518);
#2518 = CARTESIAN_POINT('',(2.92,-12.66,2.1));
#2519 = SURFACE_CURVE('',#2520,(#2524,#2536),.PCURVE_S1.);
#2520 = LINE('',#2521,#2522);
#2521 = CARTESIAN_POINT('',(2.92,-12.66,1.));
#2522 = VECTOR('',#2523,1.);
#2523 = DIRECTION('',(0.,0.,1.));
#2524 = PCURVE('',#2525,#2530);
#2525 = PLANE('',#2526);
#2526 = AXIS2_PLACEMENT_3D('',#2527,#2528,#2529);
#2527 = CARTESIAN_POINT('',(2.92,-12.66,1.));
#2528 = DIRECTION('',(1.,0.,0.));
#2529 = DIRECTION('',(0.,0.,1.));
#2530 = DEFINITIONAL_REPRESENTATION('',(#2531),#2535);
#2531 = LINE('',#2532,#2533);
#2532 = CARTESIAN_POINT('',(0.,0.));
#2533 = VECTOR('',#2534,1.);
#2534 = DIRECTION('',(1.,0.));
#2535 = ( GEOMETRIC_REPRESENTATION_CONTEXT(2) 
PARAMETRIC_REPRESENTATION_CONTEXT() REPRESENTATION_CONTEXT('2D SPACE',''
  ) );
#2536 = PCURVE('',#2417,#2537);
#2537 = DEFINITIONAL_REPRESENTATION('',(#2538),#2542);
#2538 = LINE('',#2539,#2540);
#2539 = CARTESIAN_POINT('',(0.,1.6));
#2540 = VECTOR('',#2541,1.);
#2541 = DIRECTION('',(1.,0.));
#2542 = ( GEOMETRIC_REPRESENTATION_CONTEXT(2) 
PARAMETRIC_REPRESENTATION_CONTEXT() REPRESENTATION_CONTEXT('2D SPACE',''
  ) );
#2543 = ORIENTED_EDGE('',*,*,#2544,.T.);
#2544 = EDGE_CURVE('',#2515,#2545,#2547,.T.);
#2545 = VERTEX_POINT('',#2546);
#2546 = CARTESIAN_POINT('',(2.92,-9.76,1.));
#2547 = SURFACE_CURVE('',#2548,(#2552,#2559),.PCURVE_S1.);
#2548 = LINE('',#2549,#2550);
#2549 = CARTESIAN_POINT('',(2.92,-12.66,1.));
#2550 = VECTOR('',#2551,1.);
#2551 = DIRECTION('',(0.,1.,0.));
#2552 = PCURVE('',#2525,#2553);
#2553 = DEFINITIONAL_REPRESENTATION('',(#2554),#2558);
#2554 = LINE('',#2555,#2556);
#2555 = CARTESIAN_POINT('',(0.,0.));
#2556 = VECTOR('',#2557,1.);
#2557 = DIRECTION('',(0.,-1.));
#2558 = ( GEOMETRIC_REPRESENTATION_CONTEXT(2) 
PARAMETRIC_REPRESENTATION_CONTEXT() REPRESENTATION_CONTEXT('2D SPACE',''
  ) );
#2559 = PCURVE('',#2445,#2560);
#2560 = DEFINITIONAL_REPRESENTATION('',(#2561),#2565);
#2561 = LINE('',#2562,#2563);
#2562 = CARTESIAN_POINT('',(1.6,0.));
#2563 = VECTOR('',#2564,1.);
#2564 = DIRECTION('',(0.,1.));
#2565 = ( GEOMETRIC_REPRESENTATION_CONTEXT(2) 
PARAMETRIC_REPRESENTATION_CONTEXT() REPRESENTATION_CONTEXT('2D SPACE',''
  ) );
#2566 = ORIENTED_EDGE('',*,*,#2567,.T.);
#2567 = EDGE_CURVE('',#2545,#2568,#2570,.T.);
#2568 = VERTEX_POINT('',#2569);
#2569 = CARTESIAN_POINT('',(2.92,-9.76,2.1));
#2570 = SURFACE_CURVE('',#2571,(#2575,#2582),.PCURVE_S1.);
#2571 = LINE('',#2572,#2573);
#2572 = CARTESIAN_POINT('',(2.92,-9.76,1.));
#2573 = VECTOR('',#2574,1.);
#2574 = DIRECTION('',(0.,0.,1.));
#2575 = PCURVE('',#2525,#2576);
#2576 = DEFINITIONAL_REPRESENTATION('',(#2577),#2581);
#2577 = LINE('',#2578,#2579);
#2578 = CARTESIAN_POINT('',(0.,-2.9));
#2579 = VECTOR('',#2580,1.);
#2580 = DIRECTION('',(1.,0.));
#2581 = ( GEOMETRIC_REPRESENTATION_CONTEXT(2) 
PARAMETRIC_REPRESENTATION_CONTEXT() REPRESENTATION_CONTEXT('2D SPACE',''
  ) );
#2582 = PCURVE('',#2473,#2583);
#2583 = DEFINITIONAL_REPRESENTATION('',(#2584),#2588);
#2584 = LINE('',#2585,#2586);
#2585 = CARTESIAN_POINT('',(0.,1.6));
#2586 = VECTOR('',#2587,1.);
#2587 = DIRECTION('',(1.,0.));
#2588 = ( GEOMETRIC_REPRESENTATION_CONTEXT(2) 
PARAMETRIC_REPRESENTATION_CONTEXT() REPRESENTATION_CONTEXT('2D SPACE',''
  ) );
#2589 = ORIENTED_EDGE('',*,*,#2590,.F.);
#2590 = EDGE_CURVE('',#2517,#2568,#2591,.T.);
#2591 = SURFACE_CURVE('',#2592,(#2596,#2603),.PCURVE_S1.);
#2592 = LINE('',#2593,#2594);
#2593 = CARTESIAN_POINT('',(2.92,-12.66,2.1));
#2594 = VECTOR('',#2595,1.);
#2595 = DIRECTION('',(0.,1.,0.));
#2596 = PCURVE('',#2525,#2597);
#2597 = DEFINITIONAL_REPRESENTATION('',(#2598),#2602);
#2598 = LINE('',#2599,#2600);
#2599 = CARTESIAN_POINT('',(1.1,0.));
#2600 = VECTOR('',#2601,1.);
#2601 = DIRECTION('',(0.,-1.));
#2602 = ( GEOMETRIC_REPRESENTATION_CONTEXT(2) 
PARAMETRIC_REPRESENTATION_CONTEXT() REPRESENTATION_CONTEXT('2D SPACE',''
  ) );
#2603 = PCURVE('',#2499,#2604);
#2604 = DEFINITIONAL_REPRESENTATION('',(#2605),#2609);
#2605 = LINE('',#2606,#2607);
#2606 = CARTESIAN_POINT('',(1.6,0.));
#2607 = VECTOR('',#2608,1.);
#2608 = DIRECTION('',(0.,1.));
#2609 = ( GEOMETRIC_REPRESENTATION_CONTEXT(2) 
PARAMETRIC_REPRESENTATION_CONTEXT() REPRESENTATION_CONTEXT('2D SPACE',''
  ) );
#2610 = ADVANCED_FACE('',(#2611),#2417,.F.);
#2611 = FACE_BOUND('',#2612,.F.);
#2612 = EDGE_LOOP('',(#2613,#2634,#2635,#2656));
#2613 = ORIENTED_EDGE('',*,*,#2614,.F.);
#2614 = EDGE_CURVE('',#2395,#2515,#2615,.T.);
#2615 = SURFACE_CURVE('',#2616,(#2620,#2627),.PCURVE_S1.);
#2616 = LINE('',#2617,#2618);
#2617 = CARTESIAN_POINT('',(1.32,-12.66,1.));
#2618 = VECTOR('',#2619,1.);
#2619 = DIRECTION('',(1.,0.,0.));
#2620 = PCURVE('',#2417,#2621);
#2621 = DEFINITIONAL_REPRESENTATION('',(#2622),#2626);
#2622 = LINE('',#2623,#2624);
#2623 = CARTESIAN_POINT('',(0.,0.));
#2624 = VECTOR('',#2625,1.);
#2625 = DIRECTION('',(0.,1.));
#2626 = ( GEOMETRIC_REPRESENTATION_CONTEXT(2) 
PARAMETRIC_REPRESENTATION_CONTEXT() REPRESENTATION_CONTEXT('2D SPACE',''
  ) );
#2627 = PCURVE('',#2445,#2628);
#2628 = DEFINITIONAL_REPRESENTATION('',(#2629),#2633);
#2629 = LINE('',#2630,#2631);
#2630 = CARTESIAN_POINT('',(0.,0.));
#2631 = VECTOR('',#2632,1.);
#2632 = DIRECTION('',(1.,0.));
#2633 = ( GEOMETRIC_REPRESENTATION_CONTEXT(2) 
PARAMETRIC_REPRESENTATION_CONTEXT() REPRESENTATION_CONTEXT('2D SPACE',''
  ) );
#2634 = ORIENTED_EDGE('',*,*,#2394,.T.);
#2635 = ORIENTED_EDGE('',*,*,#2636,.T.);
#2636 = EDGE_CURVE('',#2397,#2517,#2637,.T.);
#2637 = SURFACE_CURVE('',#2638,(#2642,#2649),.PCURVE_S1.);
#2638 = LINE('',#2639,#2640);
#2639 = CARTESIAN_POINT('',(1.32,-12.66,2.1));
#2640 = VECTOR('',#2641,1.);
#2641 = DIRECTION('',(1.,0.,0.));
#2642 = PCURVE('',#2417,#2643);
#2643 = DEFINITIONAL_REPRESENTATION('',(#2644),#2648);
#2644 = LINE('',#2645,#2646);
#2645 = CARTESIAN_POINT('',(1.1,0.));
#2646 = VECTOR('',#2647,1.);
#2647 = DIRECTION('',(0.,1.));
#2648 = ( GEOMETRIC_REPRESENTATION_CONTEXT(2) 
PARAMETRIC_REPRESENTATION_CONTEXT() REPRESENTATION_CONTEXT('2D SPACE',''
  ) );
#2649 = PCURVE('',#2499,#2650);
#2650 = DEFINITIONAL_REPRESENTATION('',(#2651),#2655);
#2651 = LINE('',#2652,#2653);
#2652 = CARTESIAN_POINT('',(0.,0.));
#2653 = VECTOR('',#2654,1.);
#2654 = DIRECTION('',(1.,0.));
#2655 = ( GEOMETRIC_REPRESENTATION_CONTEXT(2) 
PARAMETRIC_REPRESENTATION_CONTEXT() REPRESENTATION_CONTEXT('2D SPACE',''
  ) );
#2656 = ORIENTED_EDGE('',*,*,#2514,.F.);
#2657 = ADVANCED_FACE('',(#2658),#2473,.T.);
#2658 = FACE_BOUND('',#2659,.T.);
#2659 = EDGE_LOOP('',(#2660,#2681,#2682,#2703));
#2660 = ORIENTED_EDGE('',*,*,#2661,.F.);
#2661 = EDGE_CURVE('',#2430,#2545,#2662,.T.);
#2662 = SURFACE_CURVE('',#2663,(#2667,#2674),.PCURVE_S1.);
#2663 = LINE('',#2664,#2665);
#2664 = CARTESIAN_POINT('',(1.32,-9.76,1.));
#2665 = VECTOR('',#2666,1.);
#2666 = DIRECTION('',(1.,0.,0.));
#2667 = PCURVE('',#2473,#2668);
#2668 = DEFINITIONAL_REPRESENTATION('',(#2669),#2673);
#2669 = LINE('',#2670,#2671);
#2670 = CARTESIAN_POINT('',(0.,0.));
#2671 = VECTOR('',#2672,1.);
#2672 = DIRECTION('',(0.,1.));
#2673 = ( GEOMETRIC_REPRESENTATION_CONTEXT(2) 
PARAMETRIC_REPRESENTATION_CONTEXT() REPRESENTATION_CONTEXT('2D SPACE',''
  ) );
#2674 = PCURVE('',#2445,#2675);
#2675 = DEFINITIONAL_REPRESENTATION('',(#2676),#2680);
#2676 = LINE('',#2677,#2678);
#2677 = CARTESIAN_POINT('',(0.,2.9));
#2678 = VECTOR('',#2679,1.);
#2679 = DIRECTION('',(1.,0.));
#2680 = ( GEOMETRIC_REPRESENTATION_CONTEXT(2) 
PARAMETRIC_REPRESENTATION_CONTEXT() REPRESENTATION_CONTEXT('2D SPACE',''
  ) );
#2681 = ORIENTED_EDGE('',*,*,#2457,.T.);
#2682 = ORIENTED_EDGE('',*,*,#2683,.T.);
#2683 = EDGE_CURVE('',#2458,#2568,#2684,.T.);
#2684 = SURFACE_CURVE('',#2685,(#2689,#2696),.PCURVE_S1.);
#2685 = LINE('',#2686,#2687);
#2686 = CARTESIAN_POINT('',(1.32,-9.76,2.1));
#2687 = VECTOR('',#2688,1.);
#2688 = DIRECTION('',(1.,0.,0.));
#2689 = PCURVE('',#2473,#2690);
#2690 = DEFINITIONAL_REPRESENTATION('',(#2691),#2695);
#2691 = LINE('',#2692,#2693);
#2692 = CARTESIAN_POINT('',(1.1,0.));
#2693 = VECTOR('',#2694,1.);
#2694 = DIRECTION('',(0.,1.));
#2695 = ( GEOMETRIC_REPRESENTATION_CONTEXT(2) 
PARAMETRIC_REPRESENTATION_CONTEXT() REPRESENTATION_CONTEXT('2D SPACE',''
  ) );
#2696 = PCURVE('',#2499,#2697);
#2697 = DEFINITIONAL_REPRESENTATION('',(#2698),#2702);
#2698 = LINE('',#2699,#2700);
#2699 = CARTESIAN_POINT('',(0.,2.9));
#2700 = VECTOR('',#2701,1.);
#2701 = DIRECTION('',(1.,0.));
#2702 = ( GEOMETRIC_REPRESENTATION_CONTEXT(2) 
PARAMETRIC_REPRESENTATION_CONTEXT() REPRESENTATION_CONTEXT('2D SPACE',''
  ) );
#2703 = ORIENTED_EDGE('',*,*,#2567,.F.);
#2704 = ADVANCED_FACE('',(#2705),#2445,.F.);
#2705 = FACE_BOUND('',#2706,.F.);
#2706 = EDGE_LOOP('',(#2707,#2708,#2709,#2710));
#2707 = ORIENTED_EDGE('',*,*,#2429,.F.);
#2708 = ORIENTED_EDGE('',*,*,#2614,.T.);
#2709 = ORIENTED_EDGE('',*,*,#2544,.T.);
#2710 = ORIENTED_EDGE('',*,*,#2661,.F.);
#2711 = ADVANCED_FACE('',(#2712),#2499,.T.);
#2712 = FACE_BOUND('',#2713,.T.);
#2713 = EDGE_LOOP('',(#2714,#2715,#2716,#2717));
#2714 = ORIENTED_EDGE('',*,*,#2485,.F.);
#2715 = ORIENTED_EDGE('',*,*,#2636,.T.);
#2716 = ORIENTED_EDGE('',*,*,#2590,.T.);
#2717 = ORIENTED_EDGE('',*,*,#2683,.F.);
#2718 = ( GEOMETRIC_REPRESENTATION_CONTEXT(3) 
GLOBAL_UNCERTAINTY_ASSIGNED_CONTEXT((#2722)) 
GLOBAL_UNIT_ASSIGNED_CONTEXT((#2719,#2720,#2721)) REPRESENTATION_CONTEXT
('Context #1','3D Context with UNIT and UNCERTAINTY') );
#2719 = ( LENGTH_UNIT() NAMED_UNIT(*) SI_UNIT(.MILLI.,.METRE.) );
#2720 = ( NAMED_UNIT(*) PLANE_ANGLE_UNIT() SI_UNIT($,.RADIAN.) );
#2721 = ( NAMED_UNIT(*) SI_UNIT($,.STERADIAN.) SOLID_ANGLE_UNIT() );
#2722 = UNCERTAINTY_MEASURE_WITH_UNIT(LENGTH_MEASURE(1.E-07),#2719,
  'distance_accuracy_value','confusion accuracy');
#2723 = CONTEXT_DEPENDENT_SHAPE_REPRESENTATION(#2724,#2726);
#2724 = ( REPRESENTATION_RELATIONSHIP('','',#2387,#10) 
REPRESENTATION_RELATIONSHIP_WITH_TRANSFORMATION(#2725) 
SHAPE_REPRESENTATION_RELATIONSHIP() );
#2725 = ITEM_DEFINED_TRANSFORMATION('','',#11,#43);
#2726 = PRODUCT_DEFINITION_SHAPE('Placement','Placement of an item',
  #2727);
#2727 = NEXT_ASSEMBLY_USAGE_OCCURRENCE('8','ldo_7','',#5,#2382,$);
#2728 = PRODUCT_RELATED_PRODUCT_CATEGORY('part',$,(#2384));
#2729 = SHAPE_DEFINITION_REPRESENTATION(#2730,#2736);
#2730 = PRODUCT_DEFINITION_SHAPE('','',#2731);
#2731 = PRODUCT_DEFINITION('design','',#2732,#2735);
#2732 = PRODUCT_DEFINITION_FORMATION('','',#2733);
#2733 = PRODUCT('led_8','led_8','',(#2734));
#2734 = PRODUCT_CONTEXT('',#2,'mechanical');
#2735 = PRODUCT_DEFINITION_CONTEXT('part definition',#2,'design');
#2736 = ADVANCED_BREP_SHAPE_REPRESENTATION('',(#11,#2737),#3067);
#2737 = MANIFOLD_SOLID_BREP('',#2738);
#2738 = CLOSED_SHELL('',(#2739,#2859,#2959,#3006,#3053,#3060));
#2739 = ADVANCED_FACE('',(#2740),#2754,.F.);
#2740 = FACE_BOUND('',#2741,.F.);
#2741 = EDGE_LOOP('',(#2742,#2777,#2805,#2833));
#2742 = ORIENTED_EDGE('',*,*,#2743,.F.);
#2743 = EDGE_CURVE('',#2744,#2746,#2748,.T.);
#2744 = VERTEX_POINT('',#2745);
#2745 = CARTESIAN_POINT('',(12.42,-11.66,1.));
#2746 = VERTEX_POINT('',#2747);
#2747 = CARTESIAN_POINT('',(12.42,-11.66,1.6));
#2748 = SURFACE_CURVE('',#2749,(#2753,#2765),.PCURVE_S1.);
#2749 = LINE('',#2750,#2751);
#2750 = CARTESIAN_POINT('',(12.42,-11.66,1.));
#2751 = VECTOR('',#2752,1.);
#2752 = DIRECTION('',(0.,0.,1.));
#2753 = PCURVE('',#2754,#2759);
#2754 = PLANE('',#2755);
#2755 = AXIS2_PLACEMENT_3D('',#2756,#2757,#2758);
#2756 = CARTESIAN_POINT('',(12.42,-11.66,1.));
#2757 = DIRECTION('',(1.,0.,0.));
#2758 = DIRECTION('',(0.,0.,1.));
#2759 = DEFINITIONAL_REPRESENTATION('',(#2760),#2764);
#2760 = LINE('',#2761,#2762);
#2761 = CARTESIAN_POINT('',(0.,0.));
#2762 = VECTOR('',#2763,1.);
#2763 = DIRECTION('',(1.,0.));
#2764 = ( GEOMETRIC_REPRESENTATION_CONTEXT(2) 
PARAMETRIC_REPRESENTATION_CONTEXT() REPRESENTATION_CONTEXT('2D SPACE',''
  ) );
#2765 = PCURVE('',#2766,#2771);
#2766 = PLANE('',#2767);
#2767 = AXIS2_PLACEMENT_3D('',#2768,#2769,#2770);
#2768 = CARTESIAN_POINT('',(12.42,-11.66,1.));
#2769 = DIRECTION('',(0.,1.,0.));
#2770 = DIRECTION('',(0.,0.,1.));
#2771 = DEFINITIONAL_REPRESENTATION('',(#2772),#2776);
#2772 = LINE('',#2773,#2774);
#2773 = CARTESIAN_POINT('',(0.,0.));
#2774 = VECTOR('',#2775,1.);
#2775 = DIRECTION('',(1.,0.));
#2776 = ( GEOMETRIC_REPRESENTATION_CONTEXT(2) 
PARAMETRIC_REPRESENTATION_CONTEXT() REPRESENTATION_CONTEXT('2D SPACE',''
  ) );
#2777 = ORIENTED_EDGE('',*,*,#2778,.T.);
#2778 = EDGE_CURVE('',#2744,#2779,#2781,.T.);
#2779 = VERTEX_POINT('',#2780);
#2780 = CARTESIAN_POINT('',(12.42,-10.86,1.));
#2781 = SURFACE_CURVE('',#2782,(#2786,#2793),.PCURVE_S1.);
#2782 = LINE('',#2783,#2784);
#2783 = CARTESIAN_POINT('',(12.42,-11.66,1.));
#2784 = VECTOR('',#2785,1.);
#2785 = DIRECTION('',(0.,1.,0.));
#2786 = PCURVE('',#2754,#2787);
#2787 = DEFINITIONAL_REPRESENTATION('',(#2788),#2792);
#2788 = LINE('',#2789,#2790);
#2789 = CARTESIAN_POINT('',(0.,0.));
#2790 = VECTOR('',#2791,1.);
#2791 = DIRECTION('',(0.,-1.));
#2792 = ( GEOMETRIC_REPRESENTATION_CONTEXT(2) 
PARAMETRIC_REPRESENTATION_CONTEXT() REPRESENTATION_CONTEXT('2D SPACE',''
  ) );
#2793 = PCURVE('',#2794,#2799);
#2794 = PLANE('',#2795);
#2795 = AXIS2_PLACEMENT_3D('',#2796,#2797,#2798);
#2796 = CARTESIAN_POINT('',(12.42,-11.66,1.));
#2797 = DIRECTION('',(0.,0.,1.));
#2798 = DIRECTION('',(1.,0.,0.));
#2799 = DEFINITIONAL_REPRESENTATION('',(#2800),#2804);
#2800 = LINE('',#2801,#2802);
#2801 = CARTESIAN_POINT('',(0.,0.));
#2802 = VECTOR('',#2803,1.);
#2803 = DIRECTION('',(0.,1.));
#2804 = ( GEOMETRIC_REPRESENTATION_CONTEXT(2) 
PARAMETRIC_REPRESENTATION_CONTEXT() REPRESENTATION_CONTEXT('2D SPACE',''
  ) );
#2805 = ORIENTED_EDGE('',*,*,#2806,.T.);
#2806 = EDGE_CURVE('',#2779,#2807,#2809,.T.);
#2807 = VERTEX_POINT('',#2808);
#2808 = CARTESIAN_POINT('',(12.42,-10.86,1.6));
#2809 = SURFACE_CURVE('',#2810,(#2814,#2821),.PCURVE_S1.);
#2810 = LINE('',#2811,#2812);
#2811 = CARTESIAN_POINT('',(12.42,-10.86,1.));
#2812 = VECTOR('',#2813,1.);
#2813 = DIRECTION('',(0.,0.,1.));
#2814 = PCURVE('',#2754,#2815);
#2815 = DEFINITIONAL_REPRESENTATION('',(#2816),#2820);
#2816 = LINE('',#2817,#2818);
#2817 = CARTESIAN_POINT('',(0.,-0.8));
#2818 = VECTOR('',#2819,1.);
#2819 = DIRECTION('',(1.,0.));
#2820 = ( GEOMETRIC_REPRESENTATION_CONTEXT(2) 
PARAMETRIC_REPRESENTATION_CONTEXT() REPRESENTATION_CONTEXT('2D SPACE',''
  ) );
#2821 = PCURVE('',#2822,#2827);
#2822 = PLANE('',#2823);
#2823 = AXIS2_PLACEMENT_3D('',#2824,#2825,#2826);
#2824 = CARTESIAN_POINT('',(12.42,-10.86,1.));
#2825 = DIRECTION('',(0.,1.,0.));
#2826 = DIRECTION('',(0.,0.,1.));
#2827 = DEFINITIONAL_REPRESENTATION('',(#2828),#2832);
#2828 = LINE('',#2829,#2830);
#2829 = CARTESIAN_POINT('',(0.,0.));
#2830 = VECTOR('',#2831,1.);
#2831 = DIRECTION('',(1.,0.));
#2832 = ( GEOMETRIC_REPRESENTATION_CONTEXT(2) 
PARAMETRIC_REPRESENTATION_CONTEXT() REPRESENTATION_CONTEXT('2D SPACE',''
  ) );
#2833 = ORIENTED_EDGE('',*,*,#2834,.F.);
#2834 = EDGE_CURVE('',#2746,#2807,#2835,.T.);
#2835 = SURFACE_CURVE('',#2836,(#2840,#2847),.PCURVE_S1.);
#2836 = LINE('',#2837,#2838);
#2837 = CARTESIAN_POINT('',(12.42,-11.66,1.6));
#2838 = VECTOR('',#2839,1.);
#2839 = DIRECTION('',(0.,1.,0.));
#2840 = PCURVE('',#2754,#2841);
#2841 = DEFINITIONAL_REPRESENTATION('',(#2842),#2846);
#2842 = LINE('',#2843,#2844);
#2843 = CARTESIAN_POINT('',(0.6,0.));
#2844 = VECTOR('',#2845,1.);
#2845 = DIRECTION('',(0.,-1.));
#2846 = ( GEOMETRIC_REPRESENTATION_CONTEXT(2) 
PARAMETRIC_REPRESENTATION_CONTEXT() REPRESENTATION_CONTEXT('2D SPACE',''
  ) );
#2847 = PCURVE('',#2848,#2853);
#2848 = PLANE('',#2849);
#2849 = AXIS2_PLACEMENT_3D('',#2850,#2851,#2852);
#2850 = CARTESIAN_POINT('',(12.42,-11.66,1.6));
#2851 = DIRECTION('',(0.,0.,1.));
#2852 = DIRECTION('',(1.,0.,0.));
#2853 = DEFINITIONAL_REPRESENTATION('',(#2854),#2858);
#2854 = LINE('',#2855,#2856);
#2855 = CARTESIAN_POINT('',(0.,0.));
#2856 = VECTOR('',#2857,1.);
#2857 = DIRECTION('',(0.,1.));
#2858 = ( GEOMETRIC_REPRESENTATION_CONTEXT(2) 
PARAMETRIC_REPRESENTATION_CONTEXT() REPRESENTATION_CONTEXT('2D SPACE',''
  ) );
#2859 = ADVANCED_FACE('',(#2860),#2874,.T.);
#2860 = FACE_BOUND('',#2861,.T.);
#2861 = EDGE_LOOP('',(#2862,#2892,#2915,#2938));
#2862 = ORIENTED_EDGE('',*,*,#2863,.F.);
#2863 = EDGE_CURVE('',#2864,#2866,#2868,.T.);
#2864 = VERTEX_POINT('',#2865);
#2865 = CARTESIAN_POINT('',(14.02,-11.66,1.));
#2866 = VERTEX_POINT('',#2867);
#2867 = CARTESIAN_POINT('',(14.02,-11.66,1.6));
#2868 = SURFACE_CURVE('',#2869,(#2873,#2885),.PCURVE_S1.);
#2869 = LINE('',#2870,#2871);
#2870 = CARTESIAN_POINT('',(14.02,-11.66,1.));
#2871 = VECTOR('',#2872,1.);
#2872 = DIRECTION('',(0.,0.,1.));
#2873 = PCURVE('',#2874,#2879);
#2874 = PLANE('',#2875);
#2875 = AXIS2_PLACEMENT_3D('',#2876,#2877,#2878);
#2876 = CARTESIAN_POINT('',(14.02,-11.66,1.));
#2877 = DIRECTION('',(1.,0.,0.));
#2878 = DIRECTION('',(0.,0.,1.));
#2879 = DEFINITIONAL_REPRESENTATION('',(#2880),#2884);
#2880 = LINE('',#2881,#2882);
#2881 = CARTESIAN_POINT('',(0.,0.));
#2882 = VECTOR('',#2883,1.);
#2883 = DIRECTION('',(1.,0.));
#2884 = ( GEOMETRIC_REPRESENTATION_CONTEXT(2) 
PARAMETRIC_REPRESENTATION_CONTEXT() REPRESENTATION_CONTEXT('2D SPACE',''
  ) );
#2885 = PCURVE('',#2766,#2886);
#2886 = DEFINITIONAL_REPRESENTATION('',(#2887),#2891);
#2887 = LINE('',#2888,#2889);
#2888 = CARTESIAN_POINT('',(0.,1.6));
#2889 = VECTOR('',#2890,1.);
#2890 = DIRECTION('',(1.,0.));
#2891 = ( GEOMETRIC_REPRESENTATION_CONTEXT(2) 
PARAMETRIC_REPRESENTATION_CONTEXT() REPRESENTATION_CONTEXT('2D SPACE',''
  ) );
#2892 = ORIENTED_EDGE('',*,*,#2893,.T.);
#2893 = EDGE_CURVE('',#2864,#2894,#2896,.T.);
#2894 = VERTEX_POINT('',#2895);
#2895 = CARTESIAN_POINT('',(14.02,-10.86,1.));
#2896 = SURFACE_CURVE('',#2897,(#2901,#2908),.PCURVE_S1.);
#2897 = LINE('',#2898,#2899);
#2898 = CARTESIAN_POINT('',(14.02,-11.66,1.));
#2899 = VECTOR('',#2900,1.);
#2900 = DIRECTION('',(0.,1.,0.));
#2901 = PCURVE('',#2874,#2902);
#2902 = DEFINITIONAL_REPRESENTATION('',(#2903),#2907);
#2903 = LINE('',#2904,#2905);
#2904 = CARTESIAN_POINT('',(0.,0.));
#2905 = VECTOR('',#2906,1.);
#2906 = DIRECTION('',(0.,-1.));
#2907 = ( GEOMETRIC_REPRESENTATION_CONTEXT(2) 
PARAMETRIC_REPRESENTATION_CONTEXT() REPRESENTATION_CONTEXT('2D SPACE',''
  ) );
#2908 = PCURVE('',#2794,#2909);
#2909 = DEFINITIONAL_REPRESENTATION('',(#2910),#2914);
#2910 = LINE('',#2911,#2912);
#2911 = CARTESIAN_POINT('',(1.6,0.));
#2912 = VECTOR('',#2913,1.);
#2913 = DIRECTION('',(0.,1.));
#2914 = ( GEOMETRIC_REPRESENTATION_CONTEXT(2) 
PARAMETRIC_REPRESENTATION_CONTEXT() REPRESENTATION_CONTEXT('2D SPACE',''
  ) );
#2915 = ORIENTED_EDGE('',*,*,#2916,.T.);
#2916 = EDGE_CURVE('',#2894,#2917,#2919,.T.);
#2917 = VERTEX_POINT('',#2918);
#2918 = CARTESIAN_POINT('',(14.02,-10.86,1.6));
#2919 = SURFACE_CURVE('',#2920,(#2924,#2931),.PCURVE_S1.);
#2920 = LINE('',#2921,#2922);
#2921 = CARTESIAN_POINT('',(14.02,-10.86,1.));
#2922 = VECTOR('',#2923,1.);
#2923 = DIRECTION('',(0.,0.,1.));
#2924 = PCURVE('',#2874,#2925);
#2925 = DEFINITIONAL_REPRESENTATION('',(#2926),#2930);
#2926 = LINE('',#2927,#2928);
#2927 = CARTESIAN_POINT('',(0.,-0.8));
#2928 = VECTOR('',#2929,1.);
#2929 = DIRECTION('',(1.,0.));
#2930 = ( GEOMETRIC_REPRESENTATION_CONTEXT(2) 
PARAMETRIC_REPRESENTATION_CONTEXT() REPRESENTATION_CONTEXT('2D SPACE',''
  ) );
#2931 = PCURVE('',#2822,#2932);
#2932 = DEFINITIONAL_REPRESENTATION('',(#2933),#2937);
#2933 = LINE('',#2934,#2935);
#2934 = CARTESIAN_POINT('',(0.,1.6));
#2935 = VECTOR('',#2936,1.);
#2936 = DIRECTION('',(1.,0.));
#2937 = ( GEOMETRIC_REPRESENTATION_CONTEXT(2) 
PARAMETRIC_REPRESENTATION_CONTEXT() REPRESENTATION_CONTEXT('2D SPACE',''
  ) );
#2938 = ORIENTED_EDGE('',*,*,#2939,.F.);
#2939 = EDGE_CURVE('',#2866,#2917,#2940,.T.);
#2940 = SURFACE_CURVE('',#2941,(#2945,#2952),.PCURVE_S1.);
#2941 = LINE('',#2942,#2943);
#2942 = CARTESIAN_POINT('',(14.02,-11.66,1.6));
#2943 = VECTOR('',#2944,1.);
#2944 = DIRECTION('',(0.,1.,0.));
#2945 = PCURVE('',#2874,#2946);
#2946 = DEFINITIONAL_REPRESENTATION('',(#2947),#2951);
#2947 = LINE('',#2948,#2949);
#2948 = CARTESIAN_POINT('',(0.6,0.));
#2949 = VECTOR('',#2950,1.);
#2950 = DIRECTION('',(0.,-1.));
#2951 = ( GEOMETRIC_REPRESENTATION_CONTEXT(2) 
PARAMETRIC_REPRESENTATION_CONTEXT() REPRESENTATION_CONTEXT('2D SPACE',''
  ) );
#2952 = PCURVE('',#2848,#2953);
#2953 = DEFINITIONAL_REPRESENTATION('',(#2954),#2958);
#2954 = LINE('',#2955,#2956);
#2955 = CARTESIAN_POINT('',(1.6,0.));
#2956 = VECTOR('',#2957,1.);
#2957 = DIRECTION('',(0.,1.));
#2958 = ( GEOMETRIC_REPRESENTATION_CONTEXT(2) 
PARAMETRIC_REPRESENTATION_CONTEXT() REPRESENTATION_CONTEXT('2D SPACE',''
  ) );
#2959 = ADVANCED_FACE('',(#2960),#2766,.F.);
#2960 = FACE_BOUND('',#2961,.F.);
#2961 = EDGE_LOOP('',(#2962,#2983,#2984,#3005));
#2962 = ORIENTED_EDGE('',*,*,#2963,.F.);
#2963 = EDGE_CURVE('',#2744,#2864,#2964,.T.);
#2964 = SURFACE_CURVE('',#2965,(#2969,#2976),.PCURVE_S1.);
#2965 = LINE('',#2966,#2967);
#2966 = CARTESIAN_POINT('',(12.42,-11.66,1.));
#2967 = VECTOR('',#2968,1.);
#2968 = DIRECTION('',(1.,0.,0.));
#2969 = PCURVE('',#2766,#2970);
#2970 = DEFINITIONAL_REPRESENTATION('',(#2971),#2975);
#2971 = LINE('',#2972,#2973);
#2972 = CARTESIAN_POINT('',(0.,0.));
#2973 = VECTOR('',#2974,1.);
#2974 = DIRECTION('',(0.,1.));
#2975 = ( GEOMETRIC_REPRESENTATION_CONTEXT(2) 
PARAMETRIC_REPRESENTATION_CONTEXT() REPRESENTATION_CONTEXT('2D SPACE',''
  ) );
#2976 = PCURVE('',#2794,#2977);
#2977 = DEFINITIONAL_REPRESENTATION('',(#2978),#2982);
#2978 = LINE('',#2979,#2980);
#2979 = CARTESIAN_POINT('',(0.,0.));
#2980 = VECTOR('',#2981,1.);
#2981 = DIRECTION('',(1.,0.));
#2982 = ( GEOMETRIC_REPRESENTATION_CONTEXT(2) 
PARAMETRIC_REPRESENTATION_CONTEXT() REPRESENTATION_CONTEXT('2D SPACE',''
  ) );
#2983 = ORIENTED_EDGE('',*,*,#2743,.T.);
#2984 = ORIENTED_EDGE('',*,*,#2985,.T.);
#2985 = EDGE_CURVE('',#2746,#2866,#2986,.T.);
#2986 = SURFACE_CURVE('',#2987,(#2991,#2998),.PCURVE_S1.);
#2987 = LINE('',#2988,#2989);
#2988 = CARTESIAN_POINT('',(12.42,-11.66,1.6));
#2989 = VECTOR('',#2990,1.);
#2990 = DIRECTION('',(1.,0.,0.));
#2991 = PCURVE('',#2766,#2992);
#2992 = DEFINITIONAL_REPRESENTATION('',(#2993),#2997);
#2993 = LINE('',#2994,#2995);
#2994 = CARTESIAN_POINT('',(0.6,0.));
#2995 = VECTOR('',#2996,1.);
#2996 = DIRECTION('',(0.,1.));
#2997 = ( GEOMETRIC_REPRESENTATION_CONTEXT(2) 
PARAMETRIC_REPRESENTATION_CONTEXT() REPRESENTATION_CONTEXT('2D SPACE',''
  ) );
#2998 = PCURVE('',#2848,#2999);
#2999 = DEFINITIONAL_REPRESENTATION('',(#3000),#3004);
#3000 = LINE('',#3001,#3002);
#3001 = CARTESIAN_POINT('',(0.,0.));
#3002 = VECTOR('',#3003,1.);
#3003 = DIRECTION('',(1.,0.));
#3004 = ( GEOMETRIC_REPRESENTATION_CONTEXT(2) 
PARAMETRIC_REPRESENTATION_CONTEXT() REPRESENTATION_CONTEXT('2D SPACE',''
  ) );
#3005 = ORIENTED_EDGE('',*,*,#2863,.F.);
#3006 = ADVANCED_FACE('',(#3007),#2822,.T.);
#3007 = FACE_BOUND('',#3008,.T.);
#3008 = EDGE_LOOP('',(#3009,#3030,#3031,#3052));
#3009 = ORIENTED_EDGE('',*,*,#3010,.F.);
#3010 = EDGE_CURVE('',#2779,#2894,#3011,.T.);
#3011 = SURFACE_CURVE('',#3012,(#3016,#3023),.PCURVE_S1.);
#3012 = LINE('',#3013,#3014);
#3013 = CARTESIAN_POINT('',(12.42,-10.86,1.));
#3014 = VECTOR('',#3015,1.);
#3015 = DIRECTION('',(1.,0.,0.));
#3016 = PCURVE('',#2822,#3017);
#3017 = DEFINITIONAL_REPRESENTATION('',(#3018),#3022);
#3018 = LINE('',#3019,#3020);
#3019 = CARTESIAN_POINT('',(0.,0.));
#3020 = VECTOR('',#3021,1.);
#3021 = DIRECTION('',(0.,1.));
#3022 = ( GEOMETRIC_REPRESENTATION_CONTEXT(2) 
PARAMETRIC_REPRESENTATION_CONTEXT() REPRESENTATION_CONTEXT('2D SPACE',''
  ) );
#3023 = PCURVE('',#2794,#3024);
#3024 = DEFINITIONAL_REPRESENTATION('',(#3025),#3029);
#3025 = LINE('',#3026,#3027);
#3026 = CARTESIAN_POINT('',(0.,0.8));
#3027 = VECTOR('',#3028,1.);
#3028 = DIRECTION('',(1.,0.));
#3029 = ( GEOMETRIC_REPRESENTATION_CONTEXT(2) 
PARAMETRIC_REPRESENTATION_CONTEXT() REPRESENTATION_CONTEXT('2D SPACE',''
  ) );
#3030 = ORIENTED_EDGE('',*,*,#2806,.T.);
#3031 = ORIENTED_EDGE('',*,*,#3032,.T.);
#3032 = EDGE_CURVE('',#2807,#2917,#3033,.T.);
#3033 = SURFACE_CURVE('',#3034,(#3038,#3045),.PCURVE_S1.);
#3034 = LINE('',#3035,#3036);
#3035 = CARTESIAN_POINT('',(12.42,-10.86,1.6));
#3036 = VECTOR('',#3037,1.);
#3037 = DIRECTION('',(1.,0.,0.));
#3038 = PCURVE('',#2822,#3039);
#3039 = DEFINITIONAL_REPRESENTATION('',(#3040),#3044);
#3040 = LINE('',#3041,#3042);
#3041 = CARTESIAN_POINT('',(0.6,0.));
#3042 = VECTOR('',#3043,1.);
#3043 = DIRECTION('',(0.,1.));
#3044 = ( GEOMETRIC_REPRESENTATION_CONTEXT(2) 
PARAMETRIC_REPRESENTATION_CONTEXT() REPRESENTATION_CONTEXT('2D SPACE',''
  ) );
#3045 = PCURVE('',#2848,#3046);
#3046 = DEFINITIONAL_REPRESENTATION('',(#3047),#3051);
#3047 = LINE('',#3048,#3049);
#3048 = CARTESIAN_POINT('',(0.,0.8));
#3049 = VECTOR('',#3050,1.);
#3050 = DIRECTION('',(1.,0.));
#3051 = ( GEOMETRIC_REPRESENTATION_CONTEXT(2) 
PARAMETRIC_REPRESENTATION_CONTEXT() REPRESENTATION_CONTEXT('2D SPACE',''
  ) );
#3052 = ORIENTED_EDGE('',*,*,#2916,.F.);
#3053 = ADVANCED_FACE('',(#3054),#2794,.F.);
#3054 = FACE_BOUND('',#3055,.F.);
#3055 = EDGE_LOOP('',(#3056,#3057,#3058,#3059));
#3056 = ORIENTED_EDGE('',*,*,#2778,.F.);
#3057 = ORIENTED_EDGE('',*,*,#2963,.T.);
#3058 = ORIENTED_EDGE('',*,*,#2893,.T.);
#3059 = ORIENTED_EDGE('',*,*,#3010,.F.);
#3060 = ADVANCED_FACE('',(#3061),#2848,.T.);
#3061 = FACE_BOUND('',#3062,.T.);
#3062 = EDGE_LOOP('',(#3063,#3064,#3065,#3066));
#3063 = ORIENTED_EDGE('',*,*,#2834,.F.);
#3064 = ORIENTED_EDGE('',*,*,#2985,.T.);
#3065 = ORIENTED_EDGE('',*,*,#2939,.T.);
#3066 = ORIENTED_EDGE('',*,*,#3032,.F.);
#3067 = ( GEOMETRIC_REPRESENTATION_CONTEXT(3) 
GLOBAL_UNCERTAINTY_ASSIGNED_CONTEXT((#3071)) 
GLOBAL_UNIT_ASSIGNED_CONTEXT((#3068,#3069,#3070)) REPRESENTATION_CONTEXT
('Context #1','3D Context with UNIT and UNCERTAINTY') );
#3068 = ( LENGTH_UNIT() NAMED_UNIT(*) SI_UNIT(.MILLI.,.METRE.) );
#3069 = ( NAMED_UNIT(*) PLANE_ANGLE_UNIT() SI_UNIT($,.RADIAN.) );
#3070 = ( NAMED_UNIT(*) SI_UNIT($,.STERADIAN.) SOLID_ANGLE_UNIT() );
#3071 = UNCERTAINTY_MEASURE_WITH_UNIT(LENGTH_MEASURE(1.E-07),#3068,
  'distance_accuracy_value','confusion accuracy');
#3072 = CONTEXT_DEPENDENT_SHAPE_REPRESENTATION(#3073,#3075);
#3073 = ( REPRESENTATION_RELATIONSHIP('','',#2736,#10) 
REPRESENTATION_RELATIONSHIP_WITH_TRANSFORMATION(#3074) 
SHAPE_REPRESENTATION_RELATIONSHIP() );
#3074 = ITEM_DEFINED_TRANSFORMATION('','',#11,#47);
#3075 = PRODUCT_DEFINITION_SHAPE('Placement','Placement of an item',
  #3076);
#3076 = NEXT_ASSEMBLY_USAGE_OCCURRENCE('9','led_8','',#5,#2731,$);
#3077 = PRODUCT_RELATED_PRODUCT_CATEGORY('part',$,(#2733));
#3078 = SHAPE_DEFINITION_REPRESENTATION(#3079,#3085);
#3079 = PRODUCT_DEFINITION_SHAPE('','',#3080);
#3080 = PRODUCT_DEFINITION('design','',#3081,#3084);
#3081 = PRODUCT_DEFINITION_FORMATION('','',#3082);
#3082 = PRODUCT('led_9','led_9','',(#3083));
#3083 = PRODUCT_CONTEXT('',#2,'mechanical');
#3084 = PRODUCT_DEFINITION_CONTEXT('part definition',#2,'design');
#3085 = ADVANCED_BREP_SHAPE_REPRESENTATION('',(#11,#3086),#3416);
#3086 = MANIFOLD_SOLID_BREP('',#3087);
#3087 = CLOSED_SHELL('',(#3088,#3208,#3308,#3355,#3402,#3409));
#3088 = ADVANCED_FACE('',(#3089),#3103,.F.);
#3089 = FACE_BOUND('',#3090,.F.);
#3090 = EDGE_LOOP('',(#3091,#3126,#3154,#3182));
#3091 = ORIENTED_EDGE('',*,*,#3092,.F.);
#3092 = EDGE_CURVE('',#3093,#3095,#3097,.T.);
#3093 = VERTEX_POINT('',#3094);
#3094 = CARTESIAN_POINT('',(12.42,-13.66,1.));
#3095 = VERTEX_POINT('',#3096);
#3096 = CARTESIAN_POINT('',(12.42,-13.66,1.6));
#3097 = SURFACE_CURVE('',#3098,(#3102,#3114),.PCURVE_S1.);
#3098 = LINE('',#3099,#3100);
#3099 = CARTESIAN_POINT('',(12.42,-13.66,1.));
#3100 = VECTOR('',#3101,1.);
#3101 = DIRECTION('',(0.,0.,1.));
#3102 = PCURVE('',#3103,#3108);
#3103 = PLANE('',#3104);
#3104 = AXIS2_PLACEMENT_3D('',#3105,#3106,#3107);
#3105 = CARTESIAN_POINT('',(12.42,-13.66,1.));
#3106 = DIRECTION('',(1.,0.,0.));
#3107 = DIRECTION('',(0.,0.,1.));
#3108 = DEFINITIONAL_REPRESENTATION('',(#3109),#3113);
#3109 = LINE('',#3110,#3111);
#3110 = CARTESIAN_POINT('',(0.,0.));
#3111 = VECTOR('',#3112,1.);
#3112 = DIRECTION('',(1.,0.));
#3113 = ( GEOMETRIC_REPRESENTATION_CONTEXT(2) 
PARAMETRIC_REPRESENTATION_CONTEXT() REPRESENTATION_CONTEXT('2D SPACE',''
  ) );
#3114 = PCURVE('',#3115,#3120);
#3115 = PLANE('',#3116);
#3116 = AXIS2_PLACEMENT_3D('',#3117,#3118,#3119);
#3117 = CARTESIAN_POINT('',(12.42,-13.66,1.));
#3118 = DIRECTION('',(0.,1.,0.));
#3119 = DIRECTION('',(0.,0.,1.));
#3120 = DEFINITIONAL_REPRESENTATION('',(#3121),#3125);
#3121 = LINE('',#3122,#3123);
#3122 = CARTESIAN_POINT('',(0.,0.));
#3123 = VECTOR('',#3124,1.);
#3124 = DIRECTION('',(1.,0.));
#3125 = ( GEOMETRIC_REPRESENTATION_CONTEXT(2) 
PARAMETRIC_REPRESENTATION_CONTEXT() REPRESENTATION_CONTEXT('2D SPACE',''
  ) );
#3126 = ORIENTED_EDGE('',*,*,#3127,.T.);
#3127 = EDGE_CURVE('',#3093,#3128,#3130,.T.);
#3128 = VERTEX_POINT('',#3129);
#3129 = CARTESIAN_POINT('',(12.42,-12.86,1.));
#3130 = SURFACE_CURVE('',#3131,(#3135,#3142),.PCURVE_S1.);
#3131 = LINE('',#3132,#3133);
#3132 = CARTESIAN_POINT('',(12.42,-13.66,1.));
#3133 = VECTOR('',#3134,1.);
#3134 = DIRECTION('',(0.,1.,0.));
#3135 = PCURVE('',#3103,#3136);
#3136 = DEFINITIONAL_REPRESENTATION('',(#3137),#3141);
#3137 = LINE('',#3138,#3139);
#3138 = CARTESIAN_POINT('',(0.,0.));
#3139 = VECTOR('',#3140,1.);
#3140 = DIRECTION('',(0.,-1.));
#3141 = ( GEOMETRIC_REPRESENTATION_CONTEXT(2) 
PARAMETRIC_REPRESENTATION_CONTEXT() REPRESENTATION_CONTEXT('2D SPACE',''
  ) );
#3142 = PCURVE('',#3143,#3148);
#3143 = PLANE('',#3144);
#3144 = AXIS2_PLACEMENT_3D('',#3145,#3146,#3147);
#3145 = CARTESIAN_POINT('',(12.42,-13.66,1.));
#3146 = DIRECTION('',(0.,0.,1.));
#3147 = DIRECTION('',(1.,0.,0.));
#3148 = DEFINITIONAL_REPRESENTATION('',(#3149),#3153);
#3149 = LINE('',#3150,#3151);
#3150 = CARTESIAN_POINT('',(0.,0.));
#3151 = VECTOR('',#3152,1.);
#3152 = DIRECTION('',(0.,1.));
#3153 = ( GEOMETRIC_REPRESENTATION_CONTEXT(2) 
PARAMETRIC_REPRESENTATION_CONTEXT() REPRESENTATION_CONTEXT('2D SPACE',''
  ) );
#3154 = ORIENTED_EDGE('',*,*,#3155,.T.);
#3155 = EDGE_CURVE('',#3128,#3156,#3158,.T.);
#3156 = VERTEX_POINT('',#3157);
#3157 = CARTESIAN_POINT('',(12.42,-12.86,1.6));
#3158 = SURFACE_CURVE('',#3159,(#3163,#3170),.PCURVE_S1.);
#3159 = LINE('',#3160,#3161);
#3160 = CARTESIAN_POINT('',(12.42,-12.86,1.));
#3161 = VECTOR('',#3162,1.);
#3162 = DIRECTION('',(0.,0.,1.));
#3163 = PCURVE('',#3103,#3164);
#3164 = DEFINITIONAL_REPRESENTATION('',(#3165),#3169);
#3165 = LINE('',#3166,#3167);
#3166 = CARTESIAN_POINT('',(0.,-0.8));
#3167 = VECTOR('',#3168,1.);
#3168 = DIRECTION('',(1.,0.));
#3169 = ( GEOMETRIC_REPRESENTATION_CONTEXT(2) 
PARAMETRIC_REPRESENTATION_CONTEXT() REPRESENTATION_CONTEXT('2D SPACE',''
  ) );
#3170 = PCURVE('',#3171,#3176);
#3171 = PLANE('',#3172);
#3172 = AXIS2_PLACEMENT_3D('',#3173,#3174,#3175);
#3173 = CARTESIAN_POINT('',(12.42,-12.86,1.));
#3174 = DIRECTION('',(0.,1.,0.));
#3175 = DIRECTION('',(0.,0.,1.));
#3176 = DEFINITIONAL_REPRESENTATION('',(#3177),#3181);
#3177 = LINE('',#3178,#3179);
#3178 = CARTESIAN_POINT('',(0.,0.));
#3179 = VECTOR('',#3180,1.);
#3180 = DIRECTION('',(1.,0.));
#3181 = ( GEOMETRIC_REPRESENTATION_CONTEXT(2) 
PARAMETRIC_REPRESENTATION_CONTEXT() REPRESENTATION_CONTEXT('2D SPACE',''
  ) );
#3182 = ORIENTED_EDGE('',*,*,#3183,.F.);
#3183 = EDGE_CURVE('',#3095,#3156,#3184,.T.);
#3184 = SURFACE_CURVE('',#3185,(#3189,#3196),.PCURVE_S1.);
#3185 = LINE('',#3186,#3187);
#3186 = CARTESIAN_POINT('',(12.42,-13.66,1.6));
#3187 = VECTOR('',#3188,1.);
#3188 = DIRECTION('',(0.,1.,0.));
#3189 = PCURVE('',#3103,#3190);
#3190 = DEFINITIONAL_REPRESENTATION('',(#3191),#3195);
#3191 = LINE('',#3192,#3193);
#3192 = CARTESIAN_POINT('',(0.6,0.));
#3193 = VECTOR('',#3194,1.);
#3194 = DIRECTION('',(0.,-1.));
#3195 = ( GEOMETRIC_REPRESENTATION_CONTEXT(2) 
PARAMETRIC_REPRESENTATION_CONTEXT() REPRESENTATION_CONTEXT('2D SPACE',''
  ) );
#3196 = PCURVE('',#3197,#3202);
#3197 = PLANE('',#3198);
#3198 = AXIS2_PLACEMENT_3D('',#3199,#3200,#3201);
#3199 = CARTESIAN_POINT('',(12.42,-13.66,1.6));
#3200 = DIRECTION('',(0.,0.,1.));
#3201 = DIRECTION('',(1.,0.,0.));
#3202 = DEFINITIONAL_REPRESENTATION('',(#3203),#3207);
#3203 = LINE('',#3204,#3205);
#3204 = CARTESIAN_POINT('',(0.,0.));
#3205 = VECTOR('',#3206,1.);
#3206 = DIRECTION('',(0.,1.));
#3207 = ( GEOMETRIC_REPRESENTATION_CONTEXT(2) 
PARAMETRIC_REPRESENTATION_CONTEXT() REPRESENTATION_CONTEXT('2D SPACE',''
  ) );
#3208 = ADVANCED_FACE('',(#3209),#3223,.T.);
#3209 = FACE_BOUND('',#3210,.T.);
#3210 = EDGE_LOOP('',(#3211,#3241,#3264,#3287));
#3211 = ORIENTED_EDGE('',*,*,#3212,.F.);
#3212 = EDGE_CURVE('',#3213,#3215,#3217,.T.);
#3213 = VERTEX_POINT('',#3214);
#3214 = CARTESIAN_POINT('',(14.02,-13.66,1.));
#3215 = VERTEX_POINT('',#3216);
#3216 = CARTESIAN_POINT('',(14.02,-13.66,1.6));
#3217 = SURFACE_CURVE('',#3218,(#3222,#3234),.PCURVE_S1.);
#3218 = LINE('',#3219,#3220);
#3219 = CARTESIAN_POINT('',(14.02,-13.66,1.));
#3220 = VECTOR('',#3221,1.);
#3221 = DIRECTION('',(0.,0.,1.));
#3222 = PCURVE('',#3223,#3228);
#3223 = PLANE('',#3224);
#3224 = AXIS2_PLACEMENT_3D('',#3225,#3226,#3227);
#3225 = CARTESIAN_POINT('',(14.02,-13.66,1.));
#3226 = DIRECTION('',(1.,0.,0.));
#3227 = DIRECTION('',(0.,0.,1.));
#3228 = DEFINITIONAL_REPRESENTATION('',(#3229),#3233);
#3229 = LINE('',#3230,#3231);
#3230 = CARTESIAN_POINT('',(0.,0.));
#3231 = VECTOR('',#3232,1.);
#3232 = DIRECTION('',(1.,0.));
#3233 = ( GEOMETRIC_REPRESENTATION_CONTEXT(2) 
PARAMETRIC_REPRESENTATION_CONTEXT() REPRESENTATION_CONTEXT('2D SPACE',''
  ) );
#3234 = PCURVE('',#3115,#3235);
#3235 = DEFINITIONAL_REPRESENTATION('',(#3236),#3240);
#3236 = LINE('',#3237,#3238);
#3237 = CARTESIAN_POINT('',(0.,1.6));
#3238 = VECTOR('',#3239,1.);
#3239 = DIRECTION('',(1.,0.));
#3240 = ( GEOMETRIC_REPRESENTATION_CONTEXT(2) 
PARAMETRIC_REPRESENTATION_CONTEXT() REPRESENTATION_CONTEXT('2D SPACE',''
  ) );
#3241 = ORIENTED_EDGE('',*,*,#3242,.T.);
#3242 = EDGE_CURVE('',#3213,#3243,#3245,.T.);
#3243 = VERTEX_POINT('',#3244);
#3244 = CARTESIAN_POINT('',(14.02,-12.86,1.));
#3245 = SURFACE_CURVE('',#3246,(#3250,#3257),.PCURVE_S1.);
#3246 = LINE('',#3247,#3248);
#3247 = CARTESIAN_POINT('',(14.02,-13.66,1.));
#3248 = VECTOR('',#3249,1.);
#3249 = DIRECTION('',(0.,1.,0.));
#3250 = PCURVE('',#3223,#3251);
#3251 = DEFINITIONAL_REPRESENTATION('',(#3252),#3256);
#3252 = LINE('',#3253,#3254);
#3253 = CARTESIAN_POINT('',(0.,0.));
#3254 = VECTOR('',#3255,1.);
#3255 = DIRECTION('',(0.,-1.));
#3256 = ( GEOMETRIC_REPRESENTATION_CONTEXT(2) 
PARAMETRIC_REPRESENTATION_CONTEXT() REPRESENTATION_CONTEXT('2D SPACE',''
  ) );
#3257 = PCURVE('',#3143,#3258);
#3258 = DEFINITIONAL_REPRESENTATION('',(#3259),#3263);
#3259 = LINE('',#3260,#3261);
#3260 = CARTESIAN_POINT('',(1.6,0.));
#3261 = VECTOR('',#3262,1.);
#3262 = DIRECTION('',(0.,1.));
#3263 = ( GEOMETRIC_REPRESENTATION_CONTEXT(2) 
PARAMETRIC_REPRESENTATION_CONTEXT() REPRESENTATION_CONTEXT('2D SPACE',''
  ) );
#3264 = ORIENTED_EDGE('',*,*,#3265,.T.);
#3265 = EDGE_CURVE('',#3243,#3266,#3268,.T.);
#3266 = VERTEX_POINT('',#3267);
#3267 = CARTESIAN_POINT('',(14.02,-12.86,1.6));
#3268 = SURFACE_CURVE('',#3269,(#3273,#3280),.PCURVE_S1.);
#3269 = LINE('',#3270,#3271);
#3270 = CARTESIAN_POINT('',(14.02,-12.86,1.));
#3271 = VECTOR('',#3272,1.);
#3272 = DIRECTION('',(0.,0.,1.));
#3273 = PCURVE('',#3223,#3274);
#3274 = DEFINITIONAL_REPRESENTATION('',(#3275),#3279);
#3275 = LINE('',#3276,#3277);
#3276 = CARTESIAN_POINT('',(0.,-0.8));
#3277 = VECTOR('',#3278,1.);
#3278 = DIRECTION('',(1.,0.));
#3279 = ( GEOMETRIC_REPRESENTATION_CONTEXT(2) 
PARAMETRIC_REPRESENTATION_CONTEXT() REPRESENTATION_CONTEXT('2D SPACE',''
  ) );
#3280 = PCURVE('',#3171,#3281);
#3281 = DEFINITIONAL_REPRESENTATION('',(#3282),#3286);
#3282 = LINE('',#3283,#3284);
#3283 = CARTESIAN_POINT('',(0.,1.6));
#3284 = VECTOR('',#3285,1.);
#3285 = DIRECTION('',(1.,0.));
#3286 = ( GEOMETRIC_REPRESENTATION_CONTEXT(2) 
PARAMETRIC_REPRESENTATION_CONTEXT() REPRESENTATION_CONTEXT('2D SPACE',''
  ) );
#3287 = ORIENTED_EDGE('',*,*,#3288,.F.);
#3288 = EDGE_CURVE('',#3215,#3266,#3289,.T.);
#3289 = SURFACE_CURVE('',#3290,(#3294,#3301),.PCURVE_S1.);
#3290 = LINE('',#3291,#3292);
#3291 = CARTESIAN_POINT('',(14.02,-13.66,1.6));
#3292 = VECTOR('',#3293,1.);
#3293 = DIRECTION('',(0.,1.,0.));
#3294 = PCURVE('',#3223,#3295);
#3295 = DEFINITIONAL_REPRESENTATION('',(#3296),#3300);
#3296 = LINE('',#3297,#3298);
#3297 = CARTESIAN_POINT('',(0.6,0.));
#3298 = VECTOR('',#3299,1.);
#3299 = DIRECTION('',(0.,-1.));
#3300 = ( GEOMETRIC_REPRESENTATION_CONTEXT(2) 
PARAMETRIC_REPRESENTATION_CONTEXT() REPRESENTATION_CONTEXT('2D SPACE',''
  ) );
#3301 = PCURVE('',#3197,#3302);
#3302 = DEFINITIONAL_REPRESENTATION('',(#3303),#3307);
#3303 = LINE('',#3304,#3305);
#3304 = CARTESIAN_POINT('',(1.6,0.));
#3305 = VECTOR('',#3306,1.);
#3306 = DIRECTION('',(0.,1.));
#3307 = ( GEOMETRIC_REPRESENTATION_CONTEXT(2) 
PARAMETRIC_REPRESENTATION_CONTEXT() REPRESENTATION_CONTEXT('2D SPACE',''
  ) );
#3308 = ADVANCED_FACE('',(#3309),#3115,.F.);
#3309 = FACE_BOUND('',#3310,.F.);
#3310 = EDGE_LOOP('',(#3311,#3332,#3333,#3354));
#3311 = ORIENTED_EDGE('',*,*,#3312,.F.);
#3312 = EDGE_CURVE('',#3093,#3213,#3313,.T.);
#3313 = SURFACE_CURVE('',#3314,(#3318,#3325),.PCURVE_S1.);
#3314 = LINE('',#3315,#3316);
#3315 = CARTESIAN_POINT('',(12.42,-13.66,1.));
#3316 = VECTOR('',#3317,1.);
#3317 = DIRECTION('',(1.,0.,0.));
#3318 = PCURVE('',#3115,#3319);
#3319 = DEFINITIONAL_REPRESENTATION('',(#3320),#3324);
#3320 = LINE('',#3321,#3322);
#3321 = CARTESIAN_POINT('',(0.,0.));
#3322 = VECTOR('',#3323,1.);
#3323 = DIRECTION('',(0.,1.));
#3324 = ( GEOMETRIC_REPRESENTATION_CONTEXT(2) 
PARAMETRIC_REPRESENTATION_CONTEXT() REPRESENTATION_CONTEXT('2D SPACE',''
  ) );
#3325 = PCURVE('',#3143,#3326);
#3326 = DEFINITIONAL_REPRESENTATION('',(#3327),#3331);
#3327 = LINE('',#3328,#3329);
#3328 = CARTESIAN_POINT('',(0.,0.));
#3329 = VECTOR('',#3330,1.);
#3330 = DIRECTION('',(1.,0.));
#3331 = ( GEOMETRIC_REPRESENTATION_CONTEXT(2) 
PARAMETRIC_REPRESENTATION_CONTEXT() REPRESENTATION_CONTEXT('2D SPACE',''
  ) );
#3332 = ORIENTED_EDGE('',*,*,#3092,.T.);
#3333 = ORIENTED_EDGE('',*,*,#3334,.T.);
#3334 = EDGE_CURVE('',#3095,#3215,#3335,.T.);
#3335 = SURFACE_CURVE('',#3336,(#3340,#3347),.PCURVE_S1.);
#3336 = LINE('',#3337,#3338);
#3337 = CARTESIAN_POINT('',(12.42,-13.66,1.6));
#3338 = VECTOR('',#3339,1.);
#3339 = DIRECTION('',(1.,0.,0.));
#3340 = PCURVE('',#3115,#3341);
#3341 = DEFINITIONAL_REPRESENTATION('',(#3342),#3346);
#3342 = LINE('',#3343,#3344);
#3343 = CARTESIAN_POINT('',(0.6,0.));
#3344 = VECTOR('',#3345,1.);
#3345 = DIRECTION('',(0.,1.));
#3346 = ( GEOMETRIC_REPRESENTATION_CONTEXT(2) 
PARAMETRIC_REPRESENTATION_CONTEXT() REPRESENTATION_CONTEXT('2D SPACE',''
  ) );
#3347 = PCURVE('',#3197,#3348);
#3348 = DEFINITIONAL_REPRESENTATION('',(#3349),#3353);
#3349 = LINE('',#3350,#3351);
#3350 = CARTESIAN_POINT('',(0.,0.));
#3351 = VECTOR('',#3352,1.);
#3352 = DIRECTION('',(1.,0.));
#3353 = ( GEOMETRIC_REPRESENTATION_CONTEXT(2) 
PARAMETRIC_REPRESENTATION_CONTEXT() REPRESENTATION_CONTEXT('2D SPACE',''
  ) );
#3354 = ORIENTED_EDGE('',*,*,#3212,.F.);
#3355 = ADVANCED_FACE('',(#3356),#3171,.T.);
#3356 = FACE_BOUND('',#3357,.T.);
#3357 = EDGE_LOOP('',(#3358,#3379,#3380,#3401));
#3358 = ORIENTED_EDGE('',*,*,#3359,.F.);
#3359 = EDGE_CURVE('',#3128,#3243,#3360,.T.);
#3360 = SURFACE_CURVE('',#3361,(#3365,#3372),.PCURVE_S1.);
#3361 = LINE('',#3362,#3363);
#3362 = CARTESIAN_POINT('',(12.42,-12.86,1.));
#3363 = VECTOR('',#3364,1.);
#3364 = DIRECTION('',(1.,0.,0.));
#3365 = PCURVE('',#3171,#3366);
#3366 = DEFINITIONAL_REPRESENTATION('',(#3367),#3371);
#3367 = LINE('',#3368,#3369);
#3368 = CARTESIAN_POINT('',(0.,0.));
#3369 = VECTOR('',#3370,1.);
#3370 = DIRECTION('',(0.,1.));
#3371 = ( GEOMETRIC_REPRESENTATION_CONTEXT(2) 
PARAMETRIC_REPRESENTATION_CONTEXT() REPRESENTATION_CONTEXT('2D SPACE',''
  ) );
#3372 = PCURVE('',#3143,#3373);
#3373 = DEFINITIONAL_REPRESENTATION('',(#3374),#3378);
#3374 = LINE('',#3375,#3376);
#3375 = CARTESIAN_POINT('',(0.,0.8));
#3376 = VECTOR('',#3377,1.);
#3377 = DIRECTION('',(1.,0.));
#3378 = ( GEOMETRIC_REPRESENTATION_CONTEXT(2) 
PARAMETRIC_REPRESENTATION_CONTEXT() REPRESENTATION_CONTEXT('2D SPACE',''
  ) );
#3379 = ORIENTED_EDGE('',*,*,#3155,.T.);
#3380 = ORIENTED_EDGE('',*,*,#3381,.T.);
#3381 = EDGE_CURVE('',#3156,#3266,#3382,.T.);
#3382 = SURFACE_CURVE('',#3383,(#3387,#3394),.PCURVE_S1.);
#3383 = LINE('',#3384,#3385);
#3384 = CARTESIAN_POINT('',(12.42,-12.86,1.6));
#3385 = VECTOR('',#3386,1.);
#3386 = DIRECTION('',(1.,0.,0.));
#3387 = PCURVE('',#3171,#3388);
#3388 = DEFINITIONAL_REPRESENTATION('',(#3389),#3393);
#3389 = LINE('',#3390,#3391);
#3390 = CARTESIAN_POINT('',(0.6,0.));
#3391 = VECTOR('',#3392,1.);
#3392 = DIRECTION('',(0.,1.));
#3393 = ( GEOMETRIC_REPRESENTATION_CONTEXT(2) 
PARAMETRIC_REPRESENTATION_CONTEXT() REPRESENTATION_CONTEXT('2D SPACE',''
  ) );
#3394 = PCURVE('',#3197,#3395);
#3395 = DEFINITIONAL_REPRESENTATION('',(#3396),#3400);
#3396 = LINE('',#3397,#3398);
#3397 = CARTESIAN_POINT('',(0.,0.8));
#3398 = VECTOR('',#3399,1.);
#3399 = DIRECTION('',(1.,0.));
#3400 = ( GEOMETRIC_REPRESENTATION_CONTEXT(2) 
PARAMETRIC_REPRESENTATION_CONTEXT() REPRESENTATION_CONTEXT('2D SPACE',''
  ) );
#3401 = ORIENTED_EDGE('',*,*,#3265,.F.);
#3402 = ADVANCED_FACE('',(#3403),#3143,.F.);
#3403 = FACE_BOUND('',#3404,.F.);
#3404 = EDGE_LOOP('',(#3405,#3406,#3407,#3408));
#3405 = ORIENTED_EDGE('',*,*,#3127,.F.);
#3406 = ORIENTED_EDGE('',*,*,#3312,.T.);
#3407 = ORIENTED_EDGE('',*,*,#3242,.T.);
#3408 = ORIENTED_EDGE('',*,*,#3359,.F.);
#3409 = ADVANCED_FACE('',(#3410),#3197,.T.);
#3410 = FACE_BOUND('',#3411,.T.);
#3411 = EDGE_LOOP('',(#3412,#3413,#3414,#3415));
#3412 = ORIENTED_EDGE('',*,*,#3183,.F.);
#3413 = ORIENTED_EDGE('',*,*,#3334,.T.);
#3414 = ORIENTED_EDGE('',*,*,#3288,.T.);
#3415 = ORIENTED_EDGE('',*,*,#3381,.F.);
#3416 = ( GEOMETRIC_REPRESENTATION_CONTEXT(3) 
GLOBAL_UNCERTAINTY_ASSIGNED_CONTEXT((#3420)) 
GLOBAL_UNIT_ASSIGNED_CONTEXT((#3417,#3418,#3419)) REPRESENTATION_CONTEXT
('Context #1','3D Context with UNIT and UNCERTAINTY') );
#3417 = ( LENGTH_UNIT() NAMED_UNIT(*) SI_UNIT(.MILLI.,.METRE.) );
#3418 = ( NAMED_UNIT(*) PLANE_ANGLE_UNIT() SI_UNIT($,.RADIAN.) );
#3419 = ( NAMED_UNIT(*) SI_UNIT($,.STERADIAN.) SOLID_ANGLE_UNIT() );
#3420 = UNCERTAINTY_MEASURE_WITH_UNIT(LENGTH_MEASURE(1.E-07),#3417,
  'distance_accuracy_value','confusion accuracy');
#3421 = CONTEXT_DEPENDENT_SHAPE_REPRESENTATION(#3422,#3424);
#3422 = ( REPRESENTATION_RELATIONSHIP('','',#3085,#10) 
REPRESENTATION_RELATIONSHIP_WITH_TRANSFORMATION(#3423) 
SHAPE_REPRESENTATION_RELATIONSHIP() );
#3423 = ITEM_DEFINED_TRANSFORMATION('','',#11,#51);
#3424 = PRODUCT_DEFINITION_SHAPE('Placement','Placement of an item',
  #3425);
#3425 = NEXT_ASSEMBLY_USAGE_OCCURRENCE('10','led_9','',#5,#3080,$);
#3426 = PRODUCT_RELATED_PRODUCT_CATEGORY('part',$,(#3082));
#3427 = SHAPE_DEFINITION_REPRESENTATION(#3428,#3434);
#3428 = PRODUCT_DEFINITION_SHAPE('','',#3429);
#3429 = PRODUCT_DEFINITION('design','',#3430,#3433);
#3430 = PRODUCT_DEFINITION_FORMATION('','',#3431);
#3431 = PRODUCT('antenna_10','antenna_10','',(#3432));
#3432 = PRODUCT_CONTEXT('',#2,'mechanical');
#3433 = PRODUCT_DEFINITION_CONTEXT('part definition',#2,'design');
#3434 = ADVANCED_BREP_SHAPE_REPRESENTATION('',(#11,#3435),#3765);
#3435 = MANIFOLD_SOLID_BREP('',#3436);
#3436 = CLOSED_SHELL('',(#3437,#3557,#3657,#3704,#3751,#3758));
#3437 = ADVANCED_FACE('',(#3438),#3452,.F.);
#3438 = FACE_BOUND('',#3439,.F.);
#3439 = EDGE_LOOP('',(#3440,#3475,#3503,#3531));
#3440 = ORIENTED_EDGE('',*,*,#3441,.F.);
#3441 = EDGE_CURVE('',#3442,#3444,#3446,.T.);
#3442 = VERTEX_POINT('',#3443);
#3443 = CARTESIAN_POINT('',(4.12,-20.78,1.));
#3444 = VERTEX_POINT('',#3445);
#3445 = CARTESIAN_POINT('',(4.12,-20.78,2.));
#3446 = SURFACE_CURVE('',#3447,(#3451,#3463),.PCURVE_S1.);
#3447 = LINE('',#3448,#3449);
#3448 = CARTESIAN_POINT('',(4.12,-20.78,1.));
#3449 = VECTOR('',#3450,1.);
#3450 = DIRECTION('',(0.,0.,1.));
#3451 = PCURVE('',#3452,#3457);
#3452 = PLANE('',#3453);
#3453 = AXIS2_PLACEMENT_3D('',#3454,#3455,#3456);
#3454 = CARTESIAN_POINT('',(4.12,-20.78,1.));
#3455 = DIRECTION('',(1.,0.,0.));
#3456 = DIRECTION('',(0.,0.,1.));
#3457 = DEFINITIONAL_REPRESENTATION('',(#3458),#3462);
#3458 = LINE('',#3459,#3460);
#3459 = CARTESIAN_POINT('',(0.,0.));
#3460 = VECTOR('',#3461,1.);
#3461 = DIRECTION('',(1.,0.));
#3462 = ( GEOMETRIC_REPRESENTATION_CONTEXT(2) 
PARAMETRIC_REPRESENTATION_CONTEXT() REPRESENTATION_CONTEXT('2D SPACE',''
  ) );
#3463 = PCURVE('',#3464,#3469);
#3464 = PLANE('',#3465);
#3465 = AXIS2_PLACEMENT_3D('',#3466,#3467,#3468);
#3466 = CARTESIAN_POINT('',(4.12,-20.78,1.));
#3467 = DIRECTION('',(0.,1.,0.));
#3468 = DIRECTION('',(0.,0.,1.));
#3469 = DEFINITIONAL_REPRESENTATION('',(#3470),#3474);
#3470 = LINE('',#3471,#3472);
#3471 = CARTESIAN_POINT('',(0.,0.));
#3472 = VECTOR('',#3473,1.);
#3473 = DIRECTION('',(1.,0.));
#3474 = ( GEOMETRIC_REPRESENTATION_CONTEXT(2) 
PARAMETRIC_REPRESENTATION_CONTEXT() REPRESENTATION_CONTEXT('2D SPACE',''
  ) );
#3475 = ORIENTED_EDGE('',*,*,#3476,.T.);
#3476 = EDGE_CURVE('',#3442,#3477,#3479,.T.);
#3477 = VERTEX_POINT('',#3478);
#3478 = CARTESIAN_POINT('',(4.12,-18.18,1.));
#3479 = SURFACE_CURVE('',#3480,(#3484,#3491),.PCURVE_S1.);
#3480 = LINE('',#3481,#3482);
#3481 = CARTESIAN_POINT('',(4.12,-20.78,1.));
#3482 = VECTOR('',#3483,1.);
#3483 = DIRECTION('',(0.,1.,0.));
#3484 = PCURVE('',#3452,#3485);
#3485 = DEFINITIONAL_REPRESENTATION('',(#3486),#3490);
#3486 = LINE('',#3487,#3488);
#3487 = CARTESIAN_POINT('',(0.,0.));
#3488 = VECTOR('',#3489,1.);
#3489 = DIRECTION('',(0.,-1.));
#3490 = ( GEOMETRIC_REPRESENTATION_CONTEXT(2) 
PARAMETRIC_REPRESENTATION_CONTEXT() REPRESENTATION_CONTEXT('2D SPACE',''
  ) );
#3491 = PCURVE('',#3492,#3497);
#3492 = PLANE('',#3493);
#3493 = AXIS2_PLACEMENT_3D('',#3494,#3495,#3496);
#3494 = CARTESIAN_POINT('',(4.12,-20.78,1.));
#3495 = DIRECTION('',(0.,0.,1.));
#3496 = DIRECTION('',(1.,0.,0.));
#3497 = DEFINITIONAL_REPRESENTATION('',(#3498),#3502);
#3498 = LINE('',#3499,#3500);
#3499 = CARTESIAN_POINT('',(0.,0.));
#3500 = VECTOR('',#3501,1.);
#3501 = DIRECTION('',(0.,1.));
#3502 = ( GEOMETRIC_REPRESENTATION_CONTEXT(2) 
PARAMETRIC_REPRESENTATION_CONTEXT() REPRESENTATION_CONTEXT('2D SPACE',''
  ) );
#3503 = ORIENTED_EDGE('',*,*,#3504,.T.);
#3504 = EDGE_CURVE('',#3477,#3505,#3507,.T.);
#3505 = VERTEX_POINT('',#3506);
#3506 = CARTESIAN_POINT('',(4.12,-18.18,2.));
#3507 = SURFACE_CURVE('',#3508,(#3512,#3519),.PCURVE_S1.);
#3508 = LINE('',#3509,#3510);
#3509 = CARTESIAN_POINT('',(4.12,-18.18,1.));
#3510 = VECTOR('',#3511,1.);
#3511 = DIRECTION('',(0.,0.,1.));
#3512 = PCURVE('',#3452,#3513);
#3513 = DEFINITIONAL_REPRESENTATION('',(#3514),#3518);
#3514 = LINE('',#3515,#3516);
#3515 = CARTESIAN_POINT('',(0.,-2.6));
#3516 = VECTOR('',#3517,1.);
#3517 = DIRECTION('',(1.,0.));
#3518 = ( GEOMETRIC_REPRESENTATION_CONTEXT(2) 
PARAMETRIC_REPRESENTATION_CONTEXT() REPRESENTATION_CONTEXT('2D SPACE',''
  ) );
#3519 = PCURVE('',#3520,#3525);
#3520 = PLANE('',#3521);
#3521 = AXIS2_PLACEMENT_3D('',#3522,#3523,#3524);
#3522 = CARTESIAN_POINT('',(4.12,-18.18,1.));
#3523 = DIRECTION('',(0.,1.,0.));
#3524 = DIRECTION('',(0.,0.,1.));
#3525 = DEFINITIONAL_REPRESENTATION('',(#3526),#3530);
#3526 = LINE('',#3527,#3528);
#3527 = CARTESIAN_POINT('',(0.,0.));
#3528 = VECTOR('',#3529,1.);
#3529 = DIRECTION('',(1.,0.));
#3530 = ( GEOMETRIC_REPRESENTATION_CONTEXT(2) 
PARAMETRIC_REPRESENTATION_CONTEXT() REPRESENTATION_CONTEXT('2D SPACE',''
  ) );
#3531 = ORIENTED_EDGE('',*,*,#3532,.F.);
#3532 = EDGE_CURVE('',#3444,#3505,#3533,.T.);
#3533 = SURFACE_CURVE('',#3534,(#3538,#3545),.PCURVE_S1.);
#3534 = LINE('',#3535,#3536);
#3535 = CARTESIAN_POINT('',(4.12,-20.78,2.));
#3536 = VECTOR('',#3537,1.);
#3537 = DIRECTION('',(0.,1.,0.));
#3538 = PCURVE('',#3452,#3539);
#3539 = DEFINITIONAL_REPRESENTATION('',(#3540),#3544);
#3540 = LINE('',#3541,#3542);
#3541 = CARTESIAN_POINT('',(1.,0.));
#3542 = VECTOR('',#3543,1.);
#3543 = DIRECTION('',(0.,-1.));
#3544 = ( GEOMETRIC_REPRESENTATION_CONTEXT(2) 
PARAMETRIC_REPRESENTATION_CONTEXT() REPRESENTATION_CONTEXT('2D SPACE',''
  ) );
#3545 = PCURVE('',#3546,#3551);
#3546 = PLANE('',#3547);
#3547 = AXIS2_PLACEMENT_3D('',#3548,#3549,#3550);
#3548 = CARTESIAN_POINT('',(4.12,-20.78,2.));
#3549 = DIRECTION('',(0.,0.,1.));
#3550 = DIRECTION('',(1.,0.,0.));
#3551 = DEFINITIONAL_REPRESENTATION('',(#3552),#3556);
#3552 = LINE('',#3553,#3554);
#3553 = CARTESIAN_POINT('',(0.,0.));
#3554 = VECTOR('',#3555,1.);
#3555 = DIRECTION('',(0.,1.));
#3556 = ( GEOMETRIC_REPRESENTATION_CONTEXT(2) 
PARAMETRIC_REPRESENTATION_CONTEXT() REPRESENTATION_CONTEXT('2D SPACE',''
  ) );
#3557 = ADVANCED_FACE('',(#3558),#3572,.T.);
#3558 = FACE_BOUND('',#3559,.T.);
#3559 = EDGE_LOOP('',(#3560,#3590,#3613,#3636));
#3560 = ORIENTED_EDGE('',*,*,#3561,.F.);
#3561 = EDGE_CURVE('',#3562,#3564,#3566,.T.);
#3562 = VERTEX_POINT('',#3563);
#3563 = CARTESIAN_POINT('',(11.12,-20.78,1.));
#3564 = VERTEX_POINT('',#3565);
#3565 = CARTESIAN_POINT('',(11.12,-20.78,2.));
#3566 = SURFACE_CURVE('',#3567,(#3571,#3583),.PCURVE_S1.);
#3567 = LINE('',#3568,#3569);
#3568 = CARTESIAN_POINT('',(11.12,-20.78,1.));
#3569 = VECTOR('',#3570,1.);
#3570 = DIRECTION('',(0.,0.,1.));
#3571 = PCURVE('',#3572,#3577);
#3572 = PLANE('',#3573);
#3573 = AXIS2_PLACEMENT_3D('',#3574,#3575,#3576);
#3574 = CARTESIAN_POINT('',(11.12,-20.78,1.));
#3575 = DIRECTION('',(1.,0.,0.));
#3576 = DIRECTION('',(0.,0.,1.));
#3577 = DEFINITIONAL_REPRESENTATION('',(#3578),#3582);
#3578 = LINE('',#3579,#3580);
#3579 = CARTESIAN_POINT('',(0.,0.));
#3580 = VECTOR('',#3581,1.);
#3581 = DIRECTION('',(1.,0.));
#3582 = ( GEOMETRIC_REPRESENTATION_CONTEXT(2) 
PARAMETRIC_REPRESENTATION_CONTEXT() REPRESENTATION_CONTEXT('2D SPACE',''
  ) );
#3583 = PCURVE('',#3464,#3584);
#3584 = DEFINITIONAL_REPRESENTATION('',(#3585),#3589);
#3585 = LINE('',#3586,#3587);
#3586 = CARTESIAN_POINT('',(0.,7.));
#3587 = VECTOR('',#3588,1.);
#3588 = DIRECTION('',(1.,0.));
#3589 = ( GEOMETRIC_REPRESENTATION_CONTEXT(2) 
PARAMETRIC_REPRESENTATION_CONTEXT() REPRESENTATION_CONTEXT('2D SPACE',''
  ) );
#3590 = ORIENTED_EDGE('',*,*,#3591,.T.);
#3591 = EDGE_CURVE('',#3562,#3592,#3594,.T.);
#3592 = VERTEX_POINT('',#3593);
#3593 = CARTESIAN_POINT('',(11.12,-18.18,1.));
#3594 = SURFACE_CURVE('',#3595,(#3599,#3606),.PCURVE_S1.);
#3595 = LINE('',#3596,#3597);
#3596 = CARTESIAN_POINT('',(11.12,-20.78,1.));
#3597 = VECTOR('',#3598,1.);
#3598 = DIRECTION('',(0.,1.,0.));
#3599 = PCURVE('',#3572,#3600);
#3600 = DEFINITIONAL_REPRESENTATION('',(#3601),#3605);
#3601 = LINE('',#3602,#3603);
#3602 = CARTESIAN_POINT('',(0.,0.));
#3603 = VECTOR('',#3604,1.);
#3604 = DIRECTION('',(0.,-1.));
#3605 = ( GEOMETRIC_REPRESENTATION_CONTEXT(2) 
PARAMETRIC_REPRESENTATION_CONTEXT() REPRESENTATION_CONTEXT('2D SPACE',''
  ) );
#3606 = PCURVE('',#3492,#3607);
#3607 = DEFINITIONAL_REPRESENTATION('',(#3608),#3612);
#3608 = LINE('',#3609,#3610);
#3609 = CARTESIAN_POINT('',(7.,0.));
#3610 = VECTOR('',#3611,1.);
#3611 = DIRECTION('',(0.,1.));
#3612 = ( GEOMETRIC_REPRESENTATION_CONTEXT(2) 
PARAMETRIC_REPRESENTATION_CONTEXT() REPRESENTATION_CONTEXT('2D SPACE',''
  ) );
#3613 = ORIENTED_EDGE('',*,*,#3614,.T.);
#3614 = EDGE_CURVE('',#3592,#3615,#3617,.T.);
#3615 = VERTEX_POINT('',#3616);
#3616 = CARTESIAN_POINT('',(11.12,-18.18,2.));
#3617 = SURFACE_CURVE('',#3618,(#3622,#3629),.PCURVE_S1.);
#3618 = LINE('',#3619,#3620);
#3619 = CARTESIAN_POINT('',(11.12,-18.18,1.));
#3620 = VECTOR('',#3621,1.);
#3621 = DIRECTION('',(0.,0.,1.));
#3622 = PCURVE('',#3572,#3623);
#3623 = DEFINITIONAL_REPRESENTATION('',(#3624),#3628);
#3624 = LINE('',#3625,#3626);
#3625 = CARTESIAN_POINT('',(0.,-2.6));
#3626 = VECTOR('',#3627,1.);
#3627 = DIRECTION('',(1.,0.));
#3628 = ( GEOMETRIC_REPRESENTATION_CONTEXT(2) 
PARAMETRIC_REPRESENTATION_CONTEXT() REPRESENTATION_CONTEXT('2D SPACE',''
  ) );
#3629 = PCURVE('',#3520,#3630);
#3630 = DEFINITIONAL_REPRESENTATION('',(#3631),#3635);
#3631 = LINE('',#3632,#3633);
#3632 = CARTESIAN_POINT('',(0.,7.));
#3633 = VECTOR('',#3634,1.);
#3634 = DIRECTION('',(1.,0.));
#3635 = ( GEOMETRIC_REPRESENTATION_CONTEXT(2) 
PARAMETRIC_REPRESENTATION_CONTEXT() REPRESENTATION_CONTEXT('2D SPACE',''
  ) );
#3636 = ORIENTED_EDGE('',*,*,#3637,.F.);
#3637 = EDGE_CURVE('',#3564,#3615,#3638,.T.);
#3638 = SURFACE_CURVE('',#3639,(#3643,#3650),.PCURVE_S1.);
#3639 = LINE('',#3640,#3641);
#3640 = CARTESIAN_POINT('',(11.12,-20.78,2.));
#3641 = VECTOR('',#3642,1.);
#3642 = DIRECTION('',(0.,1.,0.));
#3643 = PCURVE('',#3572,#3644);
#3644 = DEFINITIONAL_REPRESENTATION('',(#3645),#3649);
#3645 = LINE('',#3646,#3647);
#3646 = CARTESIAN_POINT('',(1.,0.));
#3647 = VECTOR('',#3648,1.);
#3648 = DIRECTION('',(0.,-1.));
#3649 = ( GEOMETRIC_REPRESENTATION_CONTEXT(2) 
PARAMETRIC_REPRESENTATION_CONTEXT() REPRESENTATION_CONTEXT('2D SPACE',''
  ) );
#3650 = PCURVE('',#3546,#3651);
#3651 = DEFINITIONAL_REPRESENTATION('',(#3652),#3656);
#3652 = LINE('',#3653,#3654);
#3653 = CARTESIAN_POINT('',(7.,0.));
#3654 = VECTOR('',#3655,1.);
#3655 = DIRECTION('',(0.,1.));
#3656 = ( GEOMETRIC_REPRESENTATION_CONTEXT(2) 
PARAMETRIC_REPRESENTATION_CONTEXT() REPRESENTATION_CONTEXT('2D SPACE',''
  ) );
#3657 = ADVANCED_FACE('',(#3658),#3464,.F.);
#3658 = FACE_BOUND('',#3659,.F.);
#3659 = EDGE_LOOP('',(#3660,#3681,#3682,#3703));
#3660 = ORIENTED_EDGE('',*,*,#3661,.F.);
#3661 = EDGE_CURVE('',#3442,#3562,#3662,.T.);
#3662 = SURFACE_CURVE('',#3663,(#3667,#3674),.PCURVE_S1.);
#3663 = LINE('',#3664,#3665);
#3664 = CARTESIAN_POINT('',(4.12,-20.78,1.));
#3665 = VECTOR('',#3666,1.);
#3666 = DIRECTION('',(1.,0.,0.));
#3667 = PCURVE('',#3464,#3668);
#3668 = DEFINITIONAL_REPRESENTATION('',(#3669),#3673);
#3669 = LINE('',#3670,#3671);
#3670 = CARTESIAN_POINT('',(0.,0.));
#3671 = VECTOR('',#3672,1.);
#3672 = DIRECTION('',(0.,1.));
#3673 = ( GEOMETRIC_REPRESENTATION_CONTEXT(2) 
PARAMETRIC_REPRESENTATION_CONTEXT() REPRESENTATION_CONTEXT('2D SPACE',''
  ) );
#3674 = PCURVE('',#3492,#3675);
#3675 = DEFINITIONAL_REPRESENTATION('',(#3676),#3680);
#3676 = LINE('',#3677,#3678);
#3677 = CARTESIAN_POINT('',(0.,0.));
#3678 = VECTOR('',#3679,1.);
#3679 = DIRECTION('',(1.,0.));
#3680 = ( GEOMETRIC_REPRESENTATION_CONTEXT(2) 
PARAMETRIC_REPRESENTATION_CONTEXT() REPRESENTATION_CONTEXT('2D SPACE',''
  ) );
#3681 = ORIENTED_EDGE('',*,*,#3441,.T.);
#3682 = ORIENTED_EDGE('',*,*,#3683,.T.);
#3683 = EDGE_CURVE('',#3444,#3564,#3684,.T.);
#3684 = SURFACE_CURVE('',#3685,(#3689,#3696),.PCURVE_S1.);
#3685 = LINE('',#3686,#3687);
#3686 = CARTESIAN_POINT('',(4.12,-20.78,2.));
#3687 = VECTOR('',#3688,1.);
#3688 = DIRECTION('',(1.,0.,0.));
#3689 = PCURVE('',#3464,#3690);
#3690 = DEFINITIONAL_REPRESENTATION('',(#3691),#3695);
#3691 = LINE('',#3692,#3693);
#3692 = CARTESIAN_POINT('',(1.,0.));
#3693 = VECTOR('',#3694,1.);
#3694 = DIRECTION('',(0.,1.));
#3695 = ( GEOMETRIC_REPRESENTATION_CONTEXT(2) 
PARAMETRIC_REPRESENTATION_CONTEXT() REPRESENTATION_CONTEXT('2D SPACE',''
  ) );
#3696 = PCURVE('',#3546,#3697);
#3697 = DEFINITIONAL_REPRESENTATION('',(#3698),#3702);
#3698 = LINE('',#3699,#3700);
#3699 = CARTESIAN_POINT('',(0.,0.));
#3700 = VECTOR('',#3701,1.);
#3701 = DIRECTION('',(1.,0.));
#3702 = ( GEOMETRIC_REPRESENTATION_CONTEXT(2) 
PARAMETRIC_REPRESENTATION_CONTEXT() REPRESENTATION_CONTEXT('2D SPACE',''
  ) );
#3703 = ORIENTED_EDGE('',*,*,#3561,.F.);
#3704 = ADVANCED_FACE('',(#3705),#3520,.T.);
#3705 = FACE_BOUND('',#3706,.T.);
#3706 = EDGE_LOOP('',(#3707,#3728,#3729,#3750));
#3707 = ORIENTED_EDGE('',*,*,#3708,.F.);
#3708 = EDGE_CURVE('',#3477,#3592,#3709,.T.);
#3709 = SURFACE_CURVE('',#3710,(#3714,#3721),.PCURVE_S1.);
#3710 = LINE('',#3711,#3712);
#3711 = CARTESIAN_POINT('',(4.12,-18.18,1.));
#3712 = VECTOR('',#3713,1.);
#3713 = DIRECTION('',(1.,0.,0.));
#3714 = PCURVE('',#3520,#3715);
#3715 = DEFINITIONAL_REPRESENTATION('',(#3716),#3720);
#3716 = LINE('',#3717,#3718);
#3717 = CARTESIAN_POINT('',(0.,0.));
#3718 = VECTOR('',#3719,1.);
#3719 = DIRECTION('',(0.,1.));
#3720 = ( GEOMETRIC_REPRESENTATION_CONTEXT(2) 
PARAMETRIC_REPRESENTATION_CONTEXT() REPRESENTATION_CONTEXT('2D SPACE',''
  ) );
#3721 = PCURVE('',#3492,#3722);
#3722 = DEFINITIONAL_REPRESENTATION('',(#3723),#3727);
#3723 = LINE('',#3724,#3725);
#3724 = CARTESIAN_POINT('',(0.,2.6));
#3725 = VECTOR('',#3726,1.);
#3726 = DIRECTION('',(1.,0.));
#3727 = ( GEOMETRIC_REPRESENTATION_CONTEXT(2) 
PARAMETRIC_REPRESENTATION_CONTEXT() REPRESENTATION_CONTEXT('2D SPACE',''
  ) );
#3728 = ORIENTED_EDGE('',*,*,#3504,.T.);
#3729 = ORIENTED_EDGE('',*,*,#3730,.T.);
#3730 = EDGE_CURVE('',#3505,#3615,#3731,.T.);
#3731 = SURFACE_CURVE('',#3732,(#3736,#3743),.PCURVE_S1.);
#3732 = LINE('',#3733,#3734);
#3733 = CARTESIAN_POINT('',(4.12,-18.18,2.));
#3734 = VECTOR('',#3735,1.);
#3735 = DIRECTION('',(1.,0.,0.));
#3736 = PCURVE('',#3520,#3737);
#3737 = DEFINITIONAL_REPRESENTATION('',(#3738),#3742);
#3738 = LINE('',#3739,#3740);
#3739 = CARTESIAN_POINT('',(1.,0.));
#3740 = VECTOR('',#3741,1.);
#3741 = DIRECTION('',(0.,1.));
#3742 = ( GEOMETRIC_REPRESENTATION_CONTEXT(2) 
PARAMETRIC_REPRESENTATION_CONTEXT() REPRESENTATION_CONTEXT('2D SPACE',''
  ) );
#3743 = PCURVE('',#3546,#3744);
#3744 = DEFINITIONAL_REPRESENTATION('',(#3745),#3749);
#3745 = LINE('',#3746,#3747);
#3746 = CARTESIAN_POINT('',(0.,2.6));
#3747 = VECTOR('',#3748,1.);
#3748 = DIRECTION('',(1.,0.));
#3749 = ( GEOMETRIC_REPRESENTATION_CONTEXT(2) 
PARAMETRIC_REPRESENTATION_CONTEXT() REPRESENTATION_CONTEXT('2D SPACE',''
  ) );
#3750 = ORIENTED_EDGE('',*,*,#3614,.F.);
#3751 = ADVANCED_FACE('',(#3752),#3492,.F.);
#3752 = FACE_BOUND('',#3753,.F.);
#3753 = EDGE_LOOP('',(#3754,#3755,#3756,#3757));
#3754 = ORIENTED_EDGE('',*,*,#3476,.F.);
#3755 = ORIENTED_EDGE('',*,*,#3661,.T.);
#3756 = ORIENTED_EDGE('',*,*,#3591,.T.);
#3757 = ORIENTED_EDGE('',*,*,#3708,.F.);
#3758 = ADVANCED_FACE('',(#3759),#3546,.T.);
#3759 = FACE_BOUND('',#3760,.T.);
#3760 = EDGE_LOOP('',(#3761,#3762,#3763,#3764));
#3761 = ORIENTED_EDGE('',*,*,#3532,.F.);
#3762 = ORIENTED_EDGE('',*,*,#3683,.T.);
#3763 = ORIENTED_EDGE('',*,*,#3637,.T.);
#3764 = ORIENTED_EDGE('',*,*,#3730,.F.);
#3765 = ( GEOMETRIC_REPRESENTATION_CONTEXT(3) 
GLOBAL_UNCERTAINTY_ASSIGNED_CONTEXT((#3769)) 
GLOBAL_UNIT_ASSIGNED_CONTEXT((#3766,#3767,#3768)) REPRESENTATION_CONTEXT
('Context #1','3D Context with UNIT and UNCERTAINTY') );
#3766 = ( LENGTH_UNIT() NAMED_UNIT(*) SI_UNIT(.MILLI.,.METRE.) );
#3767 = ( NAMED_UNIT(*) PLANE_ANGLE_UNIT() SI_UNIT($,.RADIAN.) );
#3768 = ( NAMED_UNIT(*) SI_UNIT($,.STERADIAN.) SOLID_ANGLE_UNIT() );
#3769 = UNCERTAINTY_MEASURE_WITH_UNIT(LENGTH_MEASURE(1.E-07),#3766,
  'distance_accuracy_value','confusion accuracy');
#3770 = CONTEXT_DEPENDENT_SHAPE_REPRESENTATION(#3771,#3773);
#3771 = ( REPRESENTATION_RELATIONSHIP('','',#3434,#10) 
REPRESENTATION_RELATIONSHIP_WITH_TRANSFORMATION(#3772) 
SHAPE_REPRESENTATION_RELATIONSHIP() );
#3772 = ITEM_DEFINED_TRANSFORMATION('','',#11,#55);
#3773 = PRODUCT_DEFINITION_SHAPE('Placement','Placement of an item',
  #3774);
#3774 = NEXT_ASSEMBLY_USAGE_OCCURRENCE('11','antenna_10','',#5,#3429,$);
#3775 = PRODUCT_RELATED_PRODUCT_CATEGORY('part',$,(#3431));
#3776 = MECHANICAL_DESIGN_GEOMETRIC_PRESENTATION_REPRESENTATION('',(
    #3777),#3765);
#3777 = STYLED_ITEM('color',(#3778),#3435);
#3778 = PRESENTATION_STYLE_ASSIGNMENT((#3779));
#3779 = SURFACE_STYLE_USAGE(.BOTH.,#3780);
#3780 = SURFACE_SIDE_STYLE('',(#3781));
#3781 = SURFACE_STYLE_FILL_AREA(#3782);
#3782 = FILL_AREA_STYLE('',(#3783));
#3783 = FILL_AREA_STYLE_COLOUR('',#3784);
#3784 = COLOUR_RGB('',0.850000012718,0.819999987296,0.750000000934);
#3785 = MECHANICAL_DESIGN_GEOMETRIC_PRESENTATION_REPRESENTATION('',(
    #3786),#1088);
#3786 = STYLED_ITEM('color',(#3787),#758);
#3787 = PRESENTATION_STYLE_ASSIGNMENT((#3788));
#3788 = SURFACE_STYLE_USAGE(.BOTH.,#3789);
#3789 = SURFACE_SIDE_STYLE('',(#3790));
#3790 = SURFACE_STYLE_FILL_AREA(#3791);
#3791 = FILL_AREA_STYLE('',(#3792));
#3792 = FILL_AREA_STYLE_COLOUR('',#3793);
#3793 = COLOUR_RGB('',0.750000000934,0.760000013601,0.78000000177);
#3794 = MECHANICAL_DESIGN_GEOMETRIC_PRESENTATION_REPRESENTATION('',(
    #3795),#3416);
#3795 = STYLED_ITEM('color',(#3796),#3086);
#3796 = PRESENTATION_STYLE_ASSIGNMENT((#3797));
#3797 = SURFACE_STYLE_USAGE(.BOTH.,#3798);
#3798 = SURFACE_SIDE_STYLE('',(#3799));
#3799 = SURFACE_STYLE_FILL_AREA(#3800);
#3800 = FILL_AREA_STYLE('',(#3801));
#3801 = FILL_AREA_STYLE_COLOUR('',#3784);
#3802 = MECHANICAL_DESIGN_GEOMETRIC_PRESENTATION_REPRESENTATION('',(
    #3803),#2718);
#3803 = STYLED_ITEM('color',(#3804),#2388);
#3804 = PRESENTATION_STYLE_ASSIGNMENT((#3805));
#3805 = SURFACE_STYLE_USAGE(.BOTH.,#3806);
#3806 = SURFACE_SIDE_STYLE('',(#3807));
#3807 = SURFACE_STYLE_FILL_AREA(#3808);
#3808 = FILL_AREA_STYLE('',(#3809));
#3809 = FILL_AREA_STYLE_COLOUR('',#3810);
#3810 = COLOUR_RGB('',0.149999997808,0.149999997808,0.170000001676);
#3811 = MECHANICAL_DESIGN_GEOMETRIC_PRESENTATION_REPRESENTATION('',(
    #3812),#2020);
#3812 = STYLED_ITEM('color',(#3813),#1690);
#3813 = PRESENTATION_STYLE_ASSIGNMENT((#3814));
#3814 = SURFACE_STYLE_USAGE(.BOTH.,#3815);
#3815 = SURFACE_SIDE_STYLE('',(#3816));
#3816 = SURFACE_STYLE_FILL_AREA(#3817);
#3817 = FILL_AREA_STYLE('',(#3818));
#3818 = FILL_AREA_STYLE_COLOUR('',#3810);
#3819 = MECHANICAL_DESIGN_GEOMETRIC_PRESENTATION_REPRESENTATION('',(
    #3820),#2369);
#3820 = STYLED_ITEM('color',(#3821),#2039);
#3821 = PRESENTATION_STYLE_ASSIGNMENT((#3822));
#3822 = SURFACE_STYLE_USAGE(.BOTH.,#3823);
#3823 = SURFACE_SIDE_STYLE('',(#3824));
#3824 = SURFACE_STYLE_FILL_AREA(#3825);
#3825 = FILL_AREA_STYLE('',(#3826));
#3826 = FILL_AREA_STYLE_COLOUR('',#3793);
#3827 = MECHANICAL_DESIGN_GEOMETRIC_PRESENTATION_REPRESENTATION('',(
    #3828),#1205);
#3828 = STYLED_ITEM('color',(#3829),#1107);
#3829 = PRESENTATION_STYLE_ASSIGNMENT((#3830));
#3830 = SURFACE_STYLE_USAGE(.BOTH.,#3831);
#3831 = SURFACE_SIDE_STYLE('',(#3832));
#3832 = SURFACE_STYLE_FILL_AREA(#3833);
#3833 = FILL_AREA_STYLE('',(#3834));
#3834 = FILL_AREA_STYLE_COLOUR('',#3835);
#3835 = COLOUR_RGB('',7.999999887273E-02,7.999999887273E-02,
  7.999999887273E-02);
#3836 = MECHANICAL_DESIGN_GEOMETRIC_PRESENTATION_REPRESENTATION('',(
    #3837),#739);
#3837 = STYLED_ITEM('color',(#3838),#73);
#3838 = PRESENTATION_STYLE_ASSIGNMENT((#3839));
#3839 = SURFACE_STYLE_USAGE(.BOTH.,#3840);
#3840 = SURFACE_SIDE_STYLE('',(#3841));
#3841 = SURFACE_STYLE_FILL_AREA(#3842);
#3842 = FILL_AREA_STYLE('',(#3843));
#3843 = FILL_AREA_STYLE_COLOUR('',#3793);
#3844 = MECHANICAL_DESIGN_GEOMETRIC_PRESENTATION_REPRESENTATION('',(
    #3845),#3067);
#3845 = STYLED_ITEM('color',(#3846),#2737);
#3846 = PRESENTATION_STYLE_ASSIGNMENT((#3847));
#3847 = SURFACE_STYLE_USAGE(.BOTH.,#3848);
#3848 = SURFACE_SIDE_STYLE('',(#3849));
#3849 = SURFACE_STYLE_FILL_AREA(#3850);
#3850 = FILL_AREA_STYLE('',(#3851));
#3851 = FILL_AREA_STYLE_COLOUR('',#3784);
#3852 = MECHANICAL_DESIGN_GEOMETRIC_PRESENTATION_REPRESENTATION('',(
    #3853),#1554);
#3853 = STYLED_ITEM('color',(#3854),#1224);
#3854 = PRESENTATION_STYLE_ASSIGNMENT((#3855));
#3855 = SURFACE_STYLE_USAGE(.BOTH.,#3856);
#3856 = SURFACE_SIDE_STYLE('',(#3857));
#3857 = SURFACE_STYLE_FILL_AREA(#3858);
#3858 = FILL_AREA_STYLE('',(#3859));
#3859 = FILL_AREA_STYLE_COLOUR('',#3793);
#3860 = MECHANICAL_DESIGN_GEOMETRIC_PRESENTATION_REPRESENTATION('',(
    #3861),#1671);
#3861 = STYLED_ITEM('color',(#3862),#1573);
#3862 = PRESENTATION_STYLE_ASSIGNMENT((#3863));
#3863 = SURFACE_STYLE_USAGE(.BOTH.,#3864);
#3864 = SURFACE_SIDE_STYLE('',(#3865));
#3865 = SURFACE_STYLE_FILL_AREA(#3866);
#3866 = FILL_AREA_STYLE('',(#3867));
#3867 = FILL_AREA_STYLE_COLOUR('',#3835);
ENDSEC;
END-ISO-10303-21;
