ISO-10303-21;
HEADER;
FILE_DESCRIPTION(('Open CASCADE Model'),'2;1');
FILE_NAME('Open CASCADE Shape Model','2026-09-05T10:58:37',('Author'),(
    'Open CASCADE'),'Open CASCADE STEP processor 7.9','Open CASCADE 7.9'
  ,'Unknown');
FILE_SCHEMA(('AUTOMOTIVE_DESIGN { 1 0 10303 214 1 1 1 1 }'));
ENDSEC;
DATA;
#1 = APPLICATION_PROTOCOL_DEFINITION('international standard',
  'automotive_design',2000,#2);
#2 = APPLICATION_CONTEXT(
  'core data for automotive mechanical design processes');
#3 = SHAPE_DEFINITION_REPRESENTATION(#4,#10);
#4 = PRODUCT_DEFINITION_SHAPE('','',#5);
#5 = PRODUCT_DEFINITION('design','',#6,#9);
#6 = PRODUCT_DEFINITION_FORMATION('','',#7);
#7 = PRODUCT('esp32-c3-supermini','esp32-c3-supermini','',(#8));
#8 = PRODUCT_CONTEXT('',#2,'mechanical');
#9 = PRODUCT_DEFINITION_CONTEXT('part definition',#2,'design');
#10 = SHAPE_REPRESENTATION('',(#11,#15,#19,#23,#27,#31,#35,#39,#43,#47,
    #51,#55,#59,#63,#67),#71);
#11 = AXIS2_PLACEMENT_3D('',#12,#13,#14);
#12 = CARTESIAN_POINT('',(0.,0.,0.));
#13 = DIRECTION('',(0.,0.,1.));
#14 = DIRECTION('',(1.,0.,-0.));
#15 = AXIS2_PLACEMENT_3D('',#16,#17,#18);
#16 = CARTESIAN_POINT('',(0.,0.,0.));
#17 = DIRECTION('',(0.,0.,1.));
#18 = DIRECTION('',(1.,0.,-0.));
#19 = AXIS2_PLACEMENT_3D('',#20,#21,#22);
#20 = CARTESIAN_POINT('',(0.,0.,0.));
#21 = DIRECTION('',(0.,0.,1.));
#22 = DIRECTION('',(1.,0.,-0.));
#23 = AXIS2_PLACEMENT_3D('',#24,#25,#26);
#24 = CARTESIAN_POINT('',(0.,0.,0.));
#25 = DIRECTION('',(0.,0.,1.));
#26 = DIRECTION('',(1.,0.,-0.));
#27 = AXIS2_PLACEMENT_3D('',#28,#29,#30);
#28 = CARTESIAN_POINT('',(0.,0.,0.));
#29 = DIRECTION('',(0.,0.,1.));
#30 = DIRECTION('',(1.,0.,-0.));
#31 = AXIS2_PLACEMENT_3D('',#32,#33,#34);
#32 = CARTESIAN_POINT('',(0.,0.,0.));
#33 = DIRECTION('',(0.,0.,1.));
#34 = DIRECTION('',(1.,0.,-0.));
#35 = AXIS2_PLACEMENT_3D('',#36,#37,#38);
#36 = CARTESIAN_POINT('',(0.,0.,0.));
#37 = DIRECTION('',(0.,0.,1.));
#38 = DIRECTION('',(1.,0.,-0.));
#39 = AXIS2_PLACEMENT_3D('',#40,#41,#42);
#40 = CARTESIAN_POINT('',(0.,0.,0.));
#41 = DIRECTION('',(0.,0.,1.));
#42 = DIRECTION('',(1.,0.,-0.));
#43 = AXIS2_PLACEMENT_3D('',#44,#45,#46);
#44 = CARTESIAN_POINT('',(0.,0.,0.));
#45 = DIRECTION('',(0.,0.,1.));
#46 = DIRECTION('',(1.,0.,-0.));
#47 = AXIS2_PLACEMENT_3D('',#48,#49,#50);
#48 = CARTESIAN_POINT('',(0.,0.,0.));
#49 = DIRECTION('',(0.,0.,1.));
#50 = DIRECTION('',(1.,0.,-0.));
#51 = AXIS2_PLACEMENT_3D('',#52,#53,#54);
#52 = CARTESIAN_POINT('',(0.,0.,0.));
#53 = DIRECTION('',(0.,0.,1.));
#54 = DIRECTION('',(1.,0.,-0.));
#55 = AXIS2_PLACEMENT_3D('',#56,#57,#58);
#56 = CARTESIAN_POINT('',(0.,0.,0.));
#57 = DIRECTION('',(0.,0.,1.));
#58 = DIRECTION('',(1.,0.,-0.));
#59 = AXIS2_PLACEMENT_3D('',#60,#61,#62);
#60 = CARTESIAN_POINT('',(0.,0.,0.));
#61 = DIRECTION('',(0.,0.,1.));
#62 = DIRECTION('',(1.,0.,-0.));
#63 = AXIS2_PLACEMENT_3D('',#64,#65,#66);
#64 = CARTESIAN_POINT('',(0.,0.,0.));
#65 = DIRECTION('',(0.,0.,1.));
#66 = DIRECTION('',(1.,0.,-0.));
#67 = AXIS2_PLACEMENT_3D('',#68,#69,#70);
#68 = CARTESIAN_POINT('',(0.,0.,0.));
#69 = DIRECTION('',(0.,0.,1.));
#70 = DIRECTION('',(1.,0.,-0.));
#71 = ( GEOMETRIC_REPRESENTATION_CONTEXT(3) 
GLOBAL_UNCERTAINTY_ASSIGNED_CONTEXT((#75)) GLOBAL_UNIT_ASSIGNED_CONTEXT(
(#72,#73,#74)) REPRESENTATION_CONTEXT('Context #1',
  '3D Context with UNIT and UNCERTAINTY') );
#72 = ( LENGTH_UNIT() NAMED_UNIT(*) SI_UNIT(.MILLI.,.METRE.) );
#73 = ( NAMED_UNIT(*) PLANE_ANGLE_UNIT() SI_UNIT($,.RADIAN.) );
#74 = ( NAMED_UNIT(*) SI_UNIT($,.STERADIAN.) SOLID_ANGLE_UNIT() );
#75 = UNCERTAINTY_MEASURE_WITH_UNIT(LENGTH_MEASURE(1.E-07),#72,
  'distance_accuracy_value','confusion accuracy');
#76 = PRODUCT_RELATED_PRODUCT_CATEGORY('part',$,(#7));
#77 = SHAPE_DEFINITION_REPRESENTATION(#78,#84);
#78 = PRODUCT_DEFINITION_SHAPE('','',#79);
#79 = PRODUCT_DEFINITION('design','',#80,#83);
#80 = PRODUCT_DEFINITION_FORMATION('','',#81);
#81 = PRODUCT('pcb_0','pcb_0','',(#82));
#82 = PRODUCT_CONTEXT('',#2,'mechanical');
#83 = PRODUCT_DEFINITION_CONTEXT('part definition',#2,'design');
#84 = ADVANCED_BREP_SHAPE_REPRESENTATION('',(#11,#85),#5535);
#85 = MANIFOLD_SOLID_BREP('',#86);
#86 = CLOSED_SHELL('',(#87,#207,#2155,#2204,#3773,#3800,#3827,#3854,
    #3881,#3908,#3935,#3962,#3989,#4016,#4043,#4070,#4097,#4124,#4151,
    #4178,#4205,#4232,#4259,#4286,#4313,#4340,#4367,#4394,#4421,#4448,
    #4475,#4502,#4529,#4556,#4583,#4610,#4637,#4664,#4691,#4718,#4745,
    #4772,#4799,#4826,#4853,#4880,#4907,#4934,#4961,#4988,#5015,#5042,
    #5069,#5096,#5123,#5150,#5177,#5204,#5231,#5258,#5285,#5312,#5339,
    #5366,#5393,#5420,#5447,#5474,#5501,#5528));
#87 = ADVANCED_FACE('',(#88),#102,.F.);
#88 = FACE_BOUND('',#89,.F.);
#89 = EDGE_LOOP('',(#90,#125,#153,#181));
#90 = ORIENTED_EDGE('',*,*,#91,.F.);
#91 = EDGE_CURVE('',#92,#94,#96,.T.);
#92 = VERTEX_POINT('',#93);
#93 = CARTESIAN_POINT('',(-1.38,-20.78,1.));
#94 = VERTEX_POINT('',#95);
#95 = CARTESIAN_POINT('',(-1.38,-18.28,1.));
#96 = SURFACE_CURVE('',#97,(#101,#113),.PCURVE_S1.);
#97 = LINE('',#98,#99);
#98 = CARTESIAN_POINT('',(-1.38,-20.78,1.));
#99 = VECTOR('',#100,1.);
#100 = DIRECTION('',(0.,1.,0.));
#101 = PCURVE('',#102,#107);
#102 = PLANE('',#103);
#103 = AXIS2_PLACEMENT_3D('',#104,#105,#106);
#104 = CARTESIAN_POINT('',(-1.38,-20.78,0.));
#105 = DIRECTION('',(1.,0.,0.));
#106 = DIRECTION('',(0.,0.,1.));
#107 = DEFINITIONAL_REPRESENTATION('',(#108),#112);
#108 = LINE('',#109,#110);
#109 = CARTESIAN_POINT('',(1.,0.));
#110 = VECTOR('',#111,1.);
#111 = DIRECTION('',(0.,-1.));
#112 = ( GEOMETRIC_REPRESENTATION_CONTEXT(2) 
PARAMETRIC_REPRESENTATION_CONTEXT() REPRESENTATION_CONTEXT('2D SPACE',''
  ) );
#113 = PCURVE('',#114,#119);
#114 = PLANE('',#115);
#115 = AXIS2_PLACEMENT_3D('',#116,#117,#118);
#116 = CARTESIAN_POINT('',(-1.38,-20.78,1.));
#117 = DIRECTION('',(0.,0.,1.));
#118 = DIRECTION('',(1.,0.,0.));
#119 = DEFINITIONAL_REPRESENTATION('',(#120),#124);
#120 = LINE('',#121,#122);
#121 = CARTESIAN_POINT('',(0.,0.));
#122 = VECTOR('',#123,1.);
#123 = DIRECTION('',(0.,1.));
#124 = ( GEOMETRIC_REPRESENTATION_CONTEXT(2) 
PARAMETRIC_REPRESENTATION_CONTEXT() REPRESENTATION_CONTEXT('2D SPACE',''
  ) );
#125 = ORIENTED_EDGE('',*,*,#126,.F.);
#126 = EDGE_CURVE('',#127,#92,#129,.T.);
#127 = VERTEX_POINT('',#128);
#128 = CARTESIAN_POINT('',(-1.38,-20.78,0.));
#129 = SURFACE_CURVE('',#130,(#134,#141),.PCURVE_S1.);
#130 = LINE('',#131,#132);
#131 = CARTESIAN_POINT('',(-1.38,-20.78,0.));
#132 = VECTOR('',#133,1.);
#133 = DIRECTION('',(0.,0.,1.));
#134 = PCURVE('',#102,#135);
#135 = DEFINITIONAL_REPRESENTATION('',(#136),#140);
#136 = LINE('',#137,#138);
#137 = CARTESIAN_POINT('',(0.,0.));
#138 = VECTOR('',#139,1.);
#139 = DIRECTION('',(1.,0.));
#140 = ( GEOMETRIC_REPRESENTATION_CONTEXT(2) 
PARAMETRIC_REPRESENTATION_CONTEXT() REPRESENTATION_CONTEXT('2D SPACE',''
  ) );
#141 = PCURVE('',#142,#147);
#142 = PLANE('',#143);
#143 = AXIS2_PLACEMENT_3D('',#144,#145,#146);
#144 = CARTESIAN_POINT('',(-1.38,-20.78,0.));
#145 = DIRECTION('',(0.,1.,0.));
#146 = DIRECTION('',(0.,0.,1.));
#147 = DEFINITIONAL_REPRESENTATION('',(#148),#152);
#148 = LINE('',#149,#150);
#149 = CARTESIAN_POINT('',(0.,0.));
#150 = VECTOR('',#151,1.);
#151 = DIRECTION('',(1.,0.));
#152 = ( GEOMETRIC_REPRESENTATION_CONTEXT(2) 
PARAMETRIC_REPRESENTATION_CONTEXT() REPRESENTATION_CONTEXT('2D SPACE',''
  ) );
#153 = ORIENTED_EDGE('',*,*,#154,.T.);
#154 = EDGE_CURVE('',#127,#155,#157,.T.);
#155 = VERTEX_POINT('',#156);
#156 = CARTESIAN_POINT('',(-1.38,-18.28,0.));
#157 = SURFACE_CURVE('',#158,(#162,#169),.PCURVE_S1.);
#158 = LINE('',#159,#160);
#159 = CARTESIAN_POINT('',(-1.38,-20.78,0.));
#160 = VECTOR('',#161,1.);
#161 = DIRECTION('',(0.,1.,0.));
#162 = PCURVE('',#102,#163);
#163 = DEFINITIONAL_REPRESENTATION('',(#164),#168);
#164 = LINE('',#165,#166);
#165 = CARTESIAN_POINT('',(0.,0.));
#166 = VECTOR('',#167,1.);
#167 = DIRECTION('',(0.,-1.));
#168 = ( GEOMETRIC_REPRESENTATION_CONTEXT(2) 
PARAMETRIC_REPRESENTATION_CONTEXT() REPRESENTATION_CONTEXT('2D SPACE',''
  ) );
#169 = PCURVE('',#170,#175);
#170 = PLANE('',#171);
#171 = AXIS2_PLACEMENT_3D('',#172,#173,#174);
#172 = CARTESIAN_POINT('',(-1.38,-20.78,0.));
#173 = DIRECTION('',(0.,0.,1.));
#174 = DIRECTION('',(1.,0.,0.));
#175 = DEFINITIONAL_REPRESENTATION('',(#176),#180);
#176 = LINE('',#177,#178);
#177 = CARTESIAN_POINT('',(0.,0.));
#178 = VECTOR('',#179,1.);
#179 = DIRECTION('',(0.,1.));
#180 = ( GEOMETRIC_REPRESENTATION_CONTEXT(2) 
PARAMETRIC_REPRESENTATION_CONTEXT() REPRESENTATION_CONTEXT('2D SPACE',''
  ) );
#181 = ORIENTED_EDGE('',*,*,#182,.T.);
#182 = EDGE_CURVE('',#155,#94,#183,.T.);
#183 = SURFACE_CURVE('',#184,(#188,#195),.PCURVE_S1.);
#184 = LINE('',#185,#186);
#185 = CARTESIAN_POINT('',(-1.38,-18.28,-1.));
#186 = VECTOR('',#187,1.);
#187 = DIRECTION('',(0.,0.,1.));
#188 = PCURVE('',#102,#189);
#189 = DEFINITIONAL_REPRESENTATION('',(#190),#194);
#190 = LINE('',#191,#192);
#191 = CARTESIAN_POINT('',(-1.,-2.5));
#192 = VECTOR('',#193,1.);
#193 = DIRECTION('',(1.,0.));
#194 = ( GEOMETRIC_REPRESENTATION_CONTEXT(2) 
PARAMETRIC_REPRESENTATION_CONTEXT() REPRESENTATION_CONTEXT('2D SPACE',''
  ) );
#195 = PCURVE('',#196,#201);
#196 = PLANE('',#197);
#197 = AXIS2_PLACEMENT_3D('',#198,#199,#200);
#198 = CARTESIAN_POINT('',(-1.38,-18.28,-1.));
#199 = DIRECTION('',(0.,1.,0.));
#200 = DIRECTION('',(0.,0.,1.));
#201 = DEFINITIONAL_REPRESENTATION('',(#202),#206);
#202 = LINE('',#203,#204);
#203 = CARTESIAN_POINT('',(0.,0.));
#204 = VECTOR('',#205,1.);
#205 = DIRECTION('',(1.,0.));
#206 = ( GEOMETRIC_REPRESENTATION_CONTEXT(2) 
PARAMETRIC_REPRESENTATION_CONTEXT() REPRESENTATION_CONTEXT('2D SPACE',''
  ) );
#207 = ADVANCED_FACE('',(#208),#114,.T.);
#208 = FACE_BOUND('',#209,.T.);
#209 = EDGE_LOOP('',(#210,#211,#234,#262,#290,#323,#351,#379,#407,#440,
    #468,#496,#524,#557,#585,#613,#641,#674,#702,#730,#758,#791,#819,
    #847,#875,#908,#936,#964,#992,#1025,#1053,#1081,#1109,#1142,#1170,
    #1198,#1226,#1254,#1282,#1315,#1343,#1371,#1399,#1432,#1460,#1488,
    #1516,#1549,#1577,#1605,#1633,#1666,#1694,#1722,#1750,#1783,#1811,
    #1839,#1867,#1900,#1928,#1956,#1984,#2017,#2045,#2073,#2101,#2134));
#210 = ORIENTED_EDGE('',*,*,#91,.F.);
#211 = ORIENTED_EDGE('',*,*,#212,.T.);
#212 = EDGE_CURVE('',#92,#213,#215,.T.);
#213 = VERTEX_POINT('',#214);
#214 = CARTESIAN_POINT('',(16.62,-20.78,1.));
#215 = SURFACE_CURVE('',#216,(#220,#227),.PCURVE_S1.);
#216 = LINE('',#217,#218);
#217 = CARTESIAN_POINT('',(-1.38,-20.78,1.));
#218 = VECTOR('',#219,1.);
#219 = DIRECTION('',(1.,0.,0.));
#220 = PCURVE('',#114,#221);
#221 = DEFINITIONAL_REPRESENTATION('',(#222),#226);
#222 = LINE('',#223,#224);
#223 = CARTESIAN_POINT('',(0.,0.));
#224 = VECTOR('',#225,1.);
#225 = DIRECTION('',(1.,0.));
#226 = ( GEOMETRIC_REPRESENTATION_CONTEXT(2) 
PARAMETRIC_REPRESENTATION_CONTEXT() REPRESENTATION_CONTEXT('2D SPACE',''
  ) );
#227 = PCURVE('',#142,#228);
#228 = DEFINITIONAL_REPRESENTATION('',(#229),#233);
#229 = LINE('',#230,#231);
#230 = CARTESIAN_POINT('',(1.,0.));
#231 = VECTOR('',#232,1.);
#232 = DIRECTION('',(0.,1.));
#233 = ( GEOMETRIC_REPRESENTATION_CONTEXT(2) 
PARAMETRIC_REPRESENTATION_CONTEXT() REPRESENTATION_CONTEXT('2D SPACE',''
  ) );
#234 = ORIENTED_EDGE('',*,*,#235,.T.);
#235 = EDGE_CURVE('',#213,#236,#238,.T.);
#236 = VERTEX_POINT('',#237);
#237 = CARTESIAN_POINT('',(16.62,-18.28,1.));
#238 = SURFACE_CURVE('',#239,(#243,#250),.PCURVE_S1.);
#239 = LINE('',#240,#241);
#240 = CARTESIAN_POINT('',(16.62,-20.78,1.));
#241 = VECTOR('',#242,1.);
#242 = DIRECTION('',(0.,1.,0.));
#243 = PCURVE('',#114,#244);
#244 = DEFINITIONAL_REPRESENTATION('',(#245),#249);
#245 = LINE('',#246,#247);
#246 = CARTESIAN_POINT('',(18.,0.));
#247 = VECTOR('',#248,1.);
#248 = DIRECTION('',(0.,1.));
#249 = ( GEOMETRIC_REPRESENTATION_CONTEXT(2) 
PARAMETRIC_REPRESENTATION_CONTEXT() REPRESENTATION_CONTEXT('2D SPACE',''
  ) );
#250 = PCURVE('',#251,#256);
#251 = PLANE('',#252);
#252 = AXIS2_PLACEMENT_3D('',#253,#254,#255);
#253 = CARTESIAN_POINT('',(16.62,-20.78,0.));
#254 = DIRECTION('',(1.,0.,0.));
#255 = DIRECTION('',(0.,0.,1.));
#256 = DEFINITIONAL_REPRESENTATION('',(#257),#261);
#257 = LINE('',#258,#259);
#258 = CARTESIAN_POINT('',(1.,0.));
#259 = VECTOR('',#260,1.);
#260 = DIRECTION('',(0.,-1.));
#261 = ( GEOMETRIC_REPRESENTATION_CONTEXT(2) 
PARAMETRIC_REPRESENTATION_CONTEXT() REPRESENTATION_CONTEXT('2D SPACE',''
  ) );
#262 = ORIENTED_EDGE('',*,*,#263,.T.);
#263 = EDGE_CURVE('',#236,#264,#266,.T.);
#264 = VERTEX_POINT('',#265);
#265 = CARTESIAN_POINT('',(15.24,-18.28,1.));
#266 = SURFACE_CURVE('',#267,(#271,#278),.PCURVE_S1.);
#267 = LINE('',#268,#269);
#268 = CARTESIAN_POINT('',(6.93,-18.28,1.));
#269 = VECTOR('',#270,1.);
#270 = DIRECTION('',(-1.,0.,0.));
#271 = PCURVE('',#114,#272);
#272 = DEFINITIONAL_REPRESENTATION('',(#273),#277);
#273 = LINE('',#274,#275);
#274 = CARTESIAN_POINT('',(8.31,2.5));
#275 = VECTOR('',#276,1.);
#276 = DIRECTION('',(-1.,0.));
#277 = ( GEOMETRIC_REPRESENTATION_CONTEXT(2) 
PARAMETRIC_REPRESENTATION_CONTEXT() REPRESENTATION_CONTEXT('2D SPACE',''
  ) );
#278 = PCURVE('',#279,#284);
#279 = PLANE('',#280);
#280 = AXIS2_PLACEMENT_3D('',#281,#282,#283);
#281 = CARTESIAN_POINT('',(15.24,-18.28,-1.));
#282 = DIRECTION('',(0.,1.,0.));
#283 = DIRECTION('',(0.,0.,1.));
#284 = DEFINITIONAL_REPRESENTATION('',(#285),#289);
#285 = LINE('',#286,#287);
#286 = CARTESIAN_POINT('',(2.,-8.31));
#287 = VECTOR('',#288,1.);
#288 = DIRECTION('',(0.,-1.));
#289 = ( GEOMETRIC_REPRESENTATION_CONTEXT(2) 
PARAMETRIC_REPRESENTATION_CONTEXT() REPRESENTATION_CONTEXT('2D SPACE',''
  ) );
#290 = ORIENTED_EDGE('',*,*,#291,.T.);
#291 = EDGE_CURVE('',#264,#292,#294,.T.);
#292 = VERTEX_POINT('',#293);
#293 = CARTESIAN_POINT('',(15.24,-17.28,1.));
#294 = SURFACE_CURVE('',#295,(#300,#311),.PCURVE_S1.);
#295 = CIRCLE('',#296,0.5);
#296 = AXIS2_PLACEMENT_3D('',#297,#298,#299);
#297 = CARTESIAN_POINT('',(15.24,-17.78,1.));
#298 = DIRECTION('',(0.,0.,-1.));
#299 = DIRECTION('',(1.,0.,0.));
#300 = PCURVE('',#114,#301);
#301 = DEFINITIONAL_REPRESENTATION('',(#302),#310);
#302 = ( BOUNDED_CURVE() B_SPLINE_CURVE(2,(#303,#304,#305,#306,#307,#308
,#309),.UNSPECIFIED.,.T.,.F.) B_SPLINE_CURVE_WITH_KNOTS((1,2,2,2,2,1),(
    -2.094395102393,0.,2.094395102393,4.188790204786,6.28318530718,
8.377580409573),.UNSPECIFIED.) CURVE() GEOMETRIC_REPRESENTATION_ITEM() 
RATIONAL_B_SPLINE_CURVE((1.,0.5,1.,0.5,1.,0.5,1.)) REPRESENTATION_ITEM(
  '') );
#303 = CARTESIAN_POINT('',(17.12,3.));
#304 = CARTESIAN_POINT('',(17.12,2.133974596216));
#305 = CARTESIAN_POINT('',(16.37,2.566987298108));
#306 = CARTESIAN_POINT('',(15.62,3.));
#307 = CARTESIAN_POINT('',(16.37,3.433012701892));
#308 = CARTESIAN_POINT('',(17.12,3.866025403784));
#309 = CARTESIAN_POINT('',(17.12,3.));
#310 = ( GEOMETRIC_REPRESENTATION_CONTEXT(2) 
PARAMETRIC_REPRESENTATION_CONTEXT() REPRESENTATION_CONTEXT('2D SPACE',''
  ) );
#311 = PCURVE('',#312,#317);
#312 = CYLINDRICAL_SURFACE('',#313,0.5);
#313 = AXIS2_PLACEMENT_3D('',#314,#315,#316);
#314 = CARTESIAN_POINT('',(15.24,-17.78,-1.));
#315 = DIRECTION('',(-0.,-0.,-1.));
#316 = DIRECTION('',(1.,0.,0.));
#317 = DEFINITIONAL_REPRESENTATION('',(#318),#322);
#318 = LINE('',#319,#320);
#319 = CARTESIAN_POINT('',(-6.28318530718,-2.));
#320 = VECTOR('',#321,1.);
#321 = DIRECTION('',(1.,-0.));
#322 = ( GEOMETRIC_REPRESENTATION_CONTEXT(2) 
PARAMETRIC_REPRESENTATION_CONTEXT() REPRESENTATION_CONTEXT('2D SPACE',''
  ) );
#323 = ORIENTED_EDGE('',*,*,#324,.F.);
#324 = EDGE_CURVE('',#325,#292,#327,.T.);
#325 = VERTEX_POINT('',#326);
#326 = CARTESIAN_POINT('',(16.62,-17.28,1.));
#327 = SURFACE_CURVE('',#328,(#332,#339),.PCURVE_S1.);
#328 = LINE('',#329,#330);
#329 = CARTESIAN_POINT('',(6.93,-17.28,1.));
#330 = VECTOR('',#331,1.);
#331 = DIRECTION('',(-1.,0.,0.));
#332 = PCURVE('',#114,#333);
#333 = DEFINITIONAL_REPRESENTATION('',(#334),#338);
#334 = LINE('',#335,#336);
#335 = CARTESIAN_POINT('',(8.31,3.5));
#336 = VECTOR('',#337,1.);
#337 = DIRECTION('',(-1.,0.));
#338 = ( GEOMETRIC_REPRESENTATION_CONTEXT(2) 
PARAMETRIC_REPRESENTATION_CONTEXT() REPRESENTATION_CONTEXT('2D SPACE',''
  ) );
#339 = PCURVE('',#340,#345);
#340 = PLANE('',#341);
#341 = AXIS2_PLACEMENT_3D('',#342,#343,#344);
#342 = CARTESIAN_POINT('',(15.24,-17.28,-1.));
#343 = DIRECTION('',(0.,1.,0.));
#344 = DIRECTION('',(0.,0.,1.));
#345 = DEFINITIONAL_REPRESENTATION('',(#346),#350);
#346 = LINE('',#347,#348);
#347 = CARTESIAN_POINT('',(2.,-8.31));
#348 = VECTOR('',#349,1.);
#349 = DIRECTION('',(0.,-1.));
#350 = ( GEOMETRIC_REPRESENTATION_CONTEXT(2) 
PARAMETRIC_REPRESENTATION_CONTEXT() REPRESENTATION_CONTEXT('2D SPACE',''
  ) );
#351 = ORIENTED_EDGE('',*,*,#352,.T.);
#352 = EDGE_CURVE('',#325,#353,#355,.T.);
#353 = VERTEX_POINT('',#354);
#354 = CARTESIAN_POINT('',(16.62,-15.74,1.));
#355 = SURFACE_CURVE('',#356,(#360,#367),.PCURVE_S1.);
#356 = LINE('',#357,#358);
#357 = CARTESIAN_POINT('',(16.62,-20.78,1.));
#358 = VECTOR('',#359,1.);
#359 = DIRECTION('',(0.,1.,0.));
#360 = PCURVE('',#114,#361);
#361 = DEFINITIONAL_REPRESENTATION('',(#362),#366);
#362 = LINE('',#363,#364);
#363 = CARTESIAN_POINT('',(18.,0.));
#364 = VECTOR('',#365,1.);
#365 = DIRECTION('',(0.,1.));
#366 = ( GEOMETRIC_REPRESENTATION_CONTEXT(2) 
PARAMETRIC_REPRESENTATION_CONTEXT() REPRESENTATION_CONTEXT('2D SPACE',''
  ) );
#367 = PCURVE('',#368,#373);
#368 = PLANE('',#369);
#369 = AXIS2_PLACEMENT_3D('',#370,#371,#372);
#370 = CARTESIAN_POINT('',(16.62,-20.78,0.));
#371 = DIRECTION('',(1.,0.,0.));
#372 = DIRECTION('',(0.,0.,1.));
#373 = DEFINITIONAL_REPRESENTATION('',(#374),#378);
#374 = LINE('',#375,#376);
#375 = CARTESIAN_POINT('',(1.,0.));
#376 = VECTOR('',#377,1.);
#377 = DIRECTION('',(0.,-1.));
#378 = ( GEOMETRIC_REPRESENTATION_CONTEXT(2) 
PARAMETRIC_REPRESENTATION_CONTEXT() REPRESENTATION_CONTEXT('2D SPACE',''
  ) );
#379 = ORIENTED_EDGE('',*,*,#380,.T.);
#380 = EDGE_CURVE('',#353,#381,#383,.T.);
#381 = VERTEX_POINT('',#382);
#382 = CARTESIAN_POINT('',(15.24,-15.74,1.));
#383 = SURFACE_CURVE('',#384,(#388,#395),.PCURVE_S1.);
#384 = LINE('',#385,#386);
#385 = CARTESIAN_POINT('',(6.93,-15.74,1.));
#386 = VECTOR('',#387,1.);
#387 = DIRECTION('',(-1.,0.,0.));
#388 = PCURVE('',#114,#389);
#389 = DEFINITIONAL_REPRESENTATION('',(#390),#394);
#390 = LINE('',#391,#392);
#391 = CARTESIAN_POINT('',(8.31,5.04));
#392 = VECTOR('',#393,1.);
#393 = DIRECTION('',(-1.,0.));
#394 = ( GEOMETRIC_REPRESENTATION_CONTEXT(2) 
PARAMETRIC_REPRESENTATION_CONTEXT() REPRESENTATION_CONTEXT('2D SPACE',''
  ) );
#395 = PCURVE('',#396,#401);
#396 = PLANE('',#397);
#397 = AXIS2_PLACEMENT_3D('',#398,#399,#400);
#398 = CARTESIAN_POINT('',(15.24,-15.74,-1.));
#399 = DIRECTION('',(0.,1.,0.));
#400 = DIRECTION('',(0.,0.,1.));
#401 = DEFINITIONAL_REPRESENTATION('',(#402),#406);
#402 = LINE('',#403,#404);
#403 = CARTESIAN_POINT('',(2.,-8.31));
#404 = VECTOR('',#405,1.);
#405 = DIRECTION('',(0.,-1.));
#406 = ( GEOMETRIC_REPRESENTATION_CONTEXT(2) 
PARAMETRIC_REPRESENTATION_CONTEXT() REPRESENTATION_CONTEXT('2D SPACE',''
  ) );
#407 = ORIENTED_EDGE('',*,*,#408,.T.);
#408 = EDGE_CURVE('',#381,#409,#411,.T.);
#409 = VERTEX_POINT('',#410);
#410 = CARTESIAN_POINT('',(15.24,-14.74,1.));
#411 = SURFACE_CURVE('',#412,(#417,#428),.PCURVE_S1.);
#412 = CIRCLE('',#413,0.5);
#413 = AXIS2_PLACEMENT_3D('',#414,#415,#416);
#414 = CARTESIAN_POINT('',(15.24,-15.24,1.));
#415 = DIRECTION('',(0.,0.,-1.));
#416 = DIRECTION('',(1.,0.,0.));
#417 = PCURVE('',#114,#418);
#418 = DEFINITIONAL_REPRESENTATION('',(#419),#427);
#419 = ( BOUNDED_CURVE() B_SPLINE_CURVE(2,(#420,#421,#422,#423,#424,#425
,#426),.UNSPECIFIED.,.T.,.F.) B_SPLINE_CURVE_WITH_KNOTS((1,2,2,2,2,1),(
    -2.094395102393,0.,2.094395102393,4.188790204786,6.28318530718,
8.377580409573),.UNSPECIFIED.) CURVE() GEOMETRIC_REPRESENTATION_ITEM() 
RATIONAL_B_SPLINE_CURVE((1.,0.5,1.,0.5,1.,0.5,1.)) REPRESENTATION_ITEM(
  '') );
#420 = CARTESIAN_POINT('',(17.12,5.54));
#421 = CARTESIAN_POINT('',(17.12,4.673974596216));
#422 = CARTESIAN_POINT('',(16.37,5.106987298108));
#423 = CARTESIAN_POINT('',(15.62,5.54));
#424 = CARTESIAN_POINT('',(16.37,5.973012701892));
#425 = CARTESIAN_POINT('',(17.12,6.406025403784));
#426 = CARTESIAN_POINT('',(17.12,5.54));
#427 = ( GEOMETRIC_REPRESENTATION_CONTEXT(2) 
PARAMETRIC_REPRESENTATION_CONTEXT() REPRESENTATION_CONTEXT('2D SPACE',''
  ) );
#428 = PCURVE('',#429,#434);
#429 = CYLINDRICAL_SURFACE('',#430,0.5);
#430 = AXIS2_PLACEMENT_3D('',#431,#432,#433);
#431 = CARTESIAN_POINT('',(15.24,-15.24,-1.));
#432 = DIRECTION('',(-0.,-0.,-1.));
#433 = DIRECTION('',(1.,0.,0.));
#434 = DEFINITIONAL_REPRESENTATION('',(#435),#439);
#435 = LINE('',#436,#437);
#436 = CARTESIAN_POINT('',(-6.28318530718,-2.));
#437 = VECTOR('',#438,1.);
#438 = DIRECTION('',(1.,-0.));
#439 = ( GEOMETRIC_REPRESENTATION_CONTEXT(2) 
PARAMETRIC_REPRESENTATION_CONTEXT() REPRESENTATION_CONTEXT('2D SPACE',''
  ) );
#440 = ORIENTED_EDGE('',*,*,#441,.F.);
#441 = EDGE_CURVE('',#442,#409,#444,.T.);
#442 = VERTEX_POINT('',#443);
#443 = CARTESIAN_POINT('',(16.62,-14.74,1.));
#444 = SURFACE_CURVE('',#445,(#449,#456),.PCURVE_S1.);
#445 = LINE('',#446,#447);
#446 = CARTESIAN_POINT('',(6.93,-14.74,1.));
#447 = VECTOR('',#448,1.);
#448 = DIRECTION('',(-1.,0.,0.));
#449 = PCURVE('',#114,#450);
#450 = DEFINITIONAL_REPRESENTATION('',(#451),#455);
#451 = LINE('',#452,#453);
#452 = CARTESIAN_POINT('',(8.31,6.04));
#453 = VECTOR('',#454,1.);
#454 = DIRECTION('',(-1.,0.));
#455 = ( GEOMETRIC_REPRESENTATION_CONTEXT(2) 
PARAMETRIC_REPRESENTATION_CONTEXT() REPRESENTATION_CONTEXT('2D SPACE',''
  ) );
#456 = PCURVE('',#457,#462);
#457 = PLANE('',#458);
#458 = AXIS2_PLACEMENT_3D('',#459,#460,#461);
#459 = CARTESIAN_POINT('',(15.24,-14.74,-1.));
#460 = DIRECTION('',(0.,1.,0.));
#461 = DIRECTION('',(0.,0.,1.));
#462 = DEFINITIONAL_REPRESENTATION('',(#463),#467);
#463 = LINE('',#464,#465);
#464 = CARTESIAN_POINT('',(2.,-8.31));
#465 = VECTOR('',#466,1.);
#466 = DIRECTION('',(0.,-1.));
#467 = ( GEOMETRIC_REPRESENTATION_CONTEXT(2) 
PARAMETRIC_REPRESENTATION_CONTEXT() REPRESENTATION_CONTEXT('2D SPACE',''
  ) );
#468 = ORIENTED_EDGE('',*,*,#469,.T.);
#469 = EDGE_CURVE('',#442,#470,#472,.T.);
#470 = VERTEX_POINT('',#471);
#471 = CARTESIAN_POINT('',(16.62,-13.2,1.));
#472 = SURFACE_CURVE('',#473,(#477,#484),.PCURVE_S1.);
#473 = LINE('',#474,#475);
#474 = CARTESIAN_POINT('',(16.62,-20.78,1.));
#475 = VECTOR('',#476,1.);
#476 = DIRECTION('',(0.,1.,0.));
#477 = PCURVE('',#114,#478);
#478 = DEFINITIONAL_REPRESENTATION('',(#479),#483);
#479 = LINE('',#480,#481);
#480 = CARTESIAN_POINT('',(18.,0.));
#481 = VECTOR('',#482,1.);
#482 = DIRECTION('',(0.,1.));
#483 = ( GEOMETRIC_REPRESENTATION_CONTEXT(2) 
PARAMETRIC_REPRESENTATION_CONTEXT() REPRESENTATION_CONTEXT('2D SPACE',''
  ) );
#484 = PCURVE('',#485,#490);
#485 = PLANE('',#486);
#486 = AXIS2_PLACEMENT_3D('',#487,#488,#489);
#487 = CARTESIAN_POINT('',(16.62,-20.78,0.));
#488 = DIRECTION('',(1.,0.,0.));
#489 = DIRECTION('',(0.,0.,1.));
#490 = DEFINITIONAL_REPRESENTATION('',(#491),#495);
#491 = LINE('',#492,#493);
#492 = CARTESIAN_POINT('',(1.,0.));
#493 = VECTOR('',#494,1.);
#494 = DIRECTION('',(0.,-1.));
#495 = ( GEOMETRIC_REPRESENTATION_CONTEXT(2) 
PARAMETRIC_REPRESENTATION_CONTEXT() REPRESENTATION_CONTEXT('2D SPACE',''
  ) );
#496 = ORIENTED_EDGE('',*,*,#497,.T.);
#497 = EDGE_CURVE('',#470,#498,#500,.T.);
#498 = VERTEX_POINT('',#499);
#499 = CARTESIAN_POINT('',(15.24,-13.2,1.));
#500 = SURFACE_CURVE('',#501,(#505,#512),.PCURVE_S1.);
#501 = LINE('',#502,#503);
#502 = CARTESIAN_POINT('',(6.93,-13.2,1.));
#503 = VECTOR('',#504,1.);
#504 = DIRECTION('',(-1.,0.,0.));
#505 = PCURVE('',#114,#506);
#506 = DEFINITIONAL_REPRESENTATION('',(#507),#511);
#507 = LINE('',#508,#509);
#508 = CARTESIAN_POINT('',(8.31,7.58));
#509 = VECTOR('',#510,1.);
#510 = DIRECTION('',(-1.,0.));
#511 = ( GEOMETRIC_REPRESENTATION_CONTEXT(2) 
PARAMETRIC_REPRESENTATION_CONTEXT() REPRESENTATION_CONTEXT('2D SPACE',''
  ) );
#512 = PCURVE('',#513,#518);
#513 = PLANE('',#514);
#514 = AXIS2_PLACEMENT_3D('',#515,#516,#517);
#515 = CARTESIAN_POINT('',(15.24,-13.2,-1.));
#516 = DIRECTION('',(0.,1.,0.));
#517 = DIRECTION('',(0.,0.,1.));
#518 = DEFINITIONAL_REPRESENTATION('',(#519),#523);
#519 = LINE('',#520,#521);
#520 = CARTESIAN_POINT('',(2.,-8.31));
#521 = VECTOR('',#522,1.);
#522 = DIRECTION('',(0.,-1.));
#523 = ( GEOMETRIC_REPRESENTATION_CONTEXT(2) 
PARAMETRIC_REPRESENTATION_CONTEXT() REPRESENTATION_CONTEXT('2D SPACE',''
  ) );
#524 = ORIENTED_EDGE('',*,*,#525,.T.);
#525 = EDGE_CURVE('',#498,#526,#528,.T.);
#526 = VERTEX_POINT('',#527);
#527 = CARTESIAN_POINT('',(15.24,-12.2,1.));
#528 = SURFACE_CURVE('',#529,(#534,#545),.PCURVE_S1.);
#529 = CIRCLE('',#530,0.5);
#530 = AXIS2_PLACEMENT_3D('',#531,#532,#533);
#531 = CARTESIAN_POINT('',(15.24,-12.7,1.));
#532 = DIRECTION('',(0.,0.,-1.));
#533 = DIRECTION('',(1.,0.,0.));
#534 = PCURVE('',#114,#535);
#535 = DEFINITIONAL_REPRESENTATION('',(#536),#544);
#536 = ( BOUNDED_CURVE() B_SPLINE_CURVE(2,(#537,#538,#539,#540,#541,#542
,#543),.UNSPECIFIED.,.T.,.F.) B_SPLINE_CURVE_WITH_KNOTS((1,2,2,2,2,1),(
    -2.094395102393,0.,2.094395102393,4.188790204786,6.28318530718,
8.377580409573),.UNSPECIFIED.) CURVE() GEOMETRIC_REPRESENTATION_ITEM() 
RATIONAL_B_SPLINE_CURVE((1.,0.5,1.,0.5,1.,0.5,1.)) REPRESENTATION_ITEM(
  '') );
#537 = CARTESIAN_POINT('',(17.12,8.08));
#538 = CARTESIAN_POINT('',(17.12,7.213974596216));
#539 = CARTESIAN_POINT('',(16.37,7.646987298108));
#540 = CARTESIAN_POINT('',(15.62,8.08));
#541 = CARTESIAN_POINT('',(16.37,8.513012701892));
#542 = CARTESIAN_POINT('',(17.12,8.946025403784));
#543 = CARTESIAN_POINT('',(17.12,8.08));
#544 = ( GEOMETRIC_REPRESENTATION_CONTEXT(2) 
PARAMETRIC_REPRESENTATION_CONTEXT() REPRESENTATION_CONTEXT('2D SPACE',''
  ) );
#545 = PCURVE('',#546,#551);
#546 = CYLINDRICAL_SURFACE('',#547,0.5);
#547 = AXIS2_PLACEMENT_3D('',#548,#549,#550);
#548 = CARTESIAN_POINT('',(15.24,-12.7,-1.));
#549 = DIRECTION('',(-0.,-0.,-1.));
#550 = DIRECTION('',(1.,0.,0.));
#551 = DEFINITIONAL_REPRESENTATION('',(#552),#556);
#552 = LINE('',#553,#554);
#553 = CARTESIAN_POINT('',(-6.28318530718,-2.));
#554 = VECTOR('',#555,1.);
#555 = DIRECTION('',(1.,-0.));
#556 = ( GEOMETRIC_REPRESENTATION_CONTEXT(2) 
PARAMETRIC_REPRESENTATION_CONTEXT() REPRESENTATION_CONTEXT('2D SPACE',''
  ) );
#557 = ORIENTED_EDGE('',*,*,#558,.F.);
#558 = EDGE_CURVE('',#559,#526,#561,.T.);
#559 = VERTEX_POINT('',#560);
#560 = CARTESIAN_POINT('',(16.62,-12.2,1.));
#561 = SURFACE_CURVE('',#562,(#566,#573),.PCURVE_S1.);
#562 = LINE('',#563,#564);
#563 = CARTESIAN_POINT('',(6.93,-12.2,1.));
#564 = VECTOR('',#565,1.);
#565 = DIRECTION('',(-1.,0.,0.));
#566 = PCURVE('',#114,#567);
#567 = DEFINITIONAL_REPRESENTATION('',(#568),#572);
#568 = LINE('',#569,#570);
#569 = CARTESIAN_POINT('',(8.31,8.58));
#570 = VECTOR('',#571,1.);
#571 = DIRECTION('',(-1.,0.));
#572 = ( GEOMETRIC_REPRESENTATION_CONTEXT(2) 
PARAMETRIC_REPRESENTATION_CONTEXT() REPRESENTATION_CONTEXT('2D SPACE',''
  ) );
#573 = PCURVE('',#574,#579);
#574 = PLANE('',#575);
#575 = AXIS2_PLACEMENT_3D('',#576,#577,#578);
#576 = CARTESIAN_POINT('',(15.24,-12.2,-1.));
#577 = DIRECTION('',(0.,1.,0.));
#578 = DIRECTION('',(0.,0.,1.));
#579 = DEFINITIONAL_REPRESENTATION('',(#580),#584);
#580 = LINE('',#581,#582);
#581 = CARTESIAN_POINT('',(2.,-8.31));
#582 = VECTOR('',#583,1.);
#583 = DIRECTION('',(0.,-1.));
#584 = ( GEOMETRIC_REPRESENTATION_CONTEXT(2) 
PARAMETRIC_REPRESENTATION_CONTEXT() REPRESENTATION_CONTEXT('2D SPACE',''
  ) );
#585 = ORIENTED_EDGE('',*,*,#586,.T.);
#586 = EDGE_CURVE('',#559,#587,#589,.T.);
#587 = VERTEX_POINT('',#588);
#588 = CARTESIAN_POINT('',(16.62,-10.66,1.));
#589 = SURFACE_CURVE('',#590,(#594,#601),.PCURVE_S1.);
#590 = LINE('',#591,#592);
#591 = CARTESIAN_POINT('',(16.62,-20.78,1.));
#592 = VECTOR('',#593,1.);
#593 = DIRECTION('',(0.,1.,0.));
#594 = PCURVE('',#114,#595);
#595 = DEFINITIONAL_REPRESENTATION('',(#596),#600);
#596 = LINE('',#597,#598);
#597 = CARTESIAN_POINT('',(18.,0.));
#598 = VECTOR('',#599,1.);
#599 = DIRECTION('',(0.,1.));
#600 = ( GEOMETRIC_REPRESENTATION_CONTEXT(2) 
PARAMETRIC_REPRESENTATION_CONTEXT() REPRESENTATION_CONTEXT('2D SPACE',''
  ) );
#601 = PCURVE('',#602,#607);
#602 = PLANE('',#603);
#603 = AXIS2_PLACEMENT_3D('',#604,#605,#606);
#604 = CARTESIAN_POINT('',(16.62,-20.78,0.));
#605 = DIRECTION('',(1.,0.,0.));
#606 = DIRECTION('',(0.,0.,1.));
#607 = DEFINITIONAL_REPRESENTATION('',(#608),#612);
#608 = LINE('',#609,#610);
#609 = CARTESIAN_POINT('',(1.,0.));
#610 = VECTOR('',#611,1.);
#611 = DIRECTION('',(0.,-1.));
#612 = ( GEOMETRIC_REPRESENTATION_CONTEXT(2) 
PARAMETRIC_REPRESENTATION_CONTEXT() REPRESENTATION_CONTEXT('2D SPACE',''
  ) );
#613 = ORIENTED_EDGE('',*,*,#614,.T.);
#614 = EDGE_CURVE('',#587,#615,#617,.T.);
#615 = VERTEX_POINT('',#616);
#616 = CARTESIAN_POINT('',(15.24,-10.66,1.));
#617 = SURFACE_CURVE('',#618,(#622,#629),.PCURVE_S1.);
#618 = LINE('',#619,#620);
#619 = CARTESIAN_POINT('',(6.93,-10.66,1.));
#620 = VECTOR('',#621,1.);
#621 = DIRECTION('',(-1.,0.,0.));
#622 = PCURVE('',#114,#623);
#623 = DEFINITIONAL_REPRESENTATION('',(#624),#628);
#624 = LINE('',#625,#626);
#625 = CARTESIAN_POINT('',(8.31,10.12));
#626 = VECTOR('',#627,1.);
#627 = DIRECTION('',(-1.,0.));
#628 = ( GEOMETRIC_REPRESENTATION_CONTEXT(2) 
PARAMETRIC_REPRESENTATION_CONTEXT() REPRESENTATION_CONTEXT('2D SPACE',''
  ) );
#629 = PCURVE('',#630,#635);
#630 = PLANE('',#631);
#631 = AXIS2_PLACEMENT_3D('',#632,#633,#634);
#632 = CARTESIAN_POINT('',(15.24,-10.66,-1.));
#633 = DIRECTION('',(0.,1.,0.));
#634 = DIRECTION('',(0.,0.,1.));
#635 = DEFINITIONAL_REPRESENTATION('',(#636),#640);
#636 = LINE('',#637,#638);
#637 = CARTESIAN_POINT('',(2.,-8.31));
#638 = VECTOR('',#639,1.);
#639 = DIRECTION('',(0.,-1.));
#640 = ( GEOMETRIC_REPRESENTATION_CONTEXT(2) 
PARAMETRIC_REPRESENTATION_CONTEXT() REPRESENTATION_CONTEXT('2D SPACE',''
  ) );
#641 = ORIENTED_EDGE('',*,*,#642,.T.);
#642 = EDGE_CURVE('',#615,#643,#645,.T.);
#643 = VERTEX_POINT('',#644);
#644 = CARTESIAN_POINT('',(15.24,-9.66,1.));
#645 = SURFACE_CURVE('',#646,(#651,#662),.PCURVE_S1.);
#646 = CIRCLE('',#647,0.5);
#647 = AXIS2_PLACEMENT_3D('',#648,#649,#650);
#648 = CARTESIAN_POINT('',(15.24,-10.16,1.));
#649 = DIRECTION('',(0.,0.,-1.));
#650 = DIRECTION('',(1.,0.,0.));
#651 = PCURVE('',#114,#652);
#652 = DEFINITIONAL_REPRESENTATION('',(#653),#661);
#653 = ( BOUNDED_CURVE() B_SPLINE_CURVE(2,(#654,#655,#656,#657,#658,#659
,#660),.UNSPECIFIED.,.T.,.F.) B_SPLINE_CURVE_WITH_KNOTS((1,2,2,2,2,1),(
    -2.094395102393,0.,2.094395102393,4.188790204786,6.28318530718,
8.377580409573),.UNSPECIFIED.) CURVE() GEOMETRIC_REPRESENTATION_ITEM() 
RATIONAL_B_SPLINE_CURVE((1.,0.5,1.,0.5,1.,0.5,1.)) REPRESENTATION_ITEM(
  '') );
#654 = CARTESIAN_POINT('',(17.12,10.62));
#655 = CARTESIAN_POINT('',(17.12,9.753974596216));
#656 = CARTESIAN_POINT('',(16.37,10.186987298108));
#657 = CARTESIAN_POINT('',(15.62,10.62));
#658 = CARTESIAN_POINT('',(16.37,11.053012701892));
#659 = CARTESIAN_POINT('',(17.12,11.486025403784));
#660 = CARTESIAN_POINT('',(17.12,10.62));
#661 = ( GEOMETRIC_REPRESENTATION_CONTEXT(2) 
PARAMETRIC_REPRESENTATION_CONTEXT() REPRESENTATION_CONTEXT('2D SPACE',''
  ) );
#662 = PCURVE('',#663,#668);
#663 = CYLINDRICAL_SURFACE('',#664,0.5);
#664 = AXIS2_PLACEMENT_3D('',#665,#666,#667);
#665 = CARTESIAN_POINT('',(15.24,-10.16,-1.));
#666 = DIRECTION('',(-0.,-0.,-1.));
#667 = DIRECTION('',(1.,0.,0.));
#668 = DEFINITIONAL_REPRESENTATION('',(#669),#673);
#669 = LINE('',#670,#671);
#670 = CARTESIAN_POINT('',(-6.28318530718,-2.));
#671 = VECTOR('',#672,1.);
#672 = DIRECTION('',(1.,-0.));
#673 = ( GEOMETRIC_REPRESENTATION_CONTEXT(2) 
PARAMETRIC_REPRESENTATION_CONTEXT() REPRESENTATION_CONTEXT('2D SPACE',''
  ) );
#674 = ORIENTED_EDGE('',*,*,#675,.F.);
#675 = EDGE_CURVE('',#676,#643,#678,.T.);
#676 = VERTEX_POINT('',#677);
#677 = CARTESIAN_POINT('',(16.62,-9.66,1.));
#678 = SURFACE_CURVE('',#679,(#683,#690),.PCURVE_S1.);
#679 = LINE('',#680,#681);
#680 = CARTESIAN_POINT('',(6.93,-9.66,1.));
#681 = VECTOR('',#682,1.);
#682 = DIRECTION('',(-1.,0.,0.));
#683 = PCURVE('',#114,#684);
#684 = DEFINITIONAL_REPRESENTATION('',(#685),#689);
#685 = LINE('',#686,#687);
#686 = CARTESIAN_POINT('',(8.31,11.12));
#687 = VECTOR('',#688,1.);
#688 = DIRECTION('',(-1.,0.));
#689 = ( GEOMETRIC_REPRESENTATION_CONTEXT(2) 
PARAMETRIC_REPRESENTATION_CONTEXT() REPRESENTATION_CONTEXT('2D SPACE',''
  ) );
#690 = PCURVE('',#691,#696);
#691 = PLANE('',#692);
#692 = AXIS2_PLACEMENT_3D('',#693,#694,#695);
#693 = CARTESIAN_POINT('',(15.24,-9.66,-1.));
#694 = DIRECTION('',(0.,1.,0.));
#695 = DIRECTION('',(0.,0.,1.));
#696 = DEFINITIONAL_REPRESENTATION('',(#697),#701);
#697 = LINE('',#698,#699);
#698 = CARTESIAN_POINT('',(2.,-8.31));
#699 = VECTOR('',#700,1.);
#700 = DIRECTION('',(0.,-1.));
#701 = ( GEOMETRIC_REPRESENTATION_CONTEXT(2) 
PARAMETRIC_REPRESENTATION_CONTEXT() REPRESENTATION_CONTEXT('2D SPACE',''
  ) );
#702 = ORIENTED_EDGE('',*,*,#703,.T.);
#703 = EDGE_CURVE('',#676,#704,#706,.T.);
#704 = VERTEX_POINT('',#705);
#705 = CARTESIAN_POINT('',(16.62,-8.12,1.));
#706 = SURFACE_CURVE('',#707,(#711,#718),.PCURVE_S1.);
#707 = LINE('',#708,#709);
#708 = CARTESIAN_POINT('',(16.62,-20.78,1.));
#709 = VECTOR('',#710,1.);
#710 = DIRECTION('',(0.,1.,0.));
#711 = PCURVE('',#114,#712);
#712 = DEFINITIONAL_REPRESENTATION('',(#713),#717);
#713 = LINE('',#714,#715);
#714 = CARTESIAN_POINT('',(18.,0.));
#715 = VECTOR('',#716,1.);
#716 = DIRECTION('',(0.,1.));
#717 = ( GEOMETRIC_REPRESENTATION_CONTEXT(2) 
PARAMETRIC_REPRESENTATION_CONTEXT() REPRESENTATION_CONTEXT('2D SPACE',''
  ) );
#718 = PCURVE('',#719,#724);
#719 = PLANE('',#720);
#720 = AXIS2_PLACEMENT_3D('',#721,#722,#723);
#721 = CARTESIAN_POINT('',(16.62,-20.78,0.));
#722 = DIRECTION('',(1.,0.,0.));
#723 = DIRECTION('',(0.,0.,1.));
#724 = DEFINITIONAL_REPRESENTATION('',(#725),#729);
#725 = LINE('',#726,#727);
#726 = CARTESIAN_POINT('',(1.,0.));
#727 = VECTOR('',#728,1.);
#728 = DIRECTION('',(0.,-1.));
#729 = ( GEOMETRIC_REPRESENTATION_CONTEXT(2) 
PARAMETRIC_REPRESENTATION_CONTEXT() REPRESENTATION_CONTEXT('2D SPACE',''
  ) );
#730 = ORIENTED_EDGE('',*,*,#731,.T.);
#731 = EDGE_CURVE('',#704,#732,#734,.T.);
#732 = VERTEX_POINT('',#733);
#733 = CARTESIAN_POINT('',(15.24,-8.12,1.));
#734 = SURFACE_CURVE('',#735,(#739,#746),.PCURVE_S1.);
#735 = LINE('',#736,#737);
#736 = CARTESIAN_POINT('',(6.93,-8.12,1.));
#737 = VECTOR('',#738,1.);
#738 = DIRECTION('',(-1.,0.,0.));
#739 = PCURVE('',#114,#740);
#740 = DEFINITIONAL_REPRESENTATION('',(#741),#745);
#741 = LINE('',#742,#743);
#742 = CARTESIAN_POINT('',(8.31,12.66));
#743 = VECTOR('',#744,1.);
#744 = DIRECTION('',(-1.,0.));
#745 = ( GEOMETRIC_REPRESENTATION_CONTEXT(2) 
PARAMETRIC_REPRESENTATION_CONTEXT() REPRESENTATION_CONTEXT('2D SPACE',''
  ) );
#746 = PCURVE('',#747,#752);
#747 = PLANE('',#748);
#748 = AXIS2_PLACEMENT_3D('',#749,#750,#751);
#749 = CARTESIAN_POINT('',(15.24,-8.12,-1.));
#750 = DIRECTION('',(0.,1.,0.));
#751 = DIRECTION('',(0.,0.,1.));
#752 = DEFINITIONAL_REPRESENTATION('',(#753),#757);
#753 = LINE('',#754,#755);
#754 = CARTESIAN_POINT('',(2.,-8.31));
#755 = VECTOR('',#756,1.);
#756 = DIRECTION('',(0.,-1.));
#757 = ( GEOMETRIC_REPRESENTATION_CONTEXT(2) 
PARAMETRIC_REPRESENTATION_CONTEXT() REPRESENTATION_CONTEXT('2D SPACE',''
  ) );
#758 = ORIENTED_EDGE('',*,*,#759,.T.);
#759 = EDGE_CURVE('',#732,#760,#762,.T.);
#760 = VERTEX_POINT('',#761);
#761 = CARTESIAN_POINT('',(15.24,-7.12,1.));
#762 = SURFACE_CURVE('',#763,(#768,#779),.PCURVE_S1.);
#763 = CIRCLE('',#764,0.5);
#764 = AXIS2_PLACEMENT_3D('',#765,#766,#767);
#765 = CARTESIAN_POINT('',(15.24,-7.62,1.));
#766 = DIRECTION('',(0.,0.,-1.));
#767 = DIRECTION('',(1.,0.,0.));
#768 = PCURVE('',#114,#769);
#769 = DEFINITIONAL_REPRESENTATION('',(#770),#778);
#770 = ( BOUNDED_CURVE() B_SPLINE_CURVE(2,(#771,#772,#773,#774,#775,#776
,#777),.UNSPECIFIED.,.T.,.F.) B_SPLINE_CURVE_WITH_KNOTS((1,2,2,2,2,1),(
    -2.094395102393,0.,2.094395102393,4.188790204786,6.28318530718,
8.377580409573),.UNSPECIFIED.) CURVE() GEOMETRIC_REPRESENTATION_ITEM() 
RATIONAL_B_SPLINE_CURVE((1.,0.5,1.,0.5,1.,0.5,1.)) REPRESENTATION_ITEM(
  '') );
#771 = CARTESIAN_POINT('',(17.12,13.16));
#772 = CARTESIAN_POINT('',(17.12,12.293974596216));
#773 = CARTESIAN_POINT('',(16.37,12.726987298108));
#774 = CARTESIAN_POINT('',(15.62,13.16));
#775 = CARTESIAN_POINT('',(16.37,13.593012701892));
#776 = CARTESIAN_POINT('',(17.12,14.026025403784));
#777 = CARTESIAN_POINT('',(17.12,13.16));
#778 = ( GEOMETRIC_REPRESENTATION_CONTEXT(2) 
PARAMETRIC_REPRESENTATION_CONTEXT() REPRESENTATION_CONTEXT('2D SPACE',''
  ) );
#779 = PCURVE('',#780,#785);
#780 = CYLINDRICAL_SURFACE('',#781,0.5);
#781 = AXIS2_PLACEMENT_3D('',#782,#783,#784);
#782 = CARTESIAN_POINT('',(15.24,-7.62,-1.));
#783 = DIRECTION('',(-0.,-0.,-1.));
#784 = DIRECTION('',(1.,0.,0.));
#785 = DEFINITIONAL_REPRESENTATION('',(#786),#790);
#786 = LINE('',#787,#788);
#787 = CARTESIAN_POINT('',(-6.28318530718,-2.));
#788 = VECTOR('',#789,1.);
#789 = DIRECTION('',(1.,-0.));
#790 = ( GEOMETRIC_REPRESENTATION_CONTEXT(2) 
PARAMETRIC_REPRESENTATION_CONTEXT() REPRESENTATION_CONTEXT('2D SPACE',''
  ) );
#791 = ORIENTED_EDGE('',*,*,#792,.F.);
#792 = EDGE_CURVE('',#793,#760,#795,.T.);
#793 = VERTEX_POINT('',#794);
#794 = CARTESIAN_POINT('',(16.62,-7.12,1.));
#795 = SURFACE_CURVE('',#796,(#800,#807),.PCURVE_S1.);
#796 = LINE('',#797,#798);
#797 = CARTESIAN_POINT('',(6.93,-7.12,1.));
#798 = VECTOR('',#799,1.);
#799 = DIRECTION('',(-1.,0.,0.));
#800 = PCURVE('',#114,#801);
#801 = DEFINITIONAL_REPRESENTATION('',(#802),#806);
#802 = LINE('',#803,#804);
#803 = CARTESIAN_POINT('',(8.31,13.66));
#804 = VECTOR('',#805,1.);
#805 = DIRECTION('',(-1.,0.));
#806 = ( GEOMETRIC_REPRESENTATION_CONTEXT(2) 
PARAMETRIC_REPRESENTATION_CONTEXT() REPRESENTATION_CONTEXT('2D SPACE',''
  ) );
#807 = PCURVE('',#808,#813);
#808 = PLANE('',#809);
#809 = AXIS2_PLACEMENT_3D('',#810,#811,#812);
#810 = CARTESIAN_POINT('',(15.24,-7.12,-1.));
#811 = DIRECTION('',(0.,1.,0.));
#812 = DIRECTION('',(0.,0.,1.));
#813 = DEFINITIONAL_REPRESENTATION('',(#814),#818);
#814 = LINE('',#815,#816);
#815 = CARTESIAN_POINT('',(2.,-8.31));
#816 = VECTOR('',#817,1.);
#817 = DIRECTION('',(0.,-1.));
#818 = ( GEOMETRIC_REPRESENTATION_CONTEXT(2) 
PARAMETRIC_REPRESENTATION_CONTEXT() REPRESENTATION_CONTEXT('2D SPACE',''
  ) );
#819 = ORIENTED_EDGE('',*,*,#820,.T.);
#820 = EDGE_CURVE('',#793,#821,#823,.T.);
#821 = VERTEX_POINT('',#822);
#822 = CARTESIAN_POINT('',(16.62,-5.58,1.));
#823 = SURFACE_CURVE('',#824,(#828,#835),.PCURVE_S1.);
#824 = LINE('',#825,#826);
#825 = CARTESIAN_POINT('',(16.62,-20.78,1.));
#826 = VECTOR('',#827,1.);
#827 = DIRECTION('',(0.,1.,0.));
#828 = PCURVE('',#114,#829);
#829 = DEFINITIONAL_REPRESENTATION('',(#830),#834);
#830 = LINE('',#831,#832);
#831 = CARTESIAN_POINT('',(18.,0.));
#832 = VECTOR('',#833,1.);
#833 = DIRECTION('',(0.,1.));
#834 = ( GEOMETRIC_REPRESENTATION_CONTEXT(2) 
PARAMETRIC_REPRESENTATION_CONTEXT() REPRESENTATION_CONTEXT('2D SPACE',''
  ) );
#835 = PCURVE('',#836,#841);
#836 = PLANE('',#837);
#837 = AXIS2_PLACEMENT_3D('',#838,#839,#840);
#838 = CARTESIAN_POINT('',(16.62,-20.78,0.));
#839 = DIRECTION('',(1.,0.,0.));
#840 = DIRECTION('',(0.,0.,1.));
#841 = DEFINITIONAL_REPRESENTATION('',(#842),#846);
#842 = LINE('',#843,#844);
#843 = CARTESIAN_POINT('',(1.,0.));
#844 = VECTOR('',#845,1.);
#845 = DIRECTION('',(0.,-1.));
#846 = ( GEOMETRIC_REPRESENTATION_CONTEXT(2) 
PARAMETRIC_REPRESENTATION_CONTEXT() REPRESENTATION_CONTEXT('2D SPACE',''
  ) );
#847 = ORIENTED_EDGE('',*,*,#848,.T.);
#848 = EDGE_CURVE('',#821,#849,#851,.T.);
#849 = VERTEX_POINT('',#850);
#850 = CARTESIAN_POINT('',(15.24,-5.58,1.));
#851 = SURFACE_CURVE('',#852,(#856,#863),.PCURVE_S1.);
#852 = LINE('',#853,#854);
#853 = CARTESIAN_POINT('',(6.93,-5.58,1.));
#854 = VECTOR('',#855,1.);
#855 = DIRECTION('',(-1.,0.,0.));
#856 = PCURVE('',#114,#857);
#857 = DEFINITIONAL_REPRESENTATION('',(#858),#862);
#858 = LINE('',#859,#860);
#859 = CARTESIAN_POINT('',(8.31,15.2));
#860 = VECTOR('',#861,1.);
#861 = DIRECTION('',(-1.,0.));
#862 = ( GEOMETRIC_REPRESENTATION_CONTEXT(2) 
PARAMETRIC_REPRESENTATION_CONTEXT() REPRESENTATION_CONTEXT('2D SPACE',''
  ) );
#863 = PCURVE('',#864,#869);
#864 = PLANE('',#865);
#865 = AXIS2_PLACEMENT_3D('',#866,#867,#868);
#866 = CARTESIAN_POINT('',(15.24,-5.58,-1.));
#867 = DIRECTION('',(0.,1.,0.));
#868 = DIRECTION('',(0.,0.,1.));
#869 = DEFINITIONAL_REPRESENTATION('',(#870),#874);
#870 = LINE('',#871,#872);
#871 = CARTESIAN_POINT('',(2.,-8.31));
#872 = VECTOR('',#873,1.);
#873 = DIRECTION('',(0.,-1.));
#874 = ( GEOMETRIC_REPRESENTATION_CONTEXT(2) 
PARAMETRIC_REPRESENTATION_CONTEXT() REPRESENTATION_CONTEXT('2D SPACE',''
  ) );
#875 = ORIENTED_EDGE('',*,*,#876,.T.);
#876 = EDGE_CURVE('',#849,#877,#879,.T.);
#877 = VERTEX_POINT('',#878);
#878 = CARTESIAN_POINT('',(15.24,-4.58,1.));
#879 = SURFACE_CURVE('',#880,(#885,#896),.PCURVE_S1.);
#880 = CIRCLE('',#881,0.5);
#881 = AXIS2_PLACEMENT_3D('',#882,#883,#884);
#882 = CARTESIAN_POINT('',(15.24,-5.08,1.));
#883 = DIRECTION('',(0.,0.,-1.));
#884 = DIRECTION('',(1.,0.,0.));
#885 = PCURVE('',#114,#886);
#886 = DEFINITIONAL_REPRESENTATION('',(#887),#895);
#887 = ( BOUNDED_CURVE() B_SPLINE_CURVE(2,(#888,#889,#890,#891,#892,#893
,#894),.UNSPECIFIED.,.T.,.F.) B_SPLINE_CURVE_WITH_KNOTS((1,2,2,2,2,1),(
    -2.094395102393,0.,2.094395102393,4.188790204786,6.28318530718,
8.377580409573),.UNSPECIFIED.) CURVE() GEOMETRIC_REPRESENTATION_ITEM() 
RATIONAL_B_SPLINE_CURVE((1.,0.5,1.,0.5,1.,0.5,1.)) REPRESENTATION_ITEM(
  '') );
#888 = CARTESIAN_POINT('',(17.12,15.7));
#889 = CARTESIAN_POINT('',(17.12,14.833974596216));
#890 = CARTESIAN_POINT('',(16.37,15.266987298108));
#891 = CARTESIAN_POINT('',(15.62,15.7));
#892 = CARTESIAN_POINT('',(16.37,16.133012701892));
#893 = CARTESIAN_POINT('',(17.12,16.566025403784));
#894 = CARTESIAN_POINT('',(17.12,15.7));
#895 = ( GEOMETRIC_REPRESENTATION_CONTEXT(2) 
PARAMETRIC_REPRESENTATION_CONTEXT() REPRESENTATION_CONTEXT('2D SPACE',''
  ) );
#896 = PCURVE('',#897,#902);
#897 = CYLINDRICAL_SURFACE('',#898,0.5);
#898 = AXIS2_PLACEMENT_3D('',#899,#900,#901);
#899 = CARTESIAN_POINT('',(15.24,-5.08,-1.));
#900 = DIRECTION('',(-0.,-0.,-1.));
#901 = DIRECTION('',(1.,0.,0.));
#902 = DEFINITIONAL_REPRESENTATION('',(#903),#907);
#903 = LINE('',#904,#905);
#904 = CARTESIAN_POINT('',(-6.28318530718,-2.));
#905 = VECTOR('',#906,1.);
#906 = DIRECTION('',(1.,-0.));
#907 = ( GEOMETRIC_REPRESENTATION_CONTEXT(2) 
PARAMETRIC_REPRESENTATION_CONTEXT() REPRESENTATION_CONTEXT('2D SPACE',''
  ) );
#908 = ORIENTED_EDGE('',*,*,#909,.F.);
#909 = EDGE_CURVE('',#910,#877,#912,.T.);
#910 = VERTEX_POINT('',#911);
#911 = CARTESIAN_POINT('',(16.62,-4.58,1.));
#912 = SURFACE_CURVE('',#913,(#917,#924),.PCURVE_S1.);
#913 = LINE('',#914,#915);
#914 = CARTESIAN_POINT('',(6.93,-4.58,1.));
#915 = VECTOR('',#916,1.);
#916 = DIRECTION('',(-1.,0.,0.));
#917 = PCURVE('',#114,#918);
#918 = DEFINITIONAL_REPRESENTATION('',(#919),#923);
#919 = LINE('',#920,#921);
#920 = CARTESIAN_POINT('',(8.31,16.2));
#921 = VECTOR('',#922,1.);
#922 = DIRECTION('',(-1.,0.));
#923 = ( GEOMETRIC_REPRESENTATION_CONTEXT(2) 
PARAMETRIC_REPRESENTATION_CONTEXT() REPRESENTATION_CONTEXT('2D SPACE',''
  ) );
#924 = PCURVE('',#925,#930);
#925 = PLANE('',#926);
#926 = AXIS2_PLACEMENT_3D('',#927,#928,#929);
#927 = CARTESIAN_POINT('',(15.24,-4.58,-1.));
#928 = DIRECTION('',(0.,1.,0.));
#929 = DIRECTION('',(0.,0.,1.));
#930 = DEFINITIONAL_REPRESENTATION('',(#931),#935);
#931 = LINE('',#932,#933);
#932 = CARTESIAN_POINT('',(2.,-8.31));
#933 = VECTOR('',#934,1.);
#934 = DIRECTION('',(0.,-1.));
#935 = ( GEOMETRIC_REPRESENTATION_CONTEXT(2) 
PARAMETRIC_REPRESENTATION_CONTEXT() REPRESENTATION_CONTEXT('2D SPACE',''
  ) );
#936 = ORIENTED_EDGE('',*,*,#937,.T.);
#937 = EDGE_CURVE('',#910,#938,#940,.T.);
#938 = VERTEX_POINT('',#939);
#939 = CARTESIAN_POINT('',(16.62,-3.04,1.));
#940 = SURFACE_CURVE('',#941,(#945,#952),.PCURVE_S1.);
#941 = LINE('',#942,#943);
#942 = CARTESIAN_POINT('',(16.62,-20.78,1.));
#943 = VECTOR('',#944,1.);
#944 = DIRECTION('',(0.,1.,0.));
#945 = PCURVE('',#114,#946);
#946 = DEFINITIONAL_REPRESENTATION('',(#947),#951);
#947 = LINE('',#948,#949);
#948 = CARTESIAN_POINT('',(18.,0.));
#949 = VECTOR('',#950,1.);
#950 = DIRECTION('',(0.,1.));
#951 = ( GEOMETRIC_REPRESENTATION_CONTEXT(2) 
PARAMETRIC_REPRESENTATION_CONTEXT() REPRESENTATION_CONTEXT('2D SPACE',''
  ) );
#952 = PCURVE('',#953,#958);
#953 = PLANE('',#954);
#954 = AXIS2_PLACEMENT_3D('',#955,#956,#957);
#955 = CARTESIAN_POINT('',(16.62,-20.78,0.));
#956 = DIRECTION('',(1.,0.,0.));
#957 = DIRECTION('',(0.,0.,1.));
#958 = DEFINITIONAL_REPRESENTATION('',(#959),#963);
#959 = LINE('',#960,#961);
#960 = CARTESIAN_POINT('',(1.,0.));
#961 = VECTOR('',#962,1.);
#962 = DIRECTION('',(0.,-1.));
#963 = ( GEOMETRIC_REPRESENTATION_CONTEXT(2) 
PARAMETRIC_REPRESENTATION_CONTEXT() REPRESENTATION_CONTEXT('2D SPACE',''
  ) );
#964 = ORIENTED_EDGE('',*,*,#965,.T.);
#965 = EDGE_CURVE('',#938,#966,#968,.T.);
#966 = VERTEX_POINT('',#967);
#967 = CARTESIAN_POINT('',(15.24,-3.04,1.));
#968 = SURFACE_CURVE('',#969,(#973,#980),.PCURVE_S1.);
#969 = LINE('',#970,#971);
#970 = CARTESIAN_POINT('',(6.93,-3.04,1.));
#971 = VECTOR('',#972,1.);
#972 = DIRECTION('',(-1.,0.,0.));
#973 = PCURVE('',#114,#974);
#974 = DEFINITIONAL_REPRESENTATION('',(#975),#979);
#975 = LINE('',#976,#977);
#976 = CARTESIAN_POINT('',(8.31,17.74));
#977 = VECTOR('',#978,1.);
#978 = DIRECTION('',(-1.,0.));
#979 = ( GEOMETRIC_REPRESENTATION_CONTEXT(2) 
PARAMETRIC_REPRESENTATION_CONTEXT() REPRESENTATION_CONTEXT('2D SPACE',''
  ) );
#980 = PCURVE('',#981,#986);
#981 = PLANE('',#982);
#982 = AXIS2_PLACEMENT_3D('',#983,#984,#985);
#983 = CARTESIAN_POINT('',(15.24,-3.04,-1.));
#984 = DIRECTION('',(0.,1.,0.));
#985 = DIRECTION('',(0.,0.,1.));
#986 = DEFINITIONAL_REPRESENTATION('',(#987),#991);
#987 = LINE('',#988,#989);
#988 = CARTESIAN_POINT('',(2.,-8.31));
#989 = VECTOR('',#990,1.);
#990 = DIRECTION('',(0.,-1.));
#991 = ( GEOMETRIC_REPRESENTATION_CONTEXT(2) 
PARAMETRIC_REPRESENTATION_CONTEXT() REPRESENTATION_CONTEXT('2D SPACE',''
  ) );
#992 = ORIENTED_EDGE('',*,*,#993,.T.);
#993 = EDGE_CURVE('',#966,#994,#996,.T.);
#994 = VERTEX_POINT('',#995);
#995 = CARTESIAN_POINT('',(15.24,-2.04,1.));
#996 = SURFACE_CURVE('',#997,(#1002,#1013),.PCURVE_S1.);
#997 = CIRCLE('',#998,0.5);
#998 = AXIS2_PLACEMENT_3D('',#999,#1000,#1001);
#999 = CARTESIAN_POINT('',(15.24,-2.54,1.));
#1000 = DIRECTION('',(0.,0.,-1.));
#1001 = DIRECTION('',(1.,0.,0.));
#1002 = PCURVE('',#114,#1003);
#1003 = DEFINITIONAL_REPRESENTATION('',(#1004),#1012);
#1004 = ( BOUNDED_CURVE() B_SPLINE_CURVE(2,(#1005,#1006,#1007,#1008,
#1009,#1010,#1011),.UNSPECIFIED.,.T.,.F.) B_SPLINE_CURVE_WITH_KNOTS((1,2
    ,2,2,2,1),(-2.094395102393,0.,2.094395102393,4.188790204786,
6.28318530718,8.377580409573),.UNSPECIFIED.) CURVE() 
GEOMETRIC_REPRESENTATION_ITEM() RATIONAL_B_SPLINE_CURVE((1.,0.5,1.,0.5,
1.,0.5,1.)) REPRESENTATION_ITEM('') );
#1005 = CARTESIAN_POINT('',(17.12,18.24));
#1006 = CARTESIAN_POINT('',(17.12,17.373974596216));
#1007 = CARTESIAN_POINT('',(16.37,17.806987298108));
#1008 = CARTESIAN_POINT('',(15.62,18.24));
#1009 = CARTESIAN_POINT('',(16.37,18.673012701892));
#1010 = CARTESIAN_POINT('',(17.12,19.106025403784));
#1011 = CARTESIAN_POINT('',(17.12,18.24));
#1012 = ( GEOMETRIC_REPRESENTATION_CONTEXT(2) 
PARAMETRIC_REPRESENTATION_CONTEXT() REPRESENTATION_CONTEXT('2D SPACE',''
  ) );
#1013 = PCURVE('',#1014,#1019);
#1014 = CYLINDRICAL_SURFACE('',#1015,0.5);
#1015 = AXIS2_PLACEMENT_3D('',#1016,#1017,#1018);
#1016 = CARTESIAN_POINT('',(15.24,-2.54,-1.));
#1017 = DIRECTION('',(-0.,-0.,-1.));
#1018 = DIRECTION('',(1.,0.,0.));
#1019 = DEFINITIONAL_REPRESENTATION('',(#1020),#1024);
#1020 = LINE('',#1021,#1022);
#1021 = CARTESIAN_POINT('',(-6.28318530718,-2.));
#1022 = VECTOR('',#1023,1.);
#1023 = DIRECTION('',(1.,-0.));
#1024 = ( GEOMETRIC_REPRESENTATION_CONTEXT(2) 
PARAMETRIC_REPRESENTATION_CONTEXT() REPRESENTATION_CONTEXT('2D SPACE',''
  ) );
#1025 = ORIENTED_EDGE('',*,*,#1026,.F.);
#1026 = EDGE_CURVE('',#1027,#994,#1029,.T.);
#1027 = VERTEX_POINT('',#1028);
#1028 = CARTESIAN_POINT('',(16.62,-2.04,1.));
#1029 = SURFACE_CURVE('',#1030,(#1034,#1041),.PCURVE_S1.);
#1030 = LINE('',#1031,#1032);
#1031 = CARTESIAN_POINT('',(6.93,-2.04,1.));
#1032 = VECTOR('',#1033,1.);
#1033 = DIRECTION('',(-1.,0.,0.));
#1034 = PCURVE('',#114,#1035);
#1035 = DEFINITIONAL_REPRESENTATION('',(#1036),#1040);
#1036 = LINE('',#1037,#1038);
#1037 = CARTESIAN_POINT('',(8.31,18.74));
#1038 = VECTOR('',#1039,1.);
#1039 = DIRECTION('',(-1.,0.));
#1040 = ( GEOMETRIC_REPRESENTATION_CONTEXT(2) 
PARAMETRIC_REPRESENTATION_CONTEXT() REPRESENTATION_CONTEXT('2D SPACE',''
  ) );
#1041 = PCURVE('',#1042,#1047);
#1042 = PLANE('',#1043);
#1043 = AXIS2_PLACEMENT_3D('',#1044,#1045,#1046);
#1044 = CARTESIAN_POINT('',(15.24,-2.04,-1.));
#1045 = DIRECTION('',(0.,1.,0.));
#1046 = DIRECTION('',(0.,0.,1.));
#1047 = DEFINITIONAL_REPRESENTATION('',(#1048),#1052);
#1048 = LINE('',#1049,#1050);
#1049 = CARTESIAN_POINT('',(2.,-8.31));
#1050 = VECTOR('',#1051,1.);
#1051 = DIRECTION('',(0.,-1.));
#1052 = ( GEOMETRIC_REPRESENTATION_CONTEXT(2) 
PARAMETRIC_REPRESENTATION_CONTEXT() REPRESENTATION_CONTEXT('2D SPACE',''
  ) );
#1053 = ORIENTED_EDGE('',*,*,#1054,.T.);
#1054 = EDGE_CURVE('',#1027,#1055,#1057,.T.);
#1055 = VERTEX_POINT('',#1056);
#1056 = CARTESIAN_POINT('',(16.62,-0.5,1.));
#1057 = SURFACE_CURVE('',#1058,(#1062,#1069),.PCURVE_S1.);
#1058 = LINE('',#1059,#1060);
#1059 = CARTESIAN_POINT('',(16.62,-20.78,1.));
#1060 = VECTOR('',#1061,1.);
#1061 = DIRECTION('',(0.,1.,0.));
#1062 = PCURVE('',#114,#1063);
#1063 = DEFINITIONAL_REPRESENTATION('',(#1064),#1068);
#1064 = LINE('',#1065,#1066);
#1065 = CARTESIAN_POINT('',(18.,0.));
#1066 = VECTOR('',#1067,1.);
#1067 = DIRECTION('',(0.,1.));
#1068 = ( GEOMETRIC_REPRESENTATION_CONTEXT(2) 
PARAMETRIC_REPRESENTATION_CONTEXT() REPRESENTATION_CONTEXT('2D SPACE',''
  ) );
#1069 = PCURVE('',#1070,#1075);
#1070 = PLANE('',#1071);
#1071 = AXIS2_PLACEMENT_3D('',#1072,#1073,#1074);
#1072 = CARTESIAN_POINT('',(16.62,-20.78,0.));
#1073 = DIRECTION('',(1.,0.,0.));
#1074 = DIRECTION('',(0.,0.,1.));
#1075 = DEFINITIONAL_REPRESENTATION('',(#1076),#1080);
#1076 = LINE('',#1077,#1078);
#1077 = CARTESIAN_POINT('',(1.,0.));
#1078 = VECTOR('',#1079,1.);
#1079 = DIRECTION('',(0.,-1.));
#1080 = ( GEOMETRIC_REPRESENTATION_CONTEXT(2) 
PARAMETRIC_REPRESENTATION_CONTEXT() REPRESENTATION_CONTEXT('2D SPACE',''
  ) );
#1081 = ORIENTED_EDGE('',*,*,#1082,.T.);
#1082 = EDGE_CURVE('',#1055,#1083,#1085,.T.);
#1083 = VERTEX_POINT('',#1084);
#1084 = CARTESIAN_POINT('',(15.24,-0.5,1.));
#1085 = SURFACE_CURVE('',#1086,(#1090,#1097),.PCURVE_S1.);
#1086 = LINE('',#1087,#1088);
#1087 = CARTESIAN_POINT('',(6.93,-0.5,1.));
#1088 = VECTOR('',#1089,1.);
#1089 = DIRECTION('',(-1.,0.,0.));
#1090 = PCURVE('',#114,#1091);
#1091 = DEFINITIONAL_REPRESENTATION('',(#1092),#1096);
#1092 = LINE('',#1093,#1094);
#1093 = CARTESIAN_POINT('',(8.31,20.28));
#1094 = VECTOR('',#1095,1.);
#1095 = DIRECTION('',(-1.,0.));
#1096 = ( GEOMETRIC_REPRESENTATION_CONTEXT(2) 
PARAMETRIC_REPRESENTATION_CONTEXT() REPRESENTATION_CONTEXT('2D SPACE',''
  ) );
#1097 = PCURVE('',#1098,#1103);
#1098 = PLANE('',#1099);
#1099 = AXIS2_PLACEMENT_3D('',#1100,#1101,#1102);
#1100 = CARTESIAN_POINT('',(15.24,-0.5,-1.));
#1101 = DIRECTION('',(0.,1.,0.));
#1102 = DIRECTION('',(0.,0.,1.));
#1103 = DEFINITIONAL_REPRESENTATION('',(#1104),#1108);
#1104 = LINE('',#1105,#1106);
#1105 = CARTESIAN_POINT('',(2.,-8.31));
#1106 = VECTOR('',#1107,1.);
#1107 = DIRECTION('',(0.,-1.));
#1108 = ( GEOMETRIC_REPRESENTATION_CONTEXT(2) 
PARAMETRIC_REPRESENTATION_CONTEXT() REPRESENTATION_CONTEXT('2D SPACE',''
  ) );
#1109 = ORIENTED_EDGE('',*,*,#1110,.T.);
#1110 = EDGE_CURVE('',#1083,#1111,#1113,.T.);
#1111 = VERTEX_POINT('',#1112);
#1112 = CARTESIAN_POINT('',(15.24,0.5,1.));
#1113 = SURFACE_CURVE('',#1114,(#1119,#1130),.PCURVE_S1.);
#1114 = CIRCLE('',#1115,0.5);
#1115 = AXIS2_PLACEMENT_3D('',#1116,#1117,#1118);
#1116 = CARTESIAN_POINT('',(15.24,0.,1.));
#1117 = DIRECTION('',(0.,0.,-1.));
#1118 = DIRECTION('',(1.,0.,0.));
#1119 = PCURVE('',#114,#1120);
#1120 = DEFINITIONAL_REPRESENTATION('',(#1121),#1129);
#1121 = ( BOUNDED_CURVE() B_SPLINE_CURVE(2,(#1122,#1123,#1124,#1125,
#1126,#1127,#1128),.UNSPECIFIED.,.T.,.F.) B_SPLINE_CURVE_WITH_KNOTS((1,2
    ,2,2,2,1),(-2.094395102393,0.,2.094395102393,4.188790204786,
6.28318530718,8.377580409573),.UNSPECIFIED.) CURVE() 
GEOMETRIC_REPRESENTATION_ITEM() RATIONAL_B_SPLINE_CURVE((1.,0.5,1.,0.5,
1.,0.5,1.)) REPRESENTATION_ITEM('') );
#1122 = CARTESIAN_POINT('',(17.12,20.78));
#1123 = CARTESIAN_POINT('',(17.12,19.913974596216));
#1124 = CARTESIAN_POINT('',(16.37,20.346987298108));
#1125 = CARTESIAN_POINT('',(15.62,20.78));
#1126 = CARTESIAN_POINT('',(16.37,21.213012701892));
#1127 = CARTESIAN_POINT('',(17.12,21.646025403784));
#1128 = CARTESIAN_POINT('',(17.12,20.78));
#1129 = ( GEOMETRIC_REPRESENTATION_CONTEXT(2) 
PARAMETRIC_REPRESENTATION_CONTEXT() REPRESENTATION_CONTEXT('2D SPACE',''
  ) );
#1130 = PCURVE('',#1131,#1136);
#1131 = CYLINDRICAL_SURFACE('',#1132,0.5);
#1132 = AXIS2_PLACEMENT_3D('',#1133,#1134,#1135);
#1133 = CARTESIAN_POINT('',(15.24,0.,-1.));
#1134 = DIRECTION('',(-0.,-0.,-1.));
#1135 = DIRECTION('',(1.,0.,0.));
#1136 = DEFINITIONAL_REPRESENTATION('',(#1137),#1141);
#1137 = LINE('',#1138,#1139);
#1138 = CARTESIAN_POINT('',(-6.28318530718,-2.));
#1139 = VECTOR('',#1140,1.);
#1140 = DIRECTION('',(1.,-0.));
#1141 = ( GEOMETRIC_REPRESENTATION_CONTEXT(2) 
PARAMETRIC_REPRESENTATION_CONTEXT() REPRESENTATION_CONTEXT('2D SPACE',''
  ) );
#1142 = ORIENTED_EDGE('',*,*,#1143,.F.);
#1143 = EDGE_CURVE('',#1144,#1111,#1146,.T.);
#1144 = VERTEX_POINT('',#1145);
#1145 = CARTESIAN_POINT('',(16.62,0.5,1.));
#1146 = SURFACE_CURVE('',#1147,(#1151,#1158),.PCURVE_S1.);
#1147 = LINE('',#1148,#1149);
#1148 = CARTESIAN_POINT('',(6.93,0.5,1.));
#1149 = VECTOR('',#1150,1.);
#1150 = DIRECTION('',(-1.,0.,0.));
#1151 = PCURVE('',#114,#1152);
#1152 = DEFINITIONAL_REPRESENTATION('',(#1153),#1157);
#1153 = LINE('',#1154,#1155);
#1154 = CARTESIAN_POINT('',(8.31,21.28));
#1155 = VECTOR('',#1156,1.);
#1156 = DIRECTION('',(-1.,0.));
#1157 = ( GEOMETRIC_REPRESENTATION_CONTEXT(2) 
PARAMETRIC_REPRESENTATION_CONTEXT() REPRESENTATION_CONTEXT('2D SPACE',''
  ) );
#1158 = PCURVE('',#1159,#1164);
#1159 = PLANE('',#1160);
#1160 = AXIS2_PLACEMENT_3D('',#1161,#1162,#1163);
#1161 = CARTESIAN_POINT('',(15.24,0.5,-1.));
#1162 = DIRECTION('',(0.,1.,0.));
#1163 = DIRECTION('',(0.,0.,1.));
#1164 = DEFINITIONAL_REPRESENTATION('',(#1165),#1169);
#1165 = LINE('',#1166,#1167);
#1166 = CARTESIAN_POINT('',(2.,-8.31));
#1167 = VECTOR('',#1168,1.);
#1168 = DIRECTION('',(0.,-1.));
#1169 = ( GEOMETRIC_REPRESENTATION_CONTEXT(2) 
PARAMETRIC_REPRESENTATION_CONTEXT() REPRESENTATION_CONTEXT('2D SPACE',''
  ) );
#1170 = ORIENTED_EDGE('',*,*,#1171,.T.);
#1171 = EDGE_CURVE('',#1144,#1172,#1174,.T.);
#1172 = VERTEX_POINT('',#1173);
#1173 = CARTESIAN_POINT('',(16.62,1.74,1.));
#1174 = SURFACE_CURVE('',#1175,(#1179,#1186),.PCURVE_S1.);
#1175 = LINE('',#1176,#1177);
#1176 = CARTESIAN_POINT('',(16.62,-20.78,1.));
#1177 = VECTOR('',#1178,1.);
#1178 = DIRECTION('',(0.,1.,0.));
#1179 = PCURVE('',#114,#1180);
#1180 = DEFINITIONAL_REPRESENTATION('',(#1181),#1185);
#1181 = LINE('',#1182,#1183);
#1182 = CARTESIAN_POINT('',(18.,0.));
#1183 = VECTOR('',#1184,1.);
#1184 = DIRECTION('',(0.,1.));
#1185 = ( GEOMETRIC_REPRESENTATION_CONTEXT(2) 
PARAMETRIC_REPRESENTATION_CONTEXT() REPRESENTATION_CONTEXT('2D SPACE',''
  ) );
#1186 = PCURVE('',#1187,#1192);
#1187 = PLANE('',#1188);
#1188 = AXIS2_PLACEMENT_3D('',#1189,#1190,#1191);
#1189 = CARTESIAN_POINT('',(16.62,-20.78,0.));
#1190 = DIRECTION('',(1.,0.,0.));
#1191 = DIRECTION('',(0.,0.,1.));
#1192 = DEFINITIONAL_REPRESENTATION('',(#1193),#1197);
#1193 = LINE('',#1194,#1195);
#1194 = CARTESIAN_POINT('',(1.,0.));
#1195 = VECTOR('',#1196,1.);
#1196 = DIRECTION('',(0.,-1.));
#1197 = ( GEOMETRIC_REPRESENTATION_CONTEXT(2) 
PARAMETRIC_REPRESENTATION_CONTEXT() REPRESENTATION_CONTEXT('2D SPACE',''
  ) );
#1198 = ORIENTED_EDGE('',*,*,#1199,.F.);
#1199 = EDGE_CURVE('',#1200,#1172,#1202,.T.);
#1200 = VERTEX_POINT('',#1201);
#1201 = CARTESIAN_POINT('',(-1.38,1.74,1.));
#1202 = SURFACE_CURVE('',#1203,(#1207,#1214),.PCURVE_S1.);
#1203 = LINE('',#1204,#1205);
#1204 = CARTESIAN_POINT('',(-1.38,1.74,1.));
#1205 = VECTOR('',#1206,1.);
#1206 = DIRECTION('',(1.,0.,0.));
#1207 = PCURVE('',#114,#1208);
#1208 = DEFINITIONAL_REPRESENTATION('',(#1209),#1213);
#1209 = LINE('',#1210,#1211);
#1210 = CARTESIAN_POINT('',(0.,22.52));
#1211 = VECTOR('',#1212,1.);
#1212 = DIRECTION('',(1.,0.));
#1213 = ( GEOMETRIC_REPRESENTATION_CONTEXT(2) 
PARAMETRIC_REPRESENTATION_CONTEXT() REPRESENTATION_CONTEXT('2D SPACE',''
  ) );
#1214 = PCURVE('',#1215,#1220);
#1215 = PLANE('',#1216);
#1216 = AXIS2_PLACEMENT_3D('',#1217,#1218,#1219);
#1217 = CARTESIAN_POINT('',(-1.38,1.74,0.));
#1218 = DIRECTION('',(0.,1.,0.));
#1219 = DIRECTION('',(0.,0.,1.));
#1220 = DEFINITIONAL_REPRESENTATION('',(#1221),#1225);
#1221 = LINE('',#1222,#1223);
#1222 = CARTESIAN_POINT('',(1.,0.));
#1223 = VECTOR('',#1224,1.);
#1224 = DIRECTION('',(0.,1.));
#1225 = ( GEOMETRIC_REPRESENTATION_CONTEXT(2) 
PARAMETRIC_REPRESENTATION_CONTEXT() REPRESENTATION_CONTEXT('2D SPACE',''
  ) );
#1226 = ORIENTED_EDGE('',*,*,#1227,.F.);
#1227 = EDGE_CURVE('',#1228,#1200,#1230,.T.);
#1228 = VERTEX_POINT('',#1229);
#1229 = CARTESIAN_POINT('',(-1.38,0.5,1.));
#1230 = SURFACE_CURVE('',#1231,(#1235,#1242),.PCURVE_S1.);
#1231 = LINE('',#1232,#1233);
#1232 = CARTESIAN_POINT('',(-1.38,-20.78,1.));
#1233 = VECTOR('',#1234,1.);
#1234 = DIRECTION('',(0.,1.,0.));
#1235 = PCURVE('',#114,#1236);
#1236 = DEFINITIONAL_REPRESENTATION('',(#1237),#1241);
#1237 = LINE('',#1238,#1239);
#1238 = CARTESIAN_POINT('',(0.,0.));
#1239 = VECTOR('',#1240,1.);
#1240 = DIRECTION('',(0.,1.));
#1241 = ( GEOMETRIC_REPRESENTATION_CONTEXT(2) 
PARAMETRIC_REPRESENTATION_CONTEXT() REPRESENTATION_CONTEXT('2D SPACE',''
  ) );
#1242 = PCURVE('',#1243,#1248);
#1243 = PLANE('',#1244);
#1244 = AXIS2_PLACEMENT_3D('',#1245,#1246,#1247);
#1245 = CARTESIAN_POINT('',(-1.38,-20.78,0.));
#1246 = DIRECTION('',(1.,0.,0.));
#1247 = DIRECTION('',(0.,0.,1.));
#1248 = DEFINITIONAL_REPRESENTATION('',(#1249),#1253);
#1249 = LINE('',#1250,#1251);
#1250 = CARTESIAN_POINT('',(1.,0.));
#1251 = VECTOR('',#1252,1.);
#1252 = DIRECTION('',(0.,-1.));
#1253 = ( GEOMETRIC_REPRESENTATION_CONTEXT(2) 
PARAMETRIC_REPRESENTATION_CONTEXT() REPRESENTATION_CONTEXT('2D SPACE',''
  ) );
#1254 = ORIENTED_EDGE('',*,*,#1255,.F.);
#1255 = EDGE_CURVE('',#1256,#1228,#1258,.T.);
#1256 = VERTEX_POINT('',#1257);
#1257 = CARTESIAN_POINT('',(-1.110223024625E-14,0.5,1.));
#1258 = SURFACE_CURVE('',#1259,(#1263,#1270),.PCURVE_S1.);
#1259 = LINE('',#1260,#1261);
#1260 = CARTESIAN_POINT('',(-1.38,0.5,1.));
#1261 = VECTOR('',#1262,1.);
#1262 = DIRECTION('',(-1.,0.,0.));
#1263 = PCURVE('',#114,#1264);
#1264 = DEFINITIONAL_REPRESENTATION('',(#1265),#1269);
#1265 = LINE('',#1266,#1267);
#1266 = CARTESIAN_POINT('',(0.,21.28));
#1267 = VECTOR('',#1268,1.);
#1268 = DIRECTION('',(-1.,0.));
#1269 = ( GEOMETRIC_REPRESENTATION_CONTEXT(2) 
PARAMETRIC_REPRESENTATION_CONTEXT() REPRESENTATION_CONTEXT('2D SPACE',''
  ) );
#1270 = PCURVE('',#1271,#1276);
#1271 = PLANE('',#1272);
#1272 = AXIS2_PLACEMENT_3D('',#1273,#1274,#1275);
#1273 = CARTESIAN_POINT('',(-1.38,0.5,-1.));
#1274 = DIRECTION('',(0.,1.,0.));
#1275 = DIRECTION('',(0.,0.,1.));
#1276 = DEFINITIONAL_REPRESENTATION('',(#1277),#1281);
#1277 = LINE('',#1278,#1279);
#1278 = CARTESIAN_POINT('',(2.,0.));
#1279 = VECTOR('',#1280,1.);
#1280 = DIRECTION('',(0.,-1.));
#1281 = ( GEOMETRIC_REPRESENTATION_CONTEXT(2) 
PARAMETRIC_REPRESENTATION_CONTEXT() REPRESENTATION_CONTEXT('2D SPACE',''
  ) );
#1282 = ORIENTED_EDGE('',*,*,#1283,.T.);
#1283 = EDGE_CURVE('',#1256,#1284,#1286,.T.);
#1284 = VERTEX_POINT('',#1285);
#1285 = CARTESIAN_POINT('',(-1.15463194561E-14,-0.5,1.));
#1286 = SURFACE_CURVE('',#1287,(#1292,#1303),.PCURVE_S1.);
#1287 = CIRCLE('',#1288,0.5);
#1288 = AXIS2_PLACEMENT_3D('',#1289,#1290,#1291);
#1289 = CARTESIAN_POINT('',(0.,0.,1.));
#1290 = DIRECTION('',(0.,0.,-1.));
#1291 = DIRECTION('',(-2.22044604925E-14,1.,0.));
#1292 = PCURVE('',#114,#1293);
#1293 = DEFINITIONAL_REPRESENTATION('',(#1294),#1302);
#1294 = ( BOUNDED_CURVE() B_SPLINE_CURVE(2,(#1295,#1296,#1297,#1298,
#1299,#1300,#1301),.UNSPECIFIED.,.T.,.F.) B_SPLINE_CURVE_WITH_KNOTS((1,2
    ,2,2,2,1),(-2.094395102393,0.,2.094395102393,4.188790204786,
6.28318530718,8.377580409573),.UNSPECIFIED.) CURVE() 
GEOMETRIC_REPRESENTATION_ITEM() RATIONAL_B_SPLINE_CURVE((1.,0.5,1.,0.5,
1.,0.5,1.)) REPRESENTATION_ITEM('') );
#1295 = CARTESIAN_POINT('',(1.38,21.28));
#1296 = CARTESIAN_POINT('',(2.246025403784,21.28));
#1297 = CARTESIAN_POINT('',(1.813012701892,20.53));
#1298 = CARTESIAN_POINT('',(1.38,19.78));
#1299 = CARTESIAN_POINT('',(0.946987298108,20.53));
#1300 = CARTESIAN_POINT('',(0.513974596216,21.28));
#1301 = CARTESIAN_POINT('',(1.38,21.28));
#1302 = ( GEOMETRIC_REPRESENTATION_CONTEXT(2) 
PARAMETRIC_REPRESENTATION_CONTEXT() REPRESENTATION_CONTEXT('2D SPACE',''
  ) );
#1303 = PCURVE('',#1304,#1309);
#1304 = CYLINDRICAL_SURFACE('',#1305,0.5);
#1305 = AXIS2_PLACEMENT_3D('',#1306,#1307,#1308);
#1306 = CARTESIAN_POINT('',(0.,0.,-1.));
#1307 = DIRECTION('',(-0.,-0.,-1.));
#1308 = DIRECTION('',(1.,0.,0.));
#1309 = DEFINITIONAL_REPRESENTATION('',(#1310),#1314);
#1310 = LINE('',#1311,#1312);
#1311 = CARTESIAN_POINT('',(-7.853981633975,-2.));
#1312 = VECTOR('',#1313,1.);
#1313 = DIRECTION('',(1.,-0.));
#1314 = ( GEOMETRIC_REPRESENTATION_CONTEXT(2) 
PARAMETRIC_REPRESENTATION_CONTEXT() REPRESENTATION_CONTEXT('2D SPACE',''
  ) );
#1315 = ORIENTED_EDGE('',*,*,#1316,.T.);
#1316 = EDGE_CURVE('',#1284,#1317,#1319,.T.);
#1317 = VERTEX_POINT('',#1318);
#1318 = CARTESIAN_POINT('',(-1.38,-0.5,1.));
#1319 = SURFACE_CURVE('',#1320,(#1324,#1331),.PCURVE_S1.);
#1320 = LINE('',#1321,#1322);
#1321 = CARTESIAN_POINT('',(-1.38,-0.5,1.));
#1322 = VECTOR('',#1323,1.);
#1323 = DIRECTION('',(-1.,0.,0.));
#1324 = PCURVE('',#114,#1325);
#1325 = DEFINITIONAL_REPRESENTATION('',(#1326),#1330);
#1326 = LINE('',#1327,#1328);
#1327 = CARTESIAN_POINT('',(0.,20.28));
#1328 = VECTOR('',#1329,1.);
#1329 = DIRECTION('',(-1.,0.));
#1330 = ( GEOMETRIC_REPRESENTATION_CONTEXT(2) 
PARAMETRIC_REPRESENTATION_CONTEXT() REPRESENTATION_CONTEXT('2D SPACE',''
  ) );
#1331 = PCURVE('',#1332,#1337);
#1332 = PLANE('',#1333);
#1333 = AXIS2_PLACEMENT_3D('',#1334,#1335,#1336);
#1334 = CARTESIAN_POINT('',(-1.38,-0.5,-1.));
#1335 = DIRECTION('',(0.,1.,0.));
#1336 = DIRECTION('',(0.,0.,1.));
#1337 = DEFINITIONAL_REPRESENTATION('',(#1338),#1342);
#1338 = LINE('',#1339,#1340);
#1339 = CARTESIAN_POINT('',(2.,0.));
#1340 = VECTOR('',#1341,1.);
#1341 = DIRECTION('',(0.,-1.));
#1342 = ( GEOMETRIC_REPRESENTATION_CONTEXT(2) 
PARAMETRIC_REPRESENTATION_CONTEXT() REPRESENTATION_CONTEXT('2D SPACE',''
  ) );
#1343 = ORIENTED_EDGE('',*,*,#1344,.F.);
#1344 = EDGE_CURVE('',#1345,#1317,#1347,.T.);
#1345 = VERTEX_POINT('',#1346);
#1346 = CARTESIAN_POINT('',(-1.38,-2.04,1.));
#1347 = SURFACE_CURVE('',#1348,(#1352,#1359),.PCURVE_S1.);
#1348 = LINE('',#1349,#1350);
#1349 = CARTESIAN_POINT('',(-1.38,-20.78,1.));
#1350 = VECTOR('',#1351,1.);
#1351 = DIRECTION('',(0.,1.,0.));
#1352 = PCURVE('',#114,#1353);
#1353 = DEFINITIONAL_REPRESENTATION('',(#1354),#1358);
#1354 = LINE('',#1355,#1356);
#1355 = CARTESIAN_POINT('',(0.,0.));
#1356 = VECTOR('',#1357,1.);
#1357 = DIRECTION('',(0.,1.));
#1358 = ( GEOMETRIC_REPRESENTATION_CONTEXT(2) 
PARAMETRIC_REPRESENTATION_CONTEXT() REPRESENTATION_CONTEXT('2D SPACE',''
  ) );
#1359 = PCURVE('',#1360,#1365);
#1360 = PLANE('',#1361);
#1361 = AXIS2_PLACEMENT_3D('',#1362,#1363,#1364);
#1362 = CARTESIAN_POINT('',(-1.38,-20.78,0.));
#1363 = DIRECTION('',(1.,0.,0.));
#1364 = DIRECTION('',(0.,0.,1.));
#1365 = DEFINITIONAL_REPRESENTATION('',(#1366),#1370);
#1366 = LINE('',#1367,#1368);
#1367 = CARTESIAN_POINT('',(1.,0.));
#1368 = VECTOR('',#1369,1.);
#1369 = DIRECTION('',(0.,-1.));
#1370 = ( GEOMETRIC_REPRESENTATION_CONTEXT(2) 
PARAMETRIC_REPRESENTATION_CONTEXT() REPRESENTATION_CONTEXT('2D SPACE',''
  ) );
#1371 = ORIENTED_EDGE('',*,*,#1372,.F.);
#1372 = EDGE_CURVE('',#1373,#1345,#1375,.T.);
#1373 = VERTEX_POINT('',#1374);
#1374 = CARTESIAN_POINT('',(-1.132427485118E-14,-2.04,1.));
#1375 = SURFACE_CURVE('',#1376,(#1380,#1387),.PCURVE_S1.);
#1376 = LINE('',#1377,#1378);
#1377 = CARTESIAN_POINT('',(-1.38,-2.04,1.));
#1378 = VECTOR('',#1379,1.);
#1379 = DIRECTION('',(-1.,0.,0.));
#1380 = PCURVE('',#114,#1381);
#1381 = DEFINITIONAL_REPRESENTATION('',(#1382),#1386);
#1382 = LINE('',#1383,#1384);
#1383 = CARTESIAN_POINT('',(0.,18.74));
#1384 = VECTOR('',#1385,1.);
#1385 = DIRECTION('',(-1.,0.));
#1386 = ( GEOMETRIC_REPRESENTATION_CONTEXT(2) 
PARAMETRIC_REPRESENTATION_CONTEXT() REPRESENTATION_CONTEXT('2D SPACE',''
  ) );
#1387 = PCURVE('',#1388,#1393);
#1388 = PLANE('',#1389);
#1389 = AXIS2_PLACEMENT_3D('',#1390,#1391,#1392);
#1390 = CARTESIAN_POINT('',(-1.38,-2.04,-1.));
#1391 = DIRECTION('',(0.,1.,0.));
#1392 = DIRECTION('',(0.,0.,1.));
#1393 = DEFINITIONAL_REPRESENTATION('',(#1394),#1398);
#1394 = LINE('',#1395,#1396);
#1395 = CARTESIAN_POINT('',(2.,0.));
#1396 = VECTOR('',#1397,1.);
#1397 = DIRECTION('',(0.,-1.));
#1398 = ( GEOMETRIC_REPRESENTATION_CONTEXT(2) 
PARAMETRIC_REPRESENTATION_CONTEXT() REPRESENTATION_CONTEXT('2D SPACE',''
  ) );
#1399 = ORIENTED_EDGE('',*,*,#1400,.T.);
#1400 = EDGE_CURVE('',#1373,#1401,#1403,.T.);
#1401 = VERTEX_POINT('',#1402);
#1402 = CARTESIAN_POINT('',(-1.15463194561E-14,-3.04,1.));
#1403 = SURFACE_CURVE('',#1404,(#1409,#1420),.PCURVE_S1.);
#1404 = CIRCLE('',#1405,0.5);
#1405 = AXIS2_PLACEMENT_3D('',#1406,#1407,#1408);
#1406 = CARTESIAN_POINT('',(0.,-2.54,1.));
#1407 = DIRECTION('',(0.,0.,-1.));
#1408 = DIRECTION('',(-2.264854970235E-14,1.,0.));
#1409 = PCURVE('',#114,#1410);
#1410 = DEFINITIONAL_REPRESENTATION('',(#1411),#1419);
#1411 = ( BOUNDED_CURVE() B_SPLINE_CURVE(2,(#1412,#1413,#1414,#1415,
#1416,#1417,#1418),.UNSPECIFIED.,.T.,.F.) B_SPLINE_CURVE_WITH_KNOTS((1,2
    ,2,2,2,1),(-2.094395102393,0.,2.094395102393,4.188790204786,
6.28318530718,8.377580409573),.UNSPECIFIED.) CURVE() 
GEOMETRIC_REPRESENTATION_ITEM() RATIONAL_B_SPLINE_CURVE((1.,0.5,1.,0.5,
1.,0.5,1.)) REPRESENTATION_ITEM('') );
#1412 = CARTESIAN_POINT('',(1.38,18.74));
#1413 = CARTESIAN_POINT('',(2.246025403784,18.74));
#1414 = CARTESIAN_POINT('',(1.813012701892,17.99));
#1415 = CARTESIAN_POINT('',(1.38,17.24));
#1416 = CARTESIAN_POINT('',(0.946987298108,17.99));
#1417 = CARTESIAN_POINT('',(0.513974596216,18.74));
#1418 = CARTESIAN_POINT('',(1.38,18.74));
#1419 = ( GEOMETRIC_REPRESENTATION_CONTEXT(2) 
PARAMETRIC_REPRESENTATION_CONTEXT() REPRESENTATION_CONTEXT('2D SPACE',''
  ) );
#1420 = PCURVE('',#1421,#1426);
#1421 = CYLINDRICAL_SURFACE('',#1422,0.5);
#1422 = AXIS2_PLACEMENT_3D('',#1423,#1424,#1425);
#1423 = CARTESIAN_POINT('',(0.,-2.54,-1.));
#1424 = DIRECTION('',(-0.,-0.,-1.));
#1425 = DIRECTION('',(1.,0.,0.));
#1426 = DEFINITIONAL_REPRESENTATION('',(#1427),#1431);
#1427 = LINE('',#1428,#1429);
#1428 = CARTESIAN_POINT('',(-7.853981633975,-2.));
#1429 = VECTOR('',#1430,1.);
#1430 = DIRECTION('',(1.,-0.));
#1431 = ( GEOMETRIC_REPRESENTATION_CONTEXT(2) 
PARAMETRIC_REPRESENTATION_CONTEXT() REPRESENTATION_CONTEXT('2D SPACE',''
  ) );
#1432 = ORIENTED_EDGE('',*,*,#1433,.T.);
#1433 = EDGE_CURVE('',#1401,#1434,#1436,.T.);
#1434 = VERTEX_POINT('',#1435);
#1435 = CARTESIAN_POINT('',(-1.38,-3.04,1.));
#1436 = SURFACE_CURVE('',#1437,(#1441,#1448),.PCURVE_S1.);
#1437 = LINE('',#1438,#1439);
#1438 = CARTESIAN_POINT('',(-1.38,-3.04,1.));
#1439 = VECTOR('',#1440,1.);
#1440 = DIRECTION('',(-1.,0.,0.));
#1441 = PCURVE('',#114,#1442);
#1442 = DEFINITIONAL_REPRESENTATION('',(#1443),#1447);
#1443 = LINE('',#1444,#1445);
#1444 = CARTESIAN_POINT('',(0.,17.74));
#1445 = VECTOR('',#1446,1.);
#1446 = DIRECTION('',(-1.,0.));
#1447 = ( GEOMETRIC_REPRESENTATION_CONTEXT(2) 
PARAMETRIC_REPRESENTATION_CONTEXT() REPRESENTATION_CONTEXT('2D SPACE',''
  ) );
#1448 = PCURVE('',#1449,#1454);
#1449 = PLANE('',#1450);
#1450 = AXIS2_PLACEMENT_3D('',#1451,#1452,#1453);
#1451 = CARTESIAN_POINT('',(-1.38,-3.04,-1.));
#1452 = DIRECTION('',(0.,1.,0.));
#1453 = DIRECTION('',(0.,0.,1.));
#1454 = DEFINITIONAL_REPRESENTATION('',(#1455),#1459);
#1455 = LINE('',#1456,#1457);
#1456 = CARTESIAN_POINT('',(2.,0.));
#1457 = VECTOR('',#1458,1.);
#1458 = DIRECTION('',(0.,-1.));
#1459 = ( GEOMETRIC_REPRESENTATION_CONTEXT(2) 
PARAMETRIC_REPRESENTATION_CONTEXT() REPRESENTATION_CONTEXT('2D SPACE',''
  ) );
#1460 = ORIENTED_EDGE('',*,*,#1461,.F.);
#1461 = EDGE_CURVE('',#1462,#1434,#1464,.T.);
#1462 = VERTEX_POINT('',#1463);
#1463 = CARTESIAN_POINT('',(-1.38,-4.58,1.));
#1464 = SURFACE_CURVE('',#1465,(#1469,#1476),.PCURVE_S1.);
#1465 = LINE('',#1466,#1467);
#1466 = CARTESIAN_POINT('',(-1.38,-20.78,1.));
#1467 = VECTOR('',#1468,1.);
#1468 = DIRECTION('',(0.,1.,0.));
#1469 = PCURVE('',#114,#1470);
#1470 = DEFINITIONAL_REPRESENTATION('',(#1471),#1475);
#1471 = LINE('',#1472,#1473);
#1472 = CARTESIAN_POINT('',(0.,0.));
#1473 = VECTOR('',#1474,1.);
#1474 = DIRECTION('',(0.,1.));
#1475 = ( GEOMETRIC_REPRESENTATION_CONTEXT(2) 
PARAMETRIC_REPRESENTATION_CONTEXT() REPRESENTATION_CONTEXT('2D SPACE',''
  ) );
#1476 = PCURVE('',#1477,#1482);
#1477 = PLANE('',#1478);
#1478 = AXIS2_PLACEMENT_3D('',#1479,#1480,#1481);
#1479 = CARTESIAN_POINT('',(-1.38,-20.78,0.));
#1480 = DIRECTION('',(1.,0.,0.));
#1481 = DIRECTION('',(0.,0.,1.));
#1482 = DEFINITIONAL_REPRESENTATION('',(#1483),#1487);
#1483 = LINE('',#1484,#1485);
#1484 = CARTESIAN_POINT('',(1.,0.));
#1485 = VECTOR('',#1486,1.);
#1486 = DIRECTION('',(0.,-1.));
#1487 = ( GEOMETRIC_REPRESENTATION_CONTEXT(2) 
PARAMETRIC_REPRESENTATION_CONTEXT() REPRESENTATION_CONTEXT('2D SPACE',''
  ) );
#1488 = ORIENTED_EDGE('',*,*,#1489,.F.);
#1489 = EDGE_CURVE('',#1490,#1462,#1492,.T.);
#1490 = VERTEX_POINT('',#1491);
#1491 = CARTESIAN_POINT('',(-1.132427485118E-14,-4.58,1.));
#1492 = SURFACE_CURVE('',#1493,(#1497,#1504),.PCURVE_S1.);
#1493 = LINE('',#1494,#1495);
#1494 = CARTESIAN_POINT('',(-1.38,-4.58,1.));
#1495 = VECTOR('',#1496,1.);
#1496 = DIRECTION('',(-1.,0.,0.));
#1497 = PCURVE('',#114,#1498);
#1498 = DEFINITIONAL_REPRESENTATION('',(#1499),#1503);
#1499 = LINE('',#1500,#1501);
#1500 = CARTESIAN_POINT('',(0.,16.2));
#1501 = VECTOR('',#1502,1.);
#1502 = DIRECTION('',(-1.,0.));
#1503 = ( GEOMETRIC_REPRESENTATION_CONTEXT(2) 
PARAMETRIC_REPRESENTATION_CONTEXT() REPRESENTATION_CONTEXT('2D SPACE',''
  ) );
#1504 = PCURVE('',#1505,#1510);
#1505 = PLANE('',#1506);
#1506 = AXIS2_PLACEMENT_3D('',#1507,#1508,#1509);
#1507 = CARTESIAN_POINT('',(-1.38,-4.58,-1.));
#1508 = DIRECTION('',(0.,1.,0.));
#1509 = DIRECTION('',(0.,0.,1.));
#1510 = DEFINITIONAL_REPRESENTATION('',(#1511),#1515);
#1511 = LINE('',#1512,#1513);
#1512 = CARTESIAN_POINT('',(2.,0.));
#1513 = VECTOR('',#1514,1.);
#1514 = DIRECTION('',(0.,-1.));
#1515 = ( GEOMETRIC_REPRESENTATION_CONTEXT(2) 
PARAMETRIC_REPRESENTATION_CONTEXT() REPRESENTATION_CONTEXT('2D SPACE',''
  ) );
#1516 = ORIENTED_EDGE('',*,*,#1517,.T.);
#1517 = EDGE_CURVE('',#1490,#1518,#1520,.T.);
#1518 = VERTEX_POINT('',#1519);
#1519 = CARTESIAN_POINT('',(-1.15463194561E-14,-5.58,1.));
#1520 = SURFACE_CURVE('',#1521,(#1526,#1537),.PCURVE_S1.);
#1521 = CIRCLE('',#1522,0.5);
#1522 = AXIS2_PLACEMENT_3D('',#1523,#1524,#1525);
#1523 = CARTESIAN_POINT('',(0.,-5.08,1.));
#1524 = DIRECTION('',(0.,0.,-1.));
#1525 = DIRECTION('',(-2.264854970235E-14,1.,0.));
#1526 = PCURVE('',#114,#1527);
#1527 = DEFINITIONAL_REPRESENTATION('',(#1528),#1536);
#1528 = ( BOUNDED_CURVE() B_SPLINE_CURVE(2,(#1529,#1530,#1531,#1532,
#1533,#1534,#1535),.UNSPECIFIED.,.T.,.F.) B_SPLINE_CURVE_WITH_KNOTS((1,2
    ,2,2,2,1),(-2.094395102393,0.,2.094395102393,4.188790204786,
6.28318530718,8.377580409573),.UNSPECIFIED.) CURVE() 
GEOMETRIC_REPRESENTATION_ITEM() RATIONAL_B_SPLINE_CURVE((1.,0.5,1.,0.5,
1.,0.5,1.)) REPRESENTATION_ITEM('') );
#1529 = CARTESIAN_POINT('',(1.38,16.2));
#1530 = CARTESIAN_POINT('',(2.246025403784,16.2));
#1531 = CARTESIAN_POINT('',(1.813012701892,15.45));
#1532 = CARTESIAN_POINT('',(1.38,14.7));
#1533 = CARTESIAN_POINT('',(0.946987298108,15.45));
#1534 = CARTESIAN_POINT('',(0.513974596216,16.2));
#1535 = CARTESIAN_POINT('',(1.38,16.2));
#1536 = ( GEOMETRIC_REPRESENTATION_CONTEXT(2) 
PARAMETRIC_REPRESENTATION_CONTEXT() REPRESENTATION_CONTEXT('2D SPACE',''
  ) );
#1537 = PCURVE('',#1538,#1543);
#1538 = CYLINDRICAL_SURFACE('',#1539,0.5);
#1539 = AXIS2_PLACEMENT_3D('',#1540,#1541,#1542);
#1540 = CARTESIAN_POINT('',(0.,-5.08,-1.));
#1541 = DIRECTION('',(-0.,-0.,-1.));
#1542 = DIRECTION('',(1.,0.,0.));
#1543 = DEFINITIONAL_REPRESENTATION('',(#1544),#1548);
#1544 = LINE('',#1545,#1546);
#1545 = CARTESIAN_POINT('',(-7.853981633975,-2.));
#1546 = VECTOR('',#1547,1.);
#1547 = DIRECTION('',(1.,-0.));
#1548 = ( GEOMETRIC_REPRESENTATION_CONTEXT(2) 
PARAMETRIC_REPRESENTATION_CONTEXT() REPRESENTATION_CONTEXT('2D SPACE',''
  ) );
#1549 = ORIENTED_EDGE('',*,*,#1550,.T.);
#1550 = EDGE_CURVE('',#1518,#1551,#1553,.T.);
#1551 = VERTEX_POINT('',#1552);
#1552 = CARTESIAN_POINT('',(-1.38,-5.58,1.));
#1553 = SURFACE_CURVE('',#1554,(#1558,#1565),.PCURVE_S1.);
#1554 = LINE('',#1555,#1556);
#1555 = CARTESIAN_POINT('',(-1.38,-5.58,1.));
#1556 = VECTOR('',#1557,1.);
#1557 = DIRECTION('',(-1.,0.,0.));
#1558 = PCURVE('',#114,#1559);
#1559 = DEFINITIONAL_REPRESENTATION('',(#1560),#1564);
#1560 = LINE('',#1561,#1562);
#1561 = CARTESIAN_POINT('',(0.,15.2));
#1562 = VECTOR('',#1563,1.);
#1563 = DIRECTION('',(-1.,0.));
#1564 = ( GEOMETRIC_REPRESENTATION_CONTEXT(2) 
PARAMETRIC_REPRESENTATION_CONTEXT() REPRESENTATION_CONTEXT('2D SPACE',''
  ) );
#1565 = PCURVE('',#1566,#1571);
#1566 = PLANE('',#1567);
#1567 = AXIS2_PLACEMENT_3D('',#1568,#1569,#1570);
#1568 = CARTESIAN_POINT('',(-1.38,-5.58,-1.));
#1569 = DIRECTION('',(0.,1.,0.));
#1570 = DIRECTION('',(0.,0.,1.));
#1571 = DEFINITIONAL_REPRESENTATION('',(#1572),#1576);
#1572 = LINE('',#1573,#1574);
#1573 = CARTESIAN_POINT('',(2.,0.));
#1574 = VECTOR('',#1575,1.);
#1575 = DIRECTION('',(0.,-1.));
#1576 = ( GEOMETRIC_REPRESENTATION_CONTEXT(2) 
PARAMETRIC_REPRESENTATION_CONTEXT() REPRESENTATION_CONTEXT('2D SPACE',''
  ) );
#1577 = ORIENTED_EDGE('',*,*,#1578,.F.);
#1578 = EDGE_CURVE('',#1579,#1551,#1581,.T.);
#1579 = VERTEX_POINT('',#1580);
#1580 = CARTESIAN_POINT('',(-1.38,-7.12,1.));
#1581 = SURFACE_CURVE('',#1582,(#1586,#1593),.PCURVE_S1.);
#1582 = LINE('',#1583,#1584);
#1583 = CARTESIAN_POINT('',(-1.38,-20.78,1.));
#1584 = VECTOR('',#1585,1.);
#1585 = DIRECTION('',(0.,1.,0.));
#1586 = PCURVE('',#114,#1587);
#1587 = DEFINITIONAL_REPRESENTATION('',(#1588),#1592);
#1588 = LINE('',#1589,#1590);
#1589 = CARTESIAN_POINT('',(0.,0.));
#1590 = VECTOR('',#1591,1.);
#1591 = DIRECTION('',(0.,1.));
#1592 = ( GEOMETRIC_REPRESENTATION_CONTEXT(2) 
PARAMETRIC_REPRESENTATION_CONTEXT() REPRESENTATION_CONTEXT('2D SPACE',''
  ) );
#1593 = PCURVE('',#1594,#1599);
#1594 = PLANE('',#1595);
#1595 = AXIS2_PLACEMENT_3D('',#1596,#1597,#1598);
#1596 = CARTESIAN_POINT('',(-1.38,-20.78,0.));
#1597 = DIRECTION('',(1.,0.,0.));
#1598 = DIRECTION('',(0.,0.,1.));
#1599 = DEFINITIONAL_REPRESENTATION('',(#1600),#1604);
#1600 = LINE('',#1601,#1602);
#1601 = CARTESIAN_POINT('',(1.,0.));
#1602 = VECTOR('',#1603,1.);
#1603 = DIRECTION('',(0.,-1.));
#1604 = ( GEOMETRIC_REPRESENTATION_CONTEXT(2) 
PARAMETRIC_REPRESENTATION_CONTEXT() REPRESENTATION_CONTEXT('2D SPACE',''
  ) );
#1605 = ORIENTED_EDGE('',*,*,#1606,.F.);
#1606 = EDGE_CURVE('',#1607,#1579,#1609,.T.);
#1607 = VERTEX_POINT('',#1608);
#1608 = CARTESIAN_POINT('',(-1.132427485118E-14,-7.12,1.));
#1609 = SURFACE_CURVE('',#1610,(#1614,#1621),.PCURVE_S1.);
#1610 = LINE('',#1611,#1612);
#1611 = CARTESIAN_POINT('',(-1.38,-7.12,1.));
#1612 = VECTOR('',#1613,1.);
#1613 = DIRECTION('',(-1.,0.,0.));
#1614 = PCURVE('',#114,#1615);
#1615 = DEFINITIONAL_REPRESENTATION('',(#1616),#1620);
#1616 = LINE('',#1617,#1618);
#1617 = CARTESIAN_POINT('',(0.,13.66));
#1618 = VECTOR('',#1619,1.);
#1619 = DIRECTION('',(-1.,0.));
#1620 = ( GEOMETRIC_REPRESENTATION_CONTEXT(2) 
PARAMETRIC_REPRESENTATION_CONTEXT() REPRESENTATION_CONTEXT('2D SPACE',''
  ) );
#1621 = PCURVE('',#1622,#1627);
#1622 = PLANE('',#1623);
#1623 = AXIS2_PLACEMENT_3D('',#1624,#1625,#1626);
#1624 = CARTESIAN_POINT('',(-1.38,-7.12,-1.));
#1625 = DIRECTION('',(0.,1.,0.));
#1626 = DIRECTION('',(0.,0.,1.));
#1627 = DEFINITIONAL_REPRESENTATION('',(#1628),#1632);
#1628 = LINE('',#1629,#1630);
#1629 = CARTESIAN_POINT('',(2.,0.));
#1630 = VECTOR('',#1631,1.);
#1631 = DIRECTION('',(0.,-1.));
#1632 = ( GEOMETRIC_REPRESENTATION_CONTEXT(2) 
PARAMETRIC_REPRESENTATION_CONTEXT() REPRESENTATION_CONTEXT('2D SPACE',''
  ) );
#1633 = ORIENTED_EDGE('',*,*,#1634,.T.);
#1634 = EDGE_CURVE('',#1607,#1635,#1637,.T.);
#1635 = VERTEX_POINT('',#1636);
#1636 = CARTESIAN_POINT('',(-1.15463194561E-14,-8.12,1.));
#1637 = SURFACE_CURVE('',#1638,(#1643,#1654),.PCURVE_S1.);
#1638 = CIRCLE('',#1639,0.5);
#1639 = AXIS2_PLACEMENT_3D('',#1640,#1641,#1642);
#1640 = CARTESIAN_POINT('',(0.,-7.62,1.));
#1641 = DIRECTION('',(0.,0.,-1.));
#1642 = DIRECTION('',(-2.264854970235E-14,1.,0.));
#1643 = PCURVE('',#114,#1644);
#1644 = DEFINITIONAL_REPRESENTATION('',(#1645),#1653);
#1645 = ( BOUNDED_CURVE() B_SPLINE_CURVE(2,(#1646,#1647,#1648,#1649,
#1650,#1651,#1652),.UNSPECIFIED.,.T.,.F.) B_SPLINE_CURVE_WITH_KNOTS((1,2
    ,2,2,2,1),(-2.094395102393,0.,2.094395102393,4.188790204786,
6.28318530718,8.377580409573),.UNSPECIFIED.) CURVE() 
GEOMETRIC_REPRESENTATION_ITEM() RATIONAL_B_SPLINE_CURVE((1.,0.5,1.,0.5,
1.,0.5,1.)) REPRESENTATION_ITEM('') );
#1646 = CARTESIAN_POINT('',(1.38,13.66));
#1647 = CARTESIAN_POINT('',(2.246025403784,13.66));
#1648 = CARTESIAN_POINT('',(1.813012701892,12.91));
#1649 = CARTESIAN_POINT('',(1.38,12.16));
#1650 = CARTESIAN_POINT('',(0.946987298108,12.91));
#1651 = CARTESIAN_POINT('',(0.513974596216,13.66));
#1652 = CARTESIAN_POINT('',(1.38,13.66));
#1653 = ( GEOMETRIC_REPRESENTATION_CONTEXT(2) 
PARAMETRIC_REPRESENTATION_CONTEXT() REPRESENTATION_CONTEXT('2D SPACE',''
  ) );
#1654 = PCURVE('',#1655,#1660);
#1655 = CYLINDRICAL_SURFACE('',#1656,0.5);
#1656 = AXIS2_PLACEMENT_3D('',#1657,#1658,#1659);
#1657 = CARTESIAN_POINT('',(0.,-7.62,-1.));
#1658 = DIRECTION('',(-0.,-0.,-1.));
#1659 = DIRECTION('',(1.,0.,0.));
#1660 = DEFINITIONAL_REPRESENTATION('',(#1661),#1665);
#1661 = LINE('',#1662,#1663);
#1662 = CARTESIAN_POINT('',(-7.853981633975,-2.));
#1663 = VECTOR('',#1664,1.);
#1664 = DIRECTION('',(1.,-0.));
#1665 = ( GEOMETRIC_REPRESENTATION_CONTEXT(2) 
PARAMETRIC_REPRESENTATION_CONTEXT() REPRESENTATION_CONTEXT('2D SPACE',''
  ) );
#1666 = ORIENTED_EDGE('',*,*,#1667,.T.);
#1667 = EDGE_CURVE('',#1635,#1668,#1670,.T.);
#1668 = VERTEX_POINT('',#1669);
#1669 = CARTESIAN_POINT('',(-1.38,-8.12,1.));
#1670 = SURFACE_CURVE('',#1671,(#1675,#1682),.PCURVE_S1.);
#1671 = LINE('',#1672,#1673);
#1672 = CARTESIAN_POINT('',(-1.38,-8.12,1.));
#1673 = VECTOR('',#1674,1.);
#1674 = DIRECTION('',(-1.,0.,0.));
#1675 = PCURVE('',#114,#1676);
#1676 = DEFINITIONAL_REPRESENTATION('',(#1677),#1681);
#1677 = LINE('',#1678,#1679);
#1678 = CARTESIAN_POINT('',(0.,12.66));
#1679 = VECTOR('',#1680,1.);
#1680 = DIRECTION('',(-1.,0.));
#1681 = ( GEOMETRIC_REPRESENTATION_CONTEXT(2) 
PARAMETRIC_REPRESENTATION_CONTEXT() REPRESENTATION_CONTEXT('2D SPACE',''
  ) );
#1682 = PCURVE('',#1683,#1688);
#1683 = PLANE('',#1684);
#1684 = AXIS2_PLACEMENT_3D('',#1685,#1686,#1687);
#1685 = CARTESIAN_POINT('',(-1.38,-8.12,-1.));
#1686 = DIRECTION('',(0.,1.,0.));
#1687 = DIRECTION('',(0.,0.,1.));
#1688 = DEFINITIONAL_REPRESENTATION('',(#1689),#1693);
#1689 = LINE('',#1690,#1691);
#1690 = CARTESIAN_POINT('',(2.,0.));
#1691 = VECTOR('',#1692,1.);
#1692 = DIRECTION('',(0.,-1.));
#1693 = ( GEOMETRIC_REPRESENTATION_CONTEXT(2) 
PARAMETRIC_REPRESENTATION_CONTEXT() REPRESENTATION_CONTEXT('2D SPACE',''
  ) );
#1694 = ORIENTED_EDGE('',*,*,#1695,.F.);
#1695 = EDGE_CURVE('',#1696,#1668,#1698,.T.);
#1696 = VERTEX_POINT('',#1697);
#1697 = CARTESIAN_POINT('',(-1.38,-9.66,1.));
#1698 = SURFACE_CURVE('',#1699,(#1703,#1710),.PCURVE_S1.);
#1699 = LINE('',#1700,#1701);
#1700 = CARTESIAN_POINT('',(-1.38,-20.78,1.));
#1701 = VECTOR('',#1702,1.);
#1702 = DIRECTION('',(0.,1.,0.));
#1703 = PCURVE('',#114,#1704);
#1704 = DEFINITIONAL_REPRESENTATION('',(#1705),#1709);
#1705 = LINE('',#1706,#1707);
#1706 = CARTESIAN_POINT('',(0.,0.));
#1707 = VECTOR('',#1708,1.);
#1708 = DIRECTION('',(0.,1.));
#1709 = ( GEOMETRIC_REPRESENTATION_CONTEXT(2) 
PARAMETRIC_REPRESENTATION_CONTEXT() REPRESENTATION_CONTEXT('2D SPACE',''
  ) );
#1710 = PCURVE('',#1711,#1716);
#1711 = PLANE('',#1712);
#1712 = AXIS2_PLACEMENT_3D('',#1713,#1714,#1715);
#1713 = CARTESIAN_POINT('',(-1.38,-20.78,0.));
#1714 = DIRECTION('',(1.,0.,0.));
#1715 = DIRECTION('',(0.,0.,1.));
#1716 = DEFINITIONAL_REPRESENTATION('',(#1717),#1721);
#1717 = LINE('',#1718,#1719);
#1718 = CARTESIAN_POINT('',(1.,0.));
#1719 = VECTOR('',#1720,1.);
#1720 = DIRECTION('',(0.,-1.));
#1721 = ( GEOMETRIC_REPRESENTATION_CONTEXT(2) 
PARAMETRIC_REPRESENTATION_CONTEXT() REPRESENTATION_CONTEXT('2D SPACE',''
  ) );
#1722 = ORIENTED_EDGE('',*,*,#1723,.F.);
#1723 = EDGE_CURVE('',#1724,#1696,#1726,.T.);
#1724 = VERTEX_POINT('',#1725);
#1725 = CARTESIAN_POINT('',(-1.132427485118E-14,-9.66,1.));
#1726 = SURFACE_CURVE('',#1727,(#1731,#1738),.PCURVE_S1.);
#1727 = LINE('',#1728,#1729);
#1728 = CARTESIAN_POINT('',(-1.38,-9.66,1.));
#1729 = VECTOR('',#1730,1.);
#1730 = DIRECTION('',(-1.,0.,0.));
#1731 = PCURVE('',#114,#1732);
#1732 = DEFINITIONAL_REPRESENTATION('',(#1733),#1737);
#1733 = LINE('',#1734,#1735);
#1734 = CARTESIAN_POINT('',(0.,11.12));
#1735 = VECTOR('',#1736,1.);
#1736 = DIRECTION('',(-1.,0.));
#1737 = ( GEOMETRIC_REPRESENTATION_CONTEXT(2) 
PARAMETRIC_REPRESENTATION_CONTEXT() REPRESENTATION_CONTEXT('2D SPACE',''
  ) );
#1738 = PCURVE('',#1739,#1744);
#1739 = PLANE('',#1740);
#1740 = AXIS2_PLACEMENT_3D('',#1741,#1742,#1743);
#1741 = CARTESIAN_POINT('',(-1.38,-9.66,-1.));
#1742 = DIRECTION('',(0.,1.,0.));
#1743 = DIRECTION('',(0.,0.,1.));
#1744 = DEFINITIONAL_REPRESENTATION('',(#1745),#1749);
#1745 = LINE('',#1746,#1747);
#1746 = CARTESIAN_POINT('',(2.,0.));
#1747 = VECTOR('',#1748,1.);
#1748 = DIRECTION('',(0.,-1.));
#1749 = ( GEOMETRIC_REPRESENTATION_CONTEXT(2) 
PARAMETRIC_REPRESENTATION_CONTEXT() REPRESENTATION_CONTEXT('2D SPACE',''
  ) );
#1750 = ORIENTED_EDGE('',*,*,#1751,.T.);
#1751 = EDGE_CURVE('',#1724,#1752,#1754,.T.);
#1752 = VERTEX_POINT('',#1753);
#1753 = CARTESIAN_POINT('',(-1.15463194561E-14,-10.66,1.));
#1754 = SURFACE_CURVE('',#1755,(#1760,#1771),.PCURVE_S1.);
#1755 = CIRCLE('',#1756,0.5);
#1756 = AXIS2_PLACEMENT_3D('',#1757,#1758,#1759);
#1757 = CARTESIAN_POINT('',(0.,-10.16,1.));
#1758 = DIRECTION('',(0.,0.,-1.));
#1759 = DIRECTION('',(-2.264854970235E-14,1.,0.));
#1760 = PCURVE('',#114,#1761);
#1761 = DEFINITIONAL_REPRESENTATION('',(#1762),#1770);
#1762 = ( BOUNDED_CURVE() B_SPLINE_CURVE(2,(#1763,#1764,#1765,#1766,
#1767,#1768,#1769),.UNSPECIFIED.,.T.,.F.) B_SPLINE_CURVE_WITH_KNOTS((1,2
    ,2,2,2,1),(-2.094395102393,0.,2.094395102393,4.188790204786,
6.28318530718,8.377580409573),.UNSPECIFIED.) CURVE() 
GEOMETRIC_REPRESENTATION_ITEM() RATIONAL_B_SPLINE_CURVE((1.,0.5,1.,0.5,
1.,0.5,1.)) REPRESENTATION_ITEM('') );
#1763 = CARTESIAN_POINT('',(1.38,11.12));
#1764 = CARTESIAN_POINT('',(2.246025403784,11.12));
#1765 = CARTESIAN_POINT('',(1.813012701892,10.37));
#1766 = CARTESIAN_POINT('',(1.38,9.62));
#1767 = CARTESIAN_POINT('',(0.946987298108,10.37));
#1768 = CARTESIAN_POINT('',(0.513974596216,11.12));
#1769 = CARTESIAN_POINT('',(1.38,11.12));
#1770 = ( GEOMETRIC_REPRESENTATION_CONTEXT(2) 
PARAMETRIC_REPRESENTATION_CONTEXT() REPRESENTATION_CONTEXT('2D SPACE',''
  ) );
#1771 = PCURVE('',#1772,#1777);
#1772 = CYLINDRICAL_SURFACE('',#1773,0.5);
#1773 = AXIS2_PLACEMENT_3D('',#1774,#1775,#1776);
#1774 = CARTESIAN_POINT('',(0.,-10.16,-1.));
#1775 = DIRECTION('',(-0.,-0.,-1.));
#1776 = DIRECTION('',(1.,0.,0.));
#1777 = DEFINITIONAL_REPRESENTATION('',(#1778),#1782);
#1778 = LINE('',#1779,#1780);
#1779 = CARTESIAN_POINT('',(-7.853981633975,-2.));
#1780 = VECTOR('',#1781,1.);
#1781 = DIRECTION('',(1.,-0.));
#1782 = ( GEOMETRIC_REPRESENTATION_CONTEXT(2) 
PARAMETRIC_REPRESENTATION_CONTEXT() REPRESENTATION_CONTEXT('2D SPACE',''
  ) );
#1783 = ORIENTED_EDGE('',*,*,#1784,.T.);
#1784 = EDGE_CURVE('',#1752,#1785,#1787,.T.);
#1785 = VERTEX_POINT('',#1786);
#1786 = CARTESIAN_POINT('',(-1.38,-10.66,1.));
#1787 = SURFACE_CURVE('',#1788,(#1792,#1799),.PCURVE_S1.);
#1788 = LINE('',#1789,#1790);
#1789 = CARTESIAN_POINT('',(-1.38,-10.66,1.));
#1790 = VECTOR('',#1791,1.);
#1791 = DIRECTION('',(-1.,0.,0.));
#1792 = PCURVE('',#114,#1793);
#1793 = DEFINITIONAL_REPRESENTATION('',(#1794),#1798);
#1794 = LINE('',#1795,#1796);
#1795 = CARTESIAN_POINT('',(0.,10.12));
#1796 = VECTOR('',#1797,1.);
#1797 = DIRECTION('',(-1.,0.));
#1798 = ( GEOMETRIC_REPRESENTATION_CONTEXT(2) 
PARAMETRIC_REPRESENTATION_CONTEXT() REPRESENTATION_CONTEXT('2D SPACE',''
  ) );
#1799 = PCURVE('',#1800,#1805);
#1800 = PLANE('',#1801);
#1801 = AXIS2_PLACEMENT_3D('',#1802,#1803,#1804);
#1802 = CARTESIAN_POINT('',(-1.38,-10.66,-1.));
#1803 = DIRECTION('',(0.,1.,0.));
#1804 = DIRECTION('',(0.,0.,1.));
#1805 = DEFINITIONAL_REPRESENTATION('',(#1806),#1810);
#1806 = LINE('',#1807,#1808);
#1807 = CARTESIAN_POINT('',(2.,0.));
#1808 = VECTOR('',#1809,1.);
#1809 = DIRECTION('',(0.,-1.));
#1810 = ( GEOMETRIC_REPRESENTATION_CONTEXT(2) 
PARAMETRIC_REPRESENTATION_CONTEXT() REPRESENTATION_CONTEXT('2D SPACE',''
  ) );
#1811 = ORIENTED_EDGE('',*,*,#1812,.F.);
#1812 = EDGE_CURVE('',#1813,#1785,#1815,.T.);
#1813 = VERTEX_POINT('',#1814);
#1814 = CARTESIAN_POINT('',(-1.38,-12.2,1.));
#1815 = SURFACE_CURVE('',#1816,(#1820,#1827),.PCURVE_S1.);
#1816 = LINE('',#1817,#1818);
#1817 = CARTESIAN_POINT('',(-1.38,-20.78,1.));
#1818 = VECTOR('',#1819,1.);
#1819 = DIRECTION('',(0.,1.,0.));
#1820 = PCURVE('',#114,#1821);
#1821 = DEFINITIONAL_REPRESENTATION('',(#1822),#1826);
#1822 = LINE('',#1823,#1824);
#1823 = CARTESIAN_POINT('',(0.,0.));
#1824 = VECTOR('',#1825,1.);
#1825 = DIRECTION('',(0.,1.));
#1826 = ( GEOMETRIC_REPRESENTATION_CONTEXT(2) 
PARAMETRIC_REPRESENTATION_CONTEXT() REPRESENTATION_CONTEXT('2D SPACE',''
  ) );
#1827 = PCURVE('',#1828,#1833);
#1828 = PLANE('',#1829);
#1829 = AXIS2_PLACEMENT_3D('',#1830,#1831,#1832);
#1830 = CARTESIAN_POINT('',(-1.38,-20.78,0.));
#1831 = DIRECTION('',(1.,0.,0.));
#1832 = DIRECTION('',(0.,0.,1.));
#1833 = DEFINITIONAL_REPRESENTATION('',(#1834),#1838);
#1834 = LINE('',#1835,#1836);
#1835 = CARTESIAN_POINT('',(1.,0.));
#1836 = VECTOR('',#1837,1.);
#1837 = DIRECTION('',(0.,-1.));
#1838 = ( GEOMETRIC_REPRESENTATION_CONTEXT(2) 
PARAMETRIC_REPRESENTATION_CONTEXT() REPRESENTATION_CONTEXT('2D SPACE',''
  ) );
#1839 = ORIENTED_EDGE('',*,*,#1840,.F.);
#1840 = EDGE_CURVE('',#1841,#1813,#1843,.T.);
#1841 = VERTEX_POINT('',#1842);
#1842 = CARTESIAN_POINT('',(-1.132427485118E-14,-12.2,1.));
#1843 = SURFACE_CURVE('',#1844,(#1848,#1855),.PCURVE_S1.);
#1844 = LINE('',#1845,#1846);
#1845 = CARTESIAN_POINT('',(-1.38,-12.2,1.));
#1846 = VECTOR('',#1847,1.);
#1847 = DIRECTION('',(-1.,0.,0.));
#1848 = PCURVE('',#114,#1849);
#1849 = DEFINITIONAL_REPRESENTATION('',(#1850),#1854);
#1850 = LINE('',#1851,#1852);
#1851 = CARTESIAN_POINT('',(0.,8.58));
#1852 = VECTOR('',#1853,1.);
#1853 = DIRECTION('',(-1.,0.));
#1854 = ( GEOMETRIC_REPRESENTATION_CONTEXT(2) 
PARAMETRIC_REPRESENTATION_CONTEXT() REPRESENTATION_CONTEXT('2D SPACE',''
  ) );
#1855 = PCURVE('',#1856,#1861);
#1856 = PLANE('',#1857);
#1857 = AXIS2_PLACEMENT_3D('',#1858,#1859,#1860);
#1858 = CARTESIAN_POINT('',(-1.38,-12.2,-1.));
#1859 = DIRECTION('',(0.,1.,0.));
#1860 = DIRECTION('',(0.,0.,1.));
#1861 = DEFINITIONAL_REPRESENTATION('',(#1862),#1866);
#1862 = LINE('',#1863,#1864);
#1863 = CARTESIAN_POINT('',(2.,0.));
#1864 = VECTOR('',#1865,1.);
#1865 = DIRECTION('',(0.,-1.));
#1866 = ( GEOMETRIC_REPRESENTATION_CONTEXT(2) 
PARAMETRIC_REPRESENTATION_CONTEXT() REPRESENTATION_CONTEXT('2D SPACE',''
  ) );
#1867 = ORIENTED_EDGE('',*,*,#1868,.T.);
#1868 = EDGE_CURVE('',#1841,#1869,#1871,.T.);
#1869 = VERTEX_POINT('',#1870);
#1870 = CARTESIAN_POINT('',(-1.15463194561E-14,-13.2,1.));
#1871 = SURFACE_CURVE('',#1872,(#1877,#1888),.PCURVE_S1.);
#1872 = CIRCLE('',#1873,0.5);
#1873 = AXIS2_PLACEMENT_3D('',#1874,#1875,#1876);
#1874 = CARTESIAN_POINT('',(0.,-12.7,1.));
#1875 = DIRECTION('',(0.,0.,-1.));
#1876 = DIRECTION('',(-2.264854970235E-14,1.,0.));
#1877 = PCURVE('',#114,#1878);
#1878 = DEFINITIONAL_REPRESENTATION('',(#1879),#1887);
#1879 = ( BOUNDED_CURVE() B_SPLINE_CURVE(2,(#1880,#1881,#1882,#1883,
#1884,#1885,#1886),.UNSPECIFIED.,.T.,.F.) B_SPLINE_CURVE_WITH_KNOTS((1,2
    ,2,2,2,1),(-2.094395102393,0.,2.094395102393,4.188790204786,
6.28318530718,8.377580409573),.UNSPECIFIED.) CURVE() 
GEOMETRIC_REPRESENTATION_ITEM() RATIONAL_B_SPLINE_CURVE((1.,0.5,1.,0.5,
1.,0.5,1.)) REPRESENTATION_ITEM('') );
#1880 = CARTESIAN_POINT('',(1.38,8.58));
#1881 = CARTESIAN_POINT('',(2.246025403784,8.58));
#1882 = CARTESIAN_POINT('',(1.813012701892,7.83));
#1883 = CARTESIAN_POINT('',(1.38,7.08));
#1884 = CARTESIAN_POINT('',(0.946987298108,7.83));
#1885 = CARTESIAN_POINT('',(0.513974596216,8.58));
#1886 = CARTESIAN_POINT('',(1.38,8.58));
#1887 = ( GEOMETRIC_REPRESENTATION_CONTEXT(2) 
PARAMETRIC_REPRESENTATION_CONTEXT() REPRESENTATION_CONTEXT('2D SPACE',''
  ) );
#1888 = PCURVE('',#1889,#1894);
#1889 = CYLINDRICAL_SURFACE('',#1890,0.5);
#1890 = AXIS2_PLACEMENT_3D('',#1891,#1892,#1893);
#1891 = CARTESIAN_POINT('',(0.,-12.7,-1.));
#1892 = DIRECTION('',(-0.,-0.,-1.));
#1893 = DIRECTION('',(1.,0.,0.));
#1894 = DEFINITIONAL_REPRESENTATION('',(#1895),#1899);
#1895 = LINE('',#1896,#1897);
#1896 = CARTESIAN_POINT('',(-7.853981633975,-2.));
#1897 = VECTOR('',#1898,1.);
#1898 = DIRECTION('',(1.,-0.));
#1899 = ( GEOMETRIC_REPRESENTATION_CONTEXT(2) 
PARAMETRIC_REPRESENTATION_CONTEXT() REPRESENTATION_CONTEXT('2D SPACE',''
  ) );
#1900 = ORIENTED_EDGE('',*,*,#1901,.T.);
#1901 = EDGE_CURVE('',#1869,#1902,#1904,.T.);
#1902 = VERTEX_POINT('',#1903);
#1903 = CARTESIAN_POINT('',(-1.38,-13.2,1.));
#1904 = SURFACE_CURVE('',#1905,(#1909,#1916),.PCURVE_S1.);
#1905 = LINE('',#1906,#1907);
#1906 = CARTESIAN_POINT('',(-1.38,-13.2,1.));
#1907 = VECTOR('',#1908,1.);
#1908 = DIRECTION('',(-1.,0.,0.));
#1909 = PCURVE('',#114,#1910);
#1910 = DEFINITIONAL_REPRESENTATION('',(#1911),#1915);
#1911 = LINE('',#1912,#1913);
#1912 = CARTESIAN_POINT('',(0.,7.58));
#1913 = VECTOR('',#1914,1.);
#1914 = DIRECTION('',(-1.,0.));
#1915 = ( GEOMETRIC_REPRESENTATION_CONTEXT(2) 
PARAMETRIC_REPRESENTATION_CONTEXT() REPRESENTATION_CONTEXT('2D SPACE',''
  ) );
#1916 = PCURVE('',#1917,#1922);
#1917 = PLANE('',#1918);
#1918 = AXIS2_PLACEMENT_3D('',#1919,#1920,#1921);
#1919 = CARTESIAN_POINT('',(-1.38,-13.2,-1.));
#1920 = DIRECTION('',(0.,1.,0.));
#1921 = DIRECTION('',(0.,0.,1.));
#1922 = DEFINITIONAL_REPRESENTATION('',(#1923),#1927);
#1923 = LINE('',#1924,#1925);
#1924 = CARTESIAN_POINT('',(2.,0.));
#1925 = VECTOR('',#1926,1.);
#1926 = DIRECTION('',(0.,-1.));
#1927 = ( GEOMETRIC_REPRESENTATION_CONTEXT(2) 
PARAMETRIC_REPRESENTATION_CONTEXT() REPRESENTATION_CONTEXT('2D SPACE',''
  ) );
#1928 = ORIENTED_EDGE('',*,*,#1929,.F.);
#1929 = EDGE_CURVE('',#1930,#1902,#1932,.T.);
#1930 = VERTEX_POINT('',#1931);
#1931 = CARTESIAN_POINT('',(-1.38,-14.74,1.));
#1932 = SURFACE_CURVE('',#1933,(#1937,#1944),.PCURVE_S1.);
#1933 = LINE('',#1934,#1935);
#1934 = CARTESIAN_POINT('',(-1.38,-20.78,1.));
#1935 = VECTOR('',#1936,1.);
#1936 = DIRECTION('',(0.,1.,0.));
#1937 = PCURVE('',#114,#1938);
#1938 = DEFINITIONAL_REPRESENTATION('',(#1939),#1943);
#1939 = LINE('',#1940,#1941);
#1940 = CARTESIAN_POINT('',(0.,0.));
#1941 = VECTOR('',#1942,1.);
#1942 = DIRECTION('',(0.,1.));
#1943 = ( GEOMETRIC_REPRESENTATION_CONTEXT(2) 
PARAMETRIC_REPRESENTATION_CONTEXT() REPRESENTATION_CONTEXT('2D SPACE',''
  ) );
#1944 = PCURVE('',#1945,#1950);
#1945 = PLANE('',#1946);
#1946 = AXIS2_PLACEMENT_3D('',#1947,#1948,#1949);
#1947 = CARTESIAN_POINT('',(-1.38,-20.78,0.));
#1948 = DIRECTION('',(1.,0.,0.));
#1949 = DIRECTION('',(0.,0.,1.));
#1950 = DEFINITIONAL_REPRESENTATION('',(#1951),#1955);
#1951 = LINE('',#1952,#1953);
#1952 = CARTESIAN_POINT('',(1.,0.));
#1953 = VECTOR('',#1954,1.);
#1954 = DIRECTION('',(0.,-1.));
#1955 = ( GEOMETRIC_REPRESENTATION_CONTEXT(2) 
PARAMETRIC_REPRESENTATION_CONTEXT() REPRESENTATION_CONTEXT('2D SPACE',''
  ) );
#1956 = ORIENTED_EDGE('',*,*,#1957,.F.);
#1957 = EDGE_CURVE('',#1958,#1930,#1960,.T.);
#1958 = VERTEX_POINT('',#1959);
#1959 = CARTESIAN_POINT('',(-1.088018564133E-14,-14.74,1.));
#1960 = SURFACE_CURVE('',#1961,(#1965,#1972),.PCURVE_S1.);
#1961 = LINE('',#1962,#1963);
#1962 = CARTESIAN_POINT('',(-1.38,-14.74,1.));
#1963 = VECTOR('',#1964,1.);
#1964 = DIRECTION('',(-1.,0.,0.));
#1965 = PCURVE('',#114,#1966);
#1966 = DEFINITIONAL_REPRESENTATION('',(#1967),#1971);
#1967 = LINE('',#1968,#1969);
#1968 = CARTESIAN_POINT('',(0.,6.04));
#1969 = VECTOR('',#1970,1.);
#1970 = DIRECTION('',(-1.,0.));
#1971 = ( GEOMETRIC_REPRESENTATION_CONTEXT(2) 
PARAMETRIC_REPRESENTATION_CONTEXT() REPRESENTATION_CONTEXT('2D SPACE',''
  ) );
#1972 = PCURVE('',#1973,#1978);
#1973 = PLANE('',#1974);
#1974 = AXIS2_PLACEMENT_3D('',#1975,#1976,#1977);
#1975 = CARTESIAN_POINT('',(-1.38,-14.74,-1.));
#1976 = DIRECTION('',(0.,1.,0.));
#1977 = DIRECTION('',(0.,0.,1.));
#1978 = DEFINITIONAL_REPRESENTATION('',(#1979),#1983);
#1979 = LINE('',#1980,#1981);
#1980 = CARTESIAN_POINT('',(2.,0.));
#1981 = VECTOR('',#1982,1.);
#1982 = DIRECTION('',(0.,-1.));
#1983 = ( GEOMETRIC_REPRESENTATION_CONTEXT(2) 
PARAMETRIC_REPRESENTATION_CONTEXT() REPRESENTATION_CONTEXT('2D SPACE',''
  ) );
#1984 = ORIENTED_EDGE('',*,*,#1985,.T.);
#1985 = EDGE_CURVE('',#1958,#1986,#1988,.T.);
#1986 = VERTEX_POINT('',#1987);
#1987 = CARTESIAN_POINT('',(-1.088018564133E-14,-15.74,1.));
#1988 = SURFACE_CURVE('',#1989,(#1994,#2005),.PCURVE_S1.);
#1989 = CIRCLE('',#1990,0.5);
#1990 = AXIS2_PLACEMENT_3D('',#1991,#1992,#1993);
#1991 = CARTESIAN_POINT('',(0.,-15.24,1.));
#1992 = DIRECTION('',(0.,0.,-1.));
#1993 = DIRECTION('',(-2.176037128265E-14,1.,0.));
#1994 = PCURVE('',#114,#1995);
#1995 = DEFINITIONAL_REPRESENTATION('',(#1996),#2004);
#1996 = ( BOUNDED_CURVE() B_SPLINE_CURVE(2,(#1997,#1998,#1999,#2000,
#2001,#2002,#2003),.UNSPECIFIED.,.T.,.F.) B_SPLINE_CURVE_WITH_KNOTS((1,2
    ,2,2,2,1),(-2.094395102393,0.,2.094395102393,4.188790204786,
6.28318530718,8.377580409573),.UNSPECIFIED.) CURVE() 
GEOMETRIC_REPRESENTATION_ITEM() RATIONAL_B_SPLINE_CURVE((1.,0.5,1.,0.5,
1.,0.5,1.)) REPRESENTATION_ITEM('') );
#1997 = CARTESIAN_POINT('',(1.38,6.04));
#1998 = CARTESIAN_POINT('',(2.246025403784,6.04));
#1999 = CARTESIAN_POINT('',(1.813012701892,5.29));
#2000 = CARTESIAN_POINT('',(1.38,4.54));
#2001 = CARTESIAN_POINT('',(0.946987298108,5.29));
#2002 = CARTESIAN_POINT('',(0.513974596216,6.04));
#2003 = CARTESIAN_POINT('',(1.38,6.04));
#2004 = ( GEOMETRIC_REPRESENTATION_CONTEXT(2) 
PARAMETRIC_REPRESENTATION_CONTEXT() REPRESENTATION_CONTEXT('2D SPACE',''
  ) );
#2005 = PCURVE('',#2006,#2011);
#2006 = CYLINDRICAL_SURFACE('',#2007,0.5);
#2007 = AXIS2_PLACEMENT_3D('',#2008,#2009,#2010);
#2008 = CARTESIAN_POINT('',(0.,-15.24,-1.));
#2009 = DIRECTION('',(-0.,-0.,-1.));
#2010 = DIRECTION('',(1.,0.,0.));
#2011 = DEFINITIONAL_REPRESENTATION('',(#2012),#2016);
#2012 = LINE('',#2013,#2014);
#2013 = CARTESIAN_POINT('',(-7.853981633975,-2.));
#2014 = VECTOR('',#2015,1.);
#2015 = DIRECTION('',(1.,-0.));
#2016 = ( GEOMETRIC_REPRESENTATION_CONTEXT(2) 
PARAMETRIC_REPRESENTATION_CONTEXT() REPRESENTATION_CONTEXT('2D SPACE',''
  ) );
#2017 = ORIENTED_EDGE('',*,*,#2018,.T.);
#2018 = EDGE_CURVE('',#1986,#2019,#2021,.T.);
#2019 = VERTEX_POINT('',#2020);
#2020 = CARTESIAN_POINT('',(-1.38,-15.74,1.));
#2021 = SURFACE_CURVE('',#2022,(#2026,#2033),.PCURVE_S1.);
#2022 = LINE('',#2023,#2024);
#2023 = CARTESIAN_POINT('',(-1.38,-15.74,1.));
#2024 = VECTOR('',#2025,1.);
#2025 = DIRECTION('',(-1.,0.,0.));
#2026 = PCURVE('',#114,#2027);
#2027 = DEFINITIONAL_REPRESENTATION('',(#2028),#2032);
#2028 = LINE('',#2029,#2030);
#2029 = CARTESIAN_POINT('',(0.,5.04));
#2030 = VECTOR('',#2031,1.);
#2031 = DIRECTION('',(-1.,0.));
#2032 = ( GEOMETRIC_REPRESENTATION_CONTEXT(2) 
PARAMETRIC_REPRESENTATION_CONTEXT() REPRESENTATION_CONTEXT('2D SPACE',''
  ) );
#2033 = PCURVE('',#2034,#2039);
#2034 = PLANE('',#2035);
#2035 = AXIS2_PLACEMENT_3D('',#2036,#2037,#2038);
#2036 = CARTESIAN_POINT('',(-1.38,-15.74,-1.));
#2037 = DIRECTION('',(0.,1.,0.));
#2038 = DIRECTION('',(0.,0.,1.));
#2039 = DEFINITIONAL_REPRESENTATION('',(#2040),#2044);
#2040 = LINE('',#2041,#2042);
#2041 = CARTESIAN_POINT('',(2.,0.));
#2042 = VECTOR('',#2043,1.);
#2043 = DIRECTION('',(0.,-1.));
#2044 = ( GEOMETRIC_REPRESENTATION_CONTEXT(2) 
PARAMETRIC_REPRESENTATION_CONTEXT() REPRESENTATION_CONTEXT('2D SPACE',''
  ) );
#2045 = ORIENTED_EDGE('',*,*,#2046,.F.);
#2046 = EDGE_CURVE('',#2047,#2019,#2049,.T.);
#2047 = VERTEX_POINT('',#2048);
#2048 = CARTESIAN_POINT('',(-1.38,-17.28,1.));
#2049 = SURFACE_CURVE('',#2050,(#2054,#2061),.PCURVE_S1.);
#2050 = LINE('',#2051,#2052);
#2051 = CARTESIAN_POINT('',(-1.38,-20.78,1.));
#2052 = VECTOR('',#2053,1.);
#2053 = DIRECTION('',(0.,1.,0.));
#2054 = PCURVE('',#114,#2055);
#2055 = DEFINITIONAL_REPRESENTATION('',(#2056),#2060);
#2056 = LINE('',#2057,#2058);
#2057 = CARTESIAN_POINT('',(0.,0.));
#2058 = VECTOR('',#2059,1.);
#2059 = DIRECTION('',(0.,1.));
#2060 = ( GEOMETRIC_REPRESENTATION_CONTEXT(2) 
PARAMETRIC_REPRESENTATION_CONTEXT() REPRESENTATION_CONTEXT('2D SPACE',''
  ) );
#2061 = PCURVE('',#2062,#2067);
#2062 = PLANE('',#2063);
#2063 = AXIS2_PLACEMENT_3D('',#2064,#2065,#2066);
#2064 = CARTESIAN_POINT('',(-1.38,-20.78,0.));
#2065 = DIRECTION('',(1.,0.,0.));
#2066 = DIRECTION('',(0.,0.,1.));
#2067 = DEFINITIONAL_REPRESENTATION('',(#2068),#2072);
#2068 = LINE('',#2069,#2070);
#2069 = CARTESIAN_POINT('',(1.,0.));
#2070 = VECTOR('',#2071,1.);
#2071 = DIRECTION('',(0.,-1.));
#2072 = ( GEOMETRIC_REPRESENTATION_CONTEXT(2) 
PARAMETRIC_REPRESENTATION_CONTEXT() REPRESENTATION_CONTEXT('2D SPACE',''
  ) );
#2073 = ORIENTED_EDGE('',*,*,#2074,.F.);
#2074 = EDGE_CURVE('',#2075,#2047,#2077,.T.);
#2075 = VERTEX_POINT('',#2076);
#2076 = CARTESIAN_POINT('',(-1.088018564133E-14,-17.28,1.));
#2077 = SURFACE_CURVE('',#2078,(#2082,#2089),.PCURVE_S1.);
#2078 = LINE('',#2079,#2080);
#2079 = CARTESIAN_POINT('',(-1.38,-17.28,1.));
#2080 = VECTOR('',#2081,1.);
#2081 = DIRECTION('',(-1.,0.,0.));
#2082 = PCURVE('',#114,#2083);
#2083 = DEFINITIONAL_REPRESENTATION('',(#2084),#2088);
#2084 = LINE('',#2085,#2086);
#2085 = CARTESIAN_POINT('',(0.,3.5));
#2086 = VECTOR('',#2087,1.);
#2087 = DIRECTION('',(-1.,0.));
#2088 = ( GEOMETRIC_REPRESENTATION_CONTEXT(2) 
PARAMETRIC_REPRESENTATION_CONTEXT() REPRESENTATION_CONTEXT('2D SPACE',''
  ) );
#2089 = PCURVE('',#2090,#2095);
#2090 = PLANE('',#2091);
#2091 = AXIS2_PLACEMENT_3D('',#2092,#2093,#2094);
#2092 = CARTESIAN_POINT('',(-1.38,-17.28,-1.));
#2093 = DIRECTION('',(0.,1.,0.));
#2094 = DIRECTION('',(0.,0.,1.));
#2095 = DEFINITIONAL_REPRESENTATION('',(#2096),#2100);
#2096 = LINE('',#2097,#2098);
#2097 = CARTESIAN_POINT('',(2.,0.));
#2098 = VECTOR('',#2099,1.);
#2099 = DIRECTION('',(0.,-1.));
#2100 = ( GEOMETRIC_REPRESENTATION_CONTEXT(2) 
PARAMETRIC_REPRESENTATION_CONTEXT() REPRESENTATION_CONTEXT('2D SPACE',''
  ) );
#2101 = ORIENTED_EDGE('',*,*,#2102,.T.);
#2102 = EDGE_CURVE('',#2075,#2103,#2105,.T.);
#2103 = VERTEX_POINT('',#2104);
#2104 = CARTESIAN_POINT('',(-1.088018564133E-14,-18.28,1.));
#2105 = SURFACE_CURVE('',#2106,(#2111,#2122),.PCURVE_S1.);
#2106 = CIRCLE('',#2107,0.5);
#2107 = AXIS2_PLACEMENT_3D('',#2108,#2109,#2110);
#2108 = CARTESIAN_POINT('',(0.,-17.78,1.));
#2109 = DIRECTION('',(0.,0.,-1.));
#2110 = DIRECTION('',(-2.176037128265E-14,1.,0.));
#2111 = PCURVE('',#114,#2112);
#2112 = DEFINITIONAL_REPRESENTATION('',(#2113),#2121);
#2113 = ( BOUNDED_CURVE() B_SPLINE_CURVE(2,(#2114,#2115,#2116,#2117,
#2118,#2119,#2120),.UNSPECIFIED.,.T.,.F.) B_SPLINE_CURVE_WITH_KNOTS((1,2
    ,2,2,2,1),(-2.094395102393,0.,2.094395102393,4.188790204786,
6.28318530718,8.377580409573),.UNSPECIFIED.) CURVE() 
GEOMETRIC_REPRESENTATION_ITEM() RATIONAL_B_SPLINE_CURVE((1.,0.5,1.,0.5,
1.,0.5,1.)) REPRESENTATION_ITEM('') );
#2114 = CARTESIAN_POINT('',(1.38,3.5));
#2115 = CARTESIAN_POINT('',(2.246025403784,3.5));
#2116 = CARTESIAN_POINT('',(1.813012701892,2.75));
#2117 = CARTESIAN_POINT('',(1.38,2.));
#2118 = CARTESIAN_POINT('',(0.946987298108,2.75));
#2119 = CARTESIAN_POINT('',(0.513974596216,3.5));
#2120 = CARTESIAN_POINT('',(1.38,3.5));
#2121 = ( GEOMETRIC_REPRESENTATION_CONTEXT(2) 
PARAMETRIC_REPRESENTATION_CONTEXT() REPRESENTATION_CONTEXT('2D SPACE',''
  ) );
#2122 = PCURVE('',#2123,#2128);
#2123 = CYLINDRICAL_SURFACE('',#2124,0.5);
#2124 = AXIS2_PLACEMENT_3D('',#2125,#2126,#2127);
#2125 = CARTESIAN_POINT('',(0.,-17.78,-1.));
#2126 = DIRECTION('',(-0.,-0.,-1.));
#2127 = DIRECTION('',(1.,0.,0.));
#2128 = DEFINITIONAL_REPRESENTATION('',(#2129),#2133);
#2129 = LINE('',#2130,#2131);
#2130 = CARTESIAN_POINT('',(-7.853981633975,-2.));
#2131 = VECTOR('',#2132,1.);
#2132 = DIRECTION('',(1.,-0.));
#2133 = ( GEOMETRIC_REPRESENTATION_CONTEXT(2) 
PARAMETRIC_REPRESENTATION_CONTEXT() REPRESENTATION_CONTEXT('2D SPACE',''
  ) );
#2134 = ORIENTED_EDGE('',*,*,#2135,.T.);
#2135 = EDGE_CURVE('',#2103,#94,#2136,.T.);
#2136 = SURFACE_CURVE('',#2137,(#2141,#2148),.PCURVE_S1.);
#2137 = LINE('',#2138,#2139);
#2138 = CARTESIAN_POINT('',(-1.38,-18.28,1.));
#2139 = VECTOR('',#2140,1.);
#2140 = DIRECTION('',(-1.,0.,0.));
#2141 = PCURVE('',#114,#2142);
#2142 = DEFINITIONAL_REPRESENTATION('',(#2143),#2147);
#2143 = LINE('',#2144,#2145);
#2144 = CARTESIAN_POINT('',(0.,2.5));
#2145 = VECTOR('',#2146,1.);
#2146 = DIRECTION('',(-1.,0.));
#2147 = ( GEOMETRIC_REPRESENTATION_CONTEXT(2) 
PARAMETRIC_REPRESENTATION_CONTEXT() REPRESENTATION_CONTEXT('2D SPACE',''
  ) );
#2148 = PCURVE('',#196,#2149);
#2149 = DEFINITIONAL_REPRESENTATION('',(#2150),#2154);
#2150 = LINE('',#2151,#2152);
#2151 = CARTESIAN_POINT('',(2.,0.));
#2152 = VECTOR('',#2153,1.);
#2153 = DIRECTION('',(0.,-1.));
#2154 = ( GEOMETRIC_REPRESENTATION_CONTEXT(2) 
PARAMETRIC_REPRESENTATION_CONTEXT() REPRESENTATION_CONTEXT('2D SPACE',''
  ) );
#2155 = ADVANCED_FACE('',(#2156),#196,.T.);
#2156 = FACE_BOUND('',#2157,.T.);
#2157 = EDGE_LOOP('',(#2158,#2181,#2202,#2203));
#2158 = ORIENTED_EDGE('',*,*,#2159,.F.);
#2159 = EDGE_CURVE('',#2160,#2103,#2162,.T.);
#2160 = VERTEX_POINT('',#2161);
#2161 = CARTESIAN_POINT('',(-1.088018564133E-14,-18.28,0.));
#2162 = SURFACE_CURVE('',#2163,(#2167,#2174),.PCURVE_S1.);
#2163 = LINE('',#2164,#2165);
#2164 = CARTESIAN_POINT('',(0.,-18.28,-1.));
#2165 = VECTOR('',#2166,1.);
#2166 = DIRECTION('',(0.,0.,1.));
#2167 = PCURVE('',#196,#2168);
#2168 = DEFINITIONAL_REPRESENTATION('',(#2169),#2173);
#2169 = LINE('',#2170,#2171);
#2170 = CARTESIAN_POINT('',(0.,1.38));
#2171 = VECTOR('',#2172,1.);
#2172 = DIRECTION('',(1.,0.));
#2173 = ( GEOMETRIC_REPRESENTATION_CONTEXT(2) 
PARAMETRIC_REPRESENTATION_CONTEXT() REPRESENTATION_CONTEXT('2D SPACE',''
  ) );
#2174 = PCURVE('',#2123,#2175);
#2175 = DEFINITIONAL_REPRESENTATION('',(#2176),#2180);
#2176 = LINE('',#2177,#2178);
#2177 = CARTESIAN_POINT('',(-4.712388980385,0.));
#2178 = VECTOR('',#2179,1.);
#2179 = DIRECTION('',(-0.,-1.));
#2180 = ( GEOMETRIC_REPRESENTATION_CONTEXT(2) 
PARAMETRIC_REPRESENTATION_CONTEXT() REPRESENTATION_CONTEXT('2D SPACE',''
  ) );
#2181 = ORIENTED_EDGE('',*,*,#2182,.T.);
#2182 = EDGE_CURVE('',#2160,#155,#2183,.T.);
#2183 = SURFACE_CURVE('',#2184,(#2188,#2195),.PCURVE_S1.);
#2184 = LINE('',#2185,#2186);
#2185 = CARTESIAN_POINT('',(-1.38,-18.28,0.));
#2186 = VECTOR('',#2187,1.);
#2187 = DIRECTION('',(-1.,0.,0.));
#2188 = PCURVE('',#196,#2189);
#2189 = DEFINITIONAL_REPRESENTATION('',(#2190),#2194);
#2190 = LINE('',#2191,#2192);
#2191 = CARTESIAN_POINT('',(1.,0.));
#2192 = VECTOR('',#2193,1.);
#2193 = DIRECTION('',(0.,-1.));
#2194 = ( GEOMETRIC_REPRESENTATION_CONTEXT(2) 
PARAMETRIC_REPRESENTATION_CONTEXT() REPRESENTATION_CONTEXT('2D SPACE',''
  ) );
#2195 = PCURVE('',#170,#2196);
#2196 = DEFINITIONAL_REPRESENTATION('',(#2197),#2201);
#2197 = LINE('',#2198,#2199);
#2198 = CARTESIAN_POINT('',(0.,2.5));
#2199 = VECTOR('',#2200,1.);
#2200 = DIRECTION('',(-1.,0.));
#2201 = ( GEOMETRIC_REPRESENTATION_CONTEXT(2) 
PARAMETRIC_REPRESENTATION_CONTEXT() REPRESENTATION_CONTEXT('2D SPACE',''
  ) );
#2202 = ORIENTED_EDGE('',*,*,#182,.T.);
#2203 = ORIENTED_EDGE('',*,*,#2135,.F.);
#2204 = ADVANCED_FACE('',(#2205),#170,.F.);
#2205 = FACE_BOUND('',#2206,.F.);
#2206 = EDGE_LOOP('',(#2207,#2208,#2231,#2254,#2277,#2305,#2328,#2351,
    #2374,#2402,#2425,#2448,#2471,#2499,#2522,#2545,#2568,#2596,#2619,
    #2642,#2665,#2693,#2716,#2739,#2762,#2790,#2813,#2836,#2859,#2887,
    #2910,#2933,#2956,#2984,#3007,#3030,#3053,#3076,#3099,#3123,#3146,
    #3169,#3192,#3216,#3239,#3262,#3285,#3309,#3332,#3355,#3378,#3402,
    #3425,#3448,#3471,#3495,#3518,#3541,#3564,#3588,#3611,#3634,#3657,
    #3681,#3704,#3727,#3750,#3772));
#2207 = ORIENTED_EDGE('',*,*,#154,.F.);
#2208 = ORIENTED_EDGE('',*,*,#2209,.T.);
#2209 = EDGE_CURVE('',#127,#2210,#2212,.T.);
#2210 = VERTEX_POINT('',#2211);
#2211 = CARTESIAN_POINT('',(16.62,-20.78,0.));
#2212 = SURFACE_CURVE('',#2213,(#2217,#2224),.PCURVE_S1.);
#2213 = LINE('',#2214,#2215);
#2214 = CARTESIAN_POINT('',(-1.38,-20.78,0.));
#2215 = VECTOR('',#2216,1.);
#2216 = DIRECTION('',(1.,0.,0.));
#2217 = PCURVE('',#170,#2218);
#2218 = DEFINITIONAL_REPRESENTATION('',(#2219),#2223);
#2219 = LINE('',#2220,#2221);
#2220 = CARTESIAN_POINT('',(0.,0.));
#2221 = VECTOR('',#2222,1.);
#2222 = DIRECTION('',(1.,0.));
#2223 = ( GEOMETRIC_REPRESENTATION_CONTEXT(2) 
PARAMETRIC_REPRESENTATION_CONTEXT() REPRESENTATION_CONTEXT('2D SPACE',''
  ) );
#2224 = PCURVE('',#142,#2225);
#2225 = DEFINITIONAL_REPRESENTATION('',(#2226),#2230);
#2226 = LINE('',#2227,#2228);
#2227 = CARTESIAN_POINT('',(0.,0.));
#2228 = VECTOR('',#2229,1.);
#2229 = DIRECTION('',(0.,1.));
#2230 = ( GEOMETRIC_REPRESENTATION_CONTEXT(2) 
PARAMETRIC_REPRESENTATION_CONTEXT() REPRESENTATION_CONTEXT('2D SPACE',''
  ) );
#2231 = ORIENTED_EDGE('',*,*,#2232,.T.);
#2232 = EDGE_CURVE('',#2210,#2233,#2235,.T.);
#2233 = VERTEX_POINT('',#2234);
#2234 = CARTESIAN_POINT('',(16.62,-18.28,0.));
#2235 = SURFACE_CURVE('',#2236,(#2240,#2247),.PCURVE_S1.);
#2236 = LINE('',#2237,#2238);
#2237 = CARTESIAN_POINT('',(16.62,-20.78,0.));
#2238 = VECTOR('',#2239,1.);
#2239 = DIRECTION('',(0.,1.,0.));
#2240 = PCURVE('',#170,#2241);
#2241 = DEFINITIONAL_REPRESENTATION('',(#2242),#2246);
#2242 = LINE('',#2243,#2244);
#2243 = CARTESIAN_POINT('',(18.,0.));
#2244 = VECTOR('',#2245,1.);
#2245 = DIRECTION('',(0.,1.));
#2246 = ( GEOMETRIC_REPRESENTATION_CONTEXT(2) 
PARAMETRIC_REPRESENTATION_CONTEXT() REPRESENTATION_CONTEXT('2D SPACE',''
  ) );
#2247 = PCURVE('',#251,#2248);
#2248 = DEFINITIONAL_REPRESENTATION('',(#2249),#2253);
#2249 = LINE('',#2250,#2251);
#2250 = CARTESIAN_POINT('',(0.,0.));
#2251 = VECTOR('',#2252,1.);
#2252 = DIRECTION('',(0.,-1.));
#2253 = ( GEOMETRIC_REPRESENTATION_CONTEXT(2) 
PARAMETRIC_REPRESENTATION_CONTEXT() REPRESENTATION_CONTEXT('2D SPACE',''
  ) );
#2254 = ORIENTED_EDGE('',*,*,#2255,.T.);
#2255 = EDGE_CURVE('',#2233,#2256,#2258,.T.);
#2256 = VERTEX_POINT('',#2257);
#2257 = CARTESIAN_POINT('',(15.24,-18.28,0.));
#2258 = SURFACE_CURVE('',#2259,(#2263,#2270),.PCURVE_S1.);
#2259 = LINE('',#2260,#2261);
#2260 = CARTESIAN_POINT('',(6.93,-18.28,0.));
#2261 = VECTOR('',#2262,1.);
#2262 = DIRECTION('',(-1.,0.,0.));
#2263 = PCURVE('',#170,#2264);
#2264 = DEFINITIONAL_REPRESENTATION('',(#2265),#2269);
#2265 = LINE('',#2266,#2267);
#2266 = CARTESIAN_POINT('',(8.31,2.5));
#2267 = VECTOR('',#2268,1.);
#2268 = DIRECTION('',(-1.,0.));
#2269 = ( GEOMETRIC_REPRESENTATION_CONTEXT(2) 
PARAMETRIC_REPRESENTATION_CONTEXT() REPRESENTATION_CONTEXT('2D SPACE',''
  ) );
#2270 = PCURVE('',#279,#2271);
#2271 = DEFINITIONAL_REPRESENTATION('',(#2272),#2276);
#2272 = LINE('',#2273,#2274);
#2273 = CARTESIAN_POINT('',(1.,-8.31));
#2274 = VECTOR('',#2275,1.);
#2275 = DIRECTION('',(0.,-1.));
#2276 = ( GEOMETRIC_REPRESENTATION_CONTEXT(2) 
PARAMETRIC_REPRESENTATION_CONTEXT() REPRESENTATION_CONTEXT('2D SPACE',''
  ) );
#2277 = ORIENTED_EDGE('',*,*,#2278,.T.);
#2278 = EDGE_CURVE('',#2256,#2279,#2281,.T.);
#2279 = VERTEX_POINT('',#2280);
#2280 = CARTESIAN_POINT('',(15.24,-17.28,0.));
#2281 = SURFACE_CURVE('',#2282,(#2287,#2298),.PCURVE_S1.);
#2282 = CIRCLE('',#2283,0.5);
#2283 = AXIS2_PLACEMENT_3D('',#2284,#2285,#2286);
#2284 = CARTESIAN_POINT('',(15.24,-17.78,0.));
#2285 = DIRECTION('',(0.,0.,-1.));
#2286 = DIRECTION('',(1.,0.,0.));
#2287 = PCURVE('',#170,#2288);
#2288 = DEFINITIONAL_REPRESENTATION('',(#2289),#2297);
#2289 = ( BOUNDED_CURVE() B_SPLINE_CURVE(2,(#2290,#2291,#2292,#2293,
#2294,#2295,#2296),.UNSPECIFIED.,.T.,.F.) B_SPLINE_CURVE_WITH_KNOTS((1,2
    ,2,2,2,1),(-2.094395102393,0.,2.094395102393,4.188790204786,
6.28318530718,8.377580409573),.UNSPECIFIED.) CURVE() 
GEOMETRIC_REPRESENTATION_ITEM() RATIONAL_B_SPLINE_CURVE((1.,0.5,1.,0.5,
1.,0.5,1.)) REPRESENTATION_ITEM('') );
#2290 = CARTESIAN_POINT('',(17.12,3.));
#2291 = CARTESIAN_POINT('',(17.12,2.133974596216));
#2292 = CARTESIAN_POINT('',(16.37,2.566987298108));
#2293 = CARTESIAN_POINT('',(15.62,3.));
#2294 = CARTESIAN_POINT('',(16.37,3.433012701892));
#2295 = CARTESIAN_POINT('',(17.12,3.866025403784));
#2296 = CARTESIAN_POINT('',(17.12,3.));
#2297 = ( GEOMETRIC_REPRESENTATION_CONTEXT(2) 
PARAMETRIC_REPRESENTATION_CONTEXT() REPRESENTATION_CONTEXT('2D SPACE',''
  ) );
#2298 = PCURVE('',#312,#2299);
#2299 = DEFINITIONAL_REPRESENTATION('',(#2300),#2304);
#2300 = LINE('',#2301,#2302);
#2301 = CARTESIAN_POINT('',(-6.28318530718,-1.));
#2302 = VECTOR('',#2303,1.);
#2303 = DIRECTION('',(1.,-0.));
#2304 = ( GEOMETRIC_REPRESENTATION_CONTEXT(2) 
PARAMETRIC_REPRESENTATION_CONTEXT() REPRESENTATION_CONTEXT('2D SPACE',''
  ) );
#2305 = ORIENTED_EDGE('',*,*,#2306,.F.);
#2306 = EDGE_CURVE('',#2307,#2279,#2309,.T.);
#2307 = VERTEX_POINT('',#2308);
#2308 = CARTESIAN_POINT('',(16.62,-17.28,0.));
#2309 = SURFACE_CURVE('',#2310,(#2314,#2321),.PCURVE_S1.);
#2310 = LINE('',#2311,#2312);
#2311 = CARTESIAN_POINT('',(6.93,-17.28,0.));
#2312 = VECTOR('',#2313,1.);
#2313 = DIRECTION('',(-1.,0.,0.));
#2314 = PCURVE('',#170,#2315);
#2315 = DEFINITIONAL_REPRESENTATION('',(#2316),#2320);
#2316 = LINE('',#2317,#2318);
#2317 = CARTESIAN_POINT('',(8.31,3.5));
#2318 = VECTOR('',#2319,1.);
#2319 = DIRECTION('',(-1.,0.));
#2320 = ( GEOMETRIC_REPRESENTATION_CONTEXT(2) 
PARAMETRIC_REPRESENTATION_CONTEXT() REPRESENTATION_CONTEXT('2D SPACE',''
  ) );
#2321 = PCURVE('',#340,#2322);
#2322 = DEFINITIONAL_REPRESENTATION('',(#2323),#2327);
#2323 = LINE('',#2324,#2325);
#2324 = CARTESIAN_POINT('',(1.,-8.31));
#2325 = VECTOR('',#2326,1.);
#2326 = DIRECTION('',(0.,-1.));
#2327 = ( GEOMETRIC_REPRESENTATION_CONTEXT(2) 
PARAMETRIC_REPRESENTATION_CONTEXT() REPRESENTATION_CONTEXT('2D SPACE',''
  ) );
#2328 = ORIENTED_EDGE('',*,*,#2329,.T.);
#2329 = EDGE_CURVE('',#2307,#2330,#2332,.T.);
#2330 = VERTEX_POINT('',#2331);
#2331 = CARTESIAN_POINT('',(16.62,-15.74,0.));
#2332 = SURFACE_CURVE('',#2333,(#2337,#2344),.PCURVE_S1.);
#2333 = LINE('',#2334,#2335);
#2334 = CARTESIAN_POINT('',(16.62,-20.78,0.));
#2335 = VECTOR('',#2336,1.);
#2336 = DIRECTION('',(0.,1.,0.));
#2337 = PCURVE('',#170,#2338);
#2338 = DEFINITIONAL_REPRESENTATION('',(#2339),#2343);
#2339 = LINE('',#2340,#2341);
#2340 = CARTESIAN_POINT('',(18.,0.));
#2341 = VECTOR('',#2342,1.);
#2342 = DIRECTION('',(0.,1.));
#2343 = ( GEOMETRIC_REPRESENTATION_CONTEXT(2) 
PARAMETRIC_REPRESENTATION_CONTEXT() REPRESENTATION_CONTEXT('2D SPACE',''
  ) );
#2344 = PCURVE('',#368,#2345);
#2345 = DEFINITIONAL_REPRESENTATION('',(#2346),#2350);
#2346 = LINE('',#2347,#2348);
#2347 = CARTESIAN_POINT('',(0.,0.));
#2348 = VECTOR('',#2349,1.);
#2349 = DIRECTION('',(0.,-1.));
#2350 = ( GEOMETRIC_REPRESENTATION_CONTEXT(2) 
PARAMETRIC_REPRESENTATION_CONTEXT() REPRESENTATION_CONTEXT('2D SPACE',''
  ) );
#2351 = ORIENTED_EDGE('',*,*,#2352,.T.);
#2352 = EDGE_CURVE('',#2330,#2353,#2355,.T.);
#2353 = VERTEX_POINT('',#2354);
#2354 = CARTESIAN_POINT('',(15.24,-15.74,0.));
#2355 = SURFACE_CURVE('',#2356,(#2360,#2367),.PCURVE_S1.);
#2356 = LINE('',#2357,#2358);
#2357 = CARTESIAN_POINT('',(6.93,-15.74,0.));
#2358 = VECTOR('',#2359,1.);
#2359 = DIRECTION('',(-1.,0.,0.));
#2360 = PCURVE('',#170,#2361);
#2361 = DEFINITIONAL_REPRESENTATION('',(#2362),#2366);
#2362 = LINE('',#2363,#2364);
#2363 = CARTESIAN_POINT('',(8.31,5.04));
#2364 = VECTOR('',#2365,1.);
#2365 = DIRECTION('',(-1.,0.));
#2366 = ( GEOMETRIC_REPRESENTATION_CONTEXT(2) 
PARAMETRIC_REPRESENTATION_CONTEXT() REPRESENTATION_CONTEXT('2D SPACE',''
  ) );
#2367 = PCURVE('',#396,#2368);
#2368 = DEFINITIONAL_REPRESENTATION('',(#2369),#2373);
#2369 = LINE('',#2370,#2371);
#2370 = CARTESIAN_POINT('',(1.,-8.31));
#2371 = VECTOR('',#2372,1.);
#2372 = DIRECTION('',(0.,-1.));
#2373 = ( GEOMETRIC_REPRESENTATION_CONTEXT(2) 
PARAMETRIC_REPRESENTATION_CONTEXT() REPRESENTATION_CONTEXT('2D SPACE',''
  ) );
#2374 = ORIENTED_EDGE('',*,*,#2375,.T.);
#2375 = EDGE_CURVE('',#2353,#2376,#2378,.T.);
#2376 = VERTEX_POINT('',#2377);
#2377 = CARTESIAN_POINT('',(15.24,-14.74,0.));
#2378 = SURFACE_CURVE('',#2379,(#2384,#2395),.PCURVE_S1.);
#2379 = CIRCLE('',#2380,0.5);
#2380 = AXIS2_PLACEMENT_3D('',#2381,#2382,#2383);
#2381 = CARTESIAN_POINT('',(15.24,-15.24,0.));
#2382 = DIRECTION('',(0.,0.,-1.));
#2383 = DIRECTION('',(1.,0.,0.));
#2384 = PCURVE('',#170,#2385);
#2385 = DEFINITIONAL_REPRESENTATION('',(#2386),#2394);
#2386 = ( BOUNDED_CURVE() B_SPLINE_CURVE(2,(#2387,#2388,#2389,#2390,
#2391,#2392,#2393),.UNSPECIFIED.,.T.,.F.) B_SPLINE_CURVE_WITH_KNOTS((1,2
    ,2,2,2,1),(-2.094395102393,0.,2.094395102393,4.188790204786,
6.28318530718,8.377580409573),.UNSPECIFIED.) CURVE() 
GEOMETRIC_REPRESENTATION_ITEM() RATIONAL_B_SPLINE_CURVE((1.,0.5,1.,0.5,
1.,0.5,1.)) REPRESENTATION_ITEM('') );
#2387 = CARTESIAN_POINT('',(17.12,5.54));
#2388 = CARTESIAN_POINT('',(17.12,4.673974596216));
#2389 = CARTESIAN_POINT('',(16.37,5.106987298108));
#2390 = CARTESIAN_POINT('',(15.62,5.54));
#2391 = CARTESIAN_POINT('',(16.37,5.973012701892));
#2392 = CARTESIAN_POINT('',(17.12,6.406025403784));
#2393 = CARTESIAN_POINT('',(17.12,5.54));
#2394 = ( GEOMETRIC_REPRESENTATION_CONTEXT(2) 
PARAMETRIC_REPRESENTATION_CONTEXT() REPRESENTATION_CONTEXT('2D SPACE',''
  ) );
#2395 = PCURVE('',#429,#2396);
#2396 = DEFINITIONAL_REPRESENTATION('',(#2397),#2401);
#2397 = LINE('',#2398,#2399);
#2398 = CARTESIAN_POINT('',(-6.28318530718,-1.));
#2399 = VECTOR('',#2400,1.);
#2400 = DIRECTION('',(1.,-0.));
#2401 = ( GEOMETRIC_REPRESENTATION_CONTEXT(2) 
PARAMETRIC_REPRESENTATION_CONTEXT() REPRESENTATION_CONTEXT('2D SPACE',''
  ) );
#2402 = ORIENTED_EDGE('',*,*,#2403,.F.);
#2403 = EDGE_CURVE('',#2404,#2376,#2406,.T.);
#2404 = VERTEX_POINT('',#2405);
#2405 = CARTESIAN_POINT('',(16.62,-14.74,0.));
#2406 = SURFACE_CURVE('',#2407,(#2411,#2418),.PCURVE_S1.);
#2407 = LINE('',#2408,#2409);
#2408 = CARTESIAN_POINT('',(6.93,-14.74,0.));
#2409 = VECTOR('',#2410,1.);
#2410 = DIRECTION('',(-1.,0.,0.));
#2411 = PCURVE('',#170,#2412);
#2412 = DEFINITIONAL_REPRESENTATION('',(#2413),#2417);
#2413 = LINE('',#2414,#2415);
#2414 = CARTESIAN_POINT('',(8.31,6.04));
#2415 = VECTOR('',#2416,1.);
#2416 = DIRECTION('',(-1.,0.));
#2417 = ( GEOMETRIC_REPRESENTATION_CONTEXT(2) 
PARAMETRIC_REPRESENTATION_CONTEXT() REPRESENTATION_CONTEXT('2D SPACE',''
  ) );
#2418 = PCURVE('',#457,#2419);
#2419 = DEFINITIONAL_REPRESENTATION('',(#2420),#2424);
#2420 = LINE('',#2421,#2422);
#2421 = CARTESIAN_POINT('',(1.,-8.31));
#2422 = VECTOR('',#2423,1.);
#2423 = DIRECTION('',(0.,-1.));
#2424 = ( GEOMETRIC_REPRESENTATION_CONTEXT(2) 
PARAMETRIC_REPRESENTATION_CONTEXT() REPRESENTATION_CONTEXT('2D SPACE',''
  ) );
#2425 = ORIENTED_EDGE('',*,*,#2426,.T.);
#2426 = EDGE_CURVE('',#2404,#2427,#2429,.T.);
#2427 = VERTEX_POINT('',#2428);
#2428 = CARTESIAN_POINT('',(16.62,-13.2,0.));
#2429 = SURFACE_CURVE('',#2430,(#2434,#2441),.PCURVE_S1.);
#2430 = LINE('',#2431,#2432);
#2431 = CARTESIAN_POINT('',(16.62,-20.78,0.));
#2432 = VECTOR('',#2433,1.);
#2433 = DIRECTION('',(0.,1.,0.));
#2434 = PCURVE('',#170,#2435);
#2435 = DEFINITIONAL_REPRESENTATION('',(#2436),#2440);
#2436 = LINE('',#2437,#2438);
#2437 = CARTESIAN_POINT('',(18.,0.));
#2438 = VECTOR('',#2439,1.);
#2439 = DIRECTION('',(0.,1.));
#2440 = ( GEOMETRIC_REPRESENTATION_CONTEXT(2) 
PARAMETRIC_REPRESENTATION_CONTEXT() REPRESENTATION_CONTEXT('2D SPACE',''
  ) );
#2441 = PCURVE('',#485,#2442);
#2442 = DEFINITIONAL_REPRESENTATION('',(#2443),#2447);
#2443 = LINE('',#2444,#2445);
#2444 = CARTESIAN_POINT('',(0.,0.));
#2445 = VECTOR('',#2446,1.);
#2446 = DIRECTION('',(0.,-1.));
#2447 = ( GEOMETRIC_REPRESENTATION_CONTEXT(2) 
PARAMETRIC_REPRESENTATION_CONTEXT() REPRESENTATION_CONTEXT('2D SPACE',''
  ) );
#2448 = ORIENTED_EDGE('',*,*,#2449,.T.);
#2449 = EDGE_CURVE('',#2427,#2450,#2452,.T.);
#2450 = VERTEX_POINT('',#2451);
#2451 = CARTESIAN_POINT('',(15.24,-13.2,0.));
#2452 = SURFACE_CURVE('',#2453,(#2457,#2464),.PCURVE_S1.);
#2453 = LINE('',#2454,#2455);
#2454 = CARTESIAN_POINT('',(6.93,-13.2,0.));
#2455 = VECTOR('',#2456,1.);
#2456 = DIRECTION('',(-1.,0.,0.));
#2457 = PCURVE('',#170,#2458);
#2458 = DEFINITIONAL_REPRESENTATION('',(#2459),#2463);
#2459 = LINE('',#2460,#2461);
#2460 = CARTESIAN_POINT('',(8.31,7.58));
#2461 = VECTOR('',#2462,1.);
#2462 = DIRECTION('',(-1.,0.));
#2463 = ( GEOMETRIC_REPRESENTATION_CONTEXT(2) 
PARAMETRIC_REPRESENTATION_CONTEXT() REPRESENTATION_CONTEXT('2D SPACE',''
  ) );
#2464 = PCURVE('',#513,#2465);
#2465 = DEFINITIONAL_REPRESENTATION('',(#2466),#2470);
#2466 = LINE('',#2467,#2468);
#2467 = CARTESIAN_POINT('',(1.,-8.31));
#2468 = VECTOR('',#2469,1.);
#2469 = DIRECTION('',(0.,-1.));
#2470 = ( GEOMETRIC_REPRESENTATION_CONTEXT(2) 
PARAMETRIC_REPRESENTATION_CONTEXT() REPRESENTATION_CONTEXT('2D SPACE',''
  ) );
#2471 = ORIENTED_EDGE('',*,*,#2472,.T.);
#2472 = EDGE_CURVE('',#2450,#2473,#2475,.T.);
#2473 = VERTEX_POINT('',#2474);
#2474 = CARTESIAN_POINT('',(15.24,-12.2,0.));
#2475 = SURFACE_CURVE('',#2476,(#2481,#2492),.PCURVE_S1.);
#2476 = CIRCLE('',#2477,0.5);
#2477 = AXIS2_PLACEMENT_3D('',#2478,#2479,#2480);
#2478 = CARTESIAN_POINT('',(15.24,-12.7,0.));
#2479 = DIRECTION('',(0.,0.,-1.));
#2480 = DIRECTION('',(1.,0.,0.));
#2481 = PCURVE('',#170,#2482);
#2482 = DEFINITIONAL_REPRESENTATION('',(#2483),#2491);
#2483 = ( BOUNDED_CURVE() B_SPLINE_CURVE(2,(#2484,#2485,#2486,#2487,
#2488,#2489,#2490),.UNSPECIFIED.,.T.,.F.) B_SPLINE_CURVE_WITH_KNOTS((1,2
    ,2,2,2,1),(-2.094395102393,0.,2.094395102393,4.188790204786,
6.28318530718,8.377580409573),.UNSPECIFIED.) CURVE() 
GEOMETRIC_REPRESENTATION_ITEM() RATIONAL_B_SPLINE_CURVE((1.,0.5,1.,0.5,
1.,0.5,1.)) REPRESENTATION_ITEM('') );
#2484 = CARTESIAN_POINT('',(17.12,8.08));
#2485 = CARTESIAN_POINT('',(17.12,7.213974596216));
#2486 = CARTESIAN_POINT('',(16.37,7.646987298108));
#2487 = CARTESIAN_POINT('',(15.62,8.08));
#2488 = CARTESIAN_POINT('',(16.37,8.513012701892));
#2489 = CARTESIAN_POINT('',(17.12,8.946025403784));
#2490 = CARTESIAN_POINT('',(17.12,8.08));
#2491 = ( GEOMETRIC_REPRESENTATION_CONTEXT(2) 
PARAMETRIC_REPRESENTATION_CONTEXT() REPRESENTATION_CONTEXT('2D SPACE',''
  ) );
#2492 = PCURVE('',#546,#2493);
#2493 = DEFINITIONAL_REPRESENTATION('',(#2494),#2498);
#2494 = LINE('',#2495,#2496);
#2495 = CARTESIAN_POINT('',(-6.28318530718,-1.));
#2496 = VECTOR('',#2497,1.);
#2497 = DIRECTION('',(1.,-0.));
#2498 = ( GEOMETRIC_REPRESENTATION_CONTEXT(2) 
PARAMETRIC_REPRESENTATION_CONTEXT() REPRESENTATION_CONTEXT('2D SPACE',''
  ) );
#2499 = ORIENTED_EDGE('',*,*,#2500,.F.);
#2500 = EDGE_CURVE('',#2501,#2473,#2503,.T.);
#2501 = VERTEX_POINT('',#2502);
#2502 = CARTESIAN_POINT('',(16.62,-12.2,0.));
#2503 = SURFACE_CURVE('',#2504,(#2508,#2515),.PCURVE_S1.);
#2504 = LINE('',#2505,#2506);
#2505 = CARTESIAN_POINT('',(6.93,-12.2,0.));
#2506 = VECTOR('',#2507,1.);
#2507 = DIRECTION('',(-1.,0.,0.));
#2508 = PCURVE('',#170,#2509);
#2509 = DEFINITIONAL_REPRESENTATION('',(#2510),#2514);
#2510 = LINE('',#2511,#2512);
#2511 = CARTESIAN_POINT('',(8.31,8.58));
#2512 = VECTOR('',#2513,1.);
#2513 = DIRECTION('',(-1.,0.));
#2514 = ( GEOMETRIC_REPRESENTATION_CONTEXT(2) 
PARAMETRIC_REPRESENTATION_CONTEXT() REPRESENTATION_CONTEXT('2D SPACE',''
  ) );
#2515 = PCURVE('',#574,#2516);
#2516 = DEFINITIONAL_REPRESENTATION('',(#2517),#2521);
#2517 = LINE('',#2518,#2519);
#2518 = CARTESIAN_POINT('',(1.,-8.31));
#2519 = VECTOR('',#2520,1.);
#2520 = DIRECTION('',(0.,-1.));
#2521 = ( GEOMETRIC_REPRESENTATION_CONTEXT(2) 
PARAMETRIC_REPRESENTATION_CONTEXT() REPRESENTATION_CONTEXT('2D SPACE',''
  ) );
#2522 = ORIENTED_EDGE('',*,*,#2523,.T.);
#2523 = EDGE_CURVE('',#2501,#2524,#2526,.T.);
#2524 = VERTEX_POINT('',#2525);
#2525 = CARTESIAN_POINT('',(16.62,-10.66,0.));
#2526 = SURFACE_CURVE('',#2527,(#2531,#2538),.PCURVE_S1.);
#2527 = LINE('',#2528,#2529);
#2528 = CARTESIAN_POINT('',(16.62,-20.78,0.));
#2529 = VECTOR('',#2530,1.);
#2530 = DIRECTION('',(0.,1.,0.));
#2531 = PCURVE('',#170,#2532);
#2532 = DEFINITIONAL_REPRESENTATION('',(#2533),#2537);
#2533 = LINE('',#2534,#2535);
#2534 = CARTESIAN_POINT('',(18.,0.));
#2535 = VECTOR('',#2536,1.);
#2536 = DIRECTION('',(0.,1.));
#2537 = ( GEOMETRIC_REPRESENTATION_CONTEXT(2) 
PARAMETRIC_REPRESENTATION_CONTEXT() REPRESENTATION_CONTEXT('2D SPACE',''
  ) );
#2538 = PCURVE('',#602,#2539);
#2539 = DEFINITIONAL_REPRESENTATION('',(#2540),#2544);
#2540 = LINE('',#2541,#2542);
#2541 = CARTESIAN_POINT('',(0.,0.));
#2542 = VECTOR('',#2543,1.);
#2543 = DIRECTION('',(0.,-1.));
#2544 = ( GEOMETRIC_REPRESENTATION_CONTEXT(2) 
PARAMETRIC_REPRESENTATION_CONTEXT() REPRESENTATION_CONTEXT('2D SPACE',''
  ) );
#2545 = ORIENTED_EDGE('',*,*,#2546,.T.);
#2546 = EDGE_CURVE('',#2524,#2547,#2549,.T.);
#2547 = VERTEX_POINT('',#2548);
#2548 = CARTESIAN_POINT('',(15.24,-10.66,0.));
#2549 = SURFACE_CURVE('',#2550,(#2554,#2561),.PCURVE_S1.);
#2550 = LINE('',#2551,#2552);
#2551 = CARTESIAN_POINT('',(6.93,-10.66,0.));
#2552 = VECTOR('',#2553,1.);
#2553 = DIRECTION('',(-1.,0.,0.));
#2554 = PCURVE('',#170,#2555);
#2555 = DEFINITIONAL_REPRESENTATION('',(#2556),#2560);
#2556 = LINE('',#2557,#2558);
#2557 = CARTESIAN_POINT('',(8.31,10.12));
#2558 = VECTOR('',#2559,1.);
#2559 = DIRECTION('',(-1.,0.));
#2560 = ( GEOMETRIC_REPRESENTATION_CONTEXT(2) 
PARAMETRIC_REPRESENTATION_CONTEXT() REPRESENTATION_CONTEXT('2D SPACE',''
  ) );
#2561 = PCURVE('',#630,#2562);
#2562 = DEFINITIONAL_REPRESENTATION('',(#2563),#2567);
#2563 = LINE('',#2564,#2565);
#2564 = CARTESIAN_POINT('',(1.,-8.31));
#2565 = VECTOR('',#2566,1.);
#2566 = DIRECTION('',(0.,-1.));
#2567 = ( GEOMETRIC_REPRESENTATION_CONTEXT(2) 
PARAMETRIC_REPRESENTATION_CONTEXT() REPRESENTATION_CONTEXT('2D SPACE',''
  ) );
#2568 = ORIENTED_EDGE('',*,*,#2569,.T.);
#2569 = EDGE_CURVE('',#2547,#2570,#2572,.T.);
#2570 = VERTEX_POINT('',#2571);
#2571 = CARTESIAN_POINT('',(15.24,-9.66,0.));
#2572 = SURFACE_CURVE('',#2573,(#2578,#2589),.PCURVE_S1.);
#2573 = CIRCLE('',#2574,0.5);
#2574 = AXIS2_PLACEMENT_3D('',#2575,#2576,#2577);
#2575 = CARTESIAN_POINT('',(15.24,-10.16,0.));
#2576 = DIRECTION('',(0.,0.,-1.));
#2577 = DIRECTION('',(1.,0.,0.));
#2578 = PCURVE('',#170,#2579);
#2579 = DEFINITIONAL_REPRESENTATION('',(#2580),#2588);
#2580 = ( BOUNDED_CURVE() B_SPLINE_CURVE(2,(#2581,#2582,#2583,#2584,
#2585,#2586,#2587),.UNSPECIFIED.,.T.,.F.) B_SPLINE_CURVE_WITH_KNOTS((1,2
    ,2,2,2,1),(-2.094395102393,0.,2.094395102393,4.188790204786,
6.28318530718,8.377580409573),.UNSPECIFIED.) CURVE() 
GEOMETRIC_REPRESENTATION_ITEM() RATIONAL_B_SPLINE_CURVE((1.,0.5,1.,0.5,
1.,0.5,1.)) REPRESENTATION_ITEM('') );
#2581 = CARTESIAN_POINT('',(17.12,10.62));
#2582 = CARTESIAN_POINT('',(17.12,9.753974596216));
#2583 = CARTESIAN_POINT('',(16.37,10.186987298108));
#2584 = CARTESIAN_POINT('',(15.62,10.62));
#2585 = CARTESIAN_POINT('',(16.37,11.053012701892));
#2586 = CARTESIAN_POINT('',(17.12,11.486025403784));
#2587 = CARTESIAN_POINT('',(17.12,10.62));
#2588 = ( GEOMETRIC_REPRESENTATION_CONTEXT(2) 
PARAMETRIC_REPRESENTATION_CONTEXT() REPRESENTATION_CONTEXT('2D SPACE',''
  ) );
#2589 = PCURVE('',#663,#2590);
#2590 = DEFINITIONAL_REPRESENTATION('',(#2591),#2595);
#2591 = LINE('',#2592,#2593);
#2592 = CARTESIAN_POINT('',(-6.28318530718,-1.));
#2593 = VECTOR('',#2594,1.);
#2594 = DIRECTION('',(1.,-0.));
#2595 = ( GEOMETRIC_REPRESENTATION_CONTEXT(2) 
PARAMETRIC_REPRESENTATION_CONTEXT() REPRESENTATION_CONTEXT('2D SPACE',''
  ) );
#2596 = ORIENTED_EDGE('',*,*,#2597,.F.);
#2597 = EDGE_CURVE('',#2598,#2570,#2600,.T.);
#2598 = VERTEX_POINT('',#2599);
#2599 = CARTESIAN_POINT('',(16.62,-9.66,0.));
#2600 = SURFACE_CURVE('',#2601,(#2605,#2612),.PCURVE_S1.);
#2601 = LINE('',#2602,#2603);
#2602 = CARTESIAN_POINT('',(6.93,-9.66,0.));
#2603 = VECTOR('',#2604,1.);
#2604 = DIRECTION('',(-1.,0.,0.));
#2605 = PCURVE('',#170,#2606);
#2606 = DEFINITIONAL_REPRESENTATION('',(#2607),#2611);
#2607 = LINE('',#2608,#2609);
#2608 = CARTESIAN_POINT('',(8.31,11.12));
#2609 = VECTOR('',#2610,1.);
#2610 = DIRECTION('',(-1.,0.));
#2611 = ( GEOMETRIC_REPRESENTATION_CONTEXT(2) 
PARAMETRIC_REPRESENTATION_CONTEXT() REPRESENTATION_CONTEXT('2D SPACE',''
  ) );
#2612 = PCURVE('',#691,#2613);
#2613 = DEFINITIONAL_REPRESENTATION('',(#2614),#2618);
#2614 = LINE('',#2615,#2616);
#2615 = CARTESIAN_POINT('',(1.,-8.31));
#2616 = VECTOR('',#2617,1.);
#2617 = DIRECTION('',(0.,-1.));
#2618 = ( GEOMETRIC_REPRESENTATION_CONTEXT(2) 
PARAMETRIC_REPRESENTATION_CONTEXT() REPRESENTATION_CONTEXT('2D SPACE',''
  ) );
#2619 = ORIENTED_EDGE('',*,*,#2620,.T.);
#2620 = EDGE_CURVE('',#2598,#2621,#2623,.T.);
#2621 = VERTEX_POINT('',#2622);
#2622 = CARTESIAN_POINT('',(16.62,-8.12,0.));
#2623 = SURFACE_CURVE('',#2624,(#2628,#2635),.PCURVE_S1.);
#2624 = LINE('',#2625,#2626);
#2625 = CARTESIAN_POINT('',(16.62,-20.78,0.));
#2626 = VECTOR('',#2627,1.);
#2627 = DIRECTION('',(0.,1.,0.));
#2628 = PCURVE('',#170,#2629);
#2629 = DEFINITIONAL_REPRESENTATION('',(#2630),#2634);
#2630 = LINE('',#2631,#2632);
#2631 = CARTESIAN_POINT('',(18.,0.));
#2632 = VECTOR('',#2633,1.);
#2633 = DIRECTION('',(0.,1.));
#2634 = ( GEOMETRIC_REPRESENTATION_CONTEXT(2) 
PARAMETRIC_REPRESENTATION_CONTEXT() REPRESENTATION_CONTEXT('2D SPACE',''
  ) );
#2635 = PCURVE('',#719,#2636);
#2636 = DEFINITIONAL_REPRESENTATION('',(#2637),#2641);
#2637 = LINE('',#2638,#2639);
#2638 = CARTESIAN_POINT('',(0.,0.));
#2639 = VECTOR('',#2640,1.);
#2640 = DIRECTION('',(0.,-1.));
#2641 = ( GEOMETRIC_REPRESENTATION_CONTEXT(2) 
PARAMETRIC_REPRESENTATION_CONTEXT() REPRESENTATION_CONTEXT('2D SPACE',''
  ) );
#2642 = ORIENTED_EDGE('',*,*,#2643,.T.);
#2643 = EDGE_CURVE('',#2621,#2644,#2646,.T.);
#2644 = VERTEX_POINT('',#2645);
#2645 = CARTESIAN_POINT('',(15.24,-8.12,0.));
#2646 = SURFACE_CURVE('',#2647,(#2651,#2658),.PCURVE_S1.);
#2647 = LINE('',#2648,#2649);
#2648 = CARTESIAN_POINT('',(6.93,-8.12,0.));
#2649 = VECTOR('',#2650,1.);
#2650 = DIRECTION('',(-1.,0.,0.));
#2651 = PCURVE('',#170,#2652);
#2652 = DEFINITIONAL_REPRESENTATION('',(#2653),#2657);
#2653 = LINE('',#2654,#2655);
#2654 = CARTESIAN_POINT('',(8.31,12.66));
#2655 = VECTOR('',#2656,1.);
#2656 = DIRECTION('',(-1.,0.));
#2657 = ( GEOMETRIC_REPRESENTATION_CONTEXT(2) 
PARAMETRIC_REPRESENTATION_CONTEXT() REPRESENTATION_CONTEXT('2D SPACE',''
  ) );
#2658 = PCURVE('',#747,#2659);
#2659 = DEFINITIONAL_REPRESENTATION('',(#2660),#2664);
#2660 = LINE('',#2661,#2662);
#2661 = CARTESIAN_POINT('',(1.,-8.31));
#2662 = VECTOR('',#2663,1.);
#2663 = DIRECTION('',(0.,-1.));
#2664 = ( GEOMETRIC_REPRESENTATION_CONTEXT(2) 
PARAMETRIC_REPRESENTATION_CONTEXT() REPRESENTATION_CONTEXT('2D SPACE',''
  ) );
#2665 = ORIENTED_EDGE('',*,*,#2666,.T.);
#2666 = EDGE_CURVE('',#2644,#2667,#2669,.T.);
#2667 = VERTEX_POINT('',#2668);
#2668 = CARTESIAN_POINT('',(15.24,-7.12,0.));
#2669 = SURFACE_CURVE('',#2670,(#2675,#2686),.PCURVE_S1.);
#2670 = CIRCLE('',#2671,0.5);
#2671 = AXIS2_PLACEMENT_3D('',#2672,#2673,#2674);
#2672 = CARTESIAN_POINT('',(15.24,-7.62,0.));
#2673 = DIRECTION('',(0.,0.,-1.));
#2674 = DIRECTION('',(1.,0.,0.));
#2675 = PCURVE('',#170,#2676);
#2676 = DEFINITIONAL_REPRESENTATION('',(#2677),#2685);
#2677 = ( BOUNDED_CURVE() B_SPLINE_CURVE(2,(#2678,#2679,#2680,#2681,
#2682,#2683,#2684),.UNSPECIFIED.,.T.,.F.) B_SPLINE_CURVE_WITH_KNOTS((1,2
    ,2,2,2,1),(-2.094395102393,0.,2.094395102393,4.188790204786,
6.28318530718,8.377580409573),.UNSPECIFIED.) CURVE() 
GEOMETRIC_REPRESENTATION_ITEM() RATIONAL_B_SPLINE_CURVE((1.,0.5,1.,0.5,
1.,0.5,1.)) REPRESENTATION_ITEM('') );
#2678 = CARTESIAN_POINT('',(17.12,13.16));
#2679 = CARTESIAN_POINT('',(17.12,12.293974596216));
#2680 = CARTESIAN_POINT('',(16.37,12.726987298108));
#2681 = CARTESIAN_POINT('',(15.62,13.16));
#2682 = CARTESIAN_POINT('',(16.37,13.593012701892));
#2683 = CARTESIAN_POINT('',(17.12,14.026025403784));
#2684 = CARTESIAN_POINT('',(17.12,13.16));
#2685 = ( GEOMETRIC_REPRESENTATION_CONTEXT(2) 
PARAMETRIC_REPRESENTATION_CONTEXT() REPRESENTATION_CONTEXT('2D SPACE',''
  ) );
#2686 = PCURVE('',#780,#2687);
#2687 = DEFINITIONAL_REPRESENTATION('',(#2688),#2692);
#2688 = LINE('',#2689,#2690);
#2689 = CARTESIAN_POINT('',(-6.28318530718,-1.));
#2690 = VECTOR('',#2691,1.);
#2691 = DIRECTION('',(1.,-0.));
#2692 = ( GEOMETRIC_REPRESENTATION_CONTEXT(2) 
PARAMETRIC_REPRESENTATION_CONTEXT() REPRESENTATION_CONTEXT('2D SPACE',''
  ) );
#2693 = ORIENTED_EDGE('',*,*,#2694,.F.);
#2694 = EDGE_CURVE('',#2695,#2667,#2697,.T.);
#2695 = VERTEX_POINT('',#2696);
#2696 = CARTESIAN_POINT('',(16.62,-7.12,0.));
#2697 = SURFACE_CURVE('',#2698,(#2702,#2709),.PCURVE_S1.);
#2698 = LINE('',#2699,#2700);
#2699 = CARTESIAN_POINT('',(6.93,-7.12,0.));
#2700 = VECTOR('',#2701,1.);
#2701 = DIRECTION('',(-1.,0.,0.));
#2702 = PCURVE('',#170,#2703);
#2703 = DEFINITIONAL_REPRESENTATION('',(#2704),#2708);
#2704 = LINE('',#2705,#2706);
#2705 = CARTESIAN_POINT('',(8.31,13.66));
#2706 = VECTOR('',#2707,1.);
#2707 = DIRECTION('',(-1.,0.));
#2708 = ( GEOMETRIC_REPRESENTATION_CONTEXT(2) 
PARAMETRIC_REPRESENTATION_CONTEXT() REPRESENTATION_CONTEXT('2D SPACE',''
  ) );
#2709 = PCURVE('',#808,#2710);
#2710 = DEFINITIONAL_REPRESENTATION('',(#2711),#2715);
#2711 = LINE('',#2712,#2713);
#2712 = CARTESIAN_POINT('',(1.,-8.31));
#2713 = VECTOR('',#2714,1.);
#2714 = DIRECTION('',(0.,-1.));
#2715 = ( GEOMETRIC_REPRESENTATION_CONTEXT(2) 
PARAMETRIC_REPRESENTATION_CONTEXT() REPRESENTATION_CONTEXT('2D SPACE',''
  ) );
#2716 = ORIENTED_EDGE('',*,*,#2717,.T.);
#2717 = EDGE_CURVE('',#2695,#2718,#2720,.T.);
#2718 = VERTEX_POINT('',#2719);
#2719 = CARTESIAN_POINT('',(16.62,-5.58,0.));
#2720 = SURFACE_CURVE('',#2721,(#2725,#2732),.PCURVE_S1.);
#2721 = LINE('',#2722,#2723);
#2722 = CARTESIAN_POINT('',(16.62,-20.78,0.));
#2723 = VECTOR('',#2724,1.);
#2724 = DIRECTION('',(0.,1.,0.));
#2725 = PCURVE('',#170,#2726);
#2726 = DEFINITIONAL_REPRESENTATION('',(#2727),#2731);
#2727 = LINE('',#2728,#2729);
#2728 = CARTESIAN_POINT('',(18.,0.));
#2729 = VECTOR('',#2730,1.);
#2730 = DIRECTION('',(0.,1.));
#2731 = ( GEOMETRIC_REPRESENTATION_CONTEXT(2) 
PARAMETRIC_REPRESENTATION_CONTEXT() REPRESENTATION_CONTEXT('2D SPACE',''
  ) );
#2732 = PCURVE('',#836,#2733);
#2733 = DEFINITIONAL_REPRESENTATION('',(#2734),#2738);
#2734 = LINE('',#2735,#2736);
#2735 = CARTESIAN_POINT('',(0.,0.));
#2736 = VECTOR('',#2737,1.);
#2737 = DIRECTION('',(0.,-1.));
#2738 = ( GEOMETRIC_REPRESENTATION_CONTEXT(2) 
PARAMETRIC_REPRESENTATION_CONTEXT() REPRESENTATION_CONTEXT('2D SPACE',''
  ) );
#2739 = ORIENTED_EDGE('',*,*,#2740,.T.);
#2740 = EDGE_CURVE('',#2718,#2741,#2743,.T.);
#2741 = VERTEX_POINT('',#2742);
#2742 = CARTESIAN_POINT('',(15.24,-5.58,0.));
#2743 = SURFACE_CURVE('',#2744,(#2748,#2755),.PCURVE_S1.);
#2744 = LINE('',#2745,#2746);
#2745 = CARTESIAN_POINT('',(6.93,-5.58,0.));
#2746 = VECTOR('',#2747,1.);
#2747 = DIRECTION('',(-1.,0.,0.));
#2748 = PCURVE('',#170,#2749);
#2749 = DEFINITIONAL_REPRESENTATION('',(#2750),#2754);
#2750 = LINE('',#2751,#2752);
#2751 = CARTESIAN_POINT('',(8.31,15.2));
#2752 = VECTOR('',#2753,1.);
#2753 = DIRECTION('',(-1.,0.));
#2754 = ( GEOMETRIC_REPRESENTATION_CONTEXT(2) 
PARAMETRIC_REPRESENTATION_CONTEXT() REPRESENTATION_CONTEXT('2D SPACE',''
  ) );
#2755 = PCURVE('',#864,#2756);
#2756 = DEFINITIONAL_REPRESENTATION('',(#2757),#2761);
#2757 = LINE('',#2758,#2759);
#2758 = CARTESIAN_POINT('',(1.,-8.31));
#2759 = VECTOR('',#2760,1.);
#2760 = DIRECTION('',(0.,-1.));
#2761 = ( GEOMETRIC_REPRESENTATION_CONTEXT(2) 
PARAMETRIC_REPRESENTATION_CONTEXT() REPRESENTATION_CONTEXT('2D SPACE',''
  ) );
#2762 = ORIENTED_EDGE('',*,*,#2763,.T.);
#2763 = EDGE_CURVE('',#2741,#2764,#2766,.T.);
#2764 = VERTEX_POINT('',#2765);
#2765 = CARTESIAN_POINT('',(15.24,-4.58,0.));
#2766 = SURFACE_CURVE('',#2767,(#2772,#2783),.PCURVE_S1.);
#2767 = CIRCLE('',#2768,0.5);
#2768 = AXIS2_PLACEMENT_3D('',#2769,#2770,#2771);
#2769 = CARTESIAN_POINT('',(15.24,-5.08,0.));
#2770 = DIRECTION('',(0.,0.,-1.));
#2771 = DIRECTION('',(1.,0.,0.));
#2772 = PCURVE('',#170,#2773);
#2773 = DEFINITIONAL_REPRESENTATION('',(#2774),#2782);
#2774 = ( BOUNDED_CURVE() B_SPLINE_CURVE(2,(#2775,#2776,#2777,#2778,
#2779,#2780,#2781),.UNSPECIFIED.,.T.,.F.) B_SPLINE_CURVE_WITH_KNOTS((1,2
    ,2,2,2,1),(-2.094395102393,0.,2.094395102393,4.188790204786,
6.28318530718,8.377580409573),.UNSPECIFIED.) CURVE() 
GEOMETRIC_REPRESENTATION_ITEM() RATIONAL_B_SPLINE_CURVE((1.,0.5,1.,0.5,
1.,0.5,1.)) REPRESENTATION_ITEM('') );
#2775 = CARTESIAN_POINT('',(17.12,15.7));
#2776 = CARTESIAN_POINT('',(17.12,14.833974596216));
#2777 = CARTESIAN_POINT('',(16.37,15.266987298108));
#2778 = CARTESIAN_POINT('',(15.62,15.7));
#2779 = CARTESIAN_POINT('',(16.37,16.133012701892));
#2780 = CARTESIAN_POINT('',(17.12,16.566025403784));
#2781 = CARTESIAN_POINT('',(17.12,15.7));
#2782 = ( GEOMETRIC_REPRESENTATION_CONTEXT(2) 
PARAMETRIC_REPRESENTATION_CONTEXT() REPRESENTATION_CONTEXT('2D SPACE',''
  ) );
#2783 = PCURVE('',#897,#2784);
#2784 = DEFINITIONAL_REPRESENTATION('',(#2785),#2789);
#2785 = LINE('',#2786,#2787);
#2786 = CARTESIAN_POINT('',(-6.28318530718,-1.));
#2787 = VECTOR('',#2788,1.);
#2788 = DIRECTION('',(1.,-0.));
#2789 = ( GEOMETRIC_REPRESENTATION_CONTEXT(2) 
PARAMETRIC_REPRESENTATION_CONTEXT() REPRESENTATION_CONTEXT('2D SPACE',''
  ) );
#2790 = ORIENTED_EDGE('',*,*,#2791,.F.);
#2791 = EDGE_CURVE('',#2792,#2764,#2794,.T.);
#2792 = VERTEX_POINT('',#2793);
#2793 = CARTESIAN_POINT('',(16.62,-4.58,0.));
#2794 = SURFACE_CURVE('',#2795,(#2799,#2806),.PCURVE_S1.);
#2795 = LINE('',#2796,#2797);
#2796 = CARTESIAN_POINT('',(6.93,-4.58,0.));
#2797 = VECTOR('',#2798,1.);
#2798 = DIRECTION('',(-1.,0.,0.));
#2799 = PCURVE('',#170,#2800);
#2800 = DEFINITIONAL_REPRESENTATION('',(#2801),#2805);
#2801 = LINE('',#2802,#2803);
#2802 = CARTESIAN_POINT('',(8.31,16.2));
#2803 = VECTOR('',#2804,1.);
#2804 = DIRECTION('',(-1.,0.));
#2805 = ( GEOMETRIC_REPRESENTATION_CONTEXT(2) 
PARAMETRIC_REPRESENTATION_CONTEXT() REPRESENTATION_CONTEXT('2D SPACE',''
  ) );
#2806 = PCURVE('',#925,#2807);
#2807 = DEFINITIONAL_REPRESENTATION('',(#2808),#2812);
#2808 = LINE('',#2809,#2810);
#2809 = CARTESIAN_POINT('',(1.,-8.31));
#2810 = VECTOR('',#2811,1.);
#2811 = DIRECTION('',(0.,-1.));
#2812 = ( GEOMETRIC_REPRESENTATION_CONTEXT(2) 
PARAMETRIC_REPRESENTATION_CONTEXT() REPRESENTATION_CONTEXT('2D SPACE',''
  ) );
#2813 = ORIENTED_EDGE('',*,*,#2814,.T.);
#2814 = EDGE_CURVE('',#2792,#2815,#2817,.T.);
#2815 = VERTEX_POINT('',#2816);
#2816 = CARTESIAN_POINT('',(16.62,-3.04,0.));
#2817 = SURFACE_CURVE('',#2818,(#2822,#2829),.PCURVE_S1.);
#2818 = LINE('',#2819,#2820);
#2819 = CARTESIAN_POINT('',(16.62,-20.78,0.));
#2820 = VECTOR('',#2821,1.);
#2821 = DIRECTION('',(0.,1.,0.));
#2822 = PCURVE('',#170,#2823);
#2823 = DEFINITIONAL_REPRESENTATION('',(#2824),#2828);
#2824 = LINE('',#2825,#2826);
#2825 = CARTESIAN_POINT('',(18.,0.));
#2826 = VECTOR('',#2827,1.);
#2827 = DIRECTION('',(0.,1.));
#2828 = ( GEOMETRIC_REPRESENTATION_CONTEXT(2) 
PARAMETRIC_REPRESENTATION_CONTEXT() REPRESENTATION_CONTEXT('2D SPACE',''
  ) );
#2829 = PCURVE('',#953,#2830);
#2830 = DEFINITIONAL_REPRESENTATION('',(#2831),#2835);
#2831 = LINE('',#2832,#2833);
#2832 = CARTESIAN_POINT('',(0.,0.));
#2833 = VECTOR('',#2834,1.);
#2834 = DIRECTION('',(0.,-1.));
#2835 = ( GEOMETRIC_REPRESENTATION_CONTEXT(2) 
PARAMETRIC_REPRESENTATION_CONTEXT() REPRESENTATION_CONTEXT('2D SPACE',''
  ) );
#2836 = ORIENTED_EDGE('',*,*,#2837,.T.);
#2837 = EDGE_CURVE('',#2815,#2838,#2840,.T.);
#2838 = VERTEX_POINT('',#2839);
#2839 = CARTESIAN_POINT('',(15.24,-3.04,0.));
#2840 = SURFACE_CURVE('',#2841,(#2845,#2852),.PCURVE_S1.);
#2841 = LINE('',#2842,#2843);
#2842 = CARTESIAN_POINT('',(6.93,-3.04,0.));
#2843 = VECTOR('',#2844,1.);
#2844 = DIRECTION('',(-1.,0.,0.));
#2845 = PCURVE('',#170,#2846);
#2846 = DEFINITIONAL_REPRESENTATION('',(#2847),#2851);
#2847 = LINE('',#2848,#2849);
#2848 = CARTESIAN_POINT('',(8.31,17.74));
#2849 = VECTOR('',#2850,1.);
#2850 = DIRECTION('',(-1.,0.));
#2851 = ( GEOMETRIC_REPRESENTATION_CONTEXT(2) 
PARAMETRIC_REPRESENTATION_CONTEXT() REPRESENTATION_CONTEXT('2D SPACE',''
  ) );
#2852 = PCURVE('',#981,#2853);
#2853 = DEFINITIONAL_REPRESENTATION('',(#2854),#2858);
#2854 = LINE('',#2855,#2856);
#2855 = CARTESIAN_POINT('',(1.,-8.31));
#2856 = VECTOR('',#2857,1.);
#2857 = DIRECTION('',(0.,-1.));
#2858 = ( GEOMETRIC_REPRESENTATION_CONTEXT(2) 
PARAMETRIC_REPRESENTATION_CONTEXT() REPRESENTATION_CONTEXT('2D SPACE',''
  ) );
#2859 = ORIENTED_EDGE('',*,*,#2860,.T.);
#2860 = EDGE_CURVE('',#2838,#2861,#2863,.T.);
#2861 = VERTEX_POINT('',#2862);
#2862 = CARTESIAN_POINT('',(15.24,-2.04,0.));
#2863 = SURFACE_CURVE('',#2864,(#2869,#2880),.PCURVE_S1.);
#2864 = CIRCLE('',#2865,0.5);
#2865 = AXIS2_PLACEMENT_3D('',#2866,#2867,#2868);
#2866 = CARTESIAN_POINT('',(15.24,-2.54,0.));
#2867 = DIRECTION('',(0.,0.,-1.));
#2868 = DIRECTION('',(1.,0.,0.));
#2869 = PCURVE('',#170,#2870);
#2870 = DEFINITIONAL_REPRESENTATION('',(#2871),#2879);
#2871 = ( BOUNDED_CURVE() B_SPLINE_CURVE(2,(#2872,#2873,#2874,#2875,
#2876,#2877,#2878),.UNSPECIFIED.,.T.,.F.) B_SPLINE_CURVE_WITH_KNOTS((1,2
    ,2,2,2,1),(-2.094395102393,0.,2.094395102393,4.188790204786,
6.28318530718,8.377580409573),.UNSPECIFIED.) CURVE() 
GEOMETRIC_REPRESENTATION_ITEM() RATIONAL_B_SPLINE_CURVE((1.,0.5,1.,0.5,
1.,0.5,1.)) REPRESENTATION_ITEM('') );
#2872 = CARTESIAN_POINT('',(17.12,18.24));
#2873 = CARTESIAN_POINT('',(17.12,17.373974596216));
#2874 = CARTESIAN_POINT('',(16.37,17.806987298108));
#2875 = CARTESIAN_POINT('',(15.62,18.24));
#2876 = CARTESIAN_POINT('',(16.37,18.673012701892));
#2877 = CARTESIAN_POINT('',(17.12,19.106025403784));
#2878 = CARTESIAN_POINT('',(17.12,18.24));
#2879 = ( GEOMETRIC_REPRESENTATION_CONTEXT(2) 
PARAMETRIC_REPRESENTATION_CONTEXT() REPRESENTATION_CONTEXT('2D SPACE',''
  ) );
#2880 = PCURVE('',#1014,#2881);
#2881 = DEFINITIONAL_REPRESENTATION('',(#2882),#2886);
#2882 = LINE('',#2883,#2884);
#2883 = CARTESIAN_POINT('',(-6.28318530718,-1.));
#2884 = VECTOR('',#2885,1.);
#2885 = DIRECTION('',(1.,-0.));
#2886 = ( GEOMETRIC_REPRESENTATION_CONTEXT(2) 
PARAMETRIC_REPRESENTATION_CONTEXT() REPRESENTATION_CONTEXT('2D SPACE',''
  ) );
#2887 = ORIENTED_EDGE('',*,*,#2888,.F.);
#2888 = EDGE_CURVE('',#2889,#2861,#2891,.T.);
#2889 = VERTEX_POINT('',#2890);
#2890 = CARTESIAN_POINT('',(16.62,-2.04,0.));
#2891 = SURFACE_CURVE('',#2892,(#2896,#2903),.PCURVE_S1.);
#2892 = LINE('',#2893,#2894);
#2893 = CARTESIAN_POINT('',(6.93,-2.04,0.));
#2894 = VECTOR('',#2895,1.);
#2895 = DIRECTION('',(-1.,0.,0.));
#2896 = PCURVE('',#170,#2897);
#2897 = DEFINITIONAL_REPRESENTATION('',(#2898),#2902);
#2898 = LINE('',#2899,#2900);
#2899 = CARTESIAN_POINT('',(8.31,18.74));
#2900 = VECTOR('',#2901,1.);
#2901 = DIRECTION('',(-1.,0.));
#2902 = ( GEOMETRIC_REPRESENTATION_CONTEXT(2) 
PARAMETRIC_REPRESENTATION_CONTEXT() REPRESENTATION_CONTEXT('2D SPACE',''
  ) );
#2903 = PCURVE('',#1042,#2904);
#2904 = DEFINITIONAL_REPRESENTATION('',(#2905),#2909);
#2905 = LINE('',#2906,#2907);
#2906 = CARTESIAN_POINT('',(1.,-8.31));
#2907 = VECTOR('',#2908,1.);
#2908 = DIRECTION('',(0.,-1.));
#2909 = ( GEOMETRIC_REPRESENTATION_CONTEXT(2) 
PARAMETRIC_REPRESENTATION_CONTEXT() REPRESENTATION_CONTEXT('2D SPACE',''
  ) );
#2910 = ORIENTED_EDGE('',*,*,#2911,.T.);
#2911 = EDGE_CURVE('',#2889,#2912,#2914,.T.);
#2912 = VERTEX_POINT('',#2913);
#2913 = CARTESIAN_POINT('',(16.62,-0.5,0.));
#2914 = SURFACE_CURVE('',#2915,(#2919,#2926),.PCURVE_S1.);
#2915 = LINE('',#2916,#2917);
#2916 = CARTESIAN_POINT('',(16.62,-20.78,0.));
#2917 = VECTOR('',#2918,1.);
#2918 = DIRECTION('',(0.,1.,0.));
#2919 = PCURVE('',#170,#2920);
#2920 = DEFINITIONAL_REPRESENTATION('',(#2921),#2925);
#2921 = LINE('',#2922,#2923);
#2922 = CARTESIAN_POINT('',(18.,0.));
#2923 = VECTOR('',#2924,1.);
#2924 = DIRECTION('',(0.,1.));
#2925 = ( GEOMETRIC_REPRESENTATION_CONTEXT(2) 
PARAMETRIC_REPRESENTATION_CONTEXT() REPRESENTATION_CONTEXT('2D SPACE',''
  ) );
#2926 = PCURVE('',#1070,#2927);
#2927 = DEFINITIONAL_REPRESENTATION('',(#2928),#2932);
#2928 = LINE('',#2929,#2930);
#2929 = CARTESIAN_POINT('',(0.,0.));
#2930 = VECTOR('',#2931,1.);
#2931 = DIRECTION('',(0.,-1.));
#2932 = ( GEOMETRIC_REPRESENTATION_CONTEXT(2) 
PARAMETRIC_REPRESENTATION_CONTEXT() REPRESENTATION_CONTEXT('2D SPACE',''
  ) );
#2933 = ORIENTED_EDGE('',*,*,#2934,.T.);
#2934 = EDGE_CURVE('',#2912,#2935,#2937,.T.);
#2935 = VERTEX_POINT('',#2936);
#2936 = CARTESIAN_POINT('',(15.24,-0.5,0.));
#2937 = SURFACE_CURVE('',#2938,(#2942,#2949),.PCURVE_S1.);
#2938 = LINE('',#2939,#2940);
#2939 = CARTESIAN_POINT('',(6.93,-0.5,0.));
#2940 = VECTOR('',#2941,1.);
#2941 = DIRECTION('',(-1.,0.,0.));
#2942 = PCURVE('',#170,#2943);
#2943 = DEFINITIONAL_REPRESENTATION('',(#2944),#2948);
#2944 = LINE('',#2945,#2946);
#2945 = CARTESIAN_POINT('',(8.31,20.28));
#2946 = VECTOR('',#2947,1.);
#2947 = DIRECTION('',(-1.,0.));
#2948 = ( GEOMETRIC_REPRESENTATION_CONTEXT(2) 
PARAMETRIC_REPRESENTATION_CONTEXT() REPRESENTATION_CONTEXT('2D SPACE',''
  ) );
#2949 = PCURVE('',#1098,#2950);
#2950 = DEFINITIONAL_REPRESENTATION('',(#2951),#2955);
#2951 = LINE('',#2952,#2953);
#2952 = CARTESIAN_POINT('',(1.,-8.31));
#2953 = VECTOR('',#2954,1.);
#2954 = DIRECTION('',(0.,-1.));
#2955 = ( GEOMETRIC_REPRESENTATION_CONTEXT(2) 
PARAMETRIC_REPRESENTATION_CONTEXT() REPRESENTATION_CONTEXT('2D SPACE',''
  ) );
#2956 = ORIENTED_EDGE('',*,*,#2957,.T.);
#2957 = EDGE_CURVE('',#2935,#2958,#2960,.T.);
#2958 = VERTEX_POINT('',#2959);
#2959 = CARTESIAN_POINT('',(15.24,0.5,0.));
#2960 = SURFACE_CURVE('',#2961,(#2966,#2977),.PCURVE_S1.);
#2961 = CIRCLE('',#2962,0.5);
#2962 = AXIS2_PLACEMENT_3D('',#2963,#2964,#2965);
#2963 = CARTESIAN_POINT('',(15.24,0.,0.));
#2964 = DIRECTION('',(0.,0.,-1.));
#2965 = DIRECTION('',(1.,0.,0.));
#2966 = PCURVE('',#170,#2967);
#2967 = DEFINITIONAL_REPRESENTATION('',(#2968),#2976);
#2968 = ( BOUNDED_CURVE() B_SPLINE_CURVE(2,(#2969,#2970,#2971,#2972,
#2973,#2974,#2975),.UNSPECIFIED.,.T.,.F.) B_SPLINE_CURVE_WITH_KNOTS((1,2
    ,2,2,2,1),(-2.094395102393,0.,2.094395102393,4.188790204786,
6.28318530718,8.377580409573),.UNSPECIFIED.) CURVE() 
GEOMETRIC_REPRESENTATION_ITEM() RATIONAL_B_SPLINE_CURVE((1.,0.5,1.,0.5,
1.,0.5,1.)) REPRESENTATION_ITEM('') );
#2969 = CARTESIAN_POINT('',(17.12,20.78));
#2970 = CARTESIAN_POINT('',(17.12,19.913974596216));
#2971 = CARTESIAN_POINT('',(16.37,20.346987298108));
#2972 = CARTESIAN_POINT('',(15.62,20.78));
#2973 = CARTESIAN_POINT('',(16.37,21.213012701892));
#2974 = CARTESIAN_POINT('',(17.12,21.646025403784));
#2975 = CARTESIAN_POINT('',(17.12,20.78));
#2976 = ( GEOMETRIC_REPRESENTATION_CONTEXT(2) 
PARAMETRIC_REPRESENTATION_CONTEXT() REPRESENTATION_CONTEXT('2D SPACE',''
  ) );
#2977 = PCURVE('',#1131,#2978);
#2978 = DEFINITIONAL_REPRESENTATION('',(#2979),#2983);
#2979 = LINE('',#2980,#2981);
#2980 = CARTESIAN_POINT('',(-6.28318530718,-1.));
#2981 = VECTOR('',#2982,1.);
#2982 = DIRECTION('',(1.,-0.));
#2983 = ( GEOMETRIC_REPRESENTATION_CONTEXT(2) 
PARAMETRIC_REPRESENTATION_CONTEXT() REPRESENTATION_CONTEXT('2D SPACE',''
  ) );
#2984 = ORIENTED_EDGE('',*,*,#2985,.F.);
#2985 = EDGE_CURVE('',#2986,#2958,#2988,.T.);
#2986 = VERTEX_POINT('',#2987);
#2987 = CARTESIAN_POINT('',(16.62,0.5,0.));
#2988 = SURFACE_CURVE('',#2989,(#2993,#3000),.PCURVE_S1.);
#2989 = LINE('',#2990,#2991);
#2990 = CARTESIAN_POINT('',(6.93,0.5,0.));
#2991 = VECTOR('',#2992,1.);
#2992 = DIRECTION('',(-1.,0.,0.));
#2993 = PCURVE('',#170,#2994);
#2994 = DEFINITIONAL_REPRESENTATION('',(#2995),#2999);
#2995 = LINE('',#2996,#2997);
#2996 = CARTESIAN_POINT('',(8.31,21.28));
#2997 = VECTOR('',#2998,1.);
#2998 = DIRECTION('',(-1.,0.));
#2999 = ( GEOMETRIC_REPRESENTATION_CONTEXT(2) 
PARAMETRIC_REPRESENTATION_CONTEXT() REPRESENTATION_CONTEXT('2D SPACE',''
  ) );
#3000 = PCURVE('',#1159,#3001);
#3001 = DEFINITIONAL_REPRESENTATION('',(#3002),#3006);
#3002 = LINE('',#3003,#3004);
#3003 = CARTESIAN_POINT('',(1.,-8.31));
#3004 = VECTOR('',#3005,1.);
#3005 = DIRECTION('',(0.,-1.));
#3006 = ( GEOMETRIC_REPRESENTATION_CONTEXT(2) 
PARAMETRIC_REPRESENTATION_CONTEXT() REPRESENTATION_CONTEXT('2D SPACE',''
  ) );
#3007 = ORIENTED_EDGE('',*,*,#3008,.T.);
#3008 = EDGE_CURVE('',#2986,#3009,#3011,.T.);
#3009 = VERTEX_POINT('',#3010);
#3010 = CARTESIAN_POINT('',(16.62,1.74,0.));
#3011 = SURFACE_CURVE('',#3012,(#3016,#3023),.PCURVE_S1.);
#3012 = LINE('',#3013,#3014);
#3013 = CARTESIAN_POINT('',(16.62,-20.78,0.));
#3014 = VECTOR('',#3015,1.);
#3015 = DIRECTION('',(0.,1.,0.));
#3016 = PCURVE('',#170,#3017);
#3017 = DEFINITIONAL_REPRESENTATION('',(#3018),#3022);
#3018 = LINE('',#3019,#3020);
#3019 = CARTESIAN_POINT('',(18.,0.));
#3020 = VECTOR('',#3021,1.);
#3021 = DIRECTION('',(0.,1.));
#3022 = ( GEOMETRIC_REPRESENTATION_CONTEXT(2) 
PARAMETRIC_REPRESENTATION_CONTEXT() REPRESENTATION_CONTEXT('2D SPACE',''
  ) );
#3023 = PCURVE('',#1187,#3024);
#3024 = DEFINITIONAL_REPRESENTATION('',(#3025),#3029);
#3025 = LINE('',#3026,#3027);
#3026 = CARTESIAN_POINT('',(0.,0.));
#3027 = VECTOR('',#3028,1.);
#3028 = DIRECTION('',(0.,-1.));
#3029 = ( GEOMETRIC_REPRESENTATION_CONTEXT(2) 
PARAMETRIC_REPRESENTATION_CONTEXT() REPRESENTATION_CONTEXT('2D SPACE',''
  ) );
#3030 = ORIENTED_EDGE('',*,*,#3031,.F.);
#3031 = EDGE_CURVE('',#3032,#3009,#3034,.T.);
#3032 = VERTEX_POINT('',#3033);
#3033 = CARTESIAN_POINT('',(-1.38,1.74,0.));
#3034 = SURFACE_CURVE('',#3035,(#3039,#3046),.PCURVE_S1.);
#3035 = LINE('',#3036,#3037);
#3036 = CARTESIAN_POINT('',(-1.38,1.74,0.));
#3037 = VECTOR('',#3038,1.);
#3038 = DIRECTION('',(1.,0.,0.));
#3039 = PCURVE('',#170,#3040);
#3040 = DEFINITIONAL_REPRESENTATION('',(#3041),#3045);
#3041 = LINE('',#3042,#3043);
#3042 = CARTESIAN_POINT('',(0.,22.52));
#3043 = VECTOR('',#3044,1.);
#3044 = DIRECTION('',(1.,0.));
#3045 = ( GEOMETRIC_REPRESENTATION_CONTEXT(2) 
PARAMETRIC_REPRESENTATION_CONTEXT() REPRESENTATION_CONTEXT('2D SPACE',''
  ) );
#3046 = PCURVE('',#1215,#3047);
#3047 = DEFINITIONAL_REPRESENTATION('',(#3048),#3052);
#3048 = LINE('',#3049,#3050);
#3049 = CARTESIAN_POINT('',(0.,0.));
#3050 = VECTOR('',#3051,1.);
#3051 = DIRECTION('',(0.,1.));
#3052 = ( GEOMETRIC_REPRESENTATION_CONTEXT(2) 
PARAMETRIC_REPRESENTATION_CONTEXT() REPRESENTATION_CONTEXT('2D SPACE',''
  ) );
#3053 = ORIENTED_EDGE('',*,*,#3054,.F.);
#3054 = EDGE_CURVE('',#3055,#3032,#3057,.T.);
#3055 = VERTEX_POINT('',#3056);
#3056 = CARTESIAN_POINT('',(-1.38,0.5,0.));
#3057 = SURFACE_CURVE('',#3058,(#3062,#3069),.PCURVE_S1.);
#3058 = LINE('',#3059,#3060);
#3059 = CARTESIAN_POINT('',(-1.38,-20.78,0.));
#3060 = VECTOR('',#3061,1.);
#3061 = DIRECTION('',(0.,1.,0.));
#3062 = PCURVE('',#170,#3063);
#3063 = DEFINITIONAL_REPRESENTATION('',(#3064),#3068);
#3064 = LINE('',#3065,#3066);
#3065 = CARTESIAN_POINT('',(0.,0.));
#3066 = VECTOR('',#3067,1.);
#3067 = DIRECTION('',(0.,1.));
#3068 = ( GEOMETRIC_REPRESENTATION_CONTEXT(2) 
PARAMETRIC_REPRESENTATION_CONTEXT() REPRESENTATION_CONTEXT('2D SPACE',''
  ) );
#3069 = PCURVE('',#1243,#3070);
#3070 = DEFINITIONAL_REPRESENTATION('',(#3071),#3075);
#3071 = LINE('',#3072,#3073);
#3072 = CARTESIAN_POINT('',(0.,0.));
#3073 = VECTOR('',#3074,1.);
#3074 = DIRECTION('',(0.,-1.));
#3075 = ( GEOMETRIC_REPRESENTATION_CONTEXT(2) 
PARAMETRIC_REPRESENTATION_CONTEXT() REPRESENTATION_CONTEXT('2D SPACE',''
  ) );
#3076 = ORIENTED_EDGE('',*,*,#3077,.F.);
#3077 = EDGE_CURVE('',#3078,#3055,#3080,.T.);
#3078 = VERTEX_POINT('',#3079);
#3079 = CARTESIAN_POINT('',(-1.110223024625E-14,0.5,0.));
#3080 = SURFACE_CURVE('',#3081,(#3085,#3092),.PCURVE_S1.);
#3081 = LINE('',#3082,#3083);
#3082 = CARTESIAN_POINT('',(-1.38,0.5,0.));
#3083 = VECTOR('',#3084,1.);
#3084 = DIRECTION('',(-1.,0.,0.));
#3085 = PCURVE('',#170,#3086);
#3086 = DEFINITIONAL_REPRESENTATION('',(#3087),#3091);
#3087 = LINE('',#3088,#3089);
#3088 = CARTESIAN_POINT('',(0.,21.28));
#3089 = VECTOR('',#3090,1.);
#3090 = DIRECTION('',(-1.,0.));
#3091 = ( GEOMETRIC_REPRESENTATION_CONTEXT(2) 
PARAMETRIC_REPRESENTATION_CONTEXT() REPRESENTATION_CONTEXT('2D SPACE',''
  ) );
#3092 = PCURVE('',#1271,#3093);
#3093 = DEFINITIONAL_REPRESENTATION('',(#3094),#3098);
#3094 = LINE('',#3095,#3096);
#3095 = CARTESIAN_POINT('',(1.,0.));
#3096 = VECTOR('',#3097,1.);
#3097 = DIRECTION('',(0.,-1.));
#3098 = ( GEOMETRIC_REPRESENTATION_CONTEXT(2) 
PARAMETRIC_REPRESENTATION_CONTEXT() REPRESENTATION_CONTEXT('2D SPACE',''
  ) );
#3099 = ORIENTED_EDGE('',*,*,#3100,.F.);
#3100 = EDGE_CURVE('',#3101,#3078,#3103,.T.);
#3101 = VERTEX_POINT('',#3102);
#3102 = CARTESIAN_POINT('',(-1.15463194561E-14,-0.5,0.));
#3103 = SURFACE_CURVE('',#3104,(#3109,#3116),.PCURVE_S1.);
#3104 = CIRCLE('',#3105,0.5);
#3105 = AXIS2_PLACEMENT_3D('',#3106,#3107,#3108);
#3106 = CARTESIAN_POINT('',(0.,0.,0.));
#3107 = DIRECTION('',(0.,0.,1.));
#3108 = DIRECTION('',(-2.30926389122E-14,-1.,0.));
#3109 = PCURVE('',#170,#3110);
#3110 = DEFINITIONAL_REPRESENTATION('',(#3111),#3115);
#3111 = CIRCLE('',#3112,0.5);
#3112 = AXIS2_PLACEMENT_2D('',#3113,#3114);
#3113 = CARTESIAN_POINT('',(1.38,20.78));
#3114 = DIRECTION('',(-2.30926389122E-14,-1.));
#3115 = ( GEOMETRIC_REPRESENTATION_CONTEXT(2) 
PARAMETRIC_REPRESENTATION_CONTEXT() REPRESENTATION_CONTEXT('2D SPACE',''
  ) );
#3116 = PCURVE('',#1304,#3117);
#3117 = DEFINITIONAL_REPRESENTATION('',(#3118),#3122);
#3118 = LINE('',#3119,#3120);
#3119 = CARTESIAN_POINT('',(-4.712388980385,-1.));
#3120 = VECTOR('',#3121,1.);
#3121 = DIRECTION('',(-1.,-0.));
#3122 = ( GEOMETRIC_REPRESENTATION_CONTEXT(2) 
PARAMETRIC_REPRESENTATION_CONTEXT() REPRESENTATION_CONTEXT('2D SPACE',''
  ) );
#3123 = ORIENTED_EDGE('',*,*,#3124,.T.);
#3124 = EDGE_CURVE('',#3101,#3125,#3127,.T.);
#3125 = VERTEX_POINT('',#3126);
#3126 = CARTESIAN_POINT('',(-1.38,-0.5,0.));
#3127 = SURFACE_CURVE('',#3128,(#3132,#3139),.PCURVE_S1.);
#3128 = LINE('',#3129,#3130);
#3129 = CARTESIAN_POINT('',(-1.38,-0.5,0.));
#3130 = VECTOR('',#3131,1.);
#3131 = DIRECTION('',(-1.,0.,0.));
#3132 = PCURVE('',#170,#3133);
#3133 = DEFINITIONAL_REPRESENTATION('',(#3134),#3138);
#3134 = LINE('',#3135,#3136);
#3135 = CARTESIAN_POINT('',(0.,20.28));
#3136 = VECTOR('',#3137,1.);
#3137 = DIRECTION('',(-1.,0.));
#3138 = ( GEOMETRIC_REPRESENTATION_CONTEXT(2) 
PARAMETRIC_REPRESENTATION_CONTEXT() REPRESENTATION_CONTEXT('2D SPACE',''
  ) );
#3139 = PCURVE('',#1332,#3140);
#3140 = DEFINITIONAL_REPRESENTATION('',(#3141),#3145);
#3141 = LINE('',#3142,#3143);
#3142 = CARTESIAN_POINT('',(1.,0.));
#3143 = VECTOR('',#3144,1.);
#3144 = DIRECTION('',(0.,-1.));
#3145 = ( GEOMETRIC_REPRESENTATION_CONTEXT(2) 
PARAMETRIC_REPRESENTATION_CONTEXT() REPRESENTATION_CONTEXT('2D SPACE',''
  ) );
#3146 = ORIENTED_EDGE('',*,*,#3147,.F.);
#3147 = EDGE_CURVE('',#3148,#3125,#3150,.T.);
#3148 = VERTEX_POINT('',#3149);
#3149 = CARTESIAN_POINT('',(-1.38,-2.04,0.));
#3150 = SURFACE_CURVE('',#3151,(#3155,#3162),.PCURVE_S1.);
#3151 = LINE('',#3152,#3153);
#3152 = CARTESIAN_POINT('',(-1.38,-20.78,0.));
#3153 = VECTOR('',#3154,1.);
#3154 = DIRECTION('',(0.,1.,0.));
#3155 = PCURVE('',#170,#3156);
#3156 = DEFINITIONAL_REPRESENTATION('',(#3157),#3161);
#3157 = LINE('',#3158,#3159);
#3158 = CARTESIAN_POINT('',(0.,0.));
#3159 = VECTOR('',#3160,1.);
#3160 = DIRECTION('',(0.,1.));
#3161 = ( GEOMETRIC_REPRESENTATION_CONTEXT(2) 
PARAMETRIC_REPRESENTATION_CONTEXT() REPRESENTATION_CONTEXT('2D SPACE',''
  ) );
#3162 = PCURVE('',#1360,#3163);
#3163 = DEFINITIONAL_REPRESENTATION('',(#3164),#3168);
#3164 = LINE('',#3165,#3166);
#3165 = CARTESIAN_POINT('',(0.,0.));
#3166 = VECTOR('',#3167,1.);
#3167 = DIRECTION('',(0.,-1.));
#3168 = ( GEOMETRIC_REPRESENTATION_CONTEXT(2) 
PARAMETRIC_REPRESENTATION_CONTEXT() REPRESENTATION_CONTEXT('2D SPACE',''
  ) );
#3169 = ORIENTED_EDGE('',*,*,#3170,.F.);
#3170 = EDGE_CURVE('',#3171,#3148,#3173,.T.);
#3171 = VERTEX_POINT('',#3172);
#3172 = CARTESIAN_POINT('',(-1.132427485118E-14,-2.04,0.));
#3173 = SURFACE_CURVE('',#3174,(#3178,#3185),.PCURVE_S1.);
#3174 = LINE('',#3175,#3176);
#3175 = CARTESIAN_POINT('',(-1.38,-2.04,0.));
#3176 = VECTOR('',#3177,1.);
#3177 = DIRECTION('',(-1.,0.,0.));
#3178 = PCURVE('',#170,#3179);
#3179 = DEFINITIONAL_REPRESENTATION('',(#3180),#3184);
#3180 = LINE('',#3181,#3182);
#3181 = CARTESIAN_POINT('',(0.,18.74));
#3182 = VECTOR('',#3183,1.);
#3183 = DIRECTION('',(-1.,0.));
#3184 = ( GEOMETRIC_REPRESENTATION_CONTEXT(2) 
PARAMETRIC_REPRESENTATION_CONTEXT() REPRESENTATION_CONTEXT('2D SPACE',''
  ) );
#3185 = PCURVE('',#1388,#3186);
#3186 = DEFINITIONAL_REPRESENTATION('',(#3187),#3191);
#3187 = LINE('',#3188,#3189);
#3188 = CARTESIAN_POINT('',(1.,0.));
#3189 = VECTOR('',#3190,1.);
#3190 = DIRECTION('',(0.,-1.));
#3191 = ( GEOMETRIC_REPRESENTATION_CONTEXT(2) 
PARAMETRIC_REPRESENTATION_CONTEXT() REPRESENTATION_CONTEXT('2D SPACE',''
  ) );
#3192 = ORIENTED_EDGE('',*,*,#3193,.F.);
#3193 = EDGE_CURVE('',#3194,#3171,#3196,.T.);
#3194 = VERTEX_POINT('',#3195);
#3195 = CARTESIAN_POINT('',(-1.15463194561E-14,-3.04,0.));
#3196 = SURFACE_CURVE('',#3197,(#3202,#3209),.PCURVE_S1.);
#3197 = CIRCLE('',#3198,0.5);
#3198 = AXIS2_PLACEMENT_3D('',#3199,#3200,#3201);
#3199 = CARTESIAN_POINT('',(0.,-2.54,0.));
#3200 = DIRECTION('',(0.,0.,1.));
#3201 = DIRECTION('',(-2.30926389122E-14,-1.,0.));
#3202 = PCURVE('',#170,#3203);
#3203 = DEFINITIONAL_REPRESENTATION('',(#3204),#3208);
#3204 = CIRCLE('',#3205,0.5);
#3205 = AXIS2_PLACEMENT_2D('',#3206,#3207);
#3206 = CARTESIAN_POINT('',(1.38,18.24));
#3207 = DIRECTION('',(-2.30926389122E-14,-1.));
#3208 = ( GEOMETRIC_REPRESENTATION_CONTEXT(2) 
PARAMETRIC_REPRESENTATION_CONTEXT() REPRESENTATION_CONTEXT('2D SPACE',''
  ) );
#3209 = PCURVE('',#1421,#3210);
#3210 = DEFINITIONAL_REPRESENTATION('',(#3211),#3215);
#3211 = LINE('',#3212,#3213);
#3212 = CARTESIAN_POINT('',(-4.712388980385,-1.));
#3213 = VECTOR('',#3214,1.);
#3214 = DIRECTION('',(-1.,-0.));
#3215 = ( GEOMETRIC_REPRESENTATION_CONTEXT(2) 
PARAMETRIC_REPRESENTATION_CONTEXT() REPRESENTATION_CONTEXT('2D SPACE',''
  ) );
#3216 = ORIENTED_EDGE('',*,*,#3217,.T.);
#3217 = EDGE_CURVE('',#3194,#3218,#3220,.T.);
#3218 = VERTEX_POINT('',#3219);
#3219 = CARTESIAN_POINT('',(-1.38,-3.04,0.));
#3220 = SURFACE_CURVE('',#3221,(#3225,#3232),.PCURVE_S1.);
#3221 = LINE('',#3222,#3223);
#3222 = CARTESIAN_POINT('',(-1.38,-3.04,0.));
#3223 = VECTOR('',#3224,1.);
#3224 = DIRECTION('',(-1.,0.,0.));
#3225 = PCURVE('',#170,#3226);
#3226 = DEFINITIONAL_REPRESENTATION('',(#3227),#3231);
#3227 = LINE('',#3228,#3229);
#3228 = CARTESIAN_POINT('',(0.,17.74));
#3229 = VECTOR('',#3230,1.);
#3230 = DIRECTION('',(-1.,0.));
#3231 = ( GEOMETRIC_REPRESENTATION_CONTEXT(2) 
PARAMETRIC_REPRESENTATION_CONTEXT() REPRESENTATION_CONTEXT('2D SPACE',''
  ) );
#3232 = PCURVE('',#1449,#3233);
#3233 = DEFINITIONAL_REPRESENTATION('',(#3234),#3238);
#3234 = LINE('',#3235,#3236);
#3235 = CARTESIAN_POINT('',(1.,0.));
#3236 = VECTOR('',#3237,1.);
#3237 = DIRECTION('',(0.,-1.));
#3238 = ( GEOMETRIC_REPRESENTATION_CONTEXT(2) 
PARAMETRIC_REPRESENTATION_CONTEXT() REPRESENTATION_CONTEXT('2D SPACE',''
  ) );
#3239 = ORIENTED_EDGE('',*,*,#3240,.F.);
#3240 = EDGE_CURVE('',#3241,#3218,#3243,.T.);
#3241 = VERTEX_POINT('',#3242);
#3242 = CARTESIAN_POINT('',(-1.38,-4.58,0.));
#3243 = SURFACE_CURVE('',#3244,(#3248,#3255),.PCURVE_S1.);
#3244 = LINE('',#3245,#3246);
#3245 = CARTESIAN_POINT('',(-1.38,-20.78,0.));
#3246 = VECTOR('',#3247,1.);
#3247 = DIRECTION('',(0.,1.,0.));
#3248 = PCURVE('',#170,#3249);
#3249 = DEFINITIONAL_REPRESENTATION('',(#3250),#3254);
#3250 = LINE('',#3251,#3252);
#3251 = CARTESIAN_POINT('',(0.,0.));
#3252 = VECTOR('',#3253,1.);
#3253 = DIRECTION('',(0.,1.));
#3254 = ( GEOMETRIC_REPRESENTATION_CONTEXT(2) 
PARAMETRIC_REPRESENTATION_CONTEXT() REPRESENTATION_CONTEXT('2D SPACE',''
  ) );
#3255 = PCURVE('',#1477,#3256);
#3256 = DEFINITIONAL_REPRESENTATION('',(#3257),#3261);
#3257 = LINE('',#3258,#3259);
#3258 = CARTESIAN_POINT('',(0.,0.));
#3259 = VECTOR('',#3260,1.);
#3260 = DIRECTION('',(0.,-1.));
#3261 = ( GEOMETRIC_REPRESENTATION_CONTEXT(2) 
PARAMETRIC_REPRESENTATION_CONTEXT() REPRESENTATION_CONTEXT('2D SPACE',''
  ) );
#3262 = ORIENTED_EDGE('',*,*,#3263,.F.);
#3263 = EDGE_CURVE('',#3264,#3241,#3266,.T.);
#3264 = VERTEX_POINT('',#3265);
#3265 = CARTESIAN_POINT('',(-1.132427485118E-14,-4.58,0.));
#3266 = SURFACE_CURVE('',#3267,(#3271,#3278),.PCURVE_S1.);
#3267 = LINE('',#3268,#3269);
#3268 = CARTESIAN_POINT('',(-1.38,-4.58,0.));
#3269 = VECTOR('',#3270,1.);
#3270 = DIRECTION('',(-1.,0.,0.));
#3271 = PCURVE('',#170,#3272);
#3272 = DEFINITIONAL_REPRESENTATION('',(#3273),#3277);
#3273 = LINE('',#3274,#3275);
#3274 = CARTESIAN_POINT('',(0.,16.2));
#3275 = VECTOR('',#3276,1.);
#3276 = DIRECTION('',(-1.,0.));
#3277 = ( GEOMETRIC_REPRESENTATION_CONTEXT(2) 
PARAMETRIC_REPRESENTATION_CONTEXT() REPRESENTATION_CONTEXT('2D SPACE',''
  ) );
#3278 = PCURVE('',#1505,#3279);
#3279 = DEFINITIONAL_REPRESENTATION('',(#3280),#3284);
#3280 = LINE('',#3281,#3282);
#3281 = CARTESIAN_POINT('',(1.,0.));
#3282 = VECTOR('',#3283,1.);
#3283 = DIRECTION('',(0.,-1.));
#3284 = ( GEOMETRIC_REPRESENTATION_CONTEXT(2) 
PARAMETRIC_REPRESENTATION_CONTEXT() REPRESENTATION_CONTEXT('2D SPACE',''
  ) );
#3285 = ORIENTED_EDGE('',*,*,#3286,.F.);
#3286 = EDGE_CURVE('',#3287,#3264,#3289,.T.);
#3287 = VERTEX_POINT('',#3288);
#3288 = CARTESIAN_POINT('',(-1.15463194561E-14,-5.58,0.));
#3289 = SURFACE_CURVE('',#3290,(#3295,#3302),.PCURVE_S1.);
#3290 = CIRCLE('',#3291,0.5);
#3291 = AXIS2_PLACEMENT_3D('',#3292,#3293,#3294);
#3292 = CARTESIAN_POINT('',(0.,-5.08,0.));
#3293 = DIRECTION('',(0.,0.,1.));
#3294 = DIRECTION('',(-2.30926389122E-14,-1.,0.));
#3295 = PCURVE('',#170,#3296);
#3296 = DEFINITIONAL_REPRESENTATION('',(#3297),#3301);
#3297 = CIRCLE('',#3298,0.5);
#3298 = AXIS2_PLACEMENT_2D('',#3299,#3300);
#3299 = CARTESIAN_POINT('',(1.38,15.7));
#3300 = DIRECTION('',(-2.30926389122E-14,-1.));
#3301 = ( GEOMETRIC_REPRESENTATION_CONTEXT(2) 
PARAMETRIC_REPRESENTATION_CONTEXT() REPRESENTATION_CONTEXT('2D SPACE',''
  ) );
#3302 = PCURVE('',#1538,#3303);
#3303 = DEFINITIONAL_REPRESENTATION('',(#3304),#3308);
#3304 = LINE('',#3305,#3306);
#3305 = CARTESIAN_POINT('',(-4.712388980385,-1.));
#3306 = VECTOR('',#3307,1.);
#3307 = DIRECTION('',(-1.,-0.));
#3308 = ( GEOMETRIC_REPRESENTATION_CONTEXT(2) 
PARAMETRIC_REPRESENTATION_CONTEXT() REPRESENTATION_CONTEXT('2D SPACE',''
  ) );
#3309 = ORIENTED_EDGE('',*,*,#3310,.T.);
#3310 = EDGE_CURVE('',#3287,#3311,#3313,.T.);
#3311 = VERTEX_POINT('',#3312);
#3312 = CARTESIAN_POINT('',(-1.38,-5.58,0.));
#3313 = SURFACE_CURVE('',#3314,(#3318,#3325),.PCURVE_S1.);
#3314 = LINE('',#3315,#3316);
#3315 = CARTESIAN_POINT('',(-1.38,-5.58,0.));
#3316 = VECTOR('',#3317,1.);
#3317 = DIRECTION('',(-1.,0.,0.));
#3318 = PCURVE('',#170,#3319);
#3319 = DEFINITIONAL_REPRESENTATION('',(#3320),#3324);
#3320 = LINE('',#3321,#3322);
#3321 = CARTESIAN_POINT('',(0.,15.2));
#3322 = VECTOR('',#3323,1.);
#3323 = DIRECTION('',(-1.,0.));
#3324 = ( GEOMETRIC_REPRESENTATION_CONTEXT(2) 
PARAMETRIC_REPRESENTATION_CONTEXT() REPRESENTATION_CONTEXT('2D SPACE',''
  ) );
#3325 = PCURVE('',#1566,#3326);
#3326 = DEFINITIONAL_REPRESENTATION('',(#3327),#3331);
#3327 = LINE('',#3328,#3329);
#3328 = CARTESIAN_POINT('',(1.,0.));
#3329 = VECTOR('',#3330,1.);
#3330 = DIRECTION('',(0.,-1.));
#3331 = ( GEOMETRIC_REPRESENTATION_CONTEXT(2) 
PARAMETRIC_REPRESENTATION_CONTEXT() REPRESENTATION_CONTEXT('2D SPACE',''
  ) );
#3332 = ORIENTED_EDGE('',*,*,#3333,.F.);
#3333 = EDGE_CURVE('',#3334,#3311,#3336,.T.);
#3334 = VERTEX_POINT('',#3335);
#3335 = CARTESIAN_POINT('',(-1.38,-7.12,0.));
#3336 = SURFACE_CURVE('',#3337,(#3341,#3348),.PCURVE_S1.);
#3337 = LINE('',#3338,#3339);
#3338 = CARTESIAN_POINT('',(-1.38,-20.78,0.));
#3339 = VECTOR('',#3340,1.);
#3340 = DIRECTION('',(0.,1.,0.));
#3341 = PCURVE('',#170,#3342);
#3342 = DEFINITIONAL_REPRESENTATION('',(#3343),#3347);
#3343 = LINE('',#3344,#3345);
#3344 = CARTESIAN_POINT('',(0.,0.));
#3345 = VECTOR('',#3346,1.);
#3346 = DIRECTION('',(0.,1.));
#3347 = ( GEOMETRIC_REPRESENTATION_CONTEXT(2) 
PARAMETRIC_REPRESENTATION_CONTEXT() REPRESENTATION_CONTEXT('2D SPACE',''
  ) );
#3348 = PCURVE('',#1594,#3349);
#3349 = DEFINITIONAL_REPRESENTATION('',(#3350),#3354);
#3350 = LINE('',#3351,#3352);
#3351 = CARTESIAN_POINT('',(0.,0.));
#3352 = VECTOR('',#3353,1.);
#3353 = DIRECTION('',(0.,-1.));
#3354 = ( GEOMETRIC_REPRESENTATION_CONTEXT(2) 
PARAMETRIC_REPRESENTATION_CONTEXT() REPRESENTATION_CONTEXT('2D SPACE',''
  ) );
#3355 = ORIENTED_EDGE('',*,*,#3356,.F.);
#3356 = EDGE_CURVE('',#3357,#3334,#3359,.T.);
#3357 = VERTEX_POINT('',#3358);
#3358 = CARTESIAN_POINT('',(-1.132427485118E-14,-7.12,0.));
#3359 = SURFACE_CURVE('',#3360,(#3364,#3371),.PCURVE_S1.);
#3360 = LINE('',#3361,#3362);
#3361 = CARTESIAN_POINT('',(-1.38,-7.12,0.));
#3362 = VECTOR('',#3363,1.);
#3363 = DIRECTION('',(-1.,0.,0.));
#3364 = PCURVE('',#170,#3365);
#3365 = DEFINITIONAL_REPRESENTATION('',(#3366),#3370);
#3366 = LINE('',#3367,#3368);
#3367 = CARTESIAN_POINT('',(0.,13.66));
#3368 = VECTOR('',#3369,1.);
#3369 = DIRECTION('',(-1.,0.));
#3370 = ( GEOMETRIC_REPRESENTATION_CONTEXT(2) 
PARAMETRIC_REPRESENTATION_CONTEXT() REPRESENTATION_CONTEXT('2D SPACE',''
  ) );
#3371 = PCURVE('',#1622,#3372);
#3372 = DEFINITIONAL_REPRESENTATION('',(#3373),#3377);
#3373 = LINE('',#3374,#3375);
#3374 = CARTESIAN_POINT('',(1.,0.));
#3375 = VECTOR('',#3376,1.);
#3376 = DIRECTION('',(0.,-1.));
#3377 = ( GEOMETRIC_REPRESENTATION_CONTEXT(2) 
PARAMETRIC_REPRESENTATION_CONTEXT() REPRESENTATION_CONTEXT('2D SPACE',''
  ) );
#3378 = ORIENTED_EDGE('',*,*,#3379,.F.);
#3379 = EDGE_CURVE('',#3380,#3357,#3382,.T.);
#3380 = VERTEX_POINT('',#3381);
#3381 = CARTESIAN_POINT('',(-1.15463194561E-14,-8.12,0.));
#3382 = SURFACE_CURVE('',#3383,(#3388,#3395),.PCURVE_S1.);
#3383 = CIRCLE('',#3384,0.5);
#3384 = AXIS2_PLACEMENT_3D('',#3385,#3386,#3387);
#3385 = CARTESIAN_POINT('',(0.,-7.62,0.));
#3386 = DIRECTION('',(0.,0.,1.));
#3387 = DIRECTION('',(-2.30926389122E-14,-1.,0.));
#3388 = PCURVE('',#170,#3389);
#3389 = DEFINITIONAL_REPRESENTATION('',(#3390),#3394);
#3390 = CIRCLE('',#3391,0.5);
#3391 = AXIS2_PLACEMENT_2D('',#3392,#3393);
#3392 = CARTESIAN_POINT('',(1.38,13.16));
#3393 = DIRECTION('',(-2.30926389122E-14,-1.));
#3394 = ( GEOMETRIC_REPRESENTATION_CONTEXT(2) 
PARAMETRIC_REPRESENTATION_CONTEXT() REPRESENTATION_CONTEXT('2D SPACE',''
  ) );
#3395 = PCURVE('',#1655,#3396);
#3396 = DEFINITIONAL_REPRESENTATION('',(#3397),#3401);
#3397 = LINE('',#3398,#3399);
#3398 = CARTESIAN_POINT('',(-4.712388980385,-1.));
#3399 = VECTOR('',#3400,1.);
#3400 = DIRECTION('',(-1.,-0.));
#3401 = ( GEOMETRIC_REPRESENTATION_CONTEXT(2) 
PARAMETRIC_REPRESENTATION_CONTEXT() REPRESENTATION_CONTEXT('2D SPACE',''
  ) );
#3402 = ORIENTED_EDGE('',*,*,#3403,.T.);
#3403 = EDGE_CURVE('',#3380,#3404,#3406,.T.);
#3404 = VERTEX_POINT('',#3405);
#3405 = CARTESIAN_POINT('',(-1.38,-8.12,0.));
#3406 = SURFACE_CURVE('',#3407,(#3411,#3418),.PCURVE_S1.);
#3407 = LINE('',#3408,#3409);
#3408 = CARTESIAN_POINT('',(-1.38,-8.12,0.));
#3409 = VECTOR('',#3410,1.);
#3410 = DIRECTION('',(-1.,0.,0.));
#3411 = PCURVE('',#170,#3412);
#3412 = DEFINITIONAL_REPRESENTATION('',(#3413),#3417);
#3413 = LINE('',#3414,#3415);
#3414 = CARTESIAN_POINT('',(0.,12.66));
#3415 = VECTOR('',#3416,1.);
#3416 = DIRECTION('',(-1.,0.));
#3417 = ( GEOMETRIC_REPRESENTATION_CONTEXT(2) 
PARAMETRIC_REPRESENTATION_CONTEXT() REPRESENTATION_CONTEXT('2D SPACE',''
  ) );
#3418 = PCURVE('',#1683,#3419);
#3419 = DEFINITIONAL_REPRESENTATION('',(#3420),#3424);
#3420 = LINE('',#3421,#3422);
#3421 = CARTESIAN_POINT('',(1.,0.));
#3422 = VECTOR('',#3423,1.);
#3423 = DIRECTION('',(0.,-1.));
#3424 = ( GEOMETRIC_REPRESENTATION_CONTEXT(2) 
PARAMETRIC_REPRESENTATION_CONTEXT() REPRESENTATION_CONTEXT('2D SPACE',''
  ) );
#3425 = ORIENTED_EDGE('',*,*,#3426,.F.);
#3426 = EDGE_CURVE('',#3427,#3404,#3429,.T.);
#3427 = VERTEX_POINT('',#3428);
#3428 = CARTESIAN_POINT('',(-1.38,-9.66,0.));
#3429 = SURFACE_CURVE('',#3430,(#3434,#3441),.PCURVE_S1.);
#3430 = LINE('',#3431,#3432);
#3431 = CARTESIAN_POINT('',(-1.38,-20.78,0.));
#3432 = VECTOR('',#3433,1.);
#3433 = DIRECTION('',(0.,1.,0.));
#3434 = PCURVE('',#170,#3435);
#3435 = DEFINITIONAL_REPRESENTATION('',(#3436),#3440);
#3436 = LINE('',#3437,#3438);
#3437 = CARTESIAN_POINT('',(0.,0.));
#3438 = VECTOR('',#3439,1.);
#3439 = DIRECTION('',(0.,1.));
#3440 = ( GEOMETRIC_REPRESENTATION_CONTEXT(2) 
PARAMETRIC_REPRESENTATION_CONTEXT() REPRESENTATION_CONTEXT('2D SPACE',''
  ) );
#3441 = PCURVE('',#1711,#3442);
#3442 = DEFINITIONAL_REPRESENTATION('',(#3443),#3447);
#3443 = LINE('',#3444,#3445);
#3444 = CARTESIAN_POINT('',(0.,0.));
#3445 = VECTOR('',#3446,1.);
#3446 = DIRECTION('',(0.,-1.));
#3447 = ( GEOMETRIC_REPRESENTATION_CONTEXT(2) 
PARAMETRIC_REPRESENTATION_CONTEXT() REPRESENTATION_CONTEXT('2D SPACE',''
  ) );
#3448 = ORIENTED_EDGE('',*,*,#3449,.F.);
#3449 = EDGE_CURVE('',#3450,#3427,#3452,.T.);
#3450 = VERTEX_POINT('',#3451);
#3451 = CARTESIAN_POINT('',(-1.132427485118E-14,-9.66,0.));
#3452 = SURFACE_CURVE('',#3453,(#3457,#3464),.PCURVE_S1.);
#3453 = LINE('',#3454,#3455);
#3454 = CARTESIAN_POINT('',(-1.38,-9.66,0.));
#3455 = VECTOR('',#3456,1.);
#3456 = DIRECTION('',(-1.,0.,0.));
#3457 = PCURVE('',#170,#3458);
#3458 = DEFINITIONAL_REPRESENTATION('',(#3459),#3463);
#3459 = LINE('',#3460,#3461);
#3460 = CARTESIAN_POINT('',(0.,11.12));
#3461 = VECTOR('',#3462,1.);
#3462 = DIRECTION('',(-1.,0.));
#3463 = ( GEOMETRIC_REPRESENTATION_CONTEXT(2) 
PARAMETRIC_REPRESENTATION_CONTEXT() REPRESENTATION_CONTEXT('2D SPACE',''
  ) );
#3464 = PCURVE('',#1739,#3465);
#3465 = DEFINITIONAL_REPRESENTATION('',(#3466),#3470);
#3466 = LINE('',#3467,#3468);
#3467 = CARTESIAN_POINT('',(1.,0.));
#3468 = VECTOR('',#3469,1.);
#3469 = DIRECTION('',(0.,-1.));
#3470 = ( GEOMETRIC_REPRESENTATION_CONTEXT(2) 
PARAMETRIC_REPRESENTATION_CONTEXT() REPRESENTATION_CONTEXT('2D SPACE',''
  ) );
#3471 = ORIENTED_EDGE('',*,*,#3472,.F.);
#3472 = EDGE_CURVE('',#3473,#3450,#3475,.T.);
#3473 = VERTEX_POINT('',#3474);
#3474 = CARTESIAN_POINT('',(-1.15463194561E-14,-10.66,0.));
#3475 = SURFACE_CURVE('',#3476,(#3481,#3488),.PCURVE_S1.);
#3476 = CIRCLE('',#3477,0.5);
#3477 = AXIS2_PLACEMENT_3D('',#3478,#3479,#3480);
#3478 = CARTESIAN_POINT('',(0.,-10.16,0.));
#3479 = DIRECTION('',(0.,0.,1.));
#3480 = DIRECTION('',(-2.30926389122E-14,-1.,0.));
#3481 = PCURVE('',#170,#3482);
#3482 = DEFINITIONAL_REPRESENTATION('',(#3483),#3487);
#3483 = CIRCLE('',#3484,0.5);
#3484 = AXIS2_PLACEMENT_2D('',#3485,#3486);
#3485 = CARTESIAN_POINT('',(1.38,10.62));
#3486 = DIRECTION('',(-2.30926389122E-14,-1.));
#3487 = ( GEOMETRIC_REPRESENTATION_CONTEXT(2) 
PARAMETRIC_REPRESENTATION_CONTEXT() REPRESENTATION_CONTEXT('2D SPACE',''
  ) );
#3488 = PCURVE('',#1772,#3489);
#3489 = DEFINITIONAL_REPRESENTATION('',(#3490),#3494);
#3490 = LINE('',#3491,#3492);
#3491 = CARTESIAN_POINT('',(-4.712388980385,-1.));
#3492 = VECTOR('',#3493,1.);
#3493 = DIRECTION('',(-1.,-0.));
#3494 = ( GEOMETRIC_REPRESENTATION_CONTEXT(2) 
PARAMETRIC_REPRESENTATION_CONTEXT() REPRESENTATION_CONTEXT('2D SPACE',''
  ) );
#3495 = ORIENTED_EDGE('',*,*,#3496,.T.);
#3496 = EDGE_CURVE('',#3473,#3497,#3499,.T.);
#3497 = VERTEX_POINT('',#3498);
#3498 = CARTESIAN_POINT('',(-1.38,-10.66,0.));
#3499 = SURFACE_CURVE('',#3500,(#3504,#3511),.PCURVE_S1.);
#3500 = LINE('',#3501,#3502);
#3501 = CARTESIAN_POINT('',(-1.38,-10.66,0.));
#3502 = VECTOR('',#3503,1.);
#3503 = DIRECTION('',(-1.,0.,0.));
#3504 = PCURVE('',#170,#3505);
#3505 = DEFINITIONAL_REPRESENTATION('',(#3506),#3510);
#3506 = LINE('',#3507,#3508);
#3507 = CARTESIAN_POINT('',(0.,10.12));
#3508 = VECTOR('',#3509,1.);
#3509 = DIRECTION('',(-1.,0.));
#3510 = ( GEOMETRIC_REPRESENTATION_CONTEXT(2) 
PARAMETRIC_REPRESENTATION_CONTEXT() REPRESENTATION_CONTEXT('2D SPACE',''
  ) );
#3511 = PCURVE('',#1800,#3512);
#3512 = DEFINITIONAL_REPRESENTATION('',(#3513),#3517);
#3513 = LINE('',#3514,#3515);
#3514 = CARTESIAN_POINT('',(1.,0.));
#3515 = VECTOR('',#3516,1.);
#3516 = DIRECTION('',(0.,-1.));
#3517 = ( GEOMETRIC_REPRESENTATION_CONTEXT(2) 
PARAMETRIC_REPRESENTATION_CONTEXT() REPRESENTATION_CONTEXT('2D SPACE',''
  ) );
#3518 = ORIENTED_EDGE('',*,*,#3519,.F.);
#3519 = EDGE_CURVE('',#3520,#3497,#3522,.T.);
#3520 = VERTEX_POINT('',#3521);
#3521 = CARTESIAN_POINT('',(-1.38,-12.2,0.));
#3522 = SURFACE_CURVE('',#3523,(#3527,#3534),.PCURVE_S1.);
#3523 = LINE('',#3524,#3525);
#3524 = CARTESIAN_POINT('',(-1.38,-20.78,0.));
#3525 = VECTOR('',#3526,1.);
#3526 = DIRECTION('',(0.,1.,0.));
#3527 = PCURVE('',#170,#3528);
#3528 = DEFINITIONAL_REPRESENTATION('',(#3529),#3533);
#3529 = LINE('',#3530,#3531);
#3530 = CARTESIAN_POINT('',(0.,0.));
#3531 = VECTOR('',#3532,1.);
#3532 = DIRECTION('',(0.,1.));
#3533 = ( GEOMETRIC_REPRESENTATION_CONTEXT(2) 
PARAMETRIC_REPRESENTATION_CONTEXT() REPRESENTATION_CONTEXT('2D SPACE',''
  ) );
#3534 = PCURVE('',#1828,#3535);
#3535 = DEFINITIONAL_REPRESENTATION('',(#3536),#3540);
#3536 = LINE('',#3537,#3538);
#3537 = CARTESIAN_POINT('',(0.,0.));
#3538 = VECTOR('',#3539,1.);
#3539 = DIRECTION('',(0.,-1.));
#3540 = ( GEOMETRIC_REPRESENTATION_CONTEXT(2) 
PARAMETRIC_REPRESENTATION_CONTEXT() REPRESENTATION_CONTEXT('2D SPACE',''
  ) );
#3541 = ORIENTED_EDGE('',*,*,#3542,.F.);
#3542 = EDGE_CURVE('',#3543,#3520,#3545,.T.);
#3543 = VERTEX_POINT('',#3544);
#3544 = CARTESIAN_POINT('',(-1.132427485118E-14,-12.2,0.));
#3545 = SURFACE_CURVE('',#3546,(#3550,#3557),.PCURVE_S1.);
#3546 = LINE('',#3547,#3548);
#3547 = CARTESIAN_POINT('',(-1.38,-12.2,0.));
#3548 = VECTOR('',#3549,1.);
#3549 = DIRECTION('',(-1.,0.,0.));
#3550 = PCURVE('',#170,#3551);
#3551 = DEFINITIONAL_REPRESENTATION('',(#3552),#3556);
#3552 = LINE('',#3553,#3554);
#3553 = CARTESIAN_POINT('',(0.,8.58));
#3554 = VECTOR('',#3555,1.);
#3555 = DIRECTION('',(-1.,0.));
#3556 = ( GEOMETRIC_REPRESENTATION_CONTEXT(2) 
PARAMETRIC_REPRESENTATION_CONTEXT() REPRESENTATION_CONTEXT('2D SPACE',''
  ) );
#3557 = PCURVE('',#1856,#3558);
#3558 = DEFINITIONAL_REPRESENTATION('',(#3559),#3563);
#3559 = LINE('',#3560,#3561);
#3560 = CARTESIAN_POINT('',(1.,0.));
#3561 = VECTOR('',#3562,1.);
#3562 = DIRECTION('',(0.,-1.));
#3563 = ( GEOMETRIC_REPRESENTATION_CONTEXT(2) 
PARAMETRIC_REPRESENTATION_CONTEXT() REPRESENTATION_CONTEXT('2D SPACE',''
  ) );
#3564 = ORIENTED_EDGE('',*,*,#3565,.F.);
#3565 = EDGE_CURVE('',#3566,#3543,#3568,.T.);
#3566 = VERTEX_POINT('',#3567);
#3567 = CARTESIAN_POINT('',(-1.15463194561E-14,-13.2,0.));
#3568 = SURFACE_CURVE('',#3569,(#3574,#3581),.PCURVE_S1.);
#3569 = CIRCLE('',#3570,0.5);
#3570 = AXIS2_PLACEMENT_3D('',#3571,#3572,#3573);
#3571 = CARTESIAN_POINT('',(0.,-12.7,0.));
#3572 = DIRECTION('',(0.,0.,1.));
#3573 = DIRECTION('',(-2.30926389122E-14,-1.,0.));
#3574 = PCURVE('',#170,#3575);
#3575 = DEFINITIONAL_REPRESENTATION('',(#3576),#3580);
#3576 = CIRCLE('',#3577,0.5);
#3577 = AXIS2_PLACEMENT_2D('',#3578,#3579);
#3578 = CARTESIAN_POINT('',(1.38,8.08));
#3579 = DIRECTION('',(-2.30926389122E-14,-1.));
#3580 = ( GEOMETRIC_REPRESENTATION_CONTEXT(2) 
PARAMETRIC_REPRESENTATION_CONTEXT() REPRESENTATION_CONTEXT('2D SPACE',''
  ) );
#3581 = PCURVE('',#1889,#3582);
#3582 = DEFINITIONAL_REPRESENTATION('',(#3583),#3587);
#3583 = LINE('',#3584,#3585);
#3584 = CARTESIAN_POINT('',(-4.712388980385,-1.));
#3585 = VECTOR('',#3586,1.);
#3586 = DIRECTION('',(-1.,-0.));
#3587 = ( GEOMETRIC_REPRESENTATION_CONTEXT(2) 
PARAMETRIC_REPRESENTATION_CONTEXT() REPRESENTATION_CONTEXT('2D SPACE',''
  ) );
#3588 = ORIENTED_EDGE('',*,*,#3589,.T.);
#3589 = EDGE_CURVE('',#3566,#3590,#3592,.T.);
#3590 = VERTEX_POINT('',#3591);
#3591 = CARTESIAN_POINT('',(-1.38,-13.2,0.));
#3592 = SURFACE_CURVE('',#3593,(#3597,#3604),.PCURVE_S1.);
#3593 = LINE('',#3594,#3595);
#3594 = CARTESIAN_POINT('',(-1.38,-13.2,0.));
#3595 = VECTOR('',#3596,1.);
#3596 = DIRECTION('',(-1.,0.,0.));
#3597 = PCURVE('',#170,#3598);
#3598 = DEFINITIONAL_REPRESENTATION('',(#3599),#3603);
#3599 = LINE('',#3600,#3601);
#3600 = CARTESIAN_POINT('',(0.,7.58));
#3601 = VECTOR('',#3602,1.);
#3602 = DIRECTION('',(-1.,0.));
#3603 = ( GEOMETRIC_REPRESENTATION_CONTEXT(2) 
PARAMETRIC_REPRESENTATION_CONTEXT() REPRESENTATION_CONTEXT('2D SPACE',''
  ) );
#3604 = PCURVE('',#1917,#3605);
#3605 = DEFINITIONAL_REPRESENTATION('',(#3606),#3610);
#3606 = LINE('',#3607,#3608);
#3607 = CARTESIAN_POINT('',(1.,0.));
#3608 = VECTOR('',#3609,1.);
#3609 = DIRECTION('',(0.,-1.));
#3610 = ( GEOMETRIC_REPRESENTATION_CONTEXT(2) 
PARAMETRIC_REPRESENTATION_CONTEXT() REPRESENTATION_CONTEXT('2D SPACE',''
  ) );
#3611 = ORIENTED_EDGE('',*,*,#3612,.F.);
#3612 = EDGE_CURVE('',#3613,#3590,#3615,.T.);
#3613 = VERTEX_POINT('',#3614);
#3614 = CARTESIAN_POINT('',(-1.38,-14.74,0.));
#3615 = SURFACE_CURVE('',#3616,(#3620,#3627),.PCURVE_S1.);
#3616 = LINE('',#3617,#3618);
#3617 = CARTESIAN_POINT('',(-1.38,-20.78,0.));
#3618 = VECTOR('',#3619,1.);
#3619 = DIRECTION('',(0.,1.,0.));
#3620 = PCURVE('',#170,#3621);
#3621 = DEFINITIONAL_REPRESENTATION('',(#3622),#3626);
#3622 = LINE('',#3623,#3624);
#3623 = CARTESIAN_POINT('',(0.,0.));
#3624 = VECTOR('',#3625,1.);
#3625 = DIRECTION('',(0.,1.));
#3626 = ( GEOMETRIC_REPRESENTATION_CONTEXT(2) 
PARAMETRIC_REPRESENTATION_CONTEXT() REPRESENTATION_CONTEXT('2D SPACE',''
  ) );
#3627 = PCURVE('',#1945,#3628);
#3628 = DEFINITIONAL_REPRESENTATION('',(#3629),#3633);
#3629 = LINE('',#3630,#3631);
#3630 = CARTESIAN_POINT('',(0.,0.));
#3631 = VECTOR('',#3632,1.);
#3632 = DIRECTION('',(0.,-1.));
#3633 = ( GEOMETRIC_REPRESENTATION_CONTEXT(2) 
PARAMETRIC_REPRESENTATION_CONTEXT() REPRESENTATION_CONTEXT('2D SPACE',''
  ) );
#3634 = ORIENTED_EDGE('',*,*,#3635,.F.);
#3635 = EDGE_CURVE('',#3636,#3613,#3638,.T.);
#3636 = VERTEX_POINT('',#3637);
#3637 = CARTESIAN_POINT('',(-1.088018564133E-14,-14.74,0.));
#3638 = SURFACE_CURVE('',#3639,(#3643,#3650),.PCURVE_S1.);
#3639 = LINE('',#3640,#3641);
#3640 = CARTESIAN_POINT('',(-1.38,-14.74,0.));
#3641 = VECTOR('',#3642,1.);
#3642 = DIRECTION('',(-1.,0.,0.));
#3643 = PCURVE('',#170,#3644);
#3644 = DEFINITIONAL_REPRESENTATION('',(#3645),#3649);
#3645 = LINE('',#3646,#3647);
#3646 = CARTESIAN_POINT('',(0.,6.04));
#3647 = VECTOR('',#3648,1.);
#3648 = DIRECTION('',(-1.,0.));
#3649 = ( GEOMETRIC_REPRESENTATION_CONTEXT(2) 
PARAMETRIC_REPRESENTATION_CONTEXT() REPRESENTATION_CONTEXT('2D SPACE',''
  ) );
#3650 = PCURVE('',#1973,#3651);
#3651 = DEFINITIONAL_REPRESENTATION('',(#3652),#3656);
#3652 = LINE('',#3653,#3654);
#3653 = CARTESIAN_POINT('',(1.,0.));
#3654 = VECTOR('',#3655,1.);
#3655 = DIRECTION('',(0.,-1.));
#3656 = ( GEOMETRIC_REPRESENTATION_CONTEXT(2) 
PARAMETRIC_REPRESENTATION_CONTEXT() REPRESENTATION_CONTEXT('2D SPACE',''
  ) );
#3657 = ORIENTED_EDGE('',*,*,#3658,.F.);
#3658 = EDGE_CURVE('',#3659,#3636,#3661,.T.);
#3659 = VERTEX_POINT('',#3660);
#3660 = CARTESIAN_POINT('',(-1.088018564133E-14,-15.74,0.));
#3661 = SURFACE_CURVE('',#3662,(#3667,#3674),.PCURVE_S1.);
#3662 = CIRCLE('',#3663,0.5);
#3663 = AXIS2_PLACEMENT_3D('',#3664,#3665,#3666);
#3664 = CARTESIAN_POINT('',(0.,-15.24,0.));
#3665 = DIRECTION('',(0.,0.,1.));
#3666 = DIRECTION('',(-2.176037128265E-14,-1.,0.));
#3667 = PCURVE('',#170,#3668);
#3668 = DEFINITIONAL_REPRESENTATION('',(#3669),#3673);
#3669 = CIRCLE('',#3670,0.5);
#3670 = AXIS2_PLACEMENT_2D('',#3671,#3672);
#3671 = CARTESIAN_POINT('',(1.38,5.54));
#3672 = DIRECTION('',(-2.176037128265E-14,-1.));
#3673 = ( GEOMETRIC_REPRESENTATION_CONTEXT(2) 
PARAMETRIC_REPRESENTATION_CONTEXT() REPRESENTATION_CONTEXT('2D SPACE',''
  ) );
#3674 = PCURVE('',#2006,#3675);
#3675 = DEFINITIONAL_REPRESENTATION('',(#3676),#3680);
#3676 = LINE('',#3677,#3678);
#3677 = CARTESIAN_POINT('',(-4.712388980385,-1.));
#3678 = VECTOR('',#3679,1.);
#3679 = DIRECTION('',(-1.,-0.));
#3680 = ( GEOMETRIC_REPRESENTATION_CONTEXT(2) 
PARAMETRIC_REPRESENTATION_CONTEXT() REPRESENTATION_CONTEXT('2D SPACE',''
  ) );
#3681 = ORIENTED_EDGE('',*,*,#3682,.T.);
#3682 = EDGE_CURVE('',#3659,#3683,#3685,.T.);
#3683 = VERTEX_POINT('',#3684);
#3684 = CARTESIAN_POINT('',(-1.38,-15.74,0.));
#3685 = SURFACE_CURVE('',#3686,(#3690,#3697),.PCURVE_S1.);
#3686 = LINE('',#3687,#3688);
#3687 = CARTESIAN_POINT('',(-1.38,-15.74,0.));
#3688 = VECTOR('',#3689,1.);
#3689 = DIRECTION('',(-1.,0.,0.));
#3690 = PCURVE('',#170,#3691);
#3691 = DEFINITIONAL_REPRESENTATION('',(#3692),#3696);
#3692 = LINE('',#3693,#3694);
#3693 = CARTESIAN_POINT('',(0.,5.04));
#3694 = VECTOR('',#3695,1.);
#3695 = DIRECTION('',(-1.,0.));
#3696 = ( GEOMETRIC_REPRESENTATION_CONTEXT(2) 
PARAMETRIC_REPRESENTATION_CONTEXT() REPRESENTATION_CONTEXT('2D SPACE',''
  ) );
#3697 = PCURVE('',#2034,#3698);
#3698 = DEFINITIONAL_REPRESENTATION('',(#3699),#3703);
#3699 = LINE('',#3700,#3701);
#3700 = CARTESIAN_POINT('',(1.,0.));
#3701 = VECTOR('',#3702,1.);
#3702 = DIRECTION('',(0.,-1.));
#3703 = ( GEOMETRIC_REPRESENTATION_CONTEXT(2) 
PARAMETRIC_REPRESENTATION_CONTEXT() REPRESENTATION_CONTEXT('2D SPACE',''
  ) );
#3704 = ORIENTED_EDGE('',*,*,#3705,.F.);
#3705 = EDGE_CURVE('',#3706,#3683,#3708,.T.);
#3706 = VERTEX_POINT('',#3707);
#3707 = CARTESIAN_POINT('',(-1.38,-17.28,0.));
#3708 = SURFACE_CURVE('',#3709,(#3713,#3720),.PCURVE_S1.);
#3709 = LINE('',#3710,#3711);
#3710 = CARTESIAN_POINT('',(-1.38,-20.78,0.));
#3711 = VECTOR('',#3712,1.);
#3712 = DIRECTION('',(0.,1.,0.));
#3713 = PCURVE('',#170,#3714);
#3714 = DEFINITIONAL_REPRESENTATION('',(#3715),#3719);
#3715 = LINE('',#3716,#3717);
#3716 = CARTESIAN_POINT('',(0.,0.));
#3717 = VECTOR('',#3718,1.);
#3718 = DIRECTION('',(0.,1.));
#3719 = ( GEOMETRIC_REPRESENTATION_CONTEXT(2) 
PARAMETRIC_REPRESENTATION_CONTEXT() REPRESENTATION_CONTEXT('2D SPACE',''
  ) );
#3720 = PCURVE('',#2062,#3721);
#3721 = DEFINITIONAL_REPRESENTATION('',(#3722),#3726);
#3722 = LINE('',#3723,#3724);
#3723 = CARTESIAN_POINT('',(0.,0.));
#3724 = VECTOR('',#3725,1.);
#3725 = DIRECTION('',(0.,-1.));
#3726 = ( GEOMETRIC_REPRESENTATION_CONTEXT(2) 
PARAMETRIC_REPRESENTATION_CONTEXT() REPRESENTATION_CONTEXT('2D SPACE',''
  ) );
#3727 = ORIENTED_EDGE('',*,*,#3728,.F.);
#3728 = EDGE_CURVE('',#3729,#3706,#3731,.T.);
#3729 = VERTEX_POINT('',#3730);
#3730 = CARTESIAN_POINT('',(-1.088018564133E-14,-17.28,0.));
#3731 = SURFACE_CURVE('',#3732,(#3736,#3743),.PCURVE_S1.);
#3732 = LINE('',#3733,#3734);
#3733 = CARTESIAN_POINT('',(-1.38,-17.28,0.));
#3734 = VECTOR('',#3735,1.);
#3735 = DIRECTION('',(-1.,0.,0.));
#3736 = PCURVE('',#170,#3737);
#3737 = DEFINITIONAL_REPRESENTATION('',(#3738),#3742);
#3738 = LINE('',#3739,#3740);
#3739 = CARTESIAN_POINT('',(0.,3.5));
#3740 = VECTOR('',#3741,1.);
#3741 = DIRECTION('',(-1.,0.));
#3742 = ( GEOMETRIC_REPRESENTATION_CONTEXT(2) 
PARAMETRIC_REPRESENTATION_CONTEXT() REPRESENTATION_CONTEXT('2D SPACE',''
  ) );
#3743 = PCURVE('',#2090,#3744);
#3744 = DEFINITIONAL_REPRESENTATION('',(#3745),#3749);
#3745 = LINE('',#3746,#3747);
#3746 = CARTESIAN_POINT('',(1.,0.));
#3747 = VECTOR('',#3748,1.);
#3748 = DIRECTION('',(0.,-1.));
#3749 = ( GEOMETRIC_REPRESENTATION_CONTEXT(2) 
PARAMETRIC_REPRESENTATION_CONTEXT() REPRESENTATION_CONTEXT('2D SPACE',''
  ) );
#3750 = ORIENTED_EDGE('',*,*,#3751,.F.);
#3751 = EDGE_CURVE('',#2160,#3729,#3752,.T.);
#3752 = SURFACE_CURVE('',#3753,(#3758,#3765),.PCURVE_S1.);
#3753 = CIRCLE('',#3754,0.5);
#3754 = AXIS2_PLACEMENT_3D('',#3755,#3756,#3757);
#3755 = CARTESIAN_POINT('',(0.,-17.78,0.));
#3756 = DIRECTION('',(0.,0.,1.));
#3757 = DIRECTION('',(-2.176037128265E-14,-1.,0.));
#3758 = PCURVE('',#170,#3759);
#3759 = DEFINITIONAL_REPRESENTATION('',(#3760),#3764);
#3760 = CIRCLE('',#3761,0.5);
#3761 = AXIS2_PLACEMENT_2D('',#3762,#3763);
#3762 = CARTESIAN_POINT('',(1.38,3.));
#3763 = DIRECTION('',(-2.176037128265E-14,-1.));
#3764 = ( GEOMETRIC_REPRESENTATION_CONTEXT(2) 
PARAMETRIC_REPRESENTATION_CONTEXT() REPRESENTATION_CONTEXT('2D SPACE',''
  ) );
#3765 = PCURVE('',#2123,#3766);
#3766 = DEFINITIONAL_REPRESENTATION('',(#3767),#3771);
#3767 = LINE('',#3768,#3769);
#3768 = CARTESIAN_POINT('',(-4.712388980385,-1.));
#3769 = VECTOR('',#3770,1.);
#3770 = DIRECTION('',(-1.,-0.));
#3771 = ( GEOMETRIC_REPRESENTATION_CONTEXT(2) 
PARAMETRIC_REPRESENTATION_CONTEXT() REPRESENTATION_CONTEXT('2D SPACE',''
  ) );
#3772 = ORIENTED_EDGE('',*,*,#2182,.T.);
#3773 = ADVANCED_FACE('',(#3774),#142,.F.);
#3774 = FACE_BOUND('',#3775,.F.);
#3775 = EDGE_LOOP('',(#3776,#3777,#3778,#3779));
#3776 = ORIENTED_EDGE('',*,*,#2209,.F.);
#3777 = ORIENTED_EDGE('',*,*,#126,.T.);
#3778 = ORIENTED_EDGE('',*,*,#212,.T.);
#3779 = ORIENTED_EDGE('',*,*,#3780,.F.);
#3780 = EDGE_CURVE('',#2210,#213,#3781,.T.);
#3781 = SURFACE_CURVE('',#3782,(#3786,#3793),.PCURVE_S1.);
#3782 = LINE('',#3783,#3784);
#3783 = CARTESIAN_POINT('',(16.62,-20.78,0.));
#3784 = VECTOR('',#3785,1.);
#3785 = DIRECTION('',(0.,0.,1.));
#3786 = PCURVE('',#142,#3787);
#3787 = DEFINITIONAL_REPRESENTATION('',(#3788),#3792);
#3788 = LINE('',#3789,#3790);
#3789 = CARTESIAN_POINT('',(0.,18.));
#3790 = VECTOR('',#3791,1.);
#3791 = DIRECTION('',(1.,0.));
#3792 = ( GEOMETRIC_REPRESENTATION_CONTEXT(2) 
PARAMETRIC_REPRESENTATION_CONTEXT() REPRESENTATION_CONTEXT('2D SPACE',''
  ) );
#3793 = PCURVE('',#251,#3794);
#3794 = DEFINITIONAL_REPRESENTATION('',(#3795),#3799);
#3795 = LINE('',#3796,#3797);
#3796 = CARTESIAN_POINT('',(0.,0.));
#3797 = VECTOR('',#3798,1.);
#3798 = DIRECTION('',(1.,0.));
#3799 = ( GEOMETRIC_REPRESENTATION_CONTEXT(2) 
PARAMETRIC_REPRESENTATION_CONTEXT() REPRESENTATION_CONTEXT('2D SPACE',''
  ) );
#3800 = ADVANCED_FACE('',(#3801),#2123,.F.);
#3801 = FACE_BOUND('',#3802,.T.);
#3802 = EDGE_LOOP('',(#3803,#3804,#3825,#3826));
#3803 = ORIENTED_EDGE('',*,*,#2102,.F.);
#3804 = ORIENTED_EDGE('',*,*,#3805,.F.);
#3805 = EDGE_CURVE('',#3729,#2075,#3806,.T.);
#3806 = SURFACE_CURVE('',#3807,(#3811,#3818),.PCURVE_S1.);
#3807 = LINE('',#3808,#3809);
#3808 = CARTESIAN_POINT('',(0.,-17.28,-1.));
#3809 = VECTOR('',#3810,1.);
#3810 = DIRECTION('',(0.,0.,1.));
#3811 = PCURVE('',#2123,#3812);
#3812 = DEFINITIONAL_REPRESENTATION('',(#3813),#3817);
#3813 = LINE('',#3814,#3815);
#3814 = CARTESIAN_POINT('',(-7.853981633974,0.));
#3815 = VECTOR('',#3816,1.);
#3816 = DIRECTION('',(-0.,-1.));
#3817 = ( GEOMETRIC_REPRESENTATION_CONTEXT(2) 
PARAMETRIC_REPRESENTATION_CONTEXT() REPRESENTATION_CONTEXT('2D SPACE',''
  ) );
#3818 = PCURVE('',#2090,#3819);
#3819 = DEFINITIONAL_REPRESENTATION('',(#3820),#3824);
#3820 = LINE('',#3821,#3822);
#3821 = CARTESIAN_POINT('',(0.,1.38));
#3822 = VECTOR('',#3823,1.);
#3823 = DIRECTION('',(1.,0.));
#3824 = ( GEOMETRIC_REPRESENTATION_CONTEXT(2) 
PARAMETRIC_REPRESENTATION_CONTEXT() REPRESENTATION_CONTEXT('2D SPACE',''
  ) );
#3825 = ORIENTED_EDGE('',*,*,#3751,.F.);
#3826 = ORIENTED_EDGE('',*,*,#2159,.T.);
#3827 = ADVANCED_FACE('',(#3828),#2090,.F.);
#3828 = FACE_BOUND('',#3829,.F.);
#3829 = EDGE_LOOP('',(#3830,#3831,#3832,#3853));
#3830 = ORIENTED_EDGE('',*,*,#3805,.F.);
#3831 = ORIENTED_EDGE('',*,*,#3728,.T.);
#3832 = ORIENTED_EDGE('',*,*,#3833,.T.);
#3833 = EDGE_CURVE('',#3706,#2047,#3834,.T.);
#3834 = SURFACE_CURVE('',#3835,(#3839,#3846),.PCURVE_S1.);
#3835 = LINE('',#3836,#3837);
#3836 = CARTESIAN_POINT('',(-1.38,-17.28,-1.));
#3837 = VECTOR('',#3838,1.);
#3838 = DIRECTION('',(0.,0.,1.));
#3839 = PCURVE('',#2090,#3840);
#3840 = DEFINITIONAL_REPRESENTATION('',(#3841),#3845);
#3841 = LINE('',#3842,#3843);
#3842 = CARTESIAN_POINT('',(0.,0.));
#3843 = VECTOR('',#3844,1.);
#3844 = DIRECTION('',(1.,0.));
#3845 = ( GEOMETRIC_REPRESENTATION_CONTEXT(2) 
PARAMETRIC_REPRESENTATION_CONTEXT() REPRESENTATION_CONTEXT('2D SPACE',''
  ) );
#3846 = PCURVE('',#2062,#3847);
#3847 = DEFINITIONAL_REPRESENTATION('',(#3848),#3852);
#3848 = LINE('',#3849,#3850);
#3849 = CARTESIAN_POINT('',(-1.,-3.5));
#3850 = VECTOR('',#3851,1.);
#3851 = DIRECTION('',(1.,0.));
#3852 = ( GEOMETRIC_REPRESENTATION_CONTEXT(2) 
PARAMETRIC_REPRESENTATION_CONTEXT() REPRESENTATION_CONTEXT('2D SPACE',''
  ) );
#3853 = ORIENTED_EDGE('',*,*,#2074,.F.);
#3854 = ADVANCED_FACE('',(#3855),#2062,.F.);
#3855 = FACE_BOUND('',#3856,.F.);
#3856 = EDGE_LOOP('',(#3857,#3858,#3859,#3860));
#3857 = ORIENTED_EDGE('',*,*,#2046,.F.);
#3858 = ORIENTED_EDGE('',*,*,#3833,.F.);
#3859 = ORIENTED_EDGE('',*,*,#3705,.T.);
#3860 = ORIENTED_EDGE('',*,*,#3861,.T.);
#3861 = EDGE_CURVE('',#3683,#2019,#3862,.T.);
#3862 = SURFACE_CURVE('',#3863,(#3867,#3874),.PCURVE_S1.);
#3863 = LINE('',#3864,#3865);
#3864 = CARTESIAN_POINT('',(-1.38,-15.74,-1.));
#3865 = VECTOR('',#3866,1.);
#3866 = DIRECTION('',(0.,0.,1.));
#3867 = PCURVE('',#2062,#3868);
#3868 = DEFINITIONAL_REPRESENTATION('',(#3869),#3873);
#3869 = LINE('',#3870,#3871);
#3870 = CARTESIAN_POINT('',(-1.,-5.04));
#3871 = VECTOR('',#3872,1.);
#3872 = DIRECTION('',(1.,0.));
#3873 = ( GEOMETRIC_REPRESENTATION_CONTEXT(2) 
PARAMETRIC_REPRESENTATION_CONTEXT() REPRESENTATION_CONTEXT('2D SPACE',''
  ) );
#3874 = PCURVE('',#2034,#3875);
#3875 = DEFINITIONAL_REPRESENTATION('',(#3876),#3880);
#3876 = LINE('',#3877,#3878);
#3877 = CARTESIAN_POINT('',(0.,0.));
#3878 = VECTOR('',#3879,1.);
#3879 = DIRECTION('',(1.,0.));
#3880 = ( GEOMETRIC_REPRESENTATION_CONTEXT(2) 
PARAMETRIC_REPRESENTATION_CONTEXT() REPRESENTATION_CONTEXT('2D SPACE',''
  ) );
#3881 = ADVANCED_FACE('',(#3882),#2034,.T.);
#3882 = FACE_BOUND('',#3883,.T.);
#3883 = EDGE_LOOP('',(#3884,#3905,#3906,#3907));
#3884 = ORIENTED_EDGE('',*,*,#3885,.F.);
#3885 = EDGE_CURVE('',#3659,#1986,#3886,.T.);
#3886 = SURFACE_CURVE('',#3887,(#3891,#3898),.PCURVE_S1.);
#3887 = LINE('',#3888,#3889);
#3888 = CARTESIAN_POINT('',(0.,-15.74,-1.));
#3889 = VECTOR('',#3890,1.);
#3890 = DIRECTION('',(0.,0.,1.));
#3891 = PCURVE('',#2034,#3892);
#3892 = DEFINITIONAL_REPRESENTATION('',(#3893),#3897);
#3893 = LINE('',#3894,#3895);
#3894 = CARTESIAN_POINT('',(0.,1.38));
#3895 = VECTOR('',#3896,1.);
#3896 = DIRECTION('',(1.,0.));
#3897 = ( GEOMETRIC_REPRESENTATION_CONTEXT(2) 
PARAMETRIC_REPRESENTATION_CONTEXT() REPRESENTATION_CONTEXT('2D SPACE',''
  ) );
#3898 = PCURVE('',#2006,#3899);
#3899 = DEFINITIONAL_REPRESENTATION('',(#3900),#3904);
#3900 = LINE('',#3901,#3902);
#3901 = CARTESIAN_POINT('',(-4.712388980385,0.));
#3902 = VECTOR('',#3903,1.);
#3903 = DIRECTION('',(-0.,-1.));
#3904 = ( GEOMETRIC_REPRESENTATION_CONTEXT(2) 
PARAMETRIC_REPRESENTATION_CONTEXT() REPRESENTATION_CONTEXT('2D SPACE',''
  ) );
#3905 = ORIENTED_EDGE('',*,*,#3682,.T.);
#3906 = ORIENTED_EDGE('',*,*,#3861,.T.);
#3907 = ORIENTED_EDGE('',*,*,#2018,.F.);
#3908 = ADVANCED_FACE('',(#3909),#2006,.F.);
#3909 = FACE_BOUND('',#3910,.T.);
#3910 = EDGE_LOOP('',(#3911,#3912,#3933,#3934));
#3911 = ORIENTED_EDGE('',*,*,#1985,.F.);
#3912 = ORIENTED_EDGE('',*,*,#3913,.F.);
#3913 = EDGE_CURVE('',#3636,#1958,#3914,.T.);
#3914 = SURFACE_CURVE('',#3915,(#3919,#3926),.PCURVE_S1.);
#3915 = LINE('',#3916,#3917);
#3916 = CARTESIAN_POINT('',(0.,-14.74,-1.));
#3917 = VECTOR('',#3918,1.);
#3918 = DIRECTION('',(0.,0.,1.));
#3919 = PCURVE('',#2006,#3920);
#3920 = DEFINITIONAL_REPRESENTATION('',(#3921),#3925);
#3921 = LINE('',#3922,#3923);
#3922 = CARTESIAN_POINT('',(-7.853981633974,0.));
#3923 = VECTOR('',#3924,1.);
#3924 = DIRECTION('',(-0.,-1.));
#3925 = ( GEOMETRIC_REPRESENTATION_CONTEXT(2) 
PARAMETRIC_REPRESENTATION_CONTEXT() REPRESENTATION_CONTEXT('2D SPACE',''
  ) );
#3926 = PCURVE('',#1973,#3927);
#3927 = DEFINITIONAL_REPRESENTATION('',(#3928),#3932);
#3928 = LINE('',#3929,#3930);
#3929 = CARTESIAN_POINT('',(0.,1.38));
#3930 = VECTOR('',#3931,1.);
#3931 = DIRECTION('',(1.,0.));
#3932 = ( GEOMETRIC_REPRESENTATION_CONTEXT(2) 
PARAMETRIC_REPRESENTATION_CONTEXT() REPRESENTATION_CONTEXT('2D SPACE',''
  ) );
#3933 = ORIENTED_EDGE('',*,*,#3658,.F.);
#3934 = ORIENTED_EDGE('',*,*,#3885,.T.);
#3935 = ADVANCED_FACE('',(#3936),#1973,.F.);
#3936 = FACE_BOUND('',#3937,.F.);
#3937 = EDGE_LOOP('',(#3938,#3939,#3940,#3961));
#3938 = ORIENTED_EDGE('',*,*,#3913,.F.);
#3939 = ORIENTED_EDGE('',*,*,#3635,.T.);
#3940 = ORIENTED_EDGE('',*,*,#3941,.T.);
#3941 = EDGE_CURVE('',#3613,#1930,#3942,.T.);
#3942 = SURFACE_CURVE('',#3943,(#3947,#3954),.PCURVE_S1.);
#3943 = LINE('',#3944,#3945);
#3944 = CARTESIAN_POINT('',(-1.38,-14.74,-1.));
#3945 = VECTOR('',#3946,1.);
#3946 = DIRECTION('',(0.,0.,1.));
#3947 = PCURVE('',#1973,#3948);
#3948 = DEFINITIONAL_REPRESENTATION('',(#3949),#3953);
#3949 = LINE('',#3950,#3951);
#3950 = CARTESIAN_POINT('',(0.,0.));
#3951 = VECTOR('',#3952,1.);
#3952 = DIRECTION('',(1.,0.));
#3953 = ( GEOMETRIC_REPRESENTATION_CONTEXT(2) 
PARAMETRIC_REPRESENTATION_CONTEXT() REPRESENTATION_CONTEXT('2D SPACE',''
  ) );
#3954 = PCURVE('',#1945,#3955);
#3955 = DEFINITIONAL_REPRESENTATION('',(#3956),#3960);
#3956 = LINE('',#3957,#3958);
#3957 = CARTESIAN_POINT('',(-1.,-6.04));
#3958 = VECTOR('',#3959,1.);
#3959 = DIRECTION('',(1.,0.));
#3960 = ( GEOMETRIC_REPRESENTATION_CONTEXT(2) 
PARAMETRIC_REPRESENTATION_CONTEXT() REPRESENTATION_CONTEXT('2D SPACE',''
  ) );
#3961 = ORIENTED_EDGE('',*,*,#1957,.F.);
#3962 = ADVANCED_FACE('',(#3963),#1945,.F.);
#3963 = FACE_BOUND('',#3964,.F.);
#3964 = EDGE_LOOP('',(#3965,#3966,#3967,#3968));
#3965 = ORIENTED_EDGE('',*,*,#1929,.F.);
#3966 = ORIENTED_EDGE('',*,*,#3941,.F.);
#3967 = ORIENTED_EDGE('',*,*,#3612,.T.);
#3968 = ORIENTED_EDGE('',*,*,#3969,.T.);
#3969 = EDGE_CURVE('',#3590,#1902,#3970,.T.);
#3970 = SURFACE_CURVE('',#3971,(#3975,#3982),.PCURVE_S1.);
#3971 = LINE('',#3972,#3973);
#3972 = CARTESIAN_POINT('',(-1.38,-13.2,-1.));
#3973 = VECTOR('',#3974,1.);
#3974 = DIRECTION('',(0.,0.,1.));
#3975 = PCURVE('',#1945,#3976);
#3976 = DEFINITIONAL_REPRESENTATION('',(#3977),#3981);
#3977 = LINE('',#3978,#3979);
#3978 = CARTESIAN_POINT('',(-1.,-7.58));
#3979 = VECTOR('',#3980,1.);
#3980 = DIRECTION('',(1.,0.));
#3981 = ( GEOMETRIC_REPRESENTATION_CONTEXT(2) 
PARAMETRIC_REPRESENTATION_CONTEXT() REPRESENTATION_CONTEXT('2D SPACE',''
  ) );
#3982 = PCURVE('',#1917,#3983);
#3983 = DEFINITIONAL_REPRESENTATION('',(#3984),#3988);
#3984 = LINE('',#3985,#3986);
#3985 = CARTESIAN_POINT('',(0.,0.));
#3986 = VECTOR('',#3987,1.);
#3987 = DIRECTION('',(1.,0.));
#3988 = ( GEOMETRIC_REPRESENTATION_CONTEXT(2) 
PARAMETRIC_REPRESENTATION_CONTEXT() REPRESENTATION_CONTEXT('2D SPACE',''
  ) );
#3989 = ADVANCED_FACE('',(#3990),#1917,.T.);
#3990 = FACE_BOUND('',#3991,.T.);
#3991 = EDGE_LOOP('',(#3992,#4013,#4014,#4015));
#3992 = ORIENTED_EDGE('',*,*,#3993,.F.);
#3993 = EDGE_CURVE('',#3566,#1869,#3994,.T.);
#3994 = SURFACE_CURVE('',#3995,(#3999,#4006),.PCURVE_S1.);
#3995 = LINE('',#3996,#3997);
#3996 = CARTESIAN_POINT('',(0.,-13.2,-1.));
#3997 = VECTOR('',#3998,1.);
#3998 = DIRECTION('',(0.,0.,1.));
#3999 = PCURVE('',#1917,#4000);
#4000 = DEFINITIONAL_REPRESENTATION('',(#4001),#4005);
#4001 = LINE('',#4002,#4003);
#4002 = CARTESIAN_POINT('',(0.,1.38));
#4003 = VECTOR('',#4004,1.);
#4004 = DIRECTION('',(1.,0.));
#4005 = ( GEOMETRIC_REPRESENTATION_CONTEXT(2) 
PARAMETRIC_REPRESENTATION_CONTEXT() REPRESENTATION_CONTEXT('2D SPACE',''
  ) );
#4006 = PCURVE('',#1889,#4007);
#4007 = DEFINITIONAL_REPRESENTATION('',(#4008),#4012);
#4008 = LINE('',#4009,#4010);
#4009 = CARTESIAN_POINT('',(-4.712388980385,0.));
#4010 = VECTOR('',#4011,1.);
#4011 = DIRECTION('',(-0.,-1.));
#4012 = ( GEOMETRIC_REPRESENTATION_CONTEXT(2) 
PARAMETRIC_REPRESENTATION_CONTEXT() REPRESENTATION_CONTEXT('2D SPACE',''
  ) );
#4013 = ORIENTED_EDGE('',*,*,#3589,.T.);
#4014 = ORIENTED_EDGE('',*,*,#3969,.T.);
#4015 = ORIENTED_EDGE('',*,*,#1901,.F.);
#4016 = ADVANCED_FACE('',(#4017),#1889,.F.);
#4017 = FACE_BOUND('',#4018,.T.);
#4018 = EDGE_LOOP('',(#4019,#4020,#4041,#4042));
#4019 = ORIENTED_EDGE('',*,*,#1868,.F.);
#4020 = ORIENTED_EDGE('',*,*,#4021,.F.);
#4021 = EDGE_CURVE('',#3543,#1841,#4022,.T.);
#4022 = SURFACE_CURVE('',#4023,(#4027,#4034),.PCURVE_S1.);
#4023 = LINE('',#4024,#4025);
#4024 = CARTESIAN_POINT('',(0.,-12.2,-1.));
#4025 = VECTOR('',#4026,1.);
#4026 = DIRECTION('',(0.,0.,1.));
#4027 = PCURVE('',#1889,#4028);
#4028 = DEFINITIONAL_REPRESENTATION('',(#4029),#4033);
#4029 = LINE('',#4030,#4031);
#4030 = CARTESIAN_POINT('',(-7.853981633974,0.));
#4031 = VECTOR('',#4032,1.);
#4032 = DIRECTION('',(-0.,-1.));
#4033 = ( GEOMETRIC_REPRESENTATION_CONTEXT(2) 
PARAMETRIC_REPRESENTATION_CONTEXT() REPRESENTATION_CONTEXT('2D SPACE',''
  ) );
#4034 = PCURVE('',#1856,#4035);
#4035 = DEFINITIONAL_REPRESENTATION('',(#4036),#4040);
#4036 = LINE('',#4037,#4038);
#4037 = CARTESIAN_POINT('',(0.,1.38));
#4038 = VECTOR('',#4039,1.);
#4039 = DIRECTION('',(1.,0.));
#4040 = ( GEOMETRIC_REPRESENTATION_CONTEXT(2) 
PARAMETRIC_REPRESENTATION_CONTEXT() REPRESENTATION_CONTEXT('2D SPACE',''
  ) );
#4041 = ORIENTED_EDGE('',*,*,#3565,.F.);
#4042 = ORIENTED_EDGE('',*,*,#3993,.T.);
#4043 = ADVANCED_FACE('',(#4044),#1856,.F.);
#4044 = FACE_BOUND('',#4045,.F.);
#4045 = EDGE_LOOP('',(#4046,#4047,#4048,#4069));
#4046 = ORIENTED_EDGE('',*,*,#4021,.F.);
#4047 = ORIENTED_EDGE('',*,*,#3542,.T.);
#4048 = ORIENTED_EDGE('',*,*,#4049,.T.);
#4049 = EDGE_CURVE('',#3520,#1813,#4050,.T.);
#4050 = SURFACE_CURVE('',#4051,(#4055,#4062),.PCURVE_S1.);
#4051 = LINE('',#4052,#4053);
#4052 = CARTESIAN_POINT('',(-1.38,-12.2,-1.));
#4053 = VECTOR('',#4054,1.);
#4054 = DIRECTION('',(0.,0.,1.));
#4055 = PCURVE('',#1856,#4056);
#4056 = DEFINITIONAL_REPRESENTATION('',(#4057),#4061);
#4057 = LINE('',#4058,#4059);
#4058 = CARTESIAN_POINT('',(0.,0.));
#4059 = VECTOR('',#4060,1.);
#4060 = DIRECTION('',(1.,0.));
#4061 = ( GEOMETRIC_REPRESENTATION_CONTEXT(2) 
PARAMETRIC_REPRESENTATION_CONTEXT() REPRESENTATION_CONTEXT('2D SPACE',''
  ) );
#4062 = PCURVE('',#1828,#4063);
#4063 = DEFINITIONAL_REPRESENTATION('',(#4064),#4068);
#4064 = LINE('',#4065,#4066);
#4065 = CARTESIAN_POINT('',(-1.,-8.58));
#4066 = VECTOR('',#4067,1.);
#4067 = DIRECTION('',(1.,0.));
#4068 = ( GEOMETRIC_REPRESENTATION_CONTEXT(2) 
PARAMETRIC_REPRESENTATION_CONTEXT() REPRESENTATION_CONTEXT('2D SPACE',''
  ) );
#4069 = ORIENTED_EDGE('',*,*,#1840,.F.);
#4070 = ADVANCED_FACE('',(#4071),#1828,.F.);
#4071 = FACE_BOUND('',#4072,.F.);
#4072 = EDGE_LOOP('',(#4073,#4074,#4075,#4076));
#4073 = ORIENTED_EDGE('',*,*,#1812,.F.);
#4074 = ORIENTED_EDGE('',*,*,#4049,.F.);
#4075 = ORIENTED_EDGE('',*,*,#3519,.T.);
#4076 = ORIENTED_EDGE('',*,*,#4077,.T.);
#4077 = EDGE_CURVE('',#3497,#1785,#4078,.T.);
#4078 = SURFACE_CURVE('',#4079,(#4083,#4090),.PCURVE_S1.);
#4079 = LINE('',#4080,#4081);
#4080 = CARTESIAN_POINT('',(-1.38,-10.66,-1.));
#4081 = VECTOR('',#4082,1.);
#4082 = DIRECTION('',(0.,0.,1.));
#4083 = PCURVE('',#1828,#4084);
#4084 = DEFINITIONAL_REPRESENTATION('',(#4085),#4089);
#4085 = LINE('',#4086,#4087);
#4086 = CARTESIAN_POINT('',(-1.,-10.12));
#4087 = VECTOR('',#4088,1.);
#4088 = DIRECTION('',(1.,0.));
#4089 = ( GEOMETRIC_REPRESENTATION_CONTEXT(2) 
PARAMETRIC_REPRESENTATION_CONTEXT() REPRESENTATION_CONTEXT('2D SPACE',''
  ) );
#4090 = PCURVE('',#1800,#4091);
#4091 = DEFINITIONAL_REPRESENTATION('',(#4092),#4096);
#4092 = LINE('',#4093,#4094);
#4093 = CARTESIAN_POINT('',(0.,0.));
#4094 = VECTOR('',#4095,1.);
#4095 = DIRECTION('',(1.,0.));
#4096 = ( GEOMETRIC_REPRESENTATION_CONTEXT(2) 
PARAMETRIC_REPRESENTATION_CONTEXT() REPRESENTATION_CONTEXT('2D SPACE',''
  ) );
#4097 = ADVANCED_FACE('',(#4098),#1800,.T.);
#4098 = FACE_BOUND('',#4099,.T.);
#4099 = EDGE_LOOP('',(#4100,#4121,#4122,#4123));
#4100 = ORIENTED_EDGE('',*,*,#4101,.F.);
#4101 = EDGE_CURVE('',#3473,#1752,#4102,.T.);
#4102 = SURFACE_CURVE('',#4103,(#4107,#4114),.PCURVE_S1.);
#4103 = LINE('',#4104,#4105);
#4104 = CARTESIAN_POINT('',(0.,-10.66,-1.));
#4105 = VECTOR('',#4106,1.);
#4106 = DIRECTION('',(0.,0.,1.));
#4107 = PCURVE('',#1800,#4108);
#4108 = DEFINITIONAL_REPRESENTATION('',(#4109),#4113);
#4109 = LINE('',#4110,#4111);
#4110 = CARTESIAN_POINT('',(0.,1.38));
#4111 = VECTOR('',#4112,1.);
#4112 = DIRECTION('',(1.,0.));
#4113 = ( GEOMETRIC_REPRESENTATION_CONTEXT(2) 
PARAMETRIC_REPRESENTATION_CONTEXT() REPRESENTATION_CONTEXT('2D SPACE',''
  ) );
#4114 = PCURVE('',#1772,#4115);
#4115 = DEFINITIONAL_REPRESENTATION('',(#4116),#4120);
#4116 = LINE('',#4117,#4118);
#4117 = CARTESIAN_POINT('',(-4.712388980385,0.));
#4118 = VECTOR('',#4119,1.);
#4119 = DIRECTION('',(-0.,-1.));
#4120 = ( GEOMETRIC_REPRESENTATION_CONTEXT(2) 
PARAMETRIC_REPRESENTATION_CONTEXT() REPRESENTATION_CONTEXT('2D SPACE',''
  ) );
#4121 = ORIENTED_EDGE('',*,*,#3496,.T.);
#4122 = ORIENTED_EDGE('',*,*,#4077,.T.);
#4123 = ORIENTED_EDGE('',*,*,#1784,.F.);
#4124 = ADVANCED_FACE('',(#4125),#1772,.F.);
#4125 = FACE_BOUND('',#4126,.T.);
#4126 = EDGE_LOOP('',(#4127,#4128,#4149,#4150));
#4127 = ORIENTED_EDGE('',*,*,#1751,.F.);
#4128 = ORIENTED_EDGE('',*,*,#4129,.F.);
#4129 = EDGE_CURVE('',#3450,#1724,#4130,.T.);
#4130 = SURFACE_CURVE('',#4131,(#4135,#4142),.PCURVE_S1.);
#4131 = LINE('',#4132,#4133);
#4132 = CARTESIAN_POINT('',(0.,-9.66,-1.));
#4133 = VECTOR('',#4134,1.);
#4134 = DIRECTION('',(0.,0.,1.));
#4135 = PCURVE('',#1772,#4136);
#4136 = DEFINITIONAL_REPRESENTATION('',(#4137),#4141);
#4137 = LINE('',#4138,#4139);
#4138 = CARTESIAN_POINT('',(-7.853981633974,0.));
#4139 = VECTOR('',#4140,1.);
#4140 = DIRECTION('',(-0.,-1.));
#4141 = ( GEOMETRIC_REPRESENTATION_CONTEXT(2) 
PARAMETRIC_REPRESENTATION_CONTEXT() REPRESENTATION_CONTEXT('2D SPACE',''
  ) );
#4142 = PCURVE('',#1739,#4143);
#4143 = DEFINITIONAL_REPRESENTATION('',(#4144),#4148);
#4144 = LINE('',#4145,#4146);
#4145 = CARTESIAN_POINT('',(0.,1.38));
#4146 = VECTOR('',#4147,1.);
#4147 = DIRECTION('',(1.,0.));
#4148 = ( GEOMETRIC_REPRESENTATION_CONTEXT(2) 
PARAMETRIC_REPRESENTATION_CONTEXT() REPRESENTATION_CONTEXT('2D SPACE',''
  ) );
#4149 = ORIENTED_EDGE('',*,*,#3472,.F.);
#4150 = ORIENTED_EDGE('',*,*,#4101,.T.);
#4151 = ADVANCED_FACE('',(#4152),#1739,.F.);
#4152 = FACE_BOUND('',#4153,.F.);
#4153 = EDGE_LOOP('',(#4154,#4155,#4156,#4177));
#4154 = ORIENTED_EDGE('',*,*,#4129,.F.);
#4155 = ORIENTED_EDGE('',*,*,#3449,.T.);
#4156 = ORIENTED_EDGE('',*,*,#4157,.T.);
#4157 = EDGE_CURVE('',#3427,#1696,#4158,.T.);
#4158 = SURFACE_CURVE('',#4159,(#4163,#4170),.PCURVE_S1.);
#4159 = LINE('',#4160,#4161);
#4160 = CARTESIAN_POINT('',(-1.38,-9.66,-1.));
#4161 = VECTOR('',#4162,1.);
#4162 = DIRECTION('',(0.,0.,1.));
#4163 = PCURVE('',#1739,#4164);
#4164 = DEFINITIONAL_REPRESENTATION('',(#4165),#4169);
#4165 = LINE('',#4166,#4167);
#4166 = CARTESIAN_POINT('',(0.,0.));
#4167 = VECTOR('',#4168,1.);
#4168 = DIRECTION('',(1.,0.));
#4169 = ( GEOMETRIC_REPRESENTATION_CONTEXT(2) 
PARAMETRIC_REPRESENTATION_CONTEXT() REPRESENTATION_CONTEXT('2D SPACE',''
  ) );
#4170 = PCURVE('',#1711,#4171);
#4171 = DEFINITIONAL_REPRESENTATION('',(#4172),#4176);
#4172 = LINE('',#4173,#4174);
#4173 = CARTESIAN_POINT('',(-1.,-11.12));
#4174 = VECTOR('',#4175,1.);
#4175 = DIRECTION('',(1.,0.));
#4176 = ( GEOMETRIC_REPRESENTATION_CONTEXT(2) 
PARAMETRIC_REPRESENTATION_CONTEXT() REPRESENTATION_CONTEXT('2D SPACE',''
  ) );
#4177 = ORIENTED_EDGE('',*,*,#1723,.F.);
#4178 = ADVANCED_FACE('',(#4179),#1711,.F.);
#4179 = FACE_BOUND('',#4180,.F.);
#4180 = EDGE_LOOP('',(#4181,#4182,#4183,#4184));
#4181 = ORIENTED_EDGE('',*,*,#1695,.F.);
#4182 = ORIENTED_EDGE('',*,*,#4157,.F.);
#4183 = ORIENTED_EDGE('',*,*,#3426,.T.);
#4184 = ORIENTED_EDGE('',*,*,#4185,.T.);
#4185 = EDGE_CURVE('',#3404,#1668,#4186,.T.);
#4186 = SURFACE_CURVE('',#4187,(#4191,#4198),.PCURVE_S1.);
#4187 = LINE('',#4188,#4189);
#4188 = CARTESIAN_POINT('',(-1.38,-8.12,-1.));
#4189 = VECTOR('',#4190,1.);
#4190 = DIRECTION('',(0.,0.,1.));
#4191 = PCURVE('',#1711,#4192);
#4192 = DEFINITIONAL_REPRESENTATION('',(#4193),#4197);
#4193 = LINE('',#4194,#4195);
#4194 = CARTESIAN_POINT('',(-1.,-12.66));
#4195 = VECTOR('',#4196,1.);
#4196 = DIRECTION('',(1.,0.));
#4197 = ( GEOMETRIC_REPRESENTATION_CONTEXT(2) 
PARAMETRIC_REPRESENTATION_CONTEXT() REPRESENTATION_CONTEXT('2D SPACE',''
  ) );
#4198 = PCURVE('',#1683,#4199);
#4199 = DEFINITIONAL_REPRESENTATION('',(#4200),#4204);
#4200 = LINE('',#4201,#4202);
#4201 = CARTESIAN_POINT('',(0.,0.));
#4202 = VECTOR('',#4203,1.);
#4203 = DIRECTION('',(1.,0.));
#4204 = ( GEOMETRIC_REPRESENTATION_CONTEXT(2) 
PARAMETRIC_REPRESENTATION_CONTEXT() REPRESENTATION_CONTEXT('2D SPACE',''
  ) );
#4205 = ADVANCED_FACE('',(#4206),#1683,.T.);
#4206 = FACE_BOUND('',#4207,.T.);
#4207 = EDGE_LOOP('',(#4208,#4229,#4230,#4231));
#4208 = ORIENTED_EDGE('',*,*,#4209,.F.);
#4209 = EDGE_CURVE('',#3380,#1635,#4210,.T.);
#4210 = SURFACE_CURVE('',#4211,(#4215,#4222),.PCURVE_S1.);
#4211 = LINE('',#4212,#4213);
#4212 = CARTESIAN_POINT('',(0.,-8.12,-1.));
#4213 = VECTOR('',#4214,1.);
#4214 = DIRECTION('',(0.,0.,1.));
#4215 = PCURVE('',#1683,#4216);
#4216 = DEFINITIONAL_REPRESENTATION('',(#4217),#4221);
#4217 = LINE('',#4218,#4219);
#4218 = CARTESIAN_POINT('',(0.,1.38));
#4219 = VECTOR('',#4220,1.);
#4220 = DIRECTION('',(1.,0.));
#4221 = ( GEOMETRIC_REPRESENTATION_CONTEXT(2) 
PARAMETRIC_REPRESENTATION_CONTEXT() REPRESENTATION_CONTEXT('2D SPACE',''
  ) );
#4222 = PCURVE('',#1655,#4223);
#4223 = DEFINITIONAL_REPRESENTATION('',(#4224),#4228);
#4224 = LINE('',#4225,#4226);
#4225 = CARTESIAN_POINT('',(-4.712388980385,0.));
#4226 = VECTOR('',#4227,1.);
#4227 = DIRECTION('',(-0.,-1.));
#4228 = ( GEOMETRIC_REPRESENTATION_CONTEXT(2) 
PARAMETRIC_REPRESENTATION_CONTEXT() REPRESENTATION_CONTEXT('2D SPACE',''
  ) );
#4229 = ORIENTED_EDGE('',*,*,#3403,.T.);
#4230 = ORIENTED_EDGE('',*,*,#4185,.T.);
#4231 = ORIENTED_EDGE('',*,*,#1667,.F.);
#4232 = ADVANCED_FACE('',(#4233),#1655,.F.);
#4233 = FACE_BOUND('',#4234,.T.);
#4234 = EDGE_LOOP('',(#4235,#4236,#4257,#4258));
#4235 = ORIENTED_EDGE('',*,*,#1634,.F.);
#4236 = ORIENTED_EDGE('',*,*,#4237,.F.);
#4237 = EDGE_CURVE('',#3357,#1607,#4238,.T.);
#4238 = SURFACE_CURVE('',#4239,(#4243,#4250),.PCURVE_S1.);
#4239 = LINE('',#4240,#4241);
#4240 = CARTESIAN_POINT('',(0.,-7.12,-1.));
#4241 = VECTOR('',#4242,1.);
#4242 = DIRECTION('',(0.,0.,1.));
#4243 = PCURVE('',#1655,#4244);
#4244 = DEFINITIONAL_REPRESENTATION('',(#4245),#4249);
#4245 = LINE('',#4246,#4247);
#4246 = CARTESIAN_POINT('',(-7.853981633974,0.));
#4247 = VECTOR('',#4248,1.);
#4248 = DIRECTION('',(-0.,-1.));
#4249 = ( GEOMETRIC_REPRESENTATION_CONTEXT(2) 
PARAMETRIC_REPRESENTATION_CONTEXT() REPRESENTATION_CONTEXT('2D SPACE',''
  ) );
#4250 = PCURVE('',#1622,#4251);
#4251 = DEFINITIONAL_REPRESENTATION('',(#4252),#4256);
#4252 = LINE('',#4253,#4254);
#4253 = CARTESIAN_POINT('',(0.,1.38));
#4254 = VECTOR('',#4255,1.);
#4255 = DIRECTION('',(1.,0.));
#4256 = ( GEOMETRIC_REPRESENTATION_CONTEXT(2) 
PARAMETRIC_REPRESENTATION_CONTEXT() REPRESENTATION_CONTEXT('2D SPACE',''
  ) );
#4257 = ORIENTED_EDGE('',*,*,#3379,.F.);
#4258 = ORIENTED_EDGE('',*,*,#4209,.T.);
#4259 = ADVANCED_FACE('',(#4260),#1622,.F.);
#4260 = FACE_BOUND('',#4261,.F.);
#4261 = EDGE_LOOP('',(#4262,#4263,#4264,#4285));
#4262 = ORIENTED_EDGE('',*,*,#4237,.F.);
#4263 = ORIENTED_EDGE('',*,*,#3356,.T.);
#4264 = ORIENTED_EDGE('',*,*,#4265,.T.);
#4265 = EDGE_CURVE('',#3334,#1579,#4266,.T.);
#4266 = SURFACE_CURVE('',#4267,(#4271,#4278),.PCURVE_S1.);
#4267 = LINE('',#4268,#4269);
#4268 = CARTESIAN_POINT('',(-1.38,-7.12,-1.));
#4269 = VECTOR('',#4270,1.);
#4270 = DIRECTION('',(0.,0.,1.));
#4271 = PCURVE('',#1622,#4272);
#4272 = DEFINITIONAL_REPRESENTATION('',(#4273),#4277);
#4273 = LINE('',#4274,#4275);
#4274 = CARTESIAN_POINT('',(0.,0.));
#4275 = VECTOR('',#4276,1.);
#4276 = DIRECTION('',(1.,0.));
#4277 = ( GEOMETRIC_REPRESENTATION_CONTEXT(2) 
PARAMETRIC_REPRESENTATION_CONTEXT() REPRESENTATION_CONTEXT('2D SPACE',''
  ) );
#4278 = PCURVE('',#1594,#4279);
#4279 = DEFINITIONAL_REPRESENTATION('',(#4280),#4284);
#4280 = LINE('',#4281,#4282);
#4281 = CARTESIAN_POINT('',(-1.,-13.66));
#4282 = VECTOR('',#4283,1.);
#4283 = DIRECTION('',(1.,0.));
#4284 = ( GEOMETRIC_REPRESENTATION_CONTEXT(2) 
PARAMETRIC_REPRESENTATION_CONTEXT() REPRESENTATION_CONTEXT('2D SPACE',''
  ) );
#4285 = ORIENTED_EDGE('',*,*,#1606,.F.);
#4286 = ADVANCED_FACE('',(#4287),#1594,.F.);
#4287 = FACE_BOUND('',#4288,.F.);
#4288 = EDGE_LOOP('',(#4289,#4290,#4291,#4292));
#4289 = ORIENTED_EDGE('',*,*,#1578,.F.);
#4290 = ORIENTED_EDGE('',*,*,#4265,.F.);
#4291 = ORIENTED_EDGE('',*,*,#3333,.T.);
#4292 = ORIENTED_EDGE('',*,*,#4293,.T.);
#4293 = EDGE_CURVE('',#3311,#1551,#4294,.T.);
#4294 = SURFACE_CURVE('',#4295,(#4299,#4306),.PCURVE_S1.);
#4295 = LINE('',#4296,#4297);
#4296 = CARTESIAN_POINT('',(-1.38,-5.58,-1.));
#4297 = VECTOR('',#4298,1.);
#4298 = DIRECTION('',(0.,0.,1.));
#4299 = PCURVE('',#1594,#4300);
#4300 = DEFINITIONAL_REPRESENTATION('',(#4301),#4305);
#4301 = LINE('',#4302,#4303);
#4302 = CARTESIAN_POINT('',(-1.,-15.2));
#4303 = VECTOR('',#4304,1.);
#4304 = DIRECTION('',(1.,0.));
#4305 = ( GEOMETRIC_REPRESENTATION_CONTEXT(2) 
PARAMETRIC_REPRESENTATION_CONTEXT() REPRESENTATION_CONTEXT('2D SPACE',''
  ) );
#4306 = PCURVE('',#1566,#4307);
#4307 = DEFINITIONAL_REPRESENTATION('',(#4308),#4312);
#4308 = LINE('',#4309,#4310);
#4309 = CARTESIAN_POINT('',(0.,0.));
#4310 = VECTOR('',#4311,1.);
#4311 = DIRECTION('',(1.,0.));
#4312 = ( GEOMETRIC_REPRESENTATION_CONTEXT(2) 
PARAMETRIC_REPRESENTATION_CONTEXT() REPRESENTATION_CONTEXT('2D SPACE',''
  ) );
#4313 = ADVANCED_FACE('',(#4314),#1566,.T.);
#4314 = FACE_BOUND('',#4315,.T.);
#4315 = EDGE_LOOP('',(#4316,#4337,#4338,#4339));
#4316 = ORIENTED_EDGE('',*,*,#4317,.F.);
#4317 = EDGE_CURVE('',#3287,#1518,#4318,.T.);
#4318 = SURFACE_CURVE('',#4319,(#4323,#4330),.PCURVE_S1.);
#4319 = LINE('',#4320,#4321);
#4320 = CARTESIAN_POINT('',(0.,-5.58,-1.));
#4321 = VECTOR('',#4322,1.);
#4322 = DIRECTION('',(0.,0.,1.));
#4323 = PCURVE('',#1566,#4324);
#4324 = DEFINITIONAL_REPRESENTATION('',(#4325),#4329);
#4325 = LINE('',#4326,#4327);
#4326 = CARTESIAN_POINT('',(0.,1.38));
#4327 = VECTOR('',#4328,1.);
#4328 = DIRECTION('',(1.,0.));
#4329 = ( GEOMETRIC_REPRESENTATION_CONTEXT(2) 
PARAMETRIC_REPRESENTATION_CONTEXT() REPRESENTATION_CONTEXT('2D SPACE',''
  ) );
#4330 = PCURVE('',#1538,#4331);
#4331 = DEFINITIONAL_REPRESENTATION('',(#4332),#4336);
#4332 = LINE('',#4333,#4334);
#4333 = CARTESIAN_POINT('',(-4.712388980385,0.));
#4334 = VECTOR('',#4335,1.);
#4335 = DIRECTION('',(-0.,-1.));
#4336 = ( GEOMETRIC_REPRESENTATION_CONTEXT(2) 
PARAMETRIC_REPRESENTATION_CONTEXT() REPRESENTATION_CONTEXT('2D SPACE',''
  ) );
#4337 = ORIENTED_EDGE('',*,*,#3310,.T.);
#4338 = ORIENTED_EDGE('',*,*,#4293,.T.);
#4339 = ORIENTED_EDGE('',*,*,#1550,.F.);
#4340 = ADVANCED_FACE('',(#4341),#1538,.F.);
#4341 = FACE_BOUND('',#4342,.T.);
#4342 = EDGE_LOOP('',(#4343,#4344,#4365,#4366));
#4343 = ORIENTED_EDGE('',*,*,#1517,.F.);
#4344 = ORIENTED_EDGE('',*,*,#4345,.F.);
#4345 = EDGE_CURVE('',#3264,#1490,#4346,.T.);
#4346 = SURFACE_CURVE('',#4347,(#4351,#4358),.PCURVE_S1.);
#4347 = LINE('',#4348,#4349);
#4348 = CARTESIAN_POINT('',(0.,-4.58,-1.));
#4349 = VECTOR('',#4350,1.);
#4350 = DIRECTION('',(0.,0.,1.));
#4351 = PCURVE('',#1538,#4352);
#4352 = DEFINITIONAL_REPRESENTATION('',(#4353),#4357);
#4353 = LINE('',#4354,#4355);
#4354 = CARTESIAN_POINT('',(-7.853981633974,0.));
#4355 = VECTOR('',#4356,1.);
#4356 = DIRECTION('',(-0.,-1.));
#4357 = ( GEOMETRIC_REPRESENTATION_CONTEXT(2) 
PARAMETRIC_REPRESENTATION_CONTEXT() REPRESENTATION_CONTEXT('2D SPACE',''
  ) );
#4358 = PCURVE('',#1505,#4359);
#4359 = DEFINITIONAL_REPRESENTATION('',(#4360),#4364);
#4360 = LINE('',#4361,#4362);
#4361 = CARTESIAN_POINT('',(0.,1.38));
#4362 = VECTOR('',#4363,1.);
#4363 = DIRECTION('',(1.,0.));
#4364 = ( GEOMETRIC_REPRESENTATION_CONTEXT(2) 
PARAMETRIC_REPRESENTATION_CONTEXT() REPRESENTATION_CONTEXT('2D SPACE',''
  ) );
#4365 = ORIENTED_EDGE('',*,*,#3286,.F.);
#4366 = ORIENTED_EDGE('',*,*,#4317,.T.);
#4367 = ADVANCED_FACE('',(#4368),#1505,.F.);
#4368 = FACE_BOUND('',#4369,.F.);
#4369 = EDGE_LOOP('',(#4370,#4371,#4372,#4393));
#4370 = ORIENTED_EDGE('',*,*,#4345,.F.);
#4371 = ORIENTED_EDGE('',*,*,#3263,.T.);
#4372 = ORIENTED_EDGE('',*,*,#4373,.T.);
#4373 = EDGE_CURVE('',#3241,#1462,#4374,.T.);
#4374 = SURFACE_CURVE('',#4375,(#4379,#4386),.PCURVE_S1.);
#4375 = LINE('',#4376,#4377);
#4376 = CARTESIAN_POINT('',(-1.38,-4.58,-1.));
#4377 = VECTOR('',#4378,1.);
#4378 = DIRECTION('',(0.,0.,1.));
#4379 = PCURVE('',#1505,#4380);
#4380 = DEFINITIONAL_REPRESENTATION('',(#4381),#4385);
#4381 = LINE('',#4382,#4383);
#4382 = CARTESIAN_POINT('',(0.,0.));
#4383 = VECTOR('',#4384,1.);
#4384 = DIRECTION('',(1.,0.));
#4385 = ( GEOMETRIC_REPRESENTATION_CONTEXT(2) 
PARAMETRIC_REPRESENTATION_CONTEXT() REPRESENTATION_CONTEXT('2D SPACE',''
  ) );
#4386 = PCURVE('',#1477,#4387);
#4387 = DEFINITIONAL_REPRESENTATION('',(#4388),#4392);
#4388 = LINE('',#4389,#4390);
#4389 = CARTESIAN_POINT('',(-1.,-16.2));
#4390 = VECTOR('',#4391,1.);
#4391 = DIRECTION('',(1.,0.));
#4392 = ( GEOMETRIC_REPRESENTATION_CONTEXT(2) 
PARAMETRIC_REPRESENTATION_CONTEXT() REPRESENTATION_CONTEXT('2D SPACE',''
  ) );
#4393 = ORIENTED_EDGE('',*,*,#1489,.F.);
#4394 = ADVANCED_FACE('',(#4395),#1477,.F.);
#4395 = FACE_BOUND('',#4396,.F.);
#4396 = EDGE_LOOP('',(#4397,#4398,#4399,#4400));
#4397 = ORIENTED_EDGE('',*,*,#1461,.F.);
#4398 = ORIENTED_EDGE('',*,*,#4373,.F.);
#4399 = ORIENTED_EDGE('',*,*,#3240,.T.);
#4400 = ORIENTED_EDGE('',*,*,#4401,.T.);
#4401 = EDGE_CURVE('',#3218,#1434,#4402,.T.);
#4402 = SURFACE_CURVE('',#4403,(#4407,#4414),.PCURVE_S1.);
#4403 = LINE('',#4404,#4405);
#4404 = CARTESIAN_POINT('',(-1.38,-3.04,-1.));
#4405 = VECTOR('',#4406,1.);
#4406 = DIRECTION('',(0.,0.,1.));
#4407 = PCURVE('',#1477,#4408);
#4408 = DEFINITIONAL_REPRESENTATION('',(#4409),#4413);
#4409 = LINE('',#4410,#4411);
#4410 = CARTESIAN_POINT('',(-1.,-17.74));
#4411 = VECTOR('',#4412,1.);
#4412 = DIRECTION('',(1.,0.));
#4413 = ( GEOMETRIC_REPRESENTATION_CONTEXT(2) 
PARAMETRIC_REPRESENTATION_CONTEXT() REPRESENTATION_CONTEXT('2D SPACE',''
  ) );
#4414 = PCURVE('',#1449,#4415);
#4415 = DEFINITIONAL_REPRESENTATION('',(#4416),#4420);
#4416 = LINE('',#4417,#4418);
#4417 = CARTESIAN_POINT('',(0.,0.));
#4418 = VECTOR('',#4419,1.);
#4419 = DIRECTION('',(1.,0.));
#4420 = ( GEOMETRIC_REPRESENTATION_CONTEXT(2) 
PARAMETRIC_REPRESENTATION_CONTEXT() REPRESENTATION_CONTEXT('2D SPACE',''
  ) );
#4421 = ADVANCED_FACE('',(#4422),#1449,.T.);
#4422 = FACE_BOUND('',#4423,.T.);
#4423 = EDGE_LOOP('',(#4424,#4445,#4446,#4447));
#4424 = ORIENTED_EDGE('',*,*,#4425,.F.);
#4425 = EDGE_CURVE('',#3194,#1401,#4426,.T.);
#4426 = SURFACE_CURVE('',#4427,(#4431,#4438),.PCURVE_S1.);
#4427 = LINE('',#4428,#4429);
#4428 = CARTESIAN_POINT('',(0.,-3.04,-1.));
#4429 = VECTOR('',#4430,1.);
#4430 = DIRECTION('',(0.,0.,1.));
#4431 = PCURVE('',#1449,#4432);
#4432 = DEFINITIONAL_REPRESENTATION('',(#4433),#4437);
#4433 = LINE('',#4434,#4435);
#4434 = CARTESIAN_POINT('',(0.,1.38));
#4435 = VECTOR('',#4436,1.);
#4436 = DIRECTION('',(1.,0.));
#4437 = ( GEOMETRIC_REPRESENTATION_CONTEXT(2) 
PARAMETRIC_REPRESENTATION_CONTEXT() REPRESENTATION_CONTEXT('2D SPACE',''
  ) );
#4438 = PCURVE('',#1421,#4439);
#4439 = DEFINITIONAL_REPRESENTATION('',(#4440),#4444);
#4440 = LINE('',#4441,#4442);
#4441 = CARTESIAN_POINT('',(-4.712388980385,0.));
#4442 = VECTOR('',#4443,1.);
#4443 = DIRECTION('',(-0.,-1.));
#4444 = ( GEOMETRIC_REPRESENTATION_CONTEXT(2) 
PARAMETRIC_REPRESENTATION_CONTEXT() REPRESENTATION_CONTEXT('2D SPACE',''
  ) );
#4445 = ORIENTED_EDGE('',*,*,#3217,.T.);
#4446 = ORIENTED_EDGE('',*,*,#4401,.T.);
#4447 = ORIENTED_EDGE('',*,*,#1433,.F.);
#4448 = ADVANCED_FACE('',(#4449),#1421,.F.);
#4449 = FACE_BOUND('',#4450,.T.);
#4450 = EDGE_LOOP('',(#4451,#4452,#4473,#4474));
#4451 = ORIENTED_EDGE('',*,*,#1400,.F.);
#4452 = ORIENTED_EDGE('',*,*,#4453,.F.);
#4453 = EDGE_CURVE('',#3171,#1373,#4454,.T.);
#4454 = SURFACE_CURVE('',#4455,(#4459,#4466),.PCURVE_S1.);
#4455 = LINE('',#4456,#4457);
#4456 = CARTESIAN_POINT('',(0.,-2.04,-1.));
#4457 = VECTOR('',#4458,1.);
#4458 = DIRECTION('',(0.,0.,1.));
#4459 = PCURVE('',#1421,#4460);
#4460 = DEFINITIONAL_REPRESENTATION('',(#4461),#4465);
#4461 = LINE('',#4462,#4463);
#4462 = CARTESIAN_POINT('',(-7.853981633974,0.));
#4463 = VECTOR('',#4464,1.);
#4464 = DIRECTION('',(-0.,-1.));
#4465 = ( GEOMETRIC_REPRESENTATION_CONTEXT(2) 
PARAMETRIC_REPRESENTATION_CONTEXT() REPRESENTATION_CONTEXT('2D SPACE',''
  ) );
#4466 = PCURVE('',#1388,#4467);
#4467 = DEFINITIONAL_REPRESENTATION('',(#4468),#4472);
#4468 = LINE('',#4469,#4470);
#4469 = CARTESIAN_POINT('',(0.,1.38));
#4470 = VECTOR('',#4471,1.);
#4471 = DIRECTION('',(1.,0.));
#4472 = ( GEOMETRIC_REPRESENTATION_CONTEXT(2) 
PARAMETRIC_REPRESENTATION_CONTEXT() REPRESENTATION_CONTEXT('2D SPACE',''
  ) );
#4473 = ORIENTED_EDGE('',*,*,#3193,.F.);
#4474 = ORIENTED_EDGE('',*,*,#4425,.T.);
#4475 = ADVANCED_FACE('',(#4476),#1388,.F.);
#4476 = FACE_BOUND('',#4477,.F.);
#4477 = EDGE_LOOP('',(#4478,#4479,#4480,#4501));
#4478 = ORIENTED_EDGE('',*,*,#4453,.F.);
#4479 = ORIENTED_EDGE('',*,*,#3170,.T.);
#4480 = ORIENTED_EDGE('',*,*,#4481,.T.);
#4481 = EDGE_CURVE('',#3148,#1345,#4482,.T.);
#4482 = SURFACE_CURVE('',#4483,(#4487,#4494),.PCURVE_S1.);
#4483 = LINE('',#4484,#4485);
#4484 = CARTESIAN_POINT('',(-1.38,-2.04,-1.));
#4485 = VECTOR('',#4486,1.);
#4486 = DIRECTION('',(0.,0.,1.));
#4487 = PCURVE('',#1388,#4488);
#4488 = DEFINITIONAL_REPRESENTATION('',(#4489),#4493);
#4489 = LINE('',#4490,#4491);
#4490 = CARTESIAN_POINT('',(0.,0.));
#4491 = VECTOR('',#4492,1.);
#4492 = DIRECTION('',(1.,0.));
#4493 = ( GEOMETRIC_REPRESENTATION_CONTEXT(2) 
PARAMETRIC_REPRESENTATION_CONTEXT() REPRESENTATION_CONTEXT('2D SPACE',''
  ) );
#4494 = PCURVE('',#1360,#4495);
#4495 = DEFINITIONAL_REPRESENTATION('',(#4496),#4500);
#4496 = LINE('',#4497,#4498);
#4497 = CARTESIAN_POINT('',(-1.,-18.74));
#4498 = VECTOR('',#4499,1.);
#4499 = DIRECTION('',(1.,0.));
#4500 = ( GEOMETRIC_REPRESENTATION_CONTEXT(2) 
PARAMETRIC_REPRESENTATION_CONTEXT() REPRESENTATION_CONTEXT('2D SPACE',''
  ) );
#4501 = ORIENTED_EDGE('',*,*,#1372,.F.);
#4502 = ADVANCED_FACE('',(#4503),#1360,.F.);
#4503 = FACE_BOUND('',#4504,.F.);
#4504 = EDGE_LOOP('',(#4505,#4506,#4507,#4508));
#4505 = ORIENTED_EDGE('',*,*,#1344,.F.);
#4506 = ORIENTED_EDGE('',*,*,#4481,.F.);
#4507 = ORIENTED_EDGE('',*,*,#3147,.T.);
#4508 = ORIENTED_EDGE('',*,*,#4509,.T.);
#4509 = EDGE_CURVE('',#3125,#1317,#4510,.T.);
#4510 = SURFACE_CURVE('',#4511,(#4515,#4522),.PCURVE_S1.);
#4511 = LINE('',#4512,#4513);
#4512 = CARTESIAN_POINT('',(-1.38,-0.5,-1.));
#4513 = VECTOR('',#4514,1.);
#4514 = DIRECTION('',(0.,0.,1.));
#4515 = PCURVE('',#1360,#4516);
#4516 = DEFINITIONAL_REPRESENTATION('',(#4517),#4521);
#4517 = LINE('',#4518,#4519);
#4518 = CARTESIAN_POINT('',(-1.,-20.28));
#4519 = VECTOR('',#4520,1.);
#4520 = DIRECTION('',(1.,0.));
#4521 = ( GEOMETRIC_REPRESENTATION_CONTEXT(2) 
PARAMETRIC_REPRESENTATION_CONTEXT() REPRESENTATION_CONTEXT('2D SPACE',''
  ) );
#4522 = PCURVE('',#1332,#4523);
#4523 = DEFINITIONAL_REPRESENTATION('',(#4524),#4528);
#4524 = LINE('',#4525,#4526);
#4525 = CARTESIAN_POINT('',(0.,0.));
#4526 = VECTOR('',#4527,1.);
#4527 = DIRECTION('',(1.,0.));
#4528 = ( GEOMETRIC_REPRESENTATION_CONTEXT(2) 
PARAMETRIC_REPRESENTATION_CONTEXT() REPRESENTATION_CONTEXT('2D SPACE',''
  ) );
#4529 = ADVANCED_FACE('',(#4530),#1332,.T.);
#4530 = FACE_BOUND('',#4531,.T.);
#4531 = EDGE_LOOP('',(#4532,#4553,#4554,#4555));
#4532 = ORIENTED_EDGE('',*,*,#4533,.F.);
#4533 = EDGE_CURVE('',#3101,#1284,#4534,.T.);
#4534 = SURFACE_CURVE('',#4535,(#4539,#4546),.PCURVE_S1.);
#4535 = LINE('',#4536,#4537);
#4536 = CARTESIAN_POINT('',(0.,-0.5,-1.));
#4537 = VECTOR('',#4538,1.);
#4538 = DIRECTION('',(0.,0.,1.));
#4539 = PCURVE('',#1332,#4540);
#4540 = DEFINITIONAL_REPRESENTATION('',(#4541),#4545);
#4541 = LINE('',#4542,#4543);
#4542 = CARTESIAN_POINT('',(0.,1.38));
#4543 = VECTOR('',#4544,1.);
#4544 = DIRECTION('',(1.,0.));
#4545 = ( GEOMETRIC_REPRESENTATION_CONTEXT(2) 
PARAMETRIC_REPRESENTATION_CONTEXT() REPRESENTATION_CONTEXT('2D SPACE',''
  ) );
#4546 = PCURVE('',#1304,#4547);
#4547 = DEFINITIONAL_REPRESENTATION('',(#4548),#4552);
#4548 = LINE('',#4549,#4550);
#4549 = CARTESIAN_POINT('',(-4.712388980385,0.));
#4550 = VECTOR('',#4551,1.);
#4551 = DIRECTION('',(-0.,-1.));
#4552 = ( GEOMETRIC_REPRESENTATION_CONTEXT(2) 
PARAMETRIC_REPRESENTATION_CONTEXT() REPRESENTATION_CONTEXT('2D SPACE',''
  ) );
#4553 = ORIENTED_EDGE('',*,*,#3124,.T.);
#4554 = ORIENTED_EDGE('',*,*,#4509,.T.);
#4555 = ORIENTED_EDGE('',*,*,#1316,.F.);
#4556 = ADVANCED_FACE('',(#4557),#1304,.F.);
#4557 = FACE_BOUND('',#4558,.T.);
#4558 = EDGE_LOOP('',(#4559,#4560,#4581,#4582));
#4559 = ORIENTED_EDGE('',*,*,#1283,.F.);
#4560 = ORIENTED_EDGE('',*,*,#4561,.F.);
#4561 = EDGE_CURVE('',#3078,#1256,#4562,.T.);
#4562 = SURFACE_CURVE('',#4563,(#4567,#4574),.PCURVE_S1.);
#4563 = LINE('',#4564,#4565);
#4564 = CARTESIAN_POINT('',(0.,0.5,-1.));
#4565 = VECTOR('',#4566,1.);
#4566 = DIRECTION('',(0.,0.,1.));
#4567 = PCURVE('',#1304,#4568);
#4568 = DEFINITIONAL_REPRESENTATION('',(#4569),#4573);
#4569 = LINE('',#4570,#4571);
#4570 = CARTESIAN_POINT('',(-7.853981633974,0.));
#4571 = VECTOR('',#4572,1.);
#4572 = DIRECTION('',(-0.,-1.));
#4573 = ( GEOMETRIC_REPRESENTATION_CONTEXT(2) 
PARAMETRIC_REPRESENTATION_CONTEXT() REPRESENTATION_CONTEXT('2D SPACE',''
  ) );
#4574 = PCURVE('',#1271,#4575);
#4575 = DEFINITIONAL_REPRESENTATION('',(#4576),#4580);
#4576 = LINE('',#4577,#4578);
#4577 = CARTESIAN_POINT('',(0.,1.38));
#4578 = VECTOR('',#4579,1.);
#4579 = DIRECTION('',(1.,0.));
#4580 = ( GEOMETRIC_REPRESENTATION_CONTEXT(2) 
PARAMETRIC_REPRESENTATION_CONTEXT() REPRESENTATION_CONTEXT('2D SPACE',''
  ) );
#4581 = ORIENTED_EDGE('',*,*,#3100,.F.);
#4582 = ORIENTED_EDGE('',*,*,#4533,.T.);
#4583 = ADVANCED_FACE('',(#4584),#1271,.F.);
#4584 = FACE_BOUND('',#4585,.F.);
#4585 = EDGE_LOOP('',(#4586,#4587,#4588,#4609));
#4586 = ORIENTED_EDGE('',*,*,#4561,.F.);
#4587 = ORIENTED_EDGE('',*,*,#3077,.T.);
#4588 = ORIENTED_EDGE('',*,*,#4589,.T.);
#4589 = EDGE_CURVE('',#3055,#1228,#4590,.T.);
#4590 = SURFACE_CURVE('',#4591,(#4595,#4602),.PCURVE_S1.);
#4591 = LINE('',#4592,#4593);
#4592 = CARTESIAN_POINT('',(-1.38,0.5,-1.));
#4593 = VECTOR('',#4594,1.);
#4594 = DIRECTION('',(0.,0.,1.));
#4595 = PCURVE('',#1271,#4596);
#4596 = DEFINITIONAL_REPRESENTATION('',(#4597),#4601);
#4597 = LINE('',#4598,#4599);
#4598 = CARTESIAN_POINT('',(0.,0.));
#4599 = VECTOR('',#4600,1.);
#4600 = DIRECTION('',(1.,0.));
#4601 = ( GEOMETRIC_REPRESENTATION_CONTEXT(2) 
PARAMETRIC_REPRESENTATION_CONTEXT() REPRESENTATION_CONTEXT('2D SPACE',''
  ) );
#4602 = PCURVE('',#1243,#4603);
#4603 = DEFINITIONAL_REPRESENTATION('',(#4604),#4608);
#4604 = LINE('',#4605,#4606);
#4605 = CARTESIAN_POINT('',(-1.,-21.28));
#4606 = VECTOR('',#4607,1.);
#4607 = DIRECTION('',(1.,0.));
#4608 = ( GEOMETRIC_REPRESENTATION_CONTEXT(2) 
PARAMETRIC_REPRESENTATION_CONTEXT() REPRESENTATION_CONTEXT('2D SPACE',''
  ) );
#4609 = ORIENTED_EDGE('',*,*,#1255,.F.);
#4610 = ADVANCED_FACE('',(#4611),#1243,.F.);
#4611 = FACE_BOUND('',#4612,.F.);
#4612 = EDGE_LOOP('',(#4613,#4614,#4615,#4616));
#4613 = ORIENTED_EDGE('',*,*,#1227,.F.);
#4614 = ORIENTED_EDGE('',*,*,#4589,.F.);
#4615 = ORIENTED_EDGE('',*,*,#3054,.T.);
#4616 = ORIENTED_EDGE('',*,*,#4617,.T.);
#4617 = EDGE_CURVE('',#3032,#1200,#4618,.T.);
#4618 = SURFACE_CURVE('',#4619,(#4623,#4630),.PCURVE_S1.);
#4619 = LINE('',#4620,#4621);
#4620 = CARTESIAN_POINT('',(-1.38,1.74,0.));
#4621 = VECTOR('',#4622,1.);
#4622 = DIRECTION('',(0.,0.,1.));
#4623 = PCURVE('',#1243,#4624);
#4624 = DEFINITIONAL_REPRESENTATION('',(#4625),#4629);
#4625 = LINE('',#4626,#4627);
#4626 = CARTESIAN_POINT('',(0.,-22.52));
#4627 = VECTOR('',#4628,1.);
#4628 = DIRECTION('',(1.,0.));
#4629 = ( GEOMETRIC_REPRESENTATION_CONTEXT(2) 
PARAMETRIC_REPRESENTATION_CONTEXT() REPRESENTATION_CONTEXT('2D SPACE',''
  ) );
#4630 = PCURVE('',#1215,#4631);
#4631 = DEFINITIONAL_REPRESENTATION('',(#4632),#4636);
#4632 = LINE('',#4633,#4634);
#4633 = CARTESIAN_POINT('',(0.,0.));
#4634 = VECTOR('',#4635,1.);
#4635 = DIRECTION('',(1.,0.));
#4636 = ( GEOMETRIC_REPRESENTATION_CONTEXT(2) 
PARAMETRIC_REPRESENTATION_CONTEXT() REPRESENTATION_CONTEXT('2D SPACE',''
  ) );
#4637 = ADVANCED_FACE('',(#4638),#1215,.T.);
#4638 = FACE_BOUND('',#4639,.T.);
#4639 = EDGE_LOOP('',(#4640,#4641,#4642,#4643));
#4640 = ORIENTED_EDGE('',*,*,#3031,.F.);
#4641 = ORIENTED_EDGE('',*,*,#4617,.T.);
#4642 = ORIENTED_EDGE('',*,*,#1199,.T.);
#4643 = ORIENTED_EDGE('',*,*,#4644,.F.);
#4644 = EDGE_CURVE('',#3009,#1172,#4645,.T.);
#4645 = SURFACE_CURVE('',#4646,(#4650,#4657),.PCURVE_S1.);
#4646 = LINE('',#4647,#4648);
#4647 = CARTESIAN_POINT('',(16.62,1.74,0.));
#4648 = VECTOR('',#4649,1.);
#4649 = DIRECTION('',(0.,0.,1.));
#4650 = PCURVE('',#1215,#4651);
#4651 = DEFINITIONAL_REPRESENTATION('',(#4652),#4656);
#4652 = LINE('',#4653,#4654);
#4653 = CARTESIAN_POINT('',(0.,18.));
#4654 = VECTOR('',#4655,1.);
#4655 = DIRECTION('',(1.,0.));
#4656 = ( GEOMETRIC_REPRESENTATION_CONTEXT(2) 
PARAMETRIC_REPRESENTATION_CONTEXT() REPRESENTATION_CONTEXT('2D SPACE',''
  ) );
#4657 = PCURVE('',#1187,#4658);
#4658 = DEFINITIONAL_REPRESENTATION('',(#4659),#4663);
#4659 = LINE('',#4660,#4661);
#4660 = CARTESIAN_POINT('',(0.,-22.52));
#4661 = VECTOR('',#4662,1.);
#4662 = DIRECTION('',(1.,0.));
#4663 = ( GEOMETRIC_REPRESENTATION_CONTEXT(2) 
PARAMETRIC_REPRESENTATION_CONTEXT() REPRESENTATION_CONTEXT('2D SPACE',''
  ) );
#4664 = ADVANCED_FACE('',(#4665),#1187,.T.);
#4665 = FACE_BOUND('',#4666,.T.);
#4666 = EDGE_LOOP('',(#4667,#4668,#4689,#4690));
#4667 = ORIENTED_EDGE('',*,*,#1171,.F.);
#4668 = ORIENTED_EDGE('',*,*,#4669,.F.);
#4669 = EDGE_CURVE('',#2986,#1144,#4670,.T.);
#4670 = SURFACE_CURVE('',#4671,(#4675,#4682),.PCURVE_S1.);
#4671 = LINE('',#4672,#4673);
#4672 = CARTESIAN_POINT('',(16.62,0.5,-1.));
#4673 = VECTOR('',#4674,1.);
#4674 = DIRECTION('',(0.,0.,1.));
#4675 = PCURVE('',#1187,#4676);
#4676 = DEFINITIONAL_REPRESENTATION('',(#4677),#4681);
#4677 = LINE('',#4678,#4679);
#4678 = CARTESIAN_POINT('',(-1.,-21.28));
#4679 = VECTOR('',#4680,1.);
#4680 = DIRECTION('',(1.,0.));
#4681 = ( GEOMETRIC_REPRESENTATION_CONTEXT(2) 
PARAMETRIC_REPRESENTATION_CONTEXT() REPRESENTATION_CONTEXT('2D SPACE',''
  ) );
#4682 = PCURVE('',#1159,#4683);
#4683 = DEFINITIONAL_REPRESENTATION('',(#4684),#4688);
#4684 = LINE('',#4685,#4686);
#4685 = CARTESIAN_POINT('',(0.,1.38));
#4686 = VECTOR('',#4687,1.);
#4687 = DIRECTION('',(1.,0.));
#4688 = ( GEOMETRIC_REPRESENTATION_CONTEXT(2) 
PARAMETRIC_REPRESENTATION_CONTEXT() REPRESENTATION_CONTEXT('2D SPACE',''
  ) );
#4689 = ORIENTED_EDGE('',*,*,#3008,.T.);
#4690 = ORIENTED_EDGE('',*,*,#4644,.T.);
#4691 = ADVANCED_FACE('',(#4692),#1159,.F.);
#4692 = FACE_BOUND('',#4693,.F.);
#4693 = EDGE_LOOP('',(#4694,#4695,#4696,#4717));
#4694 = ORIENTED_EDGE('',*,*,#4669,.F.);
#4695 = ORIENTED_EDGE('',*,*,#2985,.T.);
#4696 = ORIENTED_EDGE('',*,*,#4697,.T.);
#4697 = EDGE_CURVE('',#2958,#1111,#4698,.T.);
#4698 = SURFACE_CURVE('',#4699,(#4703,#4710),.PCURVE_S1.);
#4699 = LINE('',#4700,#4701);
#4700 = CARTESIAN_POINT('',(15.24,0.5,-1.));
#4701 = VECTOR('',#4702,1.);
#4702 = DIRECTION('',(0.,0.,1.));
#4703 = PCURVE('',#1159,#4704);
#4704 = DEFINITIONAL_REPRESENTATION('',(#4705),#4709);
#4705 = LINE('',#4706,#4707);
#4706 = CARTESIAN_POINT('',(0.,0.));
#4707 = VECTOR('',#4708,1.);
#4708 = DIRECTION('',(1.,0.));
#4709 = ( GEOMETRIC_REPRESENTATION_CONTEXT(2) 
PARAMETRIC_REPRESENTATION_CONTEXT() REPRESENTATION_CONTEXT('2D SPACE',''
  ) );
#4710 = PCURVE('',#1131,#4711);
#4711 = DEFINITIONAL_REPRESENTATION('',(#4712),#4716);
#4712 = LINE('',#4713,#4714);
#4713 = CARTESIAN_POINT('',(-1.570796326795,0.));
#4714 = VECTOR('',#4715,1.);
#4715 = DIRECTION('',(-0.,-1.));
#4716 = ( GEOMETRIC_REPRESENTATION_CONTEXT(2) 
PARAMETRIC_REPRESENTATION_CONTEXT() REPRESENTATION_CONTEXT('2D SPACE',''
  ) );
#4717 = ORIENTED_EDGE('',*,*,#1143,.F.);
#4718 = ADVANCED_FACE('',(#4719),#1131,.F.);
#4719 = FACE_BOUND('',#4720,.T.);
#4720 = EDGE_LOOP('',(#4721,#4742,#4743,#4744));
#4721 = ORIENTED_EDGE('',*,*,#4722,.F.);
#4722 = EDGE_CURVE('',#2935,#1083,#4723,.T.);
#4723 = SURFACE_CURVE('',#4724,(#4728,#4735),.PCURVE_S1.);
#4724 = LINE('',#4725,#4726);
#4725 = CARTESIAN_POINT('',(15.24,-0.5,-1.));
#4726 = VECTOR('',#4727,1.);
#4727 = DIRECTION('',(0.,0.,1.));
#4728 = PCURVE('',#1131,#4729);
#4729 = DEFINITIONAL_REPRESENTATION('',(#4730),#4734);
#4730 = LINE('',#4731,#4732);
#4731 = CARTESIAN_POINT('',(-4.712388980385,0.));
#4732 = VECTOR('',#4733,1.);
#4733 = DIRECTION('',(-0.,-1.));
#4734 = ( GEOMETRIC_REPRESENTATION_CONTEXT(2) 
PARAMETRIC_REPRESENTATION_CONTEXT() REPRESENTATION_CONTEXT('2D SPACE',''
  ) );
#4735 = PCURVE('',#1098,#4736);
#4736 = DEFINITIONAL_REPRESENTATION('',(#4737),#4741);
#4737 = LINE('',#4738,#4739);
#4738 = CARTESIAN_POINT('',(0.,0.));
#4739 = VECTOR('',#4740,1.);
#4740 = DIRECTION('',(1.,0.));
#4741 = ( GEOMETRIC_REPRESENTATION_CONTEXT(2) 
PARAMETRIC_REPRESENTATION_CONTEXT() REPRESENTATION_CONTEXT('2D SPACE',''
  ) );
#4742 = ORIENTED_EDGE('',*,*,#2957,.T.);
#4743 = ORIENTED_EDGE('',*,*,#4697,.T.);
#4744 = ORIENTED_EDGE('',*,*,#1110,.F.);
#4745 = ADVANCED_FACE('',(#4746),#1098,.T.);
#4746 = FACE_BOUND('',#4747,.T.);
#4747 = EDGE_LOOP('',(#4748,#4769,#4770,#4771));
#4748 = ORIENTED_EDGE('',*,*,#4749,.F.);
#4749 = EDGE_CURVE('',#2912,#1055,#4750,.T.);
#4750 = SURFACE_CURVE('',#4751,(#4755,#4762),.PCURVE_S1.);
#4751 = LINE('',#4752,#4753);
#4752 = CARTESIAN_POINT('',(16.62,-0.5,-1.));
#4753 = VECTOR('',#4754,1.);
#4754 = DIRECTION('',(0.,0.,1.));
#4755 = PCURVE('',#1098,#4756);
#4756 = DEFINITIONAL_REPRESENTATION('',(#4757),#4761);
#4757 = LINE('',#4758,#4759);
#4758 = CARTESIAN_POINT('',(0.,1.38));
#4759 = VECTOR('',#4760,1.);
#4760 = DIRECTION('',(1.,0.));
#4761 = ( GEOMETRIC_REPRESENTATION_CONTEXT(2) 
PARAMETRIC_REPRESENTATION_CONTEXT() REPRESENTATION_CONTEXT('2D SPACE',''
  ) );
#4762 = PCURVE('',#1070,#4763);
#4763 = DEFINITIONAL_REPRESENTATION('',(#4764),#4768);
#4764 = LINE('',#4765,#4766);
#4765 = CARTESIAN_POINT('',(-1.,-20.28));
#4766 = VECTOR('',#4767,1.);
#4767 = DIRECTION('',(1.,0.));
#4768 = ( GEOMETRIC_REPRESENTATION_CONTEXT(2) 
PARAMETRIC_REPRESENTATION_CONTEXT() REPRESENTATION_CONTEXT('2D SPACE',''
  ) );
#4769 = ORIENTED_EDGE('',*,*,#2934,.T.);
#4770 = ORIENTED_EDGE('',*,*,#4722,.T.);
#4771 = ORIENTED_EDGE('',*,*,#1082,.F.);
#4772 = ADVANCED_FACE('',(#4773),#1070,.T.);
#4773 = FACE_BOUND('',#4774,.T.);
#4774 = EDGE_LOOP('',(#4775,#4776,#4797,#4798));
#4775 = ORIENTED_EDGE('',*,*,#1054,.F.);
#4776 = ORIENTED_EDGE('',*,*,#4777,.F.);
#4777 = EDGE_CURVE('',#2889,#1027,#4778,.T.);
#4778 = SURFACE_CURVE('',#4779,(#4783,#4790),.PCURVE_S1.);
#4779 = LINE('',#4780,#4781);
#4780 = CARTESIAN_POINT('',(16.62,-2.04,-1.));
#4781 = VECTOR('',#4782,1.);
#4782 = DIRECTION('',(0.,0.,1.));
#4783 = PCURVE('',#1070,#4784);
#4784 = DEFINITIONAL_REPRESENTATION('',(#4785),#4789);
#4785 = LINE('',#4786,#4787);
#4786 = CARTESIAN_POINT('',(-1.,-18.74));
#4787 = VECTOR('',#4788,1.);
#4788 = DIRECTION('',(1.,0.));
#4789 = ( GEOMETRIC_REPRESENTATION_CONTEXT(2) 
PARAMETRIC_REPRESENTATION_CONTEXT() REPRESENTATION_CONTEXT('2D SPACE',''
  ) );
#4790 = PCURVE('',#1042,#4791);
#4791 = DEFINITIONAL_REPRESENTATION('',(#4792),#4796);
#4792 = LINE('',#4793,#4794);
#4793 = CARTESIAN_POINT('',(0.,1.38));
#4794 = VECTOR('',#4795,1.);
#4795 = DIRECTION('',(1.,0.));
#4796 = ( GEOMETRIC_REPRESENTATION_CONTEXT(2) 
PARAMETRIC_REPRESENTATION_CONTEXT() REPRESENTATION_CONTEXT('2D SPACE',''
  ) );
#4797 = ORIENTED_EDGE('',*,*,#2911,.T.);
#4798 = ORIENTED_EDGE('',*,*,#4749,.T.);
#4799 = ADVANCED_FACE('',(#4800),#1042,.F.);
#4800 = FACE_BOUND('',#4801,.F.);
#4801 = EDGE_LOOP('',(#4802,#4803,#4804,#4825));
#4802 = ORIENTED_EDGE('',*,*,#4777,.F.);
#4803 = ORIENTED_EDGE('',*,*,#2888,.T.);
#4804 = ORIENTED_EDGE('',*,*,#4805,.T.);
#4805 = EDGE_CURVE('',#2861,#994,#4806,.T.);
#4806 = SURFACE_CURVE('',#4807,(#4811,#4818),.PCURVE_S1.);
#4807 = LINE('',#4808,#4809);
#4808 = CARTESIAN_POINT('',(15.24,-2.04,-1.));
#4809 = VECTOR('',#4810,1.);
#4810 = DIRECTION('',(0.,0.,1.));
#4811 = PCURVE('',#1042,#4812);
#4812 = DEFINITIONAL_REPRESENTATION('',(#4813),#4817);
#4813 = LINE('',#4814,#4815);
#4814 = CARTESIAN_POINT('',(0.,0.));
#4815 = VECTOR('',#4816,1.);
#4816 = DIRECTION('',(1.,0.));
#4817 = ( GEOMETRIC_REPRESENTATION_CONTEXT(2) 
PARAMETRIC_REPRESENTATION_CONTEXT() REPRESENTATION_CONTEXT('2D SPACE',''
  ) );
#4818 = PCURVE('',#1014,#4819);
#4819 = DEFINITIONAL_REPRESENTATION('',(#4820),#4824);
#4820 = LINE('',#4821,#4822);
#4821 = CARTESIAN_POINT('',(-1.570796326795,0.));
#4822 = VECTOR('',#4823,1.);
#4823 = DIRECTION('',(-0.,-1.));
#4824 = ( GEOMETRIC_REPRESENTATION_CONTEXT(2) 
PARAMETRIC_REPRESENTATION_CONTEXT() REPRESENTATION_CONTEXT('2D SPACE',''
  ) );
#4825 = ORIENTED_EDGE('',*,*,#1026,.F.);
#4826 = ADVANCED_FACE('',(#4827),#1014,.F.);
#4827 = FACE_BOUND('',#4828,.T.);
#4828 = EDGE_LOOP('',(#4829,#4850,#4851,#4852));
#4829 = ORIENTED_EDGE('',*,*,#4830,.F.);
#4830 = EDGE_CURVE('',#2838,#966,#4831,.T.);
#4831 = SURFACE_CURVE('',#4832,(#4836,#4843),.PCURVE_S1.);
#4832 = LINE('',#4833,#4834);
#4833 = CARTESIAN_POINT('',(15.24,-3.04,-1.));
#4834 = VECTOR('',#4835,1.);
#4835 = DIRECTION('',(0.,0.,1.));
#4836 = PCURVE('',#1014,#4837);
#4837 = DEFINITIONAL_REPRESENTATION('',(#4838),#4842);
#4838 = LINE('',#4839,#4840);
#4839 = CARTESIAN_POINT('',(-4.712388980385,0.));
#4840 = VECTOR('',#4841,1.);
#4841 = DIRECTION('',(-0.,-1.));
#4842 = ( GEOMETRIC_REPRESENTATION_CONTEXT(2) 
PARAMETRIC_REPRESENTATION_CONTEXT() REPRESENTATION_CONTEXT('2D SPACE',''
  ) );
#4843 = PCURVE('',#981,#4844);
#4844 = DEFINITIONAL_REPRESENTATION('',(#4845),#4849);
#4845 = LINE('',#4846,#4847);
#4846 = CARTESIAN_POINT('',(0.,0.));
#4847 = VECTOR('',#4848,1.);
#4848 = DIRECTION('',(1.,0.));
#4849 = ( GEOMETRIC_REPRESENTATION_CONTEXT(2) 
PARAMETRIC_REPRESENTATION_CONTEXT() REPRESENTATION_CONTEXT('2D SPACE',''
  ) );
#4850 = ORIENTED_EDGE('',*,*,#2860,.T.);
#4851 = ORIENTED_EDGE('',*,*,#4805,.T.);
#4852 = ORIENTED_EDGE('',*,*,#993,.F.);
#4853 = ADVANCED_FACE('',(#4854),#981,.T.);
#4854 = FACE_BOUND('',#4855,.T.);
#4855 = EDGE_LOOP('',(#4856,#4877,#4878,#4879));
#4856 = ORIENTED_EDGE('',*,*,#4857,.F.);
#4857 = EDGE_CURVE('',#2815,#938,#4858,.T.);
#4858 = SURFACE_CURVE('',#4859,(#4863,#4870),.PCURVE_S1.);
#4859 = LINE('',#4860,#4861);
#4860 = CARTESIAN_POINT('',(16.62,-3.04,-1.));
#4861 = VECTOR('',#4862,1.);
#4862 = DIRECTION('',(0.,0.,1.));
#4863 = PCURVE('',#981,#4864);
#4864 = DEFINITIONAL_REPRESENTATION('',(#4865),#4869);
#4865 = LINE('',#4866,#4867);
#4866 = CARTESIAN_POINT('',(0.,1.38));
#4867 = VECTOR('',#4868,1.);
#4868 = DIRECTION('',(1.,0.));
#4869 = ( GEOMETRIC_REPRESENTATION_CONTEXT(2) 
PARAMETRIC_REPRESENTATION_CONTEXT() REPRESENTATION_CONTEXT('2D SPACE',''
  ) );
#4870 = PCURVE('',#953,#4871);
#4871 = DEFINITIONAL_REPRESENTATION('',(#4872),#4876);
#4872 = LINE('',#4873,#4874);
#4873 = CARTESIAN_POINT('',(-1.,-17.74));
#4874 = VECTOR('',#4875,1.);
#4875 = DIRECTION('',(1.,0.));
#4876 = ( GEOMETRIC_REPRESENTATION_CONTEXT(2) 
PARAMETRIC_REPRESENTATION_CONTEXT() REPRESENTATION_CONTEXT('2D SPACE',''
  ) );
#4877 = ORIENTED_EDGE('',*,*,#2837,.T.);
#4878 = ORIENTED_EDGE('',*,*,#4830,.T.);
#4879 = ORIENTED_EDGE('',*,*,#965,.F.);
#4880 = ADVANCED_FACE('',(#4881),#953,.T.);
#4881 = FACE_BOUND('',#4882,.T.);
#4882 = EDGE_LOOP('',(#4883,#4884,#4905,#4906));
#4883 = ORIENTED_EDGE('',*,*,#937,.F.);
#4884 = ORIENTED_EDGE('',*,*,#4885,.F.);
#4885 = EDGE_CURVE('',#2792,#910,#4886,.T.);
#4886 = SURFACE_CURVE('',#4887,(#4891,#4898),.PCURVE_S1.);
#4887 = LINE('',#4888,#4889);
#4888 = CARTESIAN_POINT('',(16.62,-4.58,-1.));
#4889 = VECTOR('',#4890,1.);
#4890 = DIRECTION('',(0.,0.,1.));
#4891 = PCURVE('',#953,#4892);
#4892 = DEFINITIONAL_REPRESENTATION('',(#4893),#4897);
#4893 = LINE('',#4894,#4895);
#4894 = CARTESIAN_POINT('',(-1.,-16.2));
#4895 = VECTOR('',#4896,1.);
#4896 = DIRECTION('',(1.,0.));
#4897 = ( GEOMETRIC_REPRESENTATION_CONTEXT(2) 
PARAMETRIC_REPRESENTATION_CONTEXT() REPRESENTATION_CONTEXT('2D SPACE',''
  ) );
#4898 = PCURVE('',#925,#4899);
#4899 = DEFINITIONAL_REPRESENTATION('',(#4900),#4904);
#4900 = LINE('',#4901,#4902);
#4901 = CARTESIAN_POINT('',(0.,1.38));
#4902 = VECTOR('',#4903,1.);
#4903 = DIRECTION('',(1.,0.));
#4904 = ( GEOMETRIC_REPRESENTATION_CONTEXT(2) 
PARAMETRIC_REPRESENTATION_CONTEXT() REPRESENTATION_CONTEXT('2D SPACE',''
  ) );
#4905 = ORIENTED_EDGE('',*,*,#2814,.T.);
#4906 = ORIENTED_EDGE('',*,*,#4857,.T.);
#4907 = ADVANCED_FACE('',(#4908),#925,.F.);
#4908 = FACE_BOUND('',#4909,.F.);
#4909 = EDGE_LOOP('',(#4910,#4911,#4912,#4933));
#4910 = ORIENTED_EDGE('',*,*,#4885,.F.);
#4911 = ORIENTED_EDGE('',*,*,#2791,.T.);
#4912 = ORIENTED_EDGE('',*,*,#4913,.T.);
#4913 = EDGE_CURVE('',#2764,#877,#4914,.T.);
#4914 = SURFACE_CURVE('',#4915,(#4919,#4926),.PCURVE_S1.);
#4915 = LINE('',#4916,#4917);
#4916 = CARTESIAN_POINT('',(15.24,-4.58,-1.));
#4917 = VECTOR('',#4918,1.);
#4918 = DIRECTION('',(0.,0.,1.));
#4919 = PCURVE('',#925,#4920);
#4920 = DEFINITIONAL_REPRESENTATION('',(#4921),#4925);
#4921 = LINE('',#4922,#4923);
#4922 = CARTESIAN_POINT('',(0.,0.));
#4923 = VECTOR('',#4924,1.);
#4924 = DIRECTION('',(1.,0.));
#4925 = ( GEOMETRIC_REPRESENTATION_CONTEXT(2) 
PARAMETRIC_REPRESENTATION_CONTEXT() REPRESENTATION_CONTEXT('2D SPACE',''
  ) );
#4926 = PCURVE('',#897,#4927);
#4927 = DEFINITIONAL_REPRESENTATION('',(#4928),#4932);
#4928 = LINE('',#4929,#4930);
#4929 = CARTESIAN_POINT('',(-1.570796326795,0.));
#4930 = VECTOR('',#4931,1.);
#4931 = DIRECTION('',(-0.,-1.));
#4932 = ( GEOMETRIC_REPRESENTATION_CONTEXT(2) 
PARAMETRIC_REPRESENTATION_CONTEXT() REPRESENTATION_CONTEXT('2D SPACE',''
  ) );
#4933 = ORIENTED_EDGE('',*,*,#909,.F.);
#4934 = ADVANCED_FACE('',(#4935),#897,.F.);
#4935 = FACE_BOUND('',#4936,.T.);
#4936 = EDGE_LOOP('',(#4937,#4958,#4959,#4960));
#4937 = ORIENTED_EDGE('',*,*,#4938,.F.);
#4938 = EDGE_CURVE('',#2741,#849,#4939,.T.);
#4939 = SURFACE_CURVE('',#4940,(#4944,#4951),.PCURVE_S1.);
#4940 = LINE('',#4941,#4942);
#4941 = CARTESIAN_POINT('',(15.24,-5.58,-1.));
#4942 = VECTOR('',#4943,1.);
#4943 = DIRECTION('',(0.,0.,1.));
#4944 = PCURVE('',#897,#4945);
#4945 = DEFINITIONAL_REPRESENTATION('',(#4946),#4950);
#4946 = LINE('',#4947,#4948);
#4947 = CARTESIAN_POINT('',(-4.712388980385,0.));
#4948 = VECTOR('',#4949,1.);
#4949 = DIRECTION('',(-0.,-1.));
#4950 = ( GEOMETRIC_REPRESENTATION_CONTEXT(2) 
PARAMETRIC_REPRESENTATION_CONTEXT() REPRESENTATION_CONTEXT('2D SPACE',''
  ) );
#4951 = PCURVE('',#864,#4952);
#4952 = DEFINITIONAL_REPRESENTATION('',(#4953),#4957);
#4953 = LINE('',#4954,#4955);
#4954 = CARTESIAN_POINT('',(0.,0.));
#4955 = VECTOR('',#4956,1.);
#4956 = DIRECTION('',(1.,0.));
#4957 = ( GEOMETRIC_REPRESENTATION_CONTEXT(2) 
PARAMETRIC_REPRESENTATION_CONTEXT() REPRESENTATION_CONTEXT('2D SPACE',''
  ) );
#4958 = ORIENTED_EDGE('',*,*,#2763,.T.);
#4959 = ORIENTED_EDGE('',*,*,#4913,.T.);
#4960 = ORIENTED_EDGE('',*,*,#876,.F.);
#4961 = ADVANCED_FACE('',(#4962),#864,.T.);
#4962 = FACE_BOUND('',#4963,.T.);
#4963 = EDGE_LOOP('',(#4964,#4985,#4986,#4987));
#4964 = ORIENTED_EDGE('',*,*,#4965,.F.);
#4965 = EDGE_CURVE('',#2718,#821,#4966,.T.);
#4966 = SURFACE_CURVE('',#4967,(#4971,#4978),.PCURVE_S1.);
#4967 = LINE('',#4968,#4969);
#4968 = CARTESIAN_POINT('',(16.62,-5.58,-1.));
#4969 = VECTOR('',#4970,1.);
#4970 = DIRECTION('',(0.,0.,1.));
#4971 = PCURVE('',#864,#4972);
#4972 = DEFINITIONAL_REPRESENTATION('',(#4973),#4977);
#4973 = LINE('',#4974,#4975);
#4974 = CARTESIAN_POINT('',(0.,1.38));
#4975 = VECTOR('',#4976,1.);
#4976 = DIRECTION('',(1.,0.));
#4977 = ( GEOMETRIC_REPRESENTATION_CONTEXT(2) 
PARAMETRIC_REPRESENTATION_CONTEXT() REPRESENTATION_CONTEXT('2D SPACE',''
  ) );
#4978 = PCURVE('',#836,#4979);
#4979 = DEFINITIONAL_REPRESENTATION('',(#4980),#4984);
#4980 = LINE('',#4981,#4982);
#4981 = CARTESIAN_POINT('',(-1.,-15.2));
#4982 = VECTOR('',#4983,1.);
#4983 = DIRECTION('',(1.,0.));
#4984 = ( GEOMETRIC_REPRESENTATION_CONTEXT(2) 
PARAMETRIC_REPRESENTATION_CONTEXT() REPRESENTATION_CONTEXT('2D SPACE',''
  ) );
#4985 = ORIENTED_EDGE('',*,*,#2740,.T.);
#4986 = ORIENTED_EDGE('',*,*,#4938,.T.);
#4987 = ORIENTED_EDGE('',*,*,#848,.F.);
#4988 = ADVANCED_FACE('',(#4989),#836,.T.);
#4989 = FACE_BOUND('',#4990,.T.);
#4990 = EDGE_LOOP('',(#4991,#4992,#5013,#5014));
#4991 = ORIENTED_EDGE('',*,*,#820,.F.);
#4992 = ORIENTED_EDGE('',*,*,#4993,.F.);
#4993 = EDGE_CURVE('',#2695,#793,#4994,.T.);
#4994 = SURFACE_CURVE('',#4995,(#4999,#5006),.PCURVE_S1.);
#4995 = LINE('',#4996,#4997);
#4996 = CARTESIAN_POINT('',(16.62,-7.12,-1.));
#4997 = VECTOR('',#4998,1.);
#4998 = DIRECTION('',(0.,0.,1.));
#4999 = PCURVE('',#836,#5000);
#5000 = DEFINITIONAL_REPRESENTATION('',(#5001),#5005);
#5001 = LINE('',#5002,#5003);
#5002 = CARTESIAN_POINT('',(-1.,-13.66));
#5003 = VECTOR('',#5004,1.);
#5004 = DIRECTION('',(1.,0.));
#5005 = ( GEOMETRIC_REPRESENTATION_CONTEXT(2) 
PARAMETRIC_REPRESENTATION_CONTEXT() REPRESENTATION_CONTEXT('2D SPACE',''
  ) );
#5006 = PCURVE('',#808,#5007);
#5007 = DEFINITIONAL_REPRESENTATION('',(#5008),#5012);
#5008 = LINE('',#5009,#5010);
#5009 = CARTESIAN_POINT('',(0.,1.38));
#5010 = VECTOR('',#5011,1.);
#5011 = DIRECTION('',(1.,0.));
#5012 = ( GEOMETRIC_REPRESENTATION_CONTEXT(2) 
PARAMETRIC_REPRESENTATION_CONTEXT() REPRESENTATION_CONTEXT('2D SPACE',''
  ) );
#5013 = ORIENTED_EDGE('',*,*,#2717,.T.);
#5014 = ORIENTED_EDGE('',*,*,#4965,.T.);
#5015 = ADVANCED_FACE('',(#5016),#808,.F.);
#5016 = FACE_BOUND('',#5017,.F.);
#5017 = EDGE_LOOP('',(#5018,#5019,#5020,#5041));
#5018 = ORIENTED_EDGE('',*,*,#4993,.F.);
#5019 = ORIENTED_EDGE('',*,*,#2694,.T.);
#5020 = ORIENTED_EDGE('',*,*,#5021,.T.);
#5021 = EDGE_CURVE('',#2667,#760,#5022,.T.);
#5022 = SURFACE_CURVE('',#5023,(#5027,#5034),.PCURVE_S1.);
#5023 = LINE('',#5024,#5025);
#5024 = CARTESIAN_POINT('',(15.24,-7.12,-1.));
#5025 = VECTOR('',#5026,1.);
#5026 = DIRECTION('',(0.,0.,1.));
#5027 = PCURVE('',#808,#5028);
#5028 = DEFINITIONAL_REPRESENTATION('',(#5029),#5033);
#5029 = LINE('',#5030,#5031);
#5030 = CARTESIAN_POINT('',(0.,0.));
#5031 = VECTOR('',#5032,1.);
#5032 = DIRECTION('',(1.,0.));
#5033 = ( GEOMETRIC_REPRESENTATION_CONTEXT(2) 
PARAMETRIC_REPRESENTATION_CONTEXT() REPRESENTATION_CONTEXT('2D SPACE',''
  ) );
#5034 = PCURVE('',#780,#5035);
#5035 = DEFINITIONAL_REPRESENTATION('',(#5036),#5040);
#5036 = LINE('',#5037,#5038);
#5037 = CARTESIAN_POINT('',(-1.570796326795,0.));
#5038 = VECTOR('',#5039,1.);
#5039 = DIRECTION('',(-0.,-1.));
#5040 = ( GEOMETRIC_REPRESENTATION_CONTEXT(2) 
PARAMETRIC_REPRESENTATION_CONTEXT() REPRESENTATION_CONTEXT('2D SPACE',''
  ) );
#5041 = ORIENTED_EDGE('',*,*,#792,.F.);
#5042 = ADVANCED_FACE('',(#5043),#780,.F.);
#5043 = FACE_BOUND('',#5044,.T.);
#5044 = EDGE_LOOP('',(#5045,#5066,#5067,#5068));
#5045 = ORIENTED_EDGE('',*,*,#5046,.F.);
#5046 = EDGE_CURVE('',#2644,#732,#5047,.T.);
#5047 = SURFACE_CURVE('',#5048,(#5052,#5059),.PCURVE_S1.);
#5048 = LINE('',#5049,#5050);
#5049 = CARTESIAN_POINT('',(15.24,-8.12,-1.));
#5050 = VECTOR('',#5051,1.);
#5051 = DIRECTION('',(0.,0.,1.));
#5052 = PCURVE('',#780,#5053);
#5053 = DEFINITIONAL_REPRESENTATION('',(#5054),#5058);
#5054 = LINE('',#5055,#5056);
#5055 = CARTESIAN_POINT('',(-4.712388980385,0.));
#5056 = VECTOR('',#5057,1.);
#5057 = DIRECTION('',(-0.,-1.));
#5058 = ( GEOMETRIC_REPRESENTATION_CONTEXT(2) 
PARAMETRIC_REPRESENTATION_CONTEXT() REPRESENTATION_CONTEXT('2D SPACE',''
  ) );
#5059 = PCURVE('',#747,#5060);
#5060 = DEFINITIONAL_REPRESENTATION('',(#5061),#5065);
#5061 = LINE('',#5062,#5063);
#5062 = CARTESIAN_POINT('',(0.,0.));
#5063 = VECTOR('',#5064,1.);
#5064 = DIRECTION('',(1.,0.));
#5065 = ( GEOMETRIC_REPRESENTATION_CONTEXT(2) 
PARAMETRIC_REPRESENTATION_CONTEXT() REPRESENTATION_CONTEXT('2D SPACE',''
  ) );
#5066 = ORIENTED_EDGE('',*,*,#2666,.T.);
#5067 = ORIENTED_EDGE('',*,*,#5021,.T.);
#5068 = ORIENTED_EDGE('',*,*,#759,.F.);
#5069 = ADVANCED_FACE('',(#5070),#747,.T.);
#5070 = FACE_BOUND('',#5071,.T.);
#5071 = EDGE_LOOP('',(#5072,#5093,#5094,#5095));
#5072 = ORIENTED_EDGE('',*,*,#5073,.F.);
#5073 = EDGE_CURVE('',#2621,#704,#5074,.T.);
#5074 = SURFACE_CURVE('',#5075,(#5079,#5086),.PCURVE_S1.);
#5075 = LINE('',#5076,#5077);
#5076 = CARTESIAN_POINT('',(16.62,-8.12,-1.));
#5077 = VECTOR('',#5078,1.);
#5078 = DIRECTION('',(0.,0.,1.));
#5079 = PCURVE('',#747,#5080);
#5080 = DEFINITIONAL_REPRESENTATION('',(#5081),#5085);
#5081 = LINE('',#5082,#5083);
#5082 = CARTESIAN_POINT('',(0.,1.38));
#5083 = VECTOR('',#5084,1.);
#5084 = DIRECTION('',(1.,0.));
#5085 = ( GEOMETRIC_REPRESENTATION_CONTEXT(2) 
PARAMETRIC_REPRESENTATION_CONTEXT() REPRESENTATION_CONTEXT('2D SPACE',''
  ) );
#5086 = PCURVE('',#719,#5087);
#5087 = DEFINITIONAL_REPRESENTATION('',(#5088),#5092);
#5088 = LINE('',#5089,#5090);
#5089 = CARTESIAN_POINT('',(-1.,-12.66));
#5090 = VECTOR('',#5091,1.);
#5091 = DIRECTION('',(1.,0.));
#5092 = ( GEOMETRIC_REPRESENTATION_CONTEXT(2) 
PARAMETRIC_REPRESENTATION_CONTEXT() REPRESENTATION_CONTEXT('2D SPACE',''
  ) );
#5093 = ORIENTED_EDGE('',*,*,#2643,.T.);
#5094 = ORIENTED_EDGE('',*,*,#5046,.T.);
#5095 = ORIENTED_EDGE('',*,*,#731,.F.);
#5096 = ADVANCED_FACE('',(#5097),#719,.T.);
#5097 = FACE_BOUND('',#5098,.T.);
#5098 = EDGE_LOOP('',(#5099,#5100,#5121,#5122));
#5099 = ORIENTED_EDGE('',*,*,#703,.F.);
#5100 = ORIENTED_EDGE('',*,*,#5101,.F.);
#5101 = EDGE_CURVE('',#2598,#676,#5102,.T.);
#5102 = SURFACE_CURVE('',#5103,(#5107,#5114),.PCURVE_S1.);
#5103 = LINE('',#5104,#5105);
#5104 = CARTESIAN_POINT('',(16.62,-9.66,-1.));
#5105 = VECTOR('',#5106,1.);
#5106 = DIRECTION('',(0.,0.,1.));
#5107 = PCURVE('',#719,#5108);
#5108 = DEFINITIONAL_REPRESENTATION('',(#5109),#5113);
#5109 = LINE('',#5110,#5111);
#5110 = CARTESIAN_POINT('',(-1.,-11.12));
#5111 = VECTOR('',#5112,1.);
#5112 = DIRECTION('',(1.,0.));
#5113 = ( GEOMETRIC_REPRESENTATION_CONTEXT(2) 
PARAMETRIC_REPRESENTATION_CONTEXT() REPRESENTATION_CONTEXT('2D SPACE',''
  ) );
#5114 = PCURVE('',#691,#5115);
#5115 = DEFINITIONAL_REPRESENTATION('',(#5116),#5120);
#5116 = LINE('',#5117,#5118);
#5117 = CARTESIAN_POINT('',(0.,1.38));
#5118 = VECTOR('',#5119,1.);
#5119 = DIRECTION('',(1.,0.));
#5120 = ( GEOMETRIC_REPRESENTATION_CONTEXT(2) 
PARAMETRIC_REPRESENTATION_CONTEXT() REPRESENTATION_CONTEXT('2D SPACE',''
  ) );
#5121 = ORIENTED_EDGE('',*,*,#2620,.T.);
#5122 = ORIENTED_EDGE('',*,*,#5073,.T.);
#5123 = ADVANCED_FACE('',(#5124),#691,.F.);
#5124 = FACE_BOUND('',#5125,.F.);
#5125 = EDGE_LOOP('',(#5126,#5127,#5128,#5149));
#5126 = ORIENTED_EDGE('',*,*,#5101,.F.);
#5127 = ORIENTED_EDGE('',*,*,#2597,.T.);
#5128 = ORIENTED_EDGE('',*,*,#5129,.T.);
#5129 = EDGE_CURVE('',#2570,#643,#5130,.T.);
#5130 = SURFACE_CURVE('',#5131,(#5135,#5142),.PCURVE_S1.);
#5131 = LINE('',#5132,#5133);
#5132 = CARTESIAN_POINT('',(15.24,-9.66,-1.));
#5133 = VECTOR('',#5134,1.);
#5134 = DIRECTION('',(0.,0.,1.));
#5135 = PCURVE('',#691,#5136);
#5136 = DEFINITIONAL_REPRESENTATION('',(#5137),#5141);
#5137 = LINE('',#5138,#5139);
#5138 = CARTESIAN_POINT('',(0.,0.));
#5139 = VECTOR('',#5140,1.);
#5140 = DIRECTION('',(1.,0.));
#5141 = ( GEOMETRIC_REPRESENTATION_CONTEXT(2) 
PARAMETRIC_REPRESENTATION_CONTEXT() REPRESENTATION_CONTEXT('2D SPACE',''
  ) );
#5142 = PCURVE('',#663,#5143);
#5143 = DEFINITIONAL_REPRESENTATION('',(#5144),#5148);
#5144 = LINE('',#5145,#5146);
#5145 = CARTESIAN_POINT('',(-1.570796326795,0.));
#5146 = VECTOR('',#5147,1.);
#5147 = DIRECTION('',(-0.,-1.));
#5148 = ( GEOMETRIC_REPRESENTATION_CONTEXT(2) 
PARAMETRIC_REPRESENTATION_CONTEXT() REPRESENTATION_CONTEXT('2D SPACE',''
  ) );
#5149 = ORIENTED_EDGE('',*,*,#675,.F.);
#5150 = ADVANCED_FACE('',(#5151),#663,.F.);
#5151 = FACE_BOUND('',#5152,.T.);
#5152 = EDGE_LOOP('',(#5153,#5174,#5175,#5176));
#5153 = ORIENTED_EDGE('',*,*,#5154,.F.);
#5154 = EDGE_CURVE('',#2547,#615,#5155,.T.);
#5155 = SURFACE_CURVE('',#5156,(#5160,#5167),.PCURVE_S1.);
#5156 = LINE('',#5157,#5158);
#5157 = CARTESIAN_POINT('',(15.24,-10.66,-1.));
#5158 = VECTOR('',#5159,1.);
#5159 = DIRECTION('',(0.,0.,1.));
#5160 = PCURVE('',#663,#5161);
#5161 = DEFINITIONAL_REPRESENTATION('',(#5162),#5166);
#5162 = LINE('',#5163,#5164);
#5163 = CARTESIAN_POINT('',(-4.712388980385,0.));
#5164 = VECTOR('',#5165,1.);
#5165 = DIRECTION('',(-0.,-1.));
#5166 = ( GEOMETRIC_REPRESENTATION_CONTEXT(2) 
PARAMETRIC_REPRESENTATION_CONTEXT() REPRESENTATION_CONTEXT('2D SPACE',''
  ) );
#5167 = PCURVE('',#630,#5168);
#5168 = DEFINITIONAL_REPRESENTATION('',(#5169),#5173);
#5169 = LINE('',#5170,#5171);
#5170 = CARTESIAN_POINT('',(0.,0.));
#5171 = VECTOR('',#5172,1.);
#5172 = DIRECTION('',(1.,0.));
#5173 = ( GEOMETRIC_REPRESENTATION_CONTEXT(2) 
PARAMETRIC_REPRESENTATION_CONTEXT() REPRESENTATION_CONTEXT('2D SPACE',''
  ) );
#5174 = ORIENTED_EDGE('',*,*,#2569,.T.);
#5175 = ORIENTED_EDGE('',*,*,#5129,.T.);
#5176 = ORIENTED_EDGE('',*,*,#642,.F.);
#5177 = ADVANCED_FACE('',(#5178),#630,.T.);
#5178 = FACE_BOUND('',#5179,.T.);
#5179 = EDGE_LOOP('',(#5180,#5201,#5202,#5203));
#5180 = ORIENTED_EDGE('',*,*,#5181,.F.);
#5181 = EDGE_CURVE('',#2524,#587,#5182,.T.);
#5182 = SURFACE_CURVE('',#5183,(#5187,#5194),.PCURVE_S1.);
#5183 = LINE('',#5184,#5185);
#5184 = CARTESIAN_POINT('',(16.62,-10.66,-1.));
#5185 = VECTOR('',#5186,1.);
#5186 = DIRECTION('',(0.,0.,1.));
#5187 = PCURVE('',#630,#5188);
#5188 = DEFINITIONAL_REPRESENTATION('',(#5189),#5193);
#5189 = LINE('',#5190,#5191);
#5190 = CARTESIAN_POINT('',(0.,1.38));
#5191 = VECTOR('',#5192,1.);
#5192 = DIRECTION('',(1.,0.));
#5193 = ( GEOMETRIC_REPRESENTATION_CONTEXT(2) 
PARAMETRIC_REPRESENTATION_CONTEXT() REPRESENTATION_CONTEXT('2D SPACE',''
  ) );
#5194 = PCURVE('',#602,#5195);
#5195 = DEFINITIONAL_REPRESENTATION('',(#5196),#5200);
#5196 = LINE('',#5197,#5198);
#5197 = CARTESIAN_POINT('',(-1.,-10.12));
#5198 = VECTOR('',#5199,1.);
#5199 = DIRECTION('',(1.,0.));
#5200 = ( GEOMETRIC_REPRESENTATION_CONTEXT(2) 
PARAMETRIC_REPRESENTATION_CONTEXT() REPRESENTATION_CONTEXT('2D SPACE',''
  ) );
#5201 = ORIENTED_EDGE('',*,*,#2546,.T.);
#5202 = ORIENTED_EDGE('',*,*,#5154,.T.);
#5203 = ORIENTED_EDGE('',*,*,#614,.F.);
#5204 = ADVANCED_FACE('',(#5205),#602,.T.);
#5205 = FACE_BOUND('',#5206,.T.);
#5206 = EDGE_LOOP('',(#5207,#5208,#5229,#5230));
#5207 = ORIENTED_EDGE('',*,*,#586,.F.);
#5208 = ORIENTED_EDGE('',*,*,#5209,.F.);
#5209 = EDGE_CURVE('',#2501,#559,#5210,.T.);
#5210 = SURFACE_CURVE('',#5211,(#5215,#5222),.PCURVE_S1.);
#5211 = LINE('',#5212,#5213);
#5212 = CARTESIAN_POINT('',(16.62,-12.2,-1.));
#5213 = VECTOR('',#5214,1.);
#5214 = DIRECTION('',(0.,0.,1.));
#5215 = PCURVE('',#602,#5216);
#5216 = DEFINITIONAL_REPRESENTATION('',(#5217),#5221);
#5217 = LINE('',#5218,#5219);
#5218 = CARTESIAN_POINT('',(-1.,-8.58));
#5219 = VECTOR('',#5220,1.);
#5220 = DIRECTION('',(1.,0.));
#5221 = ( GEOMETRIC_REPRESENTATION_CONTEXT(2) 
PARAMETRIC_REPRESENTATION_CONTEXT() REPRESENTATION_CONTEXT('2D SPACE',''
  ) );
#5222 = PCURVE('',#574,#5223);
#5223 = DEFINITIONAL_REPRESENTATION('',(#5224),#5228);
#5224 = LINE('',#5225,#5226);
#5225 = CARTESIAN_POINT('',(0.,1.38));
#5226 = VECTOR('',#5227,1.);
#5227 = DIRECTION('',(1.,0.));
#5228 = ( GEOMETRIC_REPRESENTATION_CONTEXT(2) 
PARAMETRIC_REPRESENTATION_CONTEXT() REPRESENTATION_CONTEXT('2D SPACE',''
  ) );
#5229 = ORIENTED_EDGE('',*,*,#2523,.T.);
#5230 = ORIENTED_EDGE('',*,*,#5181,.T.);
#5231 = ADVANCED_FACE('',(#5232),#574,.F.);
#5232 = FACE_BOUND('',#5233,.F.);
#5233 = EDGE_LOOP('',(#5234,#5235,#5236,#5257));
#5234 = ORIENTED_EDGE('',*,*,#5209,.F.);
#5235 = ORIENTED_EDGE('',*,*,#2500,.T.);
#5236 = ORIENTED_EDGE('',*,*,#5237,.T.);
#5237 = EDGE_CURVE('',#2473,#526,#5238,.T.);
#5238 = SURFACE_CURVE('',#5239,(#5243,#5250),.PCURVE_S1.);
#5239 = LINE('',#5240,#5241);
#5240 = CARTESIAN_POINT('',(15.24,-12.2,-1.));
#5241 = VECTOR('',#5242,1.);
#5242 = DIRECTION('',(0.,0.,1.));
#5243 = PCURVE('',#574,#5244);
#5244 = DEFINITIONAL_REPRESENTATION('',(#5245),#5249);
#5245 = LINE('',#5246,#5247);
#5246 = CARTESIAN_POINT('',(0.,0.));
#5247 = VECTOR('',#5248,1.);
#5248 = DIRECTION('',(1.,0.));
#5249 = ( GEOMETRIC_REPRESENTATION_CONTEXT(2) 
PARAMETRIC_REPRESENTATION_CONTEXT() REPRESENTATION_CONTEXT('2D SPACE',''
  ) );
#5250 = PCURVE('',#546,#5251);
#5251 = DEFINITIONAL_REPRESENTATION('',(#5252),#5256);
#5252 = LINE('',#5253,#5254);
#5253 = CARTESIAN_POINT('',(-1.570796326795,0.));
#5254 = VECTOR('',#5255,1.);
#5255 = DIRECTION('',(-0.,-1.));
#5256 = ( GEOMETRIC_REPRESENTATION_CONTEXT(2) 
PARAMETRIC_REPRESENTATION_CONTEXT() REPRESENTATION_CONTEXT('2D SPACE',''
  ) );
#5257 = ORIENTED_EDGE('',*,*,#558,.F.);
#5258 = ADVANCED_FACE('',(#5259),#546,.F.);
#5259 = FACE_BOUND('',#5260,.T.);
#5260 = EDGE_LOOP('',(#5261,#5282,#5283,#5284));
#5261 = ORIENTED_EDGE('',*,*,#5262,.F.);
#5262 = EDGE_CURVE('',#2450,#498,#5263,.T.);
#5263 = SURFACE_CURVE('',#5264,(#5268,#5275),.PCURVE_S1.);
#5264 = LINE('',#5265,#5266);
#5265 = CARTESIAN_POINT('',(15.24,-13.2,-1.));
#5266 = VECTOR('',#5267,1.);
#5267 = DIRECTION('',(0.,0.,1.));
#5268 = PCURVE('',#546,#5269);
#5269 = DEFINITIONAL_REPRESENTATION('',(#5270),#5274);
#5270 = LINE('',#5271,#5272);
#5271 = CARTESIAN_POINT('',(-4.712388980385,0.));
#5272 = VECTOR('',#5273,1.);
#5273 = DIRECTION('',(-0.,-1.));
#5274 = ( GEOMETRIC_REPRESENTATION_CONTEXT(2) 
PARAMETRIC_REPRESENTATION_CONTEXT() REPRESENTATION_CONTEXT('2D SPACE',''
  ) );
#5275 = PCURVE('',#513,#5276);
#5276 = DEFINITIONAL_REPRESENTATION('',(#5277),#5281);
#5277 = LINE('',#5278,#5279);
#5278 = CARTESIAN_POINT('',(0.,0.));
#5279 = VECTOR('',#5280,1.);
#5280 = DIRECTION('',(1.,0.));
#5281 = ( GEOMETRIC_REPRESENTATION_CONTEXT(2) 
PARAMETRIC_REPRESENTATION_CONTEXT() REPRESENTATION_CONTEXT('2D SPACE',''
  ) );
#5282 = ORIENTED_EDGE('',*,*,#2472,.T.);
#5283 = ORIENTED_EDGE('',*,*,#5237,.T.);
#5284 = ORIENTED_EDGE('',*,*,#525,.F.);
#5285 = ADVANCED_FACE('',(#5286),#513,.T.);
#5286 = FACE_BOUND('',#5287,.T.);
#5287 = EDGE_LOOP('',(#5288,#5309,#5310,#5311));
#5288 = ORIENTED_EDGE('',*,*,#5289,.F.);
#5289 = EDGE_CURVE('',#2427,#470,#5290,.T.);
#5290 = SURFACE_CURVE('',#5291,(#5295,#5302),.PCURVE_S1.);
#5291 = LINE('',#5292,#5293);
#5292 = CARTESIAN_POINT('',(16.62,-13.2,-1.));
#5293 = VECTOR('',#5294,1.);
#5294 = DIRECTION('',(0.,0.,1.));
#5295 = PCURVE('',#513,#5296);
#5296 = DEFINITIONAL_REPRESENTATION('',(#5297),#5301);
#5297 = LINE('',#5298,#5299);
#5298 = CARTESIAN_POINT('',(0.,1.38));
#5299 = VECTOR('',#5300,1.);
#5300 = DIRECTION('',(1.,0.));
#5301 = ( GEOMETRIC_REPRESENTATION_CONTEXT(2) 
PARAMETRIC_REPRESENTATION_CONTEXT() REPRESENTATION_CONTEXT('2D SPACE',''
  ) );
#5302 = PCURVE('',#485,#5303);
#5303 = DEFINITIONAL_REPRESENTATION('',(#5304),#5308);
#5304 = LINE('',#5305,#5306);
#5305 = CARTESIAN_POINT('',(-1.,-7.58));
#5306 = VECTOR('',#5307,1.);
#5307 = DIRECTION('',(1.,0.));
#5308 = ( GEOMETRIC_REPRESENTATION_CONTEXT(2) 
PARAMETRIC_REPRESENTATION_CONTEXT() REPRESENTATION_CONTEXT('2D SPACE',''
  ) );
#5309 = ORIENTED_EDGE('',*,*,#2449,.T.);
#5310 = ORIENTED_EDGE('',*,*,#5262,.T.);
#5311 = ORIENTED_EDGE('',*,*,#497,.F.);
#5312 = ADVANCED_FACE('',(#5313),#485,.T.);
#5313 = FACE_BOUND('',#5314,.T.);
#5314 = EDGE_LOOP('',(#5315,#5316,#5337,#5338));
#5315 = ORIENTED_EDGE('',*,*,#469,.F.);
#5316 = ORIENTED_EDGE('',*,*,#5317,.F.);
#5317 = EDGE_CURVE('',#2404,#442,#5318,.T.);
#5318 = SURFACE_CURVE('',#5319,(#5323,#5330),.PCURVE_S1.);
#5319 = LINE('',#5320,#5321);
#5320 = CARTESIAN_POINT('',(16.62,-14.74,-1.));
#5321 = VECTOR('',#5322,1.);
#5322 = DIRECTION('',(0.,0.,1.));
#5323 = PCURVE('',#485,#5324);
#5324 = DEFINITIONAL_REPRESENTATION('',(#5325),#5329);
#5325 = LINE('',#5326,#5327);
#5326 = CARTESIAN_POINT('',(-1.,-6.04));
#5327 = VECTOR('',#5328,1.);
#5328 = DIRECTION('',(1.,0.));
#5329 = ( GEOMETRIC_REPRESENTATION_CONTEXT(2) 
PARAMETRIC_REPRESENTATION_CONTEXT() REPRESENTATION_CONTEXT('2D SPACE',''
  ) );
#5330 = PCURVE('',#457,#5331);
#5331 = DEFINITIONAL_REPRESENTATION('',(#5332),#5336);
#5332 = LINE('',#5333,#5334);
#5333 = CARTESIAN_POINT('',(0.,1.38));
#5334 = VECTOR('',#5335,1.);
#5335 = DIRECTION('',(1.,0.));
#5336 = ( GEOMETRIC_REPRESENTATION_CONTEXT(2) 
PARAMETRIC_REPRESENTATION_CONTEXT() REPRESENTATION_CONTEXT('2D SPACE',''
  ) );
#5337 = ORIENTED_EDGE('',*,*,#2426,.T.);
#5338 = ORIENTED_EDGE('',*,*,#5289,.T.);
#5339 = ADVANCED_FACE('',(#5340),#457,.F.);
#5340 = FACE_BOUND('',#5341,.F.);
#5341 = EDGE_LOOP('',(#5342,#5343,#5344,#5365));
#5342 = ORIENTED_EDGE('',*,*,#5317,.F.);
#5343 = ORIENTED_EDGE('',*,*,#2403,.T.);
#5344 = ORIENTED_EDGE('',*,*,#5345,.T.);
#5345 = EDGE_CURVE('',#2376,#409,#5346,.T.);
#5346 = SURFACE_CURVE('',#5347,(#5351,#5358),.PCURVE_S1.);
#5347 = LINE('',#5348,#5349);
#5348 = CARTESIAN_POINT('',(15.24,-14.74,-1.));
#5349 = VECTOR('',#5350,1.);
#5350 = DIRECTION('',(0.,0.,1.));
#5351 = PCURVE('',#457,#5352);
#5352 = DEFINITIONAL_REPRESENTATION('',(#5353),#5357);
#5353 = LINE('',#5354,#5355);
#5354 = CARTESIAN_POINT('',(0.,0.));
#5355 = VECTOR('',#5356,1.);
#5356 = DIRECTION('',(1.,0.));
#5357 = ( GEOMETRIC_REPRESENTATION_CONTEXT(2) 
PARAMETRIC_REPRESENTATION_CONTEXT() REPRESENTATION_CONTEXT('2D SPACE',''
  ) );
#5358 = PCURVE('',#429,#5359);
#5359 = DEFINITIONAL_REPRESENTATION('',(#5360),#5364);
#5360 = LINE('',#5361,#5362);
#5361 = CARTESIAN_POINT('',(-1.570796326795,0.));
#5362 = VECTOR('',#5363,1.);
#5363 = DIRECTION('',(-0.,-1.));
#5364 = ( GEOMETRIC_REPRESENTATION_CONTEXT(2) 
PARAMETRIC_REPRESENTATION_CONTEXT() REPRESENTATION_CONTEXT('2D SPACE',''
  ) );
#5365 = ORIENTED_EDGE('',*,*,#441,.F.);
#5366 = ADVANCED_FACE('',(#5367),#429,.F.);
#5367 = FACE_BOUND('',#5368,.T.);
#5368 = EDGE_LOOP('',(#5369,#5390,#5391,#5392));
#5369 = ORIENTED_EDGE('',*,*,#5370,.F.);
#5370 = EDGE_CURVE('',#2353,#381,#5371,.T.);
#5371 = SURFACE_CURVE('',#5372,(#5376,#5383),.PCURVE_S1.);
#5372 = LINE('',#5373,#5374);
#5373 = CARTESIAN_POINT('',(15.24,-15.74,-1.));
#5374 = VECTOR('',#5375,1.);
#5375 = DIRECTION('',(0.,0.,1.));
#5376 = PCURVE('',#429,#5377);
#5377 = DEFINITIONAL_REPRESENTATION('',(#5378),#5382);
#5378 = LINE('',#5379,#5380);
#5379 = CARTESIAN_POINT('',(-4.712388980385,0.));
#5380 = VECTOR('',#5381,1.);
#5381 = DIRECTION('',(-0.,-1.));
#5382 = ( GEOMETRIC_REPRESENTATION_CONTEXT(2) 
PARAMETRIC_REPRESENTATION_CONTEXT() REPRESENTATION_CONTEXT('2D SPACE',''
  ) );
#5383 = PCURVE('',#396,#5384);
#5384 = DEFINITIONAL_REPRESENTATION('',(#5385),#5389);
#5385 = LINE('',#5386,#5387);
#5386 = CARTESIAN_POINT('',(0.,0.));
#5387 = VECTOR('',#5388,1.);
#5388 = DIRECTION('',(1.,0.));
#5389 = ( GEOMETRIC_REPRESENTATION_CONTEXT(2) 
PARAMETRIC_REPRESENTATION_CONTEXT() REPRESENTATION_CONTEXT('2D SPACE',''
  ) );
#5390 = ORIENTED_EDGE('',*,*,#2375,.T.);
#5391 = ORIENTED_EDGE('',*,*,#5345,.T.);
#5392 = ORIENTED_EDGE('',*,*,#408,.F.);
#5393 = ADVANCED_FACE('',(#5394),#396,.T.);
#5394 = FACE_BOUND('',#5395,.T.);
#5395 = EDGE_LOOP('',(#5396,#5417,#5418,#5419));
#5396 = ORIENTED_EDGE('',*,*,#5397,.F.);
#5397 = EDGE_CURVE('',#2330,#353,#5398,.T.);
#5398 = SURFACE_CURVE('',#5399,(#5403,#5410),.PCURVE_S1.);
#5399 = LINE('',#5400,#5401);
#5400 = CARTESIAN_POINT('',(16.62,-15.74,-1.));
#5401 = VECTOR('',#5402,1.);
#5402 = DIRECTION('',(0.,0.,1.));
#5403 = PCURVE('',#396,#5404);
#5404 = DEFINITIONAL_REPRESENTATION('',(#5405),#5409);
#5405 = LINE('',#5406,#5407);
#5406 = CARTESIAN_POINT('',(0.,1.38));
#5407 = VECTOR('',#5408,1.);
#5408 = DIRECTION('',(1.,0.));
#5409 = ( GEOMETRIC_REPRESENTATION_CONTEXT(2) 
PARAMETRIC_REPRESENTATION_CONTEXT() REPRESENTATION_CONTEXT('2D SPACE',''
  ) );
#5410 = PCURVE('',#368,#5411);
#5411 = DEFINITIONAL_REPRESENTATION('',(#5412),#5416);
#5412 = LINE('',#5413,#5414);
#5413 = CARTESIAN_POINT('',(-1.,-5.04));
#5414 = VECTOR('',#5415,1.);
#5415 = DIRECTION('',(1.,0.));
#5416 = ( GEOMETRIC_REPRESENTATION_CONTEXT(2) 
PARAMETRIC_REPRESENTATION_CONTEXT() REPRESENTATION_CONTEXT('2D SPACE',''
  ) );
#5417 = ORIENTED_EDGE('',*,*,#2352,.T.);
#5418 = ORIENTED_EDGE('',*,*,#5370,.T.);
#5419 = ORIENTED_EDGE('',*,*,#380,.F.);
#5420 = ADVANCED_FACE('',(#5421),#368,.T.);
#5421 = FACE_BOUND('',#5422,.T.);
#5422 = EDGE_LOOP('',(#5423,#5424,#5445,#5446));
#5423 = ORIENTED_EDGE('',*,*,#352,.F.);
#5424 = ORIENTED_EDGE('',*,*,#5425,.F.);
#5425 = EDGE_CURVE('',#2307,#325,#5426,.T.);
#5426 = SURFACE_CURVE('',#5427,(#5431,#5438),.PCURVE_S1.);
#5427 = LINE('',#5428,#5429);
#5428 = CARTESIAN_POINT('',(16.62,-17.28,-1.));
#5429 = VECTOR('',#5430,1.);
#5430 = DIRECTION('',(0.,0.,1.));
#5431 = PCURVE('',#368,#5432);
#5432 = DEFINITIONAL_REPRESENTATION('',(#5433),#5437);
#5433 = LINE('',#5434,#5435);
#5434 = CARTESIAN_POINT('',(-1.,-3.5));
#5435 = VECTOR('',#5436,1.);
#5436 = DIRECTION('',(1.,0.));
#5437 = ( GEOMETRIC_REPRESENTATION_CONTEXT(2) 
PARAMETRIC_REPRESENTATION_CONTEXT() REPRESENTATION_CONTEXT('2D SPACE',''
  ) );
#5438 = PCURVE('',#340,#5439);
#5439 = DEFINITIONAL_REPRESENTATION('',(#5440),#5444);
#5440 = LINE('',#5441,#5442);
#5441 = CARTESIAN_POINT('',(0.,1.38));
#5442 = VECTOR('',#5443,1.);
#5443 = DIRECTION('',(1.,0.));
#5444 = ( GEOMETRIC_REPRESENTATION_CONTEXT(2) 
PARAMETRIC_REPRESENTATION_CONTEXT() REPRESENTATION_CONTEXT('2D SPACE',''
  ) );
#5445 = ORIENTED_EDGE('',*,*,#2329,.T.);
#5446 = ORIENTED_EDGE('',*,*,#5397,.T.);
#5447 = ADVANCED_FACE('',(#5448),#340,.F.);
#5448 = FACE_BOUND('',#5449,.F.);
#5449 = EDGE_LOOP('',(#5450,#5451,#5452,#5473));
#5450 = ORIENTED_EDGE('',*,*,#5425,.F.);
#5451 = ORIENTED_EDGE('',*,*,#2306,.T.);
#5452 = ORIENTED_EDGE('',*,*,#5453,.T.);
#5453 = EDGE_CURVE('',#2279,#292,#5454,.T.);
#5454 = SURFACE_CURVE('',#5455,(#5459,#5466),.PCURVE_S1.);
#5455 = LINE('',#5456,#5457);
#5456 = CARTESIAN_POINT('',(15.24,-17.28,-1.));
#5457 = VECTOR('',#5458,1.);
#5458 = DIRECTION('',(0.,0.,1.));
#5459 = PCURVE('',#340,#5460);
#5460 = DEFINITIONAL_REPRESENTATION('',(#5461),#5465);
#5461 = LINE('',#5462,#5463);
#5462 = CARTESIAN_POINT('',(0.,0.));
#5463 = VECTOR('',#5464,1.);
#5464 = DIRECTION('',(1.,0.));
#5465 = ( GEOMETRIC_REPRESENTATION_CONTEXT(2) 
PARAMETRIC_REPRESENTATION_CONTEXT() REPRESENTATION_CONTEXT('2D SPACE',''
  ) );
#5466 = PCURVE('',#312,#5467);
#5467 = DEFINITIONAL_REPRESENTATION('',(#5468),#5472);
#5468 = LINE('',#5469,#5470);
#5469 = CARTESIAN_POINT('',(-1.570796326795,0.));
#5470 = VECTOR('',#5471,1.);
#5471 = DIRECTION('',(-0.,-1.));
#5472 = ( GEOMETRIC_REPRESENTATION_CONTEXT(2) 
PARAMETRIC_REPRESENTATION_CONTEXT() REPRESENTATION_CONTEXT('2D SPACE',''
  ) );
#5473 = ORIENTED_EDGE('',*,*,#324,.F.);
#5474 = ADVANCED_FACE('',(#5475),#312,.F.);
#5475 = FACE_BOUND('',#5476,.T.);
#5476 = EDGE_LOOP('',(#5477,#5498,#5499,#5500));
#5477 = ORIENTED_EDGE('',*,*,#5478,.F.);
#5478 = EDGE_CURVE('',#2256,#264,#5479,.T.);
#5479 = SURFACE_CURVE('',#5480,(#5484,#5491),.PCURVE_S1.);
#5480 = LINE('',#5481,#5482);
#5481 = CARTESIAN_POINT('',(15.24,-18.28,-1.));
#5482 = VECTOR('',#5483,1.);
#5483 = DIRECTION('',(0.,0.,1.));
#5484 = PCURVE('',#312,#5485);
#5485 = DEFINITIONAL_REPRESENTATION('',(#5486),#5490);
#5486 = LINE('',#5487,#5488);
#5487 = CARTESIAN_POINT('',(-4.712388980385,0.));
#5488 = VECTOR('',#5489,1.);
#5489 = DIRECTION('',(-0.,-1.));
#5490 = ( GEOMETRIC_REPRESENTATION_CONTEXT(2) 
PARAMETRIC_REPRESENTATION_CONTEXT() REPRESENTATION_CONTEXT('2D SPACE',''
  ) );
#5491 = PCURVE('',#279,#5492);
#5492 = DEFINITIONAL_REPRESENTATION('',(#5493),#5497);
#5493 = LINE('',#5494,#5495);
#5494 = CARTESIAN_POINT('',(0.,0.));
#5495 = VECTOR('',#5496,1.);
#5496 = DIRECTION('',(1.,0.));
#5497 = ( GEOMETRIC_REPRESENTATION_CONTEXT(2) 
PARAMETRIC_REPRESENTATION_CONTEXT() REPRESENTATION_CONTEXT('2D SPACE',''
  ) );
#5498 = ORIENTED_EDGE('',*,*,#2278,.T.);
#5499 = ORIENTED_EDGE('',*,*,#5453,.T.);
#5500 = ORIENTED_EDGE('',*,*,#291,.F.);
#5501 = ADVANCED_FACE('',(#5502),#279,.T.);
#5502 = FACE_BOUND('',#5503,.T.);
#5503 = EDGE_LOOP('',(#5504,#5525,#5526,#5527));
#5504 = ORIENTED_EDGE('',*,*,#5505,.F.);
#5505 = EDGE_CURVE('',#2233,#236,#5506,.T.);
#5506 = SURFACE_CURVE('',#5507,(#5511,#5518),.PCURVE_S1.);
#5507 = LINE('',#5508,#5509);
#5508 = CARTESIAN_POINT('',(16.62,-18.28,-1.));
#5509 = VECTOR('',#5510,1.);
#5510 = DIRECTION('',(0.,0.,1.));
#5511 = PCURVE('',#279,#5512);
#5512 = DEFINITIONAL_REPRESENTATION('',(#5513),#5517);
#5513 = LINE('',#5514,#5515);
#5514 = CARTESIAN_POINT('',(0.,1.38));
#5515 = VECTOR('',#5516,1.);
#5516 = DIRECTION('',(1.,0.));
#5517 = ( GEOMETRIC_REPRESENTATION_CONTEXT(2) 
PARAMETRIC_REPRESENTATION_CONTEXT() REPRESENTATION_CONTEXT('2D SPACE',''
  ) );
#5518 = PCURVE('',#251,#5519);
#5519 = DEFINITIONAL_REPRESENTATION('',(#5520),#5524);
#5520 = LINE('',#5521,#5522);
#5521 = CARTESIAN_POINT('',(-1.,-2.5));
#5522 = VECTOR('',#5523,1.);
#5523 = DIRECTION('',(1.,0.));
#5524 = ( GEOMETRIC_REPRESENTATION_CONTEXT(2) 
PARAMETRIC_REPRESENTATION_CONTEXT() REPRESENTATION_CONTEXT('2D SPACE',''
  ) );
#5525 = ORIENTED_EDGE('',*,*,#2255,.T.);
#5526 = ORIENTED_EDGE('',*,*,#5478,.T.);
#5527 = ORIENTED_EDGE('',*,*,#263,.F.);
#5528 = ADVANCED_FACE('',(#5529),#251,.T.);
#5529 = FACE_BOUND('',#5530,.T.);
#5530 = EDGE_LOOP('',(#5531,#5532,#5533,#5534));
#5531 = ORIENTED_EDGE('',*,*,#235,.F.);
#5532 = ORIENTED_EDGE('',*,*,#3780,.F.);
#5533 = ORIENTED_EDGE('',*,*,#2232,.T.);
#5534 = ORIENTED_EDGE('',*,*,#5505,.T.);
#5535 = ( GEOMETRIC_REPRESENTATION_CONTEXT(3) 
GLOBAL_UNCERTAINTY_ASSIGNED_CONTEXT((#5539)) 
GLOBAL_UNIT_ASSIGNED_CONTEXT((#5536,#5537,#5538)) REPRESENTATION_CONTEXT
('Context #1','3D Context with UNIT and UNCERTAINTY') );
#5536 = ( LENGTH_UNIT() NAMED_UNIT(*) SI_UNIT(.MILLI.,.METRE.) );
#5537 = ( NAMED_UNIT(*) PLANE_ANGLE_UNIT() SI_UNIT($,.RADIAN.) );
#5538 = ( NAMED_UNIT(*) SI_UNIT($,.STERADIAN.) SOLID_ANGLE_UNIT() );
#5539 = UNCERTAINTY_MEASURE_WITH_UNIT(LENGTH_MEASURE(2.E-07),#5536,
  'distance_accuracy_value','confusion accuracy');
#5540 = CONTEXT_DEPENDENT_SHAPE_REPRESENTATION(#5541,#5543);
#5541 = ( REPRESENTATION_RELATIONSHIP('','',#84,#10) 
REPRESENTATION_RELATIONSHIP_WITH_TRANSFORMATION(#5542) 
SHAPE_REPRESENTATION_RELATIONSHIP() );
#5542 = ITEM_DEFINED_TRANSFORMATION('','',#11,#15);
#5543 = PRODUCT_DEFINITION_SHAPE('Placement','Placement of an item',
  #5544);
#5544 = NEXT_ASSEMBLY_USAGE_OCCURRENCE('12','pcb_0','',#5,#79,$);
#5545 = PRODUCT_RELATED_PRODUCT_CATEGORY('part',$,(#81));
#5546 = SHAPE_DEFINITION_REPRESENTATION(#5547,#5553);
#5547 = PRODUCT_DEFINITION_SHAPE('','',#5548);
#5548 = PRODUCT_DEFINITION('design','',#5549,#5552);
#5549 = PRODUCT_DEFINITION_FORMATION('','',#5550);
#5550 = PRODUCT('usb_c_1','usb_c_1','',(#5551));
#5551 = PRODUCT_CONTEXT('',#2,'mechanical');
#5552 = PRODUCT_DEFINITION_CONTEXT('part definition',#2,'design');
#5553 = ADVANCED_BREP_SHAPE_REPRESENTATION('',(#11,#5554),#6220);
#5554 = MANIFOLD_SOLID_BREP('',#5555);
#5555 = CLOSED_SHELL('',(#5556,#5676,#5876,#5930,#5980,#6105,#6132,#6159
    ,#6186,#6213));
#5556 = ADVANCED_FACE('',(#5557),#5571,.F.);
#5557 = FACE_BOUND('',#5558,.F.);
#5558 = EDGE_LOOP('',(#5559,#5594,#5622,#5650));
#5559 = ORIENTED_EDGE('',*,*,#5560,.F.);
#5560 = EDGE_CURVE('',#5561,#5563,#5565,.T.);
#5561 = VERTEX_POINT('',#5562);
#5562 = CARTESIAN_POINT('',(3.12,-4.11,2.2));
#5563 = VERTEX_POINT('',#5564);
#5564 = CARTESIAN_POINT('',(3.12,-4.11,2.96));
#5565 = SURFACE_CURVE('',#5566,(#5570,#5582),.PCURVE_S1.);
#5566 = LINE('',#5567,#5568);
#5567 = CARTESIAN_POINT('',(3.12,-4.11,1.));
#5568 = VECTOR('',#5569,1.);
#5569 = DIRECTION('',(0.,0.,1.));
#5570 = PCURVE('',#5571,#5576);
#5571 = PLANE('',#5572);
#5572 = AXIS2_PLACEMENT_3D('',#5573,#5574,#5575);
#5573 = CARTESIAN_POINT('',(3.12,-4.11,1.));
#5574 = DIRECTION('',(1.,0.,0.));
#5575 = DIRECTION('',(0.,0.,1.));
#5576 = DEFINITIONAL_REPRESENTATION('',(#5577),#5581);
#5577 = LINE('',#5578,#5579);
#5578 = CARTESIAN_POINT('',(0.,0.));
#5579 = VECTOR('',#5580,1.);
#5580 = DIRECTION('',(1.,0.));
#5581 = ( GEOMETRIC_REPRESENTATION_CONTEXT(2) 
PARAMETRIC_REPRESENTATION_CONTEXT() REPRESENTATION_CONTEXT('2D SPACE',''
  ) );
#5582 = PCURVE('',#5583,#5588);
#5583 = PLANE('',#5584);
#5584 = AXIS2_PLACEMENT_3D('',#5585,#5586,#5587);
#5585 = CARTESIAN_POINT('',(3.12,-4.11,1.));
#5586 = DIRECTION('',(0.,1.,0.));
#5587 = DIRECTION('',(0.,0.,1.));
#5588 = DEFINITIONAL_REPRESENTATION('',(#5589),#5593);
#5589 = LINE('',#5590,#5591);
#5590 = CARTESIAN_POINT('',(0.,0.));
#5591 = VECTOR('',#5592,1.);
#5592 = DIRECTION('',(1.,0.));
#5593 = ( GEOMETRIC_REPRESENTATION_CONTEXT(2) 
PARAMETRIC_REPRESENTATION_CONTEXT() REPRESENTATION_CONTEXT('2D SPACE',''
  ) );
#5594 = ORIENTED_EDGE('',*,*,#5595,.T.);
#5595 = EDGE_CURVE('',#5561,#5596,#5598,.T.);
#5596 = VERTEX_POINT('',#5597);
#5597 = CARTESIAN_POINT('',(3.12,3.24,2.2));
#5598 = SURFACE_CURVE('',#5599,(#5603,#5610),.PCURVE_S1.);
#5599 = LINE('',#5600,#5601);
#5600 = CARTESIAN_POINT('',(3.12,-4.11,2.2));
#5601 = VECTOR('',#5602,1.);
#5602 = DIRECTION('',(0.,1.,0.));
#5603 = PCURVE('',#5571,#5604);
#5604 = DEFINITIONAL_REPRESENTATION('',(#5605),#5609);
#5605 = LINE('',#5606,#5607);
#5606 = CARTESIAN_POINT('',(1.2,0.));
#5607 = VECTOR('',#5608,1.);
#5608 = DIRECTION('',(0.,-1.));
#5609 = ( GEOMETRIC_REPRESENTATION_CONTEXT(2) 
PARAMETRIC_REPRESENTATION_CONTEXT() REPRESENTATION_CONTEXT('2D SPACE',''
  ) );
#5610 = PCURVE('',#5611,#5616);
#5611 = CYLINDRICAL_SURFACE('',#5612,1.2);
#5612 = AXIS2_PLACEMENT_3D('',#5613,#5614,#5615);
#5613 = CARTESIAN_POINT('',(4.32,-4.11,2.2));
#5614 = DIRECTION('',(0.,1.,0.));
#5615 = DIRECTION('',(-1.,0.,0.));
#5616 = DEFINITIONAL_REPRESENTATION('',(#5617),#5621);
#5617 = LINE('',#5618,#5619);
#5618 = CARTESIAN_POINT('',(-0.,0.));
#5619 = VECTOR('',#5620,1.);
#5620 = DIRECTION('',(-0.,1.));
#5621 = ( GEOMETRIC_REPRESENTATION_CONTEXT(2) 
PARAMETRIC_REPRESENTATION_CONTEXT() REPRESENTATION_CONTEXT('2D SPACE',''
  ) );
#5622 = ORIENTED_EDGE('',*,*,#5623,.T.);
#5623 = EDGE_CURVE('',#5596,#5624,#5626,.T.);
#5624 = VERTEX_POINT('',#5625);
#5625 = CARTESIAN_POINT('',(3.12,3.24,2.96));
#5626 = SURFACE_CURVE('',#5627,(#5631,#5638),.PCURVE_S1.);
#5627 = LINE('',#5628,#5629);
#5628 = CARTESIAN_POINT('',(3.12,3.24,1.));
#5629 = VECTOR('',#5630,1.);
#5630 = DIRECTION('',(0.,0.,1.));
#5631 = PCURVE('',#5571,#5632);
#5632 = DEFINITIONAL_REPRESENTATION('',(#5633),#5637);
#5633 = LINE('',#5634,#5635);
#5634 = CARTESIAN_POINT('',(0.,-7.35));
#5635 = VECTOR('',#5636,1.);
#5636 = DIRECTION('',(1.,0.));
#5637 = ( GEOMETRIC_REPRESENTATION_CONTEXT(2) 
PARAMETRIC_REPRESENTATION_CONTEXT() REPRESENTATION_CONTEXT('2D SPACE',''
  ) );
#5638 = PCURVE('',#5639,#5644);
#5639 = PLANE('',#5640);
#5640 = AXIS2_PLACEMENT_3D('',#5641,#5642,#5643);
#5641 = CARTESIAN_POINT('',(3.12,3.24,1.));
#5642 = DIRECTION('',(0.,1.,0.));
#5643 = DIRECTION('',(0.,0.,1.));
#5644 = DEFINITIONAL_REPRESENTATION('',(#5645),#5649);
#5645 = LINE('',#5646,#5647);
#5646 = CARTESIAN_POINT('',(0.,0.));
#5647 = VECTOR('',#5648,1.);
#5648 = DIRECTION('',(1.,0.));
#5649 = ( GEOMETRIC_REPRESENTATION_CONTEXT(2) 
PARAMETRIC_REPRESENTATION_CONTEXT() REPRESENTATION_CONTEXT('2D SPACE',''
  ) );
#5650 = ORIENTED_EDGE('',*,*,#5651,.F.);
#5651 = EDGE_CURVE('',#5563,#5624,#5652,.T.);
#5652 = SURFACE_CURVE('',#5653,(#5657,#5664),.PCURVE_S1.);
#5653 = LINE('',#5654,#5655);
#5654 = CARTESIAN_POINT('',(3.12,-4.11,2.96));
#5655 = VECTOR('',#5656,1.);
#5656 = DIRECTION('',(0.,1.,0.));
#5657 = PCURVE('',#5571,#5658);
#5658 = DEFINITIONAL_REPRESENTATION('',(#5659),#5663);
#5659 = LINE('',#5660,#5661);
#5660 = CARTESIAN_POINT('',(1.96,0.));
#5661 = VECTOR('',#5662,1.);
#5662 = DIRECTION('',(0.,-1.));
#5663 = ( GEOMETRIC_REPRESENTATION_CONTEXT(2) 
PARAMETRIC_REPRESENTATION_CONTEXT() REPRESENTATION_CONTEXT('2D SPACE',''
  ) );
#5664 = PCURVE('',#5665,#5670);
#5665 = CYLINDRICAL_SURFACE('',#5666,1.2);
#5666 = AXIS2_PLACEMENT_3D('',#5667,#5668,#5669);
#5667 = CARTESIAN_POINT('',(4.32,-4.11,2.96));
#5668 = DIRECTION('',(0.,1.,0.));
#5669 = DIRECTION('',(-1.,0.,0.));
#5670 = DEFINITIONAL_REPRESENTATION('',(#5671),#5675);
#5671 = LINE('',#5672,#5673);
#5672 = CARTESIAN_POINT('',(0.,0.));
#5673 = VECTOR('',#5674,1.);
#5674 = DIRECTION('',(0.,1.));
#5675 = ( GEOMETRIC_REPRESENTATION_CONTEXT(2) 
PARAMETRIC_REPRESENTATION_CONTEXT() REPRESENTATION_CONTEXT('2D SPACE',''
  ) );
#5676 = ADVANCED_FACE('',(#5677),#5583,.F.);
#5677 = FACE_BOUND('',#5678,.F.);
#5678 = EDGE_LOOP('',(#5679,#5709,#5735,#5736,#5760,#5788,#5821,#5849));
#5679 = ORIENTED_EDGE('',*,*,#5680,.F.);
#5680 = EDGE_CURVE('',#5681,#5683,#5685,.T.);
#5681 = VERTEX_POINT('',#5682);
#5682 = CARTESIAN_POINT('',(4.32,-4.11,1.));
#5683 = VERTEX_POINT('',#5684);
#5684 = CARTESIAN_POINT('',(10.92,-4.11,1.));
#5685 = SURFACE_CURVE('',#5686,(#5690,#5697),.PCURVE_S1.);
#5686 = LINE('',#5687,#5688);
#5687 = CARTESIAN_POINT('',(3.12,-4.11,1.));
#5688 = VECTOR('',#5689,1.);
#5689 = DIRECTION('',(1.,0.,0.));
#5690 = PCURVE('',#5583,#5691);
#5691 = DEFINITIONAL_REPRESENTATION('',(#5692),#5696);
#5692 = LINE('',#5693,#5694);
#5693 = CARTESIAN_POINT('',(0.,0.));
#5694 = VECTOR('',#5695,1.);
#5695 = DIRECTION('',(0.,1.));
#5696 = ( GEOMETRIC_REPRESENTATION_CONTEXT(2) 
PARAMETRIC_REPRESENTATION_CONTEXT() REPRESENTATION_CONTEXT('2D SPACE',''
  ) );
#5697 = PCURVE('',#5698,#5703);
#5698 = PLANE('',#5699);
#5699 = AXIS2_PLACEMENT_3D('',#5700,#5701,#5702);
#5700 = CARTESIAN_POINT('',(3.12,-4.11,1.));
#5701 = DIRECTION('',(0.,0.,1.));
#5702 = DIRECTION('',(1.,0.,0.));
#5703 = DEFINITIONAL_REPRESENTATION('',(#5704),#5708);
#5704 = LINE('',#5705,#5706);
#5705 = CARTESIAN_POINT('',(0.,0.));
#5706 = VECTOR('',#5707,1.);
#5707 = DIRECTION('',(1.,0.));
#5708 = ( GEOMETRIC_REPRESENTATION_CONTEXT(2) 
PARAMETRIC_REPRESENTATION_CONTEXT() REPRESENTATION_CONTEXT('2D SPACE',''
  ) );
#5709 = ORIENTED_EDGE('',*,*,#5710,.F.);
#5710 = EDGE_CURVE('',#5561,#5681,#5711,.T.);
#5711 = SURFACE_CURVE('',#5712,(#5717,#5728),.PCURVE_S1.);
#5712 = CIRCLE('',#5713,1.2);
#5713 = AXIS2_PLACEMENT_3D('',#5714,#5715,#5716);
#5714 = CARTESIAN_POINT('',(4.32,-4.11,2.2));
#5715 = DIRECTION('',(-0.,-1.,0.));
#5716 = DIRECTION('',(0.,-0.,1.));
#5717 = PCURVE('',#5583,#5718);
#5718 = DEFINITIONAL_REPRESENTATION('',(#5719),#5727);
#5719 = ( BOUNDED_CURVE() B_SPLINE_CURVE(2,(#5720,#5721,#5722,#5723,
#5724,#5725,#5726),.UNSPECIFIED.,.T.,.F.) B_SPLINE_CURVE_WITH_KNOTS((1,2
    ,2,2,2,1),(-2.094395102393,0.,2.094395102393,4.188790204786,
6.28318530718,8.377580409573),.UNSPECIFIED.) CURVE() 
GEOMETRIC_REPRESENTATION_ITEM() RATIONAL_B_SPLINE_CURVE((1.,0.5,1.,0.5,
1.,0.5,1.)) REPRESENTATION_ITEM('') );
#5720 = CARTESIAN_POINT('',(2.4,1.2));
#5721 = CARTESIAN_POINT('',(2.4,-0.878460969083));
#5722 = CARTESIAN_POINT('',(0.6,0.160769515459));
#5723 = CARTESIAN_POINT('',(-1.2,1.2));
#5724 = CARTESIAN_POINT('',(0.6,2.239230484541));
#5725 = CARTESIAN_POINT('',(2.4,3.278460969083));
#5726 = CARTESIAN_POINT('',(2.4,1.2));
#5727 = ( GEOMETRIC_REPRESENTATION_CONTEXT(2) 
PARAMETRIC_REPRESENTATION_CONTEXT() REPRESENTATION_CONTEXT('2D SPACE',''
  ) );
#5728 = PCURVE('',#5611,#5729);
#5729 = DEFINITIONAL_REPRESENTATION('',(#5730),#5734);
#5730 = LINE('',#5731,#5732);
#5731 = CARTESIAN_POINT('',(1.570796326795,-0.));
#5732 = VECTOR('',#5733,1.);
#5733 = DIRECTION('',(-1.,0.));
#5734 = ( GEOMETRIC_REPRESENTATION_CONTEXT(2) 
PARAMETRIC_REPRESENTATION_CONTEXT() REPRESENTATION_CONTEXT('2D SPACE',''
  ) );
#5735 = ORIENTED_EDGE('',*,*,#5560,.T.);
#5736 = ORIENTED_EDGE('',*,*,#5737,.T.);
#5737 = EDGE_CURVE('',#5563,#5738,#5740,.T.);
#5738 = VERTEX_POINT('',#5739);
#5739 = CARTESIAN_POINT('',(4.32,-4.11,4.16));
#5740 = SURFACE_CURVE('',#5741,(#5746,#5753),.PCURVE_S1.);
#5741 = CIRCLE('',#5742,1.2);
#5742 = AXIS2_PLACEMENT_3D('',#5743,#5744,#5745);
#5743 = CARTESIAN_POINT('',(4.32,-4.11,2.96));
#5744 = DIRECTION('',(0.,1.,0.));
#5745 = DIRECTION('',(0.,-0.,1.));
#5746 = PCURVE('',#5583,#5747);
#5747 = DEFINITIONAL_REPRESENTATION('',(#5748),#5752);
#5748 = CIRCLE('',#5749,1.2);
#5749 = AXIS2_PLACEMENT_2D('',#5750,#5751);
#5750 = CARTESIAN_POINT('',(1.96,1.2));
#5751 = DIRECTION('',(1.,0.));
#5752 = ( GEOMETRIC_REPRESENTATION_CONTEXT(2) 
PARAMETRIC_REPRESENTATION_CONTEXT() REPRESENTATION_CONTEXT('2D SPACE',''
  ) );
#5753 = PCURVE('',#5665,#5754);
#5754 = DEFINITIONAL_REPRESENTATION('',(#5755),#5759);
#5755 = LINE('',#5756,#5757);
#5756 = CARTESIAN_POINT('',(-4.712388980385,0.));
#5757 = VECTOR('',#5758,1.);
#5758 = DIRECTION('',(1.,0.));
#5759 = ( GEOMETRIC_REPRESENTATION_CONTEXT(2) 
PARAMETRIC_REPRESENTATION_CONTEXT() REPRESENTATION_CONTEXT('2D SPACE',''
  ) );
#5760 = ORIENTED_EDGE('',*,*,#5761,.T.);
#5761 = EDGE_CURVE('',#5738,#5762,#5764,.T.);
#5762 = VERTEX_POINT('',#5763);
#5763 = CARTESIAN_POINT('',(10.92,-4.11,4.16));
#5764 = SURFACE_CURVE('',#5765,(#5769,#5776),.PCURVE_S1.);
#5765 = LINE('',#5766,#5767);
#5766 = CARTESIAN_POINT('',(3.12,-4.11,4.16));
#5767 = VECTOR('',#5768,1.);
#5768 = DIRECTION('',(1.,0.,0.));
#5769 = PCURVE('',#5583,#5770);
#5770 = DEFINITIONAL_REPRESENTATION('',(#5771),#5775);
#5771 = LINE('',#5772,#5773);
#5772 = CARTESIAN_POINT('',(3.16,0.));
#5773 = VECTOR('',#5774,1.);
#5774 = DIRECTION('',(0.,1.));
#5775 = ( GEOMETRIC_REPRESENTATION_CONTEXT(2) 
PARAMETRIC_REPRESENTATION_CONTEXT() REPRESENTATION_CONTEXT('2D SPACE',''
  ) );
#5776 = PCURVE('',#5777,#5782);
#5777 = PLANE('',#5778);
#5778 = AXIS2_PLACEMENT_3D('',#5779,#5780,#5781);
#5779 = CARTESIAN_POINT('',(3.12,-4.11,4.16));
#5780 = DIRECTION('',(0.,0.,1.));
#5781 = DIRECTION('',(1.,0.,0.));
#5782 = DEFINITIONAL_REPRESENTATION('',(#5783),#5787);
#5783 = LINE('',#5784,#5785);
#5784 = CARTESIAN_POINT('',(0.,0.));
#5785 = VECTOR('',#5786,1.);
#5786 = DIRECTION('',(1.,0.));
#5787 = ( GEOMETRIC_REPRESENTATION_CONTEXT(2) 
PARAMETRIC_REPRESENTATION_CONTEXT() REPRESENTATION_CONTEXT('2D SPACE',''
  ) );
#5788 = ORIENTED_EDGE('',*,*,#5789,.F.);
#5789 = EDGE_CURVE('',#5790,#5762,#5792,.T.);
#5790 = VERTEX_POINT('',#5791);
#5791 = CARTESIAN_POINT('',(12.12,-4.11,2.96));
#5792 = SURFACE_CURVE('',#5793,(#5798,#5809),.PCURVE_S1.);
#5793 = CIRCLE('',#5794,1.2);
#5794 = AXIS2_PLACEMENT_3D('',#5795,#5796,#5797);
#5795 = CARTESIAN_POINT('',(10.92,-4.11,2.96));
#5796 = DIRECTION('',(-0.,-1.,0.));
#5797 = DIRECTION('',(0.,-0.,1.));
#5798 = PCURVE('',#5583,#5799);
#5799 = DEFINITIONAL_REPRESENTATION('',(#5800),#5808);
#5800 = ( BOUNDED_CURVE() B_SPLINE_CURVE(2,(#5801,#5802,#5803,#5804,
#5805,#5806,#5807),.UNSPECIFIED.,.T.,.F.) B_SPLINE_CURVE_WITH_KNOTS((1,2
    ,2,2,2,1),(-2.094395102393,0.,2.094395102393,4.188790204786,
6.28318530718,8.377580409573),.UNSPECIFIED.) CURVE() 
GEOMETRIC_REPRESENTATION_ITEM() RATIONAL_B_SPLINE_CURVE((1.,0.5,1.,0.5,
1.,0.5,1.)) REPRESENTATION_ITEM('') );
#5801 = CARTESIAN_POINT('',(3.16,7.8));
#5802 = CARTESIAN_POINT('',(3.16,5.721539030917));
#5803 = CARTESIAN_POINT('',(1.36,6.760769515459));
#5804 = CARTESIAN_POINT('',(-0.44,7.8));
#5805 = CARTESIAN_POINT('',(1.36,8.839230484541));
#5806 = CARTESIAN_POINT('',(3.16,9.878460969083));
#5807 = CARTESIAN_POINT('',(3.16,7.8));
#5808 = ( GEOMETRIC_REPRESENTATION_CONTEXT(2) 
PARAMETRIC_REPRESENTATION_CONTEXT() REPRESENTATION_CONTEXT('2D SPACE',''
  ) );
#5809 = PCURVE('',#5810,#5815);
#5810 = CYLINDRICAL_SURFACE('',#5811,1.2);
#5811 = AXIS2_PLACEMENT_3D('',#5812,#5813,#5814);
#5812 = CARTESIAN_POINT('',(10.92,-4.11,2.96));
#5813 = DIRECTION('',(0.,1.,0.));
#5814 = DIRECTION('',(1.,0.,-0.));
#5815 = DEFINITIONAL_REPRESENTATION('',(#5816),#5820);
#5816 = LINE('',#5817,#5818);
#5817 = CARTESIAN_POINT('',(4.712388980385,-0.));
#5818 = VECTOR('',#5819,1.);
#5819 = DIRECTION('',(-1.,0.));
#5820 = ( GEOMETRIC_REPRESENTATION_CONTEXT(2) 
PARAMETRIC_REPRESENTATION_CONTEXT() REPRESENTATION_CONTEXT('2D SPACE',''
  ) );
#5821 = ORIENTED_EDGE('',*,*,#5822,.F.);
#5822 = EDGE_CURVE('',#5823,#5790,#5825,.T.);
#5823 = VERTEX_POINT('',#5824);
#5824 = CARTESIAN_POINT('',(12.12,-4.11,2.2));
#5825 = SURFACE_CURVE('',#5826,(#5830,#5837),.PCURVE_S1.);
#5826 = LINE('',#5827,#5828);
#5827 = CARTESIAN_POINT('',(12.12,-4.11,1.));
#5828 = VECTOR('',#5829,1.);
#5829 = DIRECTION('',(0.,0.,1.));
#5830 = PCURVE('',#5583,#5831);
#5831 = DEFINITIONAL_REPRESENTATION('',(#5832),#5836);
#5832 = LINE('',#5833,#5834);
#5833 = CARTESIAN_POINT('',(0.,9.));
#5834 = VECTOR('',#5835,1.);
#5835 = DIRECTION('',(1.,0.));
#5836 = ( GEOMETRIC_REPRESENTATION_CONTEXT(2) 
PARAMETRIC_REPRESENTATION_CONTEXT() REPRESENTATION_CONTEXT('2D SPACE',''
  ) );
#5837 = PCURVE('',#5838,#5843);
#5838 = PLANE('',#5839);
#5839 = AXIS2_PLACEMENT_3D('',#5840,#5841,#5842);
#5840 = CARTESIAN_POINT('',(12.12,-4.11,1.));
#5841 = DIRECTION('',(1.,0.,0.));
#5842 = DIRECTION('',(0.,0.,1.));
#5843 = DEFINITIONAL_REPRESENTATION('',(#5844),#5848);
#5844 = LINE('',#5845,#5846);
#5845 = CARTESIAN_POINT('',(0.,0.));
#5846 = VECTOR('',#5847,1.);
#5847 = DIRECTION('',(1.,0.));
#5848 = ( GEOMETRIC_REPRESENTATION_CONTEXT(2) 
PARAMETRIC_REPRESENTATION_CONTEXT() REPRESENTATION_CONTEXT('2D SPACE',''
  ) );
#5849 = ORIENTED_EDGE('',*,*,#5850,.T.);
#5850 = EDGE_CURVE('',#5823,#5683,#5851,.T.);
#5851 = SURFACE_CURVE('',#5852,(#5857,#5864),.PCURVE_S1.);
#5852 = CIRCLE('',#5853,1.2);
#5853 = AXIS2_PLACEMENT_3D('',#5854,#5855,#5856);
#5854 = CARTESIAN_POINT('',(10.92,-4.11,2.2));
#5855 = DIRECTION('',(0.,1.,0.));
#5856 = DIRECTION('',(0.,-0.,1.));
#5857 = PCURVE('',#5583,#5858);
#5858 = DEFINITIONAL_REPRESENTATION('',(#5859),#5863);
#5859 = CIRCLE('',#5860,1.2);
#5860 = AXIS2_PLACEMENT_2D('',#5861,#5862);
#5861 = CARTESIAN_POINT('',(1.2,7.8));
#5862 = DIRECTION('',(1.,0.));
#5863 = ( GEOMETRIC_REPRESENTATION_CONTEXT(2) 
PARAMETRIC_REPRESENTATION_CONTEXT() REPRESENTATION_CONTEXT('2D SPACE',''
  ) );
#5864 = PCURVE('',#5865,#5870);
#5865 = CYLINDRICAL_SURFACE('',#5866,1.2);
#5866 = AXIS2_PLACEMENT_3D('',#5867,#5868,#5869);
#5867 = CARTESIAN_POINT('',(10.92,-4.11,2.2));
#5868 = DIRECTION('',(0.,1.,0.));
#5869 = DIRECTION('',(1.,0.,-0.));
#5870 = DEFINITIONAL_REPRESENTATION('',(#5871),#5875);
#5871 = LINE('',#5872,#5873);
#5872 = CARTESIAN_POINT('',(-1.570796326795,0.));
#5873 = VECTOR('',#5874,1.);
#5874 = DIRECTION('',(1.,0.));
#5875 = ( GEOMETRIC_REPRESENTATION_CONTEXT(2) 
PARAMETRIC_REPRESENTATION_CONTEXT() REPRESENTATION_CONTEXT('2D SPACE',''
  ) );
#5876 = ADVANCED_FACE('',(#5877),#5611,.T.);
#5877 = FACE_BOUND('',#5878,.F.);
#5878 = EDGE_LOOP('',(#5879,#5880,#5903,#5929));
#5879 = ORIENTED_EDGE('',*,*,#5710,.T.);
#5880 = ORIENTED_EDGE('',*,*,#5881,.T.);
#5881 = EDGE_CURVE('',#5681,#5882,#5884,.T.);
#5882 = VERTEX_POINT('',#5883);
#5883 = CARTESIAN_POINT('',(4.32,3.24,1.));
#5884 = SURFACE_CURVE('',#5885,(#5889,#5896),.PCURVE_S1.);
#5885 = LINE('',#5886,#5887);
#5886 = CARTESIAN_POINT('',(4.32,-4.11,1.));
#5887 = VECTOR('',#5888,1.);
#5888 = DIRECTION('',(0.,1.,0.));
#5889 = PCURVE('',#5611,#5890);
#5890 = DEFINITIONAL_REPRESENTATION('',(#5891),#5895);
#5891 = LINE('',#5892,#5893);
#5892 = CARTESIAN_POINT('',(-1.570796326795,0.));
#5893 = VECTOR('',#5894,1.);
#5894 = DIRECTION('',(-0.,1.));
#5895 = ( GEOMETRIC_REPRESENTATION_CONTEXT(2) 
PARAMETRIC_REPRESENTATION_CONTEXT() REPRESENTATION_CONTEXT('2D SPACE',''
  ) );
#5896 = PCURVE('',#5698,#5897);
#5897 = DEFINITIONAL_REPRESENTATION('',(#5898),#5902);
#5898 = LINE('',#5899,#5900);
#5899 = CARTESIAN_POINT('',(1.2,0.));
#5900 = VECTOR('',#5901,1.);
#5901 = DIRECTION('',(0.,1.));
#5902 = ( GEOMETRIC_REPRESENTATION_CONTEXT(2) 
PARAMETRIC_REPRESENTATION_CONTEXT() REPRESENTATION_CONTEXT('2D SPACE',''
  ) );
#5903 = ORIENTED_EDGE('',*,*,#5904,.F.);
#5904 = EDGE_CURVE('',#5596,#5882,#5905,.T.);
#5905 = SURFACE_CURVE('',#5906,(#5911,#5918),.PCURVE_S1.);
#5906 = CIRCLE('',#5907,1.2);
#5907 = AXIS2_PLACEMENT_3D('',#5908,#5909,#5910);
#5908 = CARTESIAN_POINT('',(4.32,3.24,2.2));
#5909 = DIRECTION('',(-0.,-1.,0.));
#5910 = DIRECTION('',(0.,-0.,1.));
#5911 = PCURVE('',#5611,#5912);
#5912 = DEFINITIONAL_REPRESENTATION('',(#5913),#5917);
#5913 = LINE('',#5914,#5915);
#5914 = CARTESIAN_POINT('',(1.570796326795,7.35));
#5915 = VECTOR('',#5916,1.);
#5916 = DIRECTION('',(-1.,0.));
#5917 = ( GEOMETRIC_REPRESENTATION_CONTEXT(2) 
PARAMETRIC_REPRESENTATION_CONTEXT() REPRESENTATION_CONTEXT('2D SPACE',''
  ) );
#5918 = PCURVE('',#5639,#5919);
#5919 = DEFINITIONAL_REPRESENTATION('',(#5920),#5928);
#5920 = ( BOUNDED_CURVE() B_SPLINE_CURVE(2,(#5921,#5922,#5923,#5924,
#5925,#5926,#5927),.UNSPECIFIED.,.T.,.F.) B_SPLINE_CURVE_WITH_KNOTS((1,2
    ,2,2,2,1),(-2.094395102393,0.,2.094395102393,4.188790204786,
6.28318530718,8.377580409573),.UNSPECIFIED.) CURVE() 
GEOMETRIC_REPRESENTATION_ITEM() RATIONAL_B_SPLINE_CURVE((1.,0.5,1.,0.5,
1.,0.5,1.)) REPRESENTATION_ITEM('') );
#5921 = CARTESIAN_POINT('',(2.4,1.2));
#5922 = CARTESIAN_POINT('',(2.4,-0.878460969083));
#5923 = CARTESIAN_POINT('',(0.6,0.160769515459));
#5924 = CARTESIAN_POINT('',(-1.2,1.2));
#5925 = CARTESIAN_POINT('',(0.6,2.239230484541));
#5926 = CARTESIAN_POINT('',(2.4,3.278460969083));
#5927 = CARTESIAN_POINT('',(2.4,1.2));
#5928 = ( GEOMETRIC_REPRESENTATION_CONTEXT(2) 
PARAMETRIC_REPRESENTATION_CONTEXT() REPRESENTATION_CONTEXT('2D SPACE',''
  ) );
#5929 = ORIENTED_EDGE('',*,*,#5595,.F.);
#5930 = ADVANCED_FACE('',(#5931),#5665,.T.);
#5931 = FACE_BOUND('',#5932,.T.);
#5932 = EDGE_LOOP('',(#5933,#5934,#5957,#5979));
#5933 = ORIENTED_EDGE('',*,*,#5737,.T.);
#5934 = ORIENTED_EDGE('',*,*,#5935,.T.);
#5935 = EDGE_CURVE('',#5738,#5936,#5938,.T.);
#5936 = VERTEX_POINT('',#5937);
#5937 = CARTESIAN_POINT('',(4.32,3.24,4.16));
#5938 = SURFACE_CURVE('',#5939,(#5943,#5950),.PCURVE_S1.);
#5939 = LINE('',#5940,#5941);
#5940 = CARTESIAN_POINT('',(4.32,-4.11,4.16));
#5941 = VECTOR('',#5942,1.);
#5942 = DIRECTION('',(0.,1.,0.));
#5943 = PCURVE('',#5665,#5944);
#5944 = DEFINITIONAL_REPRESENTATION('',(#5945),#5949);
#5945 = LINE('',#5946,#5947);
#5946 = CARTESIAN_POINT('',(1.570796326795,0.));
#5947 = VECTOR('',#5948,1.);
#5948 = DIRECTION('',(0.,1.));
#5949 = ( GEOMETRIC_REPRESENTATION_CONTEXT(2) 
PARAMETRIC_REPRESENTATION_CONTEXT() REPRESENTATION_CONTEXT('2D SPACE',''
  ) );
#5950 = PCURVE('',#5777,#5951);
#5951 = DEFINITIONAL_REPRESENTATION('',(#5952),#5956);
#5952 = LINE('',#5953,#5954);
#5953 = CARTESIAN_POINT('',(1.2,0.));
#5954 = VECTOR('',#5955,1.);
#5955 = DIRECTION('',(0.,1.));
#5956 = ( GEOMETRIC_REPRESENTATION_CONTEXT(2) 
PARAMETRIC_REPRESENTATION_CONTEXT() REPRESENTATION_CONTEXT('2D SPACE',''
  ) );
#5957 = ORIENTED_EDGE('',*,*,#5958,.F.);
#5958 = EDGE_CURVE('',#5624,#5936,#5959,.T.);
#5959 = SURFACE_CURVE('',#5960,(#5965,#5972),.PCURVE_S1.);
#5960 = CIRCLE('',#5961,1.2);
#5961 = AXIS2_PLACEMENT_3D('',#5962,#5963,#5964);
#5962 = CARTESIAN_POINT('',(4.32,3.24,2.96));
#5963 = DIRECTION('',(0.,1.,0.));
#5964 = DIRECTION('',(0.,-0.,1.));
#5965 = PCURVE('',#5665,#5966);
#5966 = DEFINITIONAL_REPRESENTATION('',(#5967),#5971);
#5967 = LINE('',#5968,#5969);
#5968 = CARTESIAN_POINT('',(-4.712388980385,7.35));
#5969 = VECTOR('',#5970,1.);
#5970 = DIRECTION('',(1.,0.));
#5971 = ( GEOMETRIC_REPRESENTATION_CONTEXT(2) 
PARAMETRIC_REPRESENTATION_CONTEXT() REPRESENTATION_CONTEXT('2D SPACE',''
  ) );
#5972 = PCURVE('',#5639,#5973);
#5973 = DEFINITIONAL_REPRESENTATION('',(#5974),#5978);
#5974 = CIRCLE('',#5975,1.2);
#5975 = AXIS2_PLACEMENT_2D('',#5976,#5977);
#5976 = CARTESIAN_POINT('',(1.96,1.2));
#5977 = DIRECTION('',(1.,0.));
#5978 = ( GEOMETRIC_REPRESENTATION_CONTEXT(2) 
PARAMETRIC_REPRESENTATION_CONTEXT() REPRESENTATION_CONTEXT('2D SPACE',''
  ) );
#5979 = ORIENTED_EDGE('',*,*,#5651,.F.);
#5980 = ADVANCED_FACE('',(#5981),#5639,.T.);
#5981 = FACE_BOUND('',#5982,.T.);
#5982 = EDGE_LOOP('',(#5983,#6006,#6007,#6008,#6009,#6032,#6060,#6083));
#5983 = ORIENTED_EDGE('',*,*,#5984,.F.);
#5984 = EDGE_CURVE('',#5882,#5985,#5987,.T.);
#5985 = VERTEX_POINT('',#5986);
#5986 = CARTESIAN_POINT('',(10.92,3.24,1.));
#5987 = SURFACE_CURVE('',#5988,(#5992,#5999),.PCURVE_S1.);
#5988 = LINE('',#5989,#5990);
#5989 = CARTESIAN_POINT('',(3.12,3.24,1.));
#5990 = VECTOR('',#5991,1.);
#5991 = DIRECTION('',(1.,0.,0.));
#5992 = PCURVE('',#5639,#5993);
#5993 = DEFINITIONAL_REPRESENTATION('',(#5994),#5998);
#5994 = LINE('',#5995,#5996);
#5995 = CARTESIAN_POINT('',(0.,0.));
#5996 = VECTOR('',#5997,1.);
#5997 = DIRECTION('',(0.,1.));
#5998 = ( GEOMETRIC_REPRESENTATION_CONTEXT(2) 
PARAMETRIC_REPRESENTATION_CONTEXT() REPRESENTATION_CONTEXT('2D SPACE',''
  ) );
#5999 = PCURVE('',#5698,#6000);
#6000 = DEFINITIONAL_REPRESENTATION('',(#6001),#6005);
#6001 = LINE('',#6002,#6003);
#6002 = CARTESIAN_POINT('',(0.,7.35));
#6003 = VECTOR('',#6004,1.);
#6004 = DIRECTION('',(1.,0.));
#6005 = ( GEOMETRIC_REPRESENTATION_CONTEXT(2) 
PARAMETRIC_REPRESENTATION_CONTEXT() REPRESENTATION_CONTEXT('2D SPACE',''
  ) );
#6006 = ORIENTED_EDGE('',*,*,#5904,.F.);
#6007 = ORIENTED_EDGE('',*,*,#5623,.T.);
#6008 = ORIENTED_EDGE('',*,*,#5958,.T.);
#6009 = ORIENTED_EDGE('',*,*,#6010,.T.);
#6010 = EDGE_CURVE('',#5936,#6011,#6013,.T.);
#6011 = VERTEX_POINT('',#6012);
#6012 = CARTESIAN_POINT('',(10.92,3.24,4.16));
#6013 = SURFACE_CURVE('',#6014,(#6018,#6025),.PCURVE_S1.);
#6014 = LINE('',#6015,#6016);
#6015 = CARTESIAN_POINT('',(3.12,3.24,4.16));
#6016 = VECTOR('',#6017,1.);
#6017 = DIRECTION('',(1.,0.,0.));
#6018 = PCURVE('',#5639,#6019);
#6019 = DEFINITIONAL_REPRESENTATION('',(#6020),#6024);
#6020 = LINE('',#6021,#6022);
#6021 = CARTESIAN_POINT('',(3.16,0.));
#6022 = VECTOR('',#6023,1.);
#6023 = DIRECTION('',(0.,1.));
#6024 = ( GEOMETRIC_REPRESENTATION_CONTEXT(2) 
PARAMETRIC_REPRESENTATION_CONTEXT() REPRESENTATION_CONTEXT('2D SPACE',''
  ) );
#6025 = PCURVE('',#5777,#6026);
#6026 = DEFINITIONAL_REPRESENTATION('',(#6027),#6031);
#6027 = LINE('',#6028,#6029);
#6028 = CARTESIAN_POINT('',(0.,7.35));
#6029 = VECTOR('',#6030,1.);
#6030 = DIRECTION('',(1.,0.));
#6031 = ( GEOMETRIC_REPRESENTATION_CONTEXT(2) 
PARAMETRIC_REPRESENTATION_CONTEXT() REPRESENTATION_CONTEXT('2D SPACE',''
  ) );
#6032 = ORIENTED_EDGE('',*,*,#6033,.F.);
#6033 = EDGE_CURVE('',#6034,#6011,#6036,.T.);
#6034 = VERTEX_POINT('',#6035);
#6035 = CARTESIAN_POINT('',(12.12,3.24,2.96));
#6036 = SURFACE_CURVE('',#6037,(#6042,#6053),.PCURVE_S1.);
#6037 = CIRCLE('',#6038,1.2);
#6038 = AXIS2_PLACEMENT_3D('',#6039,#6040,#6041);
#6039 = CARTESIAN_POINT('',(10.92,3.24,2.96));
#6040 = DIRECTION('',(-0.,-1.,0.));
#6041 = DIRECTION('',(0.,-0.,1.));
#6042 = PCURVE('',#5639,#6043);
#6043 = DEFINITIONAL_REPRESENTATION('',(#6044),#6052);
#6044 = ( BOUNDED_CURVE() B_SPLINE_CURVE(2,(#6045,#6046,#6047,#6048,
#6049,#6050,#6051),.UNSPECIFIED.,.T.,.F.) B_SPLINE_CURVE_WITH_KNOTS((1,2
    ,2,2,2,1),(-2.094395102393,0.,2.094395102393,4.188790204786,
6.28318530718,8.377580409573),.UNSPECIFIED.) CURVE() 
GEOMETRIC_REPRESENTATION_ITEM() RATIONAL_B_SPLINE_CURVE((1.,0.5,1.,0.5,
1.,0.5,1.)) REPRESENTATION_ITEM('') );
#6045 = CARTESIAN_POINT('',(3.16,7.8));
#6046 = CARTESIAN_POINT('',(3.16,5.721539030917));
#6047 = CARTESIAN_POINT('',(1.36,6.760769515459));
#6048 = CARTESIAN_POINT('',(-0.44,7.8));
#6049 = CARTESIAN_POINT('',(1.36,8.839230484541));
#6050 = CARTESIAN_POINT('',(3.16,9.878460969083));
#6051 = CARTESIAN_POINT('',(3.16,7.8));
#6052 = ( GEOMETRIC_REPRESENTATION_CONTEXT(2) 
PARAMETRIC_REPRESENTATION_CONTEXT() REPRESENTATION_CONTEXT('2D SPACE',''
  ) );
#6053 = PCURVE('',#5810,#6054);
#6054 = DEFINITIONAL_REPRESENTATION('',(#6055),#6059);
#6055 = LINE('',#6056,#6057);
#6056 = CARTESIAN_POINT('',(4.712388980385,7.35));
#6057 = VECTOR('',#6058,1.);
#6058 = DIRECTION('',(-1.,0.));
#6059 = ( GEOMETRIC_REPRESENTATION_CONTEXT(2) 
PARAMETRIC_REPRESENTATION_CONTEXT() REPRESENTATION_CONTEXT('2D SPACE',''
  ) );
#6060 = ORIENTED_EDGE('',*,*,#6061,.F.);
#6061 = EDGE_CURVE('',#6062,#6034,#6064,.T.);
#6062 = VERTEX_POINT('',#6063);
#6063 = CARTESIAN_POINT('',(12.12,3.24,2.2));
#6064 = SURFACE_CURVE('',#6065,(#6069,#6076),.PCURVE_S1.);
#6065 = LINE('',#6066,#6067);
#6066 = CARTESIAN_POINT('',(12.12,3.24,1.));
#6067 = VECTOR('',#6068,1.);
#6068 = DIRECTION('',(0.,0.,1.));
#6069 = PCURVE('',#5639,#6070);
#6070 = DEFINITIONAL_REPRESENTATION('',(#6071),#6075);
#6071 = LINE('',#6072,#6073);
#6072 = CARTESIAN_POINT('',(0.,9.));
#6073 = VECTOR('',#6074,1.);
#6074 = DIRECTION('',(1.,0.));
#6075 = ( GEOMETRIC_REPRESENTATION_CONTEXT(2) 
PARAMETRIC_REPRESENTATION_CONTEXT() REPRESENTATION_CONTEXT('2D SPACE',''
  ) );
#6076 = PCURVE('',#5838,#6077);
#6077 = DEFINITIONAL_REPRESENTATION('',(#6078),#6082);
#6078 = LINE('',#6079,#6080);
#6079 = CARTESIAN_POINT('',(0.,-7.35));
#6080 = VECTOR('',#6081,1.);
#6081 = DIRECTION('',(1.,0.));
#6082 = ( GEOMETRIC_REPRESENTATION_CONTEXT(2) 
PARAMETRIC_REPRESENTATION_CONTEXT() REPRESENTATION_CONTEXT('2D SPACE',''
  ) );
#6083 = ORIENTED_EDGE('',*,*,#6084,.T.);
#6084 = EDGE_CURVE('',#6062,#5985,#6085,.T.);
#6085 = SURFACE_CURVE('',#6086,(#6091,#6098),.PCURVE_S1.);
#6086 = CIRCLE('',#6087,1.2);
#6087 = AXIS2_PLACEMENT_3D('',#6088,#6089,#6090);
#6088 = CARTESIAN_POINT('',(10.92,3.24,2.2));
#6089 = DIRECTION('',(0.,1.,0.));
#6090 = DIRECTION('',(0.,-0.,1.));
#6091 = PCURVE('',#5639,#6092);
#6092 = DEFINITIONAL_REPRESENTATION('',(#6093),#6097);
#6093 = CIRCLE('',#6094,1.2);
#6094 = AXIS2_PLACEMENT_2D('',#6095,#6096);
#6095 = CARTESIAN_POINT('',(1.2,7.8));
#6096 = DIRECTION('',(1.,0.));
#6097 = ( GEOMETRIC_REPRESENTATION_CONTEXT(2) 
PARAMETRIC_REPRESENTATION_CONTEXT() REPRESENTATION_CONTEXT('2D SPACE',''
  ) );
#6098 = PCURVE('',#5865,#6099);
#6099 = DEFINITIONAL_REPRESENTATION('',(#6100),#6104);
#6100 = LINE('',#6101,#6102);
#6101 = CARTESIAN_POINT('',(-1.570796326795,7.35));
#6102 = VECTOR('',#6103,1.);
#6103 = DIRECTION('',(1.,0.));
#6104 = ( GEOMETRIC_REPRESENTATION_CONTEXT(2) 
PARAMETRIC_REPRESENTATION_CONTEXT() REPRESENTATION_CONTEXT('2D SPACE',''
  ) );
#6105 = ADVANCED_FACE('',(#6106),#5698,.F.);
#6106 = FACE_BOUND('',#6107,.F.);
#6107 = EDGE_LOOP('',(#6108,#6109,#6110,#6111));
#6108 = ORIENTED_EDGE('',*,*,#5984,.F.);
#6109 = ORIENTED_EDGE('',*,*,#5881,.F.);
#6110 = ORIENTED_EDGE('',*,*,#5680,.T.);
#6111 = ORIENTED_EDGE('',*,*,#6112,.T.);
#6112 = EDGE_CURVE('',#5683,#5985,#6113,.T.);
#6113 = SURFACE_CURVE('',#6114,(#6118,#6125),.PCURVE_S1.);
#6114 = LINE('',#6115,#6116);
#6115 = CARTESIAN_POINT('',(10.92,-4.11,1.));
#6116 = VECTOR('',#6117,1.);
#6117 = DIRECTION('',(0.,1.,0.));
#6118 = PCURVE('',#5698,#6119);
#6119 = DEFINITIONAL_REPRESENTATION('',(#6120),#6124);
#6120 = LINE('',#6121,#6122);
#6121 = CARTESIAN_POINT('',(7.8,0.));
#6122 = VECTOR('',#6123,1.);
#6123 = DIRECTION('',(0.,1.));
#6124 = ( GEOMETRIC_REPRESENTATION_CONTEXT(2) 
PARAMETRIC_REPRESENTATION_CONTEXT() REPRESENTATION_CONTEXT('2D SPACE',''
  ) );
#6125 = PCURVE('',#5865,#6126);
#6126 = DEFINITIONAL_REPRESENTATION('',(#6127),#6131);
#6127 = LINE('',#6128,#6129);
#6128 = CARTESIAN_POINT('',(1.570796326795,0.));
#6129 = VECTOR('',#6130,1.);
#6130 = DIRECTION('',(0.,1.));
#6131 = ( GEOMETRIC_REPRESENTATION_CONTEXT(2) 
PARAMETRIC_REPRESENTATION_CONTEXT() REPRESENTATION_CONTEXT('2D SPACE',''
  ) );
#6132 = ADVANCED_FACE('',(#6133),#5865,.T.);
#6133 = FACE_BOUND('',#6134,.T.);
#6134 = EDGE_LOOP('',(#6135,#6136,#6137,#6138));
#6135 = ORIENTED_EDGE('',*,*,#5850,.T.);
#6136 = ORIENTED_EDGE('',*,*,#6112,.T.);
#6137 = ORIENTED_EDGE('',*,*,#6084,.F.);
#6138 = ORIENTED_EDGE('',*,*,#6139,.F.);
#6139 = EDGE_CURVE('',#5823,#6062,#6140,.T.);
#6140 = SURFACE_CURVE('',#6141,(#6145,#6152),.PCURVE_S1.);
#6141 = LINE('',#6142,#6143);
#6142 = CARTESIAN_POINT('',(12.12,-4.11,2.2));
#6143 = VECTOR('',#6144,1.);
#6144 = DIRECTION('',(0.,1.,0.));
#6145 = PCURVE('',#5865,#6146);
#6146 = DEFINITIONAL_REPRESENTATION('',(#6147),#6151);
#6147 = LINE('',#6148,#6149);
#6148 = CARTESIAN_POINT('',(0.,0.));
#6149 = VECTOR('',#6150,1.);
#6150 = DIRECTION('',(0.,1.));
#6151 = ( GEOMETRIC_REPRESENTATION_CONTEXT(2) 
PARAMETRIC_REPRESENTATION_CONTEXT() REPRESENTATION_CONTEXT('2D SPACE',''
  ) );
#6152 = PCURVE('',#5838,#6153);
#6153 = DEFINITIONAL_REPRESENTATION('',(#6154),#6158);
#6154 = LINE('',#6155,#6156);
#6155 = CARTESIAN_POINT('',(1.2,0.));
#6156 = VECTOR('',#6157,1.);
#6157 = DIRECTION('',(0.,-1.));
#6158 = ( GEOMETRIC_REPRESENTATION_CONTEXT(2) 
PARAMETRIC_REPRESENTATION_CONTEXT() REPRESENTATION_CONTEXT('2D SPACE',''
  ) );
#6159 = ADVANCED_FACE('',(#6160),#5838,.T.);
#6160 = FACE_BOUND('',#6161,.T.);
#6161 = EDGE_LOOP('',(#6162,#6163,#6164,#6165));
#6162 = ORIENTED_EDGE('',*,*,#5822,.F.);
#6163 = ORIENTED_EDGE('',*,*,#6139,.T.);
#6164 = ORIENTED_EDGE('',*,*,#6061,.T.);
#6165 = ORIENTED_EDGE('',*,*,#6166,.F.);
#6166 = EDGE_CURVE('',#5790,#6034,#6167,.T.);
#6167 = SURFACE_CURVE('',#6168,(#6172,#6179),.PCURVE_S1.);
#6168 = LINE('',#6169,#6170);
#6169 = CARTESIAN_POINT('',(12.12,-4.11,2.96));
#6170 = VECTOR('',#6171,1.);
#6171 = DIRECTION('',(0.,1.,0.));
#6172 = PCURVE('',#5838,#6173);
#6173 = DEFINITIONAL_REPRESENTATION('',(#6174),#6178);
#6174 = LINE('',#6175,#6176);
#6175 = CARTESIAN_POINT('',(1.96,0.));
#6176 = VECTOR('',#6177,1.);
#6177 = DIRECTION('',(0.,-1.));
#6178 = ( GEOMETRIC_REPRESENTATION_CONTEXT(2) 
PARAMETRIC_REPRESENTATION_CONTEXT() REPRESENTATION_CONTEXT('2D SPACE',''
  ) );
#6179 = PCURVE('',#5810,#6180);
#6180 = DEFINITIONAL_REPRESENTATION('',(#6181),#6185);
#6181 = LINE('',#6182,#6183);
#6182 = CARTESIAN_POINT('',(-0.,0.));
#6183 = VECTOR('',#6184,1.);
#6184 = DIRECTION('',(-0.,1.));
#6185 = ( GEOMETRIC_REPRESENTATION_CONTEXT(2) 
PARAMETRIC_REPRESENTATION_CONTEXT() REPRESENTATION_CONTEXT('2D SPACE',''
  ) );
#6186 = ADVANCED_FACE('',(#6187),#5810,.T.);
#6187 = FACE_BOUND('',#6188,.F.);
#6188 = EDGE_LOOP('',(#6189,#6190,#6211,#6212));
#6189 = ORIENTED_EDGE('',*,*,#5789,.T.);
#6190 = ORIENTED_EDGE('',*,*,#6191,.T.);
#6191 = EDGE_CURVE('',#5762,#6011,#6192,.T.);
#6192 = SURFACE_CURVE('',#6193,(#6197,#6204),.PCURVE_S1.);
#6193 = LINE('',#6194,#6195);
#6194 = CARTESIAN_POINT('',(10.92,-4.11,4.16));
#6195 = VECTOR('',#6196,1.);
#6196 = DIRECTION('',(0.,1.,0.));
#6197 = PCURVE('',#5810,#6198);
#6198 = DEFINITIONAL_REPRESENTATION('',(#6199),#6203);
#6199 = LINE('',#6200,#6201);
#6200 = CARTESIAN_POINT('',(-1.570796326795,0.));
#6201 = VECTOR('',#6202,1.);
#6202 = DIRECTION('',(-0.,1.));
#6203 = ( GEOMETRIC_REPRESENTATION_CONTEXT(2) 
PARAMETRIC_REPRESENTATION_CONTEXT() REPRESENTATION_CONTEXT('2D SPACE',''
  ) );
#6204 = PCURVE('',#5777,#6205);
#6205 = DEFINITIONAL_REPRESENTATION('',(#6206),#6210);
#6206 = LINE('',#6207,#6208);
#6207 = CARTESIAN_POINT('',(7.8,0.));
#6208 = VECTOR('',#6209,1.);
#6209 = DIRECTION('',(0.,1.));
#6210 = ( GEOMETRIC_REPRESENTATION_CONTEXT(2) 
PARAMETRIC_REPRESENTATION_CONTEXT() REPRESENTATION_CONTEXT('2D SPACE',''
  ) );
#6211 = ORIENTED_EDGE('',*,*,#6033,.F.);
#6212 = ORIENTED_EDGE('',*,*,#6166,.F.);
#6213 = ADVANCED_FACE('',(#6214),#5777,.T.);
#6214 = FACE_BOUND('',#6215,.T.);
#6215 = EDGE_LOOP('',(#6216,#6217,#6218,#6219));
#6216 = ORIENTED_EDGE('',*,*,#6010,.F.);
#6217 = ORIENTED_EDGE('',*,*,#5935,.F.);
#6218 = ORIENTED_EDGE('',*,*,#5761,.T.);
#6219 = ORIENTED_EDGE('',*,*,#6191,.T.);
#6220 = ( GEOMETRIC_REPRESENTATION_CONTEXT(3) 
GLOBAL_UNCERTAINTY_ASSIGNED_CONTEXT((#6224)) 
GLOBAL_UNIT_ASSIGNED_CONTEXT((#6221,#6222,#6223)) REPRESENTATION_CONTEXT
('Context #1','3D Context with UNIT and UNCERTAINTY') );
#6221 = ( LENGTH_UNIT() NAMED_UNIT(*) SI_UNIT(.MILLI.,.METRE.) );
#6222 = ( NAMED_UNIT(*) PLANE_ANGLE_UNIT() SI_UNIT($,.RADIAN.) );
#6223 = ( NAMED_UNIT(*) SI_UNIT($,.STERADIAN.) SOLID_ANGLE_UNIT() );
#6224 = UNCERTAINTY_MEASURE_WITH_UNIT(LENGTH_MEASURE(1.E-07),#6221,
  'distance_accuracy_value','confusion accuracy');
#6225 = CONTEXT_DEPENDENT_SHAPE_REPRESENTATION(#6226,#6228);
#6226 = ( REPRESENTATION_RELATIONSHIP('','',#5553,#10) 
REPRESENTATION_RELATIONSHIP_WITH_TRANSFORMATION(#6227) 
SHAPE_REPRESENTATION_RELATIONSHIP() );
#6227 = ITEM_DEFINED_TRANSFORMATION('','',#11,#19);
#6228 = PRODUCT_DEFINITION_SHAPE('Placement','Placement of an item',
  #6229);
#6229 = NEXT_ASSEMBLY_USAGE_OCCURRENCE('13','usb_c_1','',#5,#5548,$);
#6230 = PRODUCT_RELATED_PRODUCT_CATEGORY('part',$,(#5550));
#6231 = SHAPE_DEFINITION_REPRESENTATION(#6232,#6238);
#6232 = PRODUCT_DEFINITION_SHAPE('','',#6233);
#6233 = PRODUCT_DEFINITION('design','',#6234,#6237);
#6234 = PRODUCT_DEFINITION_FORMATION('','',#6235);
#6235 = PRODUCT('button_2','button_2','',(#6236));
#6236 = PRODUCT_CONTEXT('',#2,'mechanical');
#6237 = PRODUCT_DEFINITION_CONTEXT('part definition',#2,'design');
#6238 = ADVANCED_BREP_SHAPE_REPRESENTATION('',(#11,#6239),#6569);
#6239 = MANIFOLD_SOLID_BREP('',#6240);
#6240 = CLOSED_SHELL('',(#6241,#6361,#6461,#6508,#6555,#6562));
#6241 = ADVANCED_FACE('',(#6242),#6256,.F.);
#6242 = FACE_BOUND('',#6243,.F.);
#6243 = EDGE_LOOP('',(#6244,#6279,#6307,#6335));
#6244 = ORIENTED_EDGE('',*,*,#6245,.F.);
#6245 = EDGE_CURVE('',#6246,#6248,#6250,.T.);
#6246 = VERTEX_POINT('',#6247);
#6247 = CARTESIAN_POINT('',(3.17,-8.4,1.));
#6248 = VERTEX_POINT('',#6249);
#6249 = CARTESIAN_POINT('',(3.17,-8.4,2.5));
#6250 = SURFACE_CURVE('',#6251,(#6255,#6267),.PCURVE_S1.);
#6251 = LINE('',#6252,#6253);
#6252 = CARTESIAN_POINT('',(3.17,-8.4,1.));
#6253 = VECTOR('',#6254,1.);
#6254 = DIRECTION('',(0.,0.,1.));
#6255 = PCURVE('',#6256,#6261);
#6256 = PLANE('',#6257);
#6257 = AXIS2_PLACEMENT_3D('',#6258,#6259,#6260);
#6258 = CARTESIAN_POINT('',(3.17,-8.4,1.));
#6259 = DIRECTION('',(1.,0.,0.));
#6260 = DIRECTION('',(0.,0.,1.));
#6261 = DEFINITIONAL_REPRESENTATION('',(#6262),#6266);
#6262 = LINE('',#6263,#6264);
#6263 = CARTESIAN_POINT('',(0.,0.));
#6264 = VECTOR('',#6265,1.);
#6265 = DIRECTION('',(1.,0.));
#6266 = ( GEOMETRIC_REPRESENTATION_CONTEXT(2) 
PARAMETRIC_REPRESENTATION_CONTEXT() REPRESENTATION_CONTEXT('2D SPACE',''
  ) );
#6267 = PCURVE('',#6268,#6273);
#6268 = PLANE('',#6269);
#6269 = AXIS2_PLACEMENT_3D('',#6270,#6271,#6272);
#6270 = CARTESIAN_POINT('',(3.17,-8.4,1.));
#6271 = DIRECTION('',(0.,1.,0.));
#6272 = DIRECTION('',(0.,0.,1.));
#6273 = DEFINITIONAL_REPRESENTATION('',(#6274),#6278);
#6274 = LINE('',#6275,#6276);
#6275 = CARTESIAN_POINT('',(0.,0.));
#6276 = VECTOR('',#6277,1.);
#6277 = DIRECTION('',(1.,0.));
#6278 = ( GEOMETRIC_REPRESENTATION_CONTEXT(2) 
PARAMETRIC_REPRESENTATION_CONTEXT() REPRESENTATION_CONTEXT('2D SPACE',''
  ) );
#6279 = ORIENTED_EDGE('',*,*,#6280,.T.);
#6280 = EDGE_CURVE('',#6246,#6281,#6283,.T.);
#6281 = VERTEX_POINT('',#6282);
#6282 = CARTESIAN_POINT('',(3.17,-5.8,1.));
#6283 = SURFACE_CURVE('',#6284,(#6288,#6295),.PCURVE_S1.);
#6284 = LINE('',#6285,#6286);
#6285 = CARTESIAN_POINT('',(3.17,-8.4,1.));
#6286 = VECTOR('',#6287,1.);
#6287 = DIRECTION('',(0.,1.,0.));
#6288 = PCURVE('',#6256,#6289);
#6289 = DEFINITIONAL_REPRESENTATION('',(#6290),#6294);
#6290 = LINE('',#6291,#6292);
#6291 = CARTESIAN_POINT('',(0.,0.));
#6292 = VECTOR('',#6293,1.);
#6293 = DIRECTION('',(0.,-1.));
#6294 = ( GEOMETRIC_REPRESENTATION_CONTEXT(2) 
PARAMETRIC_REPRESENTATION_CONTEXT() REPRESENTATION_CONTEXT('2D SPACE',''
  ) );
#6295 = PCURVE('',#6296,#6301);
#6296 = PLANE('',#6297);
#6297 = AXIS2_PLACEMENT_3D('',#6298,#6299,#6300);
#6298 = CARTESIAN_POINT('',(3.17,-8.4,1.));
#6299 = DIRECTION('',(0.,0.,1.));
#6300 = DIRECTION('',(1.,0.,0.));
#6301 = DEFINITIONAL_REPRESENTATION('',(#6302),#6306);
#6302 = LINE('',#6303,#6304);
#6303 = CARTESIAN_POINT('',(0.,0.));
#6304 = VECTOR('',#6305,1.);
#6305 = DIRECTION('',(0.,1.));
#6306 = ( GEOMETRIC_REPRESENTATION_CONTEXT(2) 
PARAMETRIC_REPRESENTATION_CONTEXT() REPRESENTATION_CONTEXT('2D SPACE',''
  ) );
#6307 = ORIENTED_EDGE('',*,*,#6308,.T.);
#6308 = EDGE_CURVE('',#6281,#6309,#6311,.T.);
#6309 = VERTEX_POINT('',#6310);
#6310 = CARTESIAN_POINT('',(3.17,-5.8,2.5));
#6311 = SURFACE_CURVE('',#6312,(#6316,#6323),.PCURVE_S1.);
#6312 = LINE('',#6313,#6314);
#6313 = CARTESIAN_POINT('',(3.17,-5.8,1.));
#6314 = VECTOR('',#6315,1.);
#6315 = DIRECTION('',(0.,0.,1.));
#6316 = PCURVE('',#6256,#6317);
#6317 = DEFINITIONAL_REPRESENTATION('',(#6318),#6322);
#6318 = LINE('',#6319,#6320);
#6319 = CARTESIAN_POINT('',(0.,-2.6));
#6320 = VECTOR('',#6321,1.);
#6321 = DIRECTION('',(1.,0.));
#6322 = ( GEOMETRIC_REPRESENTATION_CONTEXT(2) 
PARAMETRIC_REPRESENTATION_CONTEXT() REPRESENTATION_CONTEXT('2D SPACE',''
  ) );
#6323 = PCURVE('',#6324,#6329);
#6324 = PLANE('',#6325);
#6325 = AXIS2_PLACEMENT_3D('',#6326,#6327,#6328);
#6326 = CARTESIAN_POINT('',(3.17,-5.8,1.));
#6327 = DIRECTION('',(0.,1.,0.));
#6328 = DIRECTION('',(0.,0.,1.));
#6329 = DEFINITIONAL_REPRESENTATION('',(#6330),#6334);
#6330 = LINE('',#6331,#6332);
#6331 = CARTESIAN_POINT('',(0.,0.));
#6332 = VECTOR('',#6333,1.);
#6333 = DIRECTION('',(1.,0.));
#6334 = ( GEOMETRIC_REPRESENTATION_CONTEXT(2) 
PARAMETRIC_REPRESENTATION_CONTEXT() REPRESENTATION_CONTEXT('2D SPACE',''
  ) );
#6335 = ORIENTED_EDGE('',*,*,#6336,.F.);
#6336 = EDGE_CURVE('',#6248,#6309,#6337,.T.);
#6337 = SURFACE_CURVE('',#6338,(#6342,#6349),.PCURVE_S1.);
#6338 = LINE('',#6339,#6340);
#6339 = CARTESIAN_POINT('',(3.17,-8.4,2.5));
#6340 = VECTOR('',#6341,1.);
#6341 = DIRECTION('',(0.,1.,0.));
#6342 = PCURVE('',#6256,#6343);
#6343 = DEFINITIONAL_REPRESENTATION('',(#6344),#6348);
#6344 = LINE('',#6345,#6346);
#6345 = CARTESIAN_POINT('',(1.5,0.));
#6346 = VECTOR('',#6347,1.);
#6347 = DIRECTION('',(0.,-1.));
#6348 = ( GEOMETRIC_REPRESENTATION_CONTEXT(2) 
PARAMETRIC_REPRESENTATION_CONTEXT() REPRESENTATION_CONTEXT('2D SPACE',''
  ) );
#6349 = PCURVE('',#6350,#6355);
#6350 = PLANE('',#6351);
#6351 = AXIS2_PLACEMENT_3D('',#6352,#6353,#6354);
#6352 = CARTESIAN_POINT('',(3.17,-8.4,2.5));
#6353 = DIRECTION('',(0.,0.,1.));
#6354 = DIRECTION('',(1.,0.,0.));
#6355 = DEFINITIONAL_REPRESENTATION('',(#6356),#6360);
#6356 = LINE('',#6357,#6358);
#6357 = CARTESIAN_POINT('',(0.,0.));
#6358 = VECTOR('',#6359,1.);
#6359 = DIRECTION('',(0.,1.));
#6360 = ( GEOMETRIC_REPRESENTATION_CONTEXT(2) 
PARAMETRIC_REPRESENTATION_CONTEXT() REPRESENTATION_CONTEXT('2D SPACE',''
  ) );
#6361 = ADVANCED_FACE('',(#6362),#6376,.T.);
#6362 = FACE_BOUND('',#6363,.T.);
#6363 = EDGE_LOOP('',(#6364,#6394,#6417,#6440));
#6364 = ORIENTED_EDGE('',*,*,#6365,.F.);
#6365 = EDGE_CURVE('',#6366,#6368,#6370,.T.);
#6366 = VERTEX_POINT('',#6367);
#6367 = CARTESIAN_POINT('',(6.17,-8.4,1.));
#6368 = VERTEX_POINT('',#6369);
#6369 = CARTESIAN_POINT('',(6.17,-8.4,2.5));
#6370 = SURFACE_CURVE('',#6371,(#6375,#6387),.PCURVE_S1.);
#6371 = LINE('',#6372,#6373);
#6372 = CARTESIAN_POINT('',(6.17,-8.4,1.));
#6373 = VECTOR('',#6374,1.);
#6374 = DIRECTION('',(0.,0.,1.));
#6375 = PCURVE('',#6376,#6381);
#6376 = PLANE('',#6377);
#6377 = AXIS2_PLACEMENT_3D('',#6378,#6379,#6380);
#6378 = CARTESIAN_POINT('',(6.17,-8.4,1.));
#6379 = DIRECTION('',(1.,0.,0.));
#6380 = DIRECTION('',(0.,0.,1.));
#6381 = DEFINITIONAL_REPRESENTATION('',(#6382),#6386);
#6382 = LINE('',#6383,#6384);
#6383 = CARTESIAN_POINT('',(0.,0.));
#6384 = VECTOR('',#6385,1.);
#6385 = DIRECTION('',(1.,0.));
#6386 = ( GEOMETRIC_REPRESENTATION_CONTEXT(2) 
PARAMETRIC_REPRESENTATION_CONTEXT() REPRESENTATION_CONTEXT('2D SPACE',''
  ) );
#6387 = PCURVE('',#6268,#6388);
#6388 = DEFINITIONAL_REPRESENTATION('',(#6389),#6393);
#6389 = LINE('',#6390,#6391);
#6390 = CARTESIAN_POINT('',(0.,3.));
#6391 = VECTOR('',#6392,1.);
#6392 = DIRECTION('',(1.,0.));
#6393 = ( GEOMETRIC_REPRESENTATION_CONTEXT(2) 
PARAMETRIC_REPRESENTATION_CONTEXT() REPRESENTATION_CONTEXT('2D SPACE',''
  ) );
#6394 = ORIENTED_EDGE('',*,*,#6395,.T.);
#6395 = EDGE_CURVE('',#6366,#6396,#6398,.T.);
#6396 = VERTEX_POINT('',#6397);
#6397 = CARTESIAN_POINT('',(6.17,-5.8,1.));
#6398 = SURFACE_CURVE('',#6399,(#6403,#6410),.PCURVE_S1.);
#6399 = LINE('',#6400,#6401);
#6400 = CARTESIAN_POINT('',(6.17,-8.4,1.));
#6401 = VECTOR('',#6402,1.);
#6402 = DIRECTION('',(0.,1.,0.));
#6403 = PCURVE('',#6376,#6404);
#6404 = DEFINITIONAL_REPRESENTATION('',(#6405),#6409);
#6405 = LINE('',#6406,#6407);
#6406 = CARTESIAN_POINT('',(0.,0.));
#6407 = VECTOR('',#6408,1.);
#6408 = DIRECTION('',(0.,-1.));
#6409 = ( GEOMETRIC_REPRESENTATION_CONTEXT(2) 
PARAMETRIC_REPRESENTATION_CONTEXT() REPRESENTATION_CONTEXT('2D SPACE',''
  ) );
#6410 = PCURVE('',#6296,#6411);
#6411 = DEFINITIONAL_REPRESENTATION('',(#6412),#6416);
#6412 = LINE('',#6413,#6414);
#6413 = CARTESIAN_POINT('',(3.,0.));
#6414 = VECTOR('',#6415,1.);
#6415 = DIRECTION('',(0.,1.));
#6416 = ( GEOMETRIC_REPRESENTATION_CONTEXT(2) 
PARAMETRIC_REPRESENTATION_CONTEXT() REPRESENTATION_CONTEXT('2D SPACE',''
  ) );
#6417 = ORIENTED_EDGE('',*,*,#6418,.T.);
#6418 = EDGE_CURVE('',#6396,#6419,#6421,.T.);
#6419 = VERTEX_POINT('',#6420);
#6420 = CARTESIAN_POINT('',(6.17,-5.8,2.5));
#6421 = SURFACE_CURVE('',#6422,(#6426,#6433),.PCURVE_S1.);
#6422 = LINE('',#6423,#6424);
#6423 = CARTESIAN_POINT('',(6.17,-5.8,1.));
#6424 = VECTOR('',#6425,1.);
#6425 = DIRECTION('',(0.,0.,1.));
#6426 = PCURVE('',#6376,#6427);
#6427 = DEFINITIONAL_REPRESENTATION('',(#6428),#6432);
#6428 = LINE('',#6429,#6430);
#6429 = CARTESIAN_POINT('',(0.,-2.6));
#6430 = VECTOR('',#6431,1.);
#6431 = DIRECTION('',(1.,0.));
#6432 = ( GEOMETRIC_REPRESENTATION_CONTEXT(2) 
PARAMETRIC_REPRESENTATION_CONTEXT() REPRESENTATION_CONTEXT('2D SPACE',''
  ) );
#6433 = PCURVE('',#6324,#6434);
#6434 = DEFINITIONAL_REPRESENTATION('',(#6435),#6439);
#6435 = LINE('',#6436,#6437);
#6436 = CARTESIAN_POINT('',(0.,3.));
#6437 = VECTOR('',#6438,1.);
#6438 = DIRECTION('',(1.,0.));
#6439 = ( GEOMETRIC_REPRESENTATION_CONTEXT(2) 
PARAMETRIC_REPRESENTATION_CONTEXT() REPRESENTATION_CONTEXT('2D SPACE',''
  ) );
#6440 = ORIENTED_EDGE('',*,*,#6441,.F.);
#6441 = EDGE_CURVE('',#6368,#6419,#6442,.T.);
#6442 = SURFACE_CURVE('',#6443,(#6447,#6454),.PCURVE_S1.);
#6443 = LINE('',#6444,#6445);
#6444 = CARTESIAN_POINT('',(6.17,-8.4,2.5));
#6445 = VECTOR('',#6446,1.);
#6446 = DIRECTION('',(0.,1.,0.));
#6447 = PCURVE('',#6376,#6448);
#6448 = DEFINITIONAL_REPRESENTATION('',(#6449),#6453);
#6449 = LINE('',#6450,#6451);
#6450 = CARTESIAN_POINT('',(1.5,0.));
#6451 = VECTOR('',#6452,1.);
#6452 = DIRECTION('',(0.,-1.));
#6453 = ( GEOMETRIC_REPRESENTATION_CONTEXT(2) 
PARAMETRIC_REPRESENTATION_CONTEXT() REPRESENTATION_CONTEXT('2D SPACE',''
  ) );
#6454 = PCURVE('',#6350,#6455);
#6455 = DEFINITIONAL_REPRESENTATION('',(#6456),#6460);
#6456 = LINE('',#6457,#6458);
#6457 = CARTESIAN_POINT('',(3.,0.));
#6458 = VECTOR('',#6459,1.);
#6459 = DIRECTION('',(0.,1.));
#6460 = ( GEOMETRIC_REPRESENTATION_CONTEXT(2) 
PARAMETRIC_REPRESENTATION_CONTEXT() REPRESENTATION_CONTEXT('2D SPACE',''
  ) );
#6461 = ADVANCED_FACE('',(#6462),#6268,.F.);
#6462 = FACE_BOUND('',#6463,.F.);
#6463 = EDGE_LOOP('',(#6464,#6485,#6486,#6507));
#6464 = ORIENTED_EDGE('',*,*,#6465,.F.);
#6465 = EDGE_CURVE('',#6246,#6366,#6466,.T.);
#6466 = SURFACE_CURVE('',#6467,(#6471,#6478),.PCURVE_S1.);
#6467 = LINE('',#6468,#6469);
#6468 = CARTESIAN_POINT('',(3.17,-8.4,1.));
#6469 = VECTOR('',#6470,1.);
#6470 = DIRECTION('',(1.,0.,0.));
#6471 = PCURVE('',#6268,#6472);
#6472 = DEFINITIONAL_REPRESENTATION('',(#6473),#6477);
#6473 = LINE('',#6474,#6475);
#6474 = CARTESIAN_POINT('',(0.,0.));
#6475 = VECTOR('',#6476,1.);
#6476 = DIRECTION('',(0.,1.));
#6477 = ( GEOMETRIC_REPRESENTATION_CONTEXT(2) 
PARAMETRIC_REPRESENTATION_CONTEXT() REPRESENTATION_CONTEXT('2D SPACE',''
  ) );
#6478 = PCURVE('',#6296,#6479);
#6479 = DEFINITIONAL_REPRESENTATION('',(#6480),#6484);
#6480 = LINE('',#6481,#6482);
#6481 = CARTESIAN_POINT('',(0.,0.));
#6482 = VECTOR('',#6483,1.);
#6483 = DIRECTION('',(1.,0.));
#6484 = ( GEOMETRIC_REPRESENTATION_CONTEXT(2) 
PARAMETRIC_REPRESENTATION_CONTEXT() REPRESENTATION_CONTEXT('2D SPACE',''
  ) );
#6485 = ORIENTED_EDGE('',*,*,#6245,.T.);
#6486 = ORIENTED_EDGE('',*,*,#6487,.T.);
#6487 = EDGE_CURVE('',#6248,#6368,#6488,.T.);
#6488 = SURFACE_CURVE('',#6489,(#6493,#6500),.PCURVE_S1.);
#6489 = LINE('',#6490,#6491);
#6490 = CARTESIAN_POINT('',(3.17,-8.4,2.5));
#6491 = VECTOR('',#6492,1.);
#6492 = DIRECTION('',(1.,0.,0.));
#6493 = PCURVE('',#6268,#6494);
#6494 = DEFINITIONAL_REPRESENTATION('',(#6495),#6499);
#6495 = LINE('',#6496,#6497);
#6496 = CARTESIAN_POINT('',(1.5,0.));
#6497 = VECTOR('',#6498,1.);
#6498 = DIRECTION('',(0.,1.));
#6499 = ( GEOMETRIC_REPRESENTATION_CONTEXT(2) 
PARAMETRIC_REPRESENTATION_CONTEXT() REPRESENTATION_CONTEXT('2D SPACE',''
  ) );
#6500 = PCURVE('',#6350,#6501);
#6501 = DEFINITIONAL_REPRESENTATION('',(#6502),#6506);
#6502 = LINE('',#6503,#6504);
#6503 = CARTESIAN_POINT('',(0.,0.));
#6504 = VECTOR('',#6505,1.);
#6505 = DIRECTION('',(1.,0.));
#6506 = ( GEOMETRIC_REPRESENTATION_CONTEXT(2) 
PARAMETRIC_REPRESENTATION_CONTEXT() REPRESENTATION_CONTEXT('2D SPACE',''
  ) );
#6507 = ORIENTED_EDGE('',*,*,#6365,.F.);
#6508 = ADVANCED_FACE('',(#6509),#6324,.T.);
#6509 = FACE_BOUND('',#6510,.T.);
#6510 = EDGE_LOOP('',(#6511,#6532,#6533,#6554));
#6511 = ORIENTED_EDGE('',*,*,#6512,.F.);
#6512 = EDGE_CURVE('',#6281,#6396,#6513,.T.);
#6513 = SURFACE_CURVE('',#6514,(#6518,#6525),.PCURVE_S1.);
#6514 = LINE('',#6515,#6516);
#6515 = CARTESIAN_POINT('',(3.17,-5.8,1.));
#6516 = VECTOR('',#6517,1.);
#6517 = DIRECTION('',(1.,0.,0.));
#6518 = PCURVE('',#6324,#6519);
#6519 = DEFINITIONAL_REPRESENTATION('',(#6520),#6524);
#6520 = LINE('',#6521,#6522);
#6521 = CARTESIAN_POINT('',(0.,0.));
#6522 = VECTOR('',#6523,1.);
#6523 = DIRECTION('',(0.,1.));
#6524 = ( GEOMETRIC_REPRESENTATION_CONTEXT(2) 
PARAMETRIC_REPRESENTATION_CONTEXT() REPRESENTATION_CONTEXT('2D SPACE',''
  ) );
#6525 = PCURVE('',#6296,#6526);
#6526 = DEFINITIONAL_REPRESENTATION('',(#6527),#6531);
#6527 = LINE('',#6528,#6529);
#6528 = CARTESIAN_POINT('',(0.,2.6));
#6529 = VECTOR('',#6530,1.);
#6530 = DIRECTION('',(1.,0.));
#6531 = ( GEOMETRIC_REPRESENTATION_CONTEXT(2) 
PARAMETRIC_REPRESENTATION_CONTEXT() REPRESENTATION_CONTEXT('2D SPACE',''
  ) );
#6532 = ORIENTED_EDGE('',*,*,#6308,.T.);
#6533 = ORIENTED_EDGE('',*,*,#6534,.T.);
#6534 = EDGE_CURVE('',#6309,#6419,#6535,.T.);
#6535 = SURFACE_CURVE('',#6536,(#6540,#6547),.PCURVE_S1.);
#6536 = LINE('',#6537,#6538);
#6537 = CARTESIAN_POINT('',(3.17,-5.8,2.5));
#6538 = VECTOR('',#6539,1.);
#6539 = DIRECTION('',(1.,0.,0.));
#6540 = PCURVE('',#6324,#6541);
#6541 = DEFINITIONAL_REPRESENTATION('',(#6542),#6546);
#6542 = LINE('',#6543,#6544);
#6543 = CARTESIAN_POINT('',(1.5,0.));
#6544 = VECTOR('',#6545,1.);
#6545 = DIRECTION('',(0.,1.));
#6546 = ( GEOMETRIC_REPRESENTATION_CONTEXT(2) 
PARAMETRIC_REPRESENTATION_CONTEXT() REPRESENTATION_CONTEXT('2D SPACE',''
  ) );
#6547 = PCURVE('',#6350,#6548);
#6548 = DEFINITIONAL_REPRESENTATION('',(#6549),#6553);
#6549 = LINE('',#6550,#6551);
#6550 = CARTESIAN_POINT('',(0.,2.6));
#6551 = VECTOR('',#6552,1.);
#6552 = DIRECTION('',(1.,0.));
#6553 = ( GEOMETRIC_REPRESENTATION_CONTEXT(2) 
PARAMETRIC_REPRESENTATION_CONTEXT() REPRESENTATION_CONTEXT('2D SPACE',''
  ) );
#6554 = ORIENTED_EDGE('',*,*,#6418,.F.);
#6555 = ADVANCED_FACE('',(#6556),#6296,.F.);
#6556 = FACE_BOUND('',#6557,.F.);
#6557 = EDGE_LOOP('',(#6558,#6559,#6560,#6561));
#6558 = ORIENTED_EDGE('',*,*,#6280,.F.);
#6559 = ORIENTED_EDGE('',*,*,#6465,.T.);
#6560 = ORIENTED_EDGE('',*,*,#6395,.T.);
#6561 = ORIENTED_EDGE('',*,*,#6512,.F.);
#6562 = ADVANCED_FACE('',(#6563),#6350,.T.);
#6563 = FACE_BOUND('',#6564,.T.);
#6564 = EDGE_LOOP('',(#6565,#6566,#6567,#6568));
#6565 = ORIENTED_EDGE('',*,*,#6336,.F.);
#6566 = ORIENTED_EDGE('',*,*,#6487,.T.);
#6567 = ORIENTED_EDGE('',*,*,#6441,.T.);
#6568 = ORIENTED_EDGE('',*,*,#6534,.F.);
#6569 = ( GEOMETRIC_REPRESENTATION_CONTEXT(3) 
GLOBAL_UNCERTAINTY_ASSIGNED_CONTEXT((#6573)) 
GLOBAL_UNIT_ASSIGNED_CONTEXT((#6570,#6571,#6572)) REPRESENTATION_CONTEXT
('Context #1','3D Context with UNIT and UNCERTAINTY') );
#6570 = ( LENGTH_UNIT() NAMED_UNIT(*) SI_UNIT(.MILLI.,.METRE.) );
#6571 = ( NAMED_UNIT(*) PLANE_ANGLE_UNIT() SI_UNIT($,.RADIAN.) );
#6572 = ( NAMED_UNIT(*) SI_UNIT($,.STERADIAN.) SOLID_ANGLE_UNIT() );
#6573 = UNCERTAINTY_MEASURE_WITH_UNIT(LENGTH_MEASURE(1.E-07),#6570,
  'distance_accuracy_value','confusion accuracy');
#6574 = CONTEXT_DEPENDENT_SHAPE_REPRESENTATION(#6575,#6577);
#6575 = ( REPRESENTATION_RELATIONSHIP('','',#6238,#10) 
REPRESENTATION_RELATIONSHIP_WITH_TRANSFORMATION(#6576) 
SHAPE_REPRESENTATION_RELATIONSHIP() );
#6576 = ITEM_DEFINED_TRANSFORMATION('','',#11,#23);
#6577 = PRODUCT_DEFINITION_SHAPE('Placement','Placement of an item',
  #6578);
#6578 = NEXT_ASSEMBLY_USAGE_OCCURRENCE('14','button_2','',#5,#6233,$);
#6579 = PRODUCT_RELATED_PRODUCT_CATEGORY('part',$,(#6235));
#6580 = SHAPE_DEFINITION_REPRESENTATION(#6581,#6587);
#6581 = PRODUCT_DEFINITION_SHAPE('','',#6582);
#6582 = PRODUCT_DEFINITION('design','',#6583,#6586);
#6583 = PRODUCT_DEFINITION_FORMATION('','',#6584);
#6584 = PRODUCT('button_cap_3','button_cap_3','',(#6585));
#6585 = PRODUCT_CONTEXT('',#2,'mechanical');
#6586 = PRODUCT_DEFINITION_CONTEXT('part definition',#2,'design');
#6587 = ADVANCED_BREP_SHAPE_REPRESENTATION('',(#11,#6588),#6686);
#6588 = MANIFOLD_SOLID_BREP('',#6589);
#6589 = CLOSED_SHELL('',(#6590,#6678,#6682));
#6590 = ADVANCED_FACE('',(#6591),#6605,.T.);
#6591 = FACE_BOUND('',#6592,.F.);
#6592 = EDGE_LOOP('',(#6593,#6623,#6650,#6651));
#6593 = ORIENTED_EDGE('',*,*,#6594,.T.);
#6594 = EDGE_CURVE('',#6595,#6597,#6599,.T.);
#6595 = VERTEX_POINT('',#6596);
#6596 = CARTESIAN_POINT('',(5.47,-7.1,2.5));
#6597 = VERTEX_POINT('',#6598);
#6598 = CARTESIAN_POINT('',(5.47,-7.1,3.));
#6599 = SEAM_CURVE('',#6600,(#6604,#6616),.PCURVE_S1.);
#6600 = LINE('',#6601,#6602);
#6601 = CARTESIAN_POINT('',(5.47,-7.1,2.5));
#6602 = VECTOR('',#6603,1.);
#6603 = DIRECTION('',(0.,0.,1.));
#6604 = PCURVE('',#6605,#6610);
#6605 = CYLINDRICAL_SURFACE('',#6606,0.8);
#6606 = AXIS2_PLACEMENT_3D('',#6607,#6608,#6609);
#6607 = CARTESIAN_POINT('',(4.67,-7.1,2.5));
#6608 = DIRECTION('',(-0.,-0.,-1.));
#6609 = DIRECTION('',(1.,0.,0.));
#6610 = DEFINITIONAL_REPRESENTATION('',(#6611),#6615);
#6611 = LINE('',#6612,#6613);
#6612 = CARTESIAN_POINT('',(-0.,0.));
#6613 = VECTOR('',#6614,1.);
#6614 = DIRECTION('',(-0.,-1.));
#6615 = ( GEOMETRIC_REPRESENTATION_CONTEXT(2) 
PARAMETRIC_REPRESENTATION_CONTEXT() REPRESENTATION_CONTEXT('2D SPACE',''
  ) );
#6616 = PCURVE('',#6605,#6617);
#6617 = DEFINITIONAL_REPRESENTATION('',(#6618),#6622);
#6618 = LINE('',#6619,#6620);
#6619 = CARTESIAN_POINT('',(-6.28318530718,0.));
#6620 = VECTOR('',#6621,1.);
#6621 = DIRECTION('',(-0.,-1.));
#6622 = ( GEOMETRIC_REPRESENTATION_CONTEXT(2) 
PARAMETRIC_REPRESENTATION_CONTEXT() REPRESENTATION_CONTEXT('2D SPACE',''
  ) );
#6623 = ORIENTED_EDGE('',*,*,#6624,.T.);
#6624 = EDGE_CURVE('',#6597,#6597,#6625,.T.);
#6625 = SURFACE_CURVE('',#6626,(#6631,#6638),.PCURVE_S1.);
#6626 = CIRCLE('',#6627,0.8);
#6627 = AXIS2_PLACEMENT_3D('',#6628,#6629,#6630);
#6628 = CARTESIAN_POINT('',(4.67,-7.1,3.));
#6629 = DIRECTION('',(0.,0.,1.));
#6630 = DIRECTION('',(1.,0.,0.));
#6631 = PCURVE('',#6605,#6632);
#6632 = DEFINITIONAL_REPRESENTATION('',(#6633),#6637);
#6633 = LINE('',#6634,#6635);
#6634 = CARTESIAN_POINT('',(-0.,-0.5));
#6635 = VECTOR('',#6636,1.);
#6636 = DIRECTION('',(-1.,0.));
#6637 = ( GEOMETRIC_REPRESENTATION_CONTEXT(2) 
PARAMETRIC_REPRESENTATION_CONTEXT() REPRESENTATION_CONTEXT('2D SPACE',''
  ) );
#6638 = PCURVE('',#6639,#6644);
#6639 = PLANE('',#6640);
#6640 = AXIS2_PLACEMENT_3D('',#6641,#6642,#6643);
#6641 = CARTESIAN_POINT('',(4.67,-7.1,3.));
#6642 = DIRECTION('',(0.,0.,1.));
#6643 = DIRECTION('',(1.,0.,-0.));
#6644 = DEFINITIONAL_REPRESENTATION('',(#6645),#6649);
#6645 = CIRCLE('',#6646,0.8);
#6646 = AXIS2_PLACEMENT_2D('',#6647,#6648);
#6647 = CARTESIAN_POINT('',(0.,0.));
#6648 = DIRECTION('',(1.,0.));
#6649 = ( GEOMETRIC_REPRESENTATION_CONTEXT(2) 
PARAMETRIC_REPRESENTATION_CONTEXT() REPRESENTATION_CONTEXT('2D SPACE',''
  ) );
#6650 = ORIENTED_EDGE('',*,*,#6594,.F.);
#6651 = ORIENTED_EDGE('',*,*,#6652,.F.);
#6652 = EDGE_CURVE('',#6595,#6595,#6653,.T.);
#6653 = SURFACE_CURVE('',#6654,(#6659,#6666),.PCURVE_S1.);
#6654 = CIRCLE('',#6655,0.8);
#6655 = AXIS2_PLACEMENT_3D('',#6656,#6657,#6658);
#6656 = CARTESIAN_POINT('',(4.67,-7.1,2.5));
#6657 = DIRECTION('',(0.,0.,1.));
#6658 = DIRECTION('',(1.,0.,0.));
#6659 = PCURVE('',#6605,#6660);
#6660 = DEFINITIONAL_REPRESENTATION('',(#6661),#6665);
#6661 = LINE('',#6662,#6663);
#6662 = CARTESIAN_POINT('',(-0.,0.));
#6663 = VECTOR('',#6664,1.);
#6664 = DIRECTION('',(-1.,0.));
#6665 = ( GEOMETRIC_REPRESENTATION_CONTEXT(2) 
PARAMETRIC_REPRESENTATION_CONTEXT() REPRESENTATION_CONTEXT('2D SPACE',''
  ) );
#6666 = PCURVE('',#6667,#6672);
#6667 = PLANE('',#6668);
#6668 = AXIS2_PLACEMENT_3D('',#6669,#6670,#6671);
#6669 = CARTESIAN_POINT('',(4.67,-7.1,2.5));
#6670 = DIRECTION('',(0.,0.,1.));
#6671 = DIRECTION('',(1.,0.,-0.));
#6672 = DEFINITIONAL_REPRESENTATION('',(#6673),#6677);
#6673 = CIRCLE('',#6674,0.8);
#6674 = AXIS2_PLACEMENT_2D('',#6675,#6676);
#6675 = CARTESIAN_POINT('',(0.,0.));
#6676 = DIRECTION('',(1.,0.));
#6677 = ( GEOMETRIC_REPRESENTATION_CONTEXT(2) 
PARAMETRIC_REPRESENTATION_CONTEXT() REPRESENTATION_CONTEXT('2D SPACE',''
  ) );
#6678 = ADVANCED_FACE('',(#6679),#6667,.F.);
#6679 = FACE_BOUND('',#6680,.F.);
#6680 = EDGE_LOOP('',(#6681));
#6681 = ORIENTED_EDGE('',*,*,#6652,.T.);
#6682 = ADVANCED_FACE('',(#6683),#6639,.T.);
#6683 = FACE_BOUND('',#6684,.T.);
#6684 = EDGE_LOOP('',(#6685));
#6685 = ORIENTED_EDGE('',*,*,#6624,.T.);
#6686 = ( GEOMETRIC_REPRESENTATION_CONTEXT(3) 
GLOBAL_UNCERTAINTY_ASSIGNED_CONTEXT((#6690)) 
GLOBAL_UNIT_ASSIGNED_CONTEXT((#6687,#6688,#6689)) REPRESENTATION_CONTEXT
('Context #1','3D Context with UNIT and UNCERTAINTY') );
#6687 = ( LENGTH_UNIT() NAMED_UNIT(*) SI_UNIT(.MILLI.,.METRE.) );
#6688 = ( NAMED_UNIT(*) PLANE_ANGLE_UNIT() SI_UNIT($,.RADIAN.) );
#6689 = ( NAMED_UNIT(*) SI_UNIT($,.STERADIAN.) SOLID_ANGLE_UNIT() );
#6690 = UNCERTAINTY_MEASURE_WITH_UNIT(LENGTH_MEASURE(1.E-07),#6687,
  'distance_accuracy_value','confusion accuracy');
#6691 = CONTEXT_DEPENDENT_SHAPE_REPRESENTATION(#6692,#6694);
#6692 = ( REPRESENTATION_RELATIONSHIP('','',#6587,#10) 
REPRESENTATION_RELATIONSHIP_WITH_TRANSFORMATION(#6693) 
SHAPE_REPRESENTATION_RELATIONSHIP() );
#6693 = ITEM_DEFINED_TRANSFORMATION('','',#11,#27);
#6694 = PRODUCT_DEFINITION_SHAPE('Placement','Placement of an item',
  #6695);
#6695 = NEXT_ASSEMBLY_USAGE_OCCURRENCE('15','button_cap_3','',#5,#6582,$
  );
#6696 = PRODUCT_RELATED_PRODUCT_CATEGORY('part',$,(#6584));
#6697 = SHAPE_DEFINITION_REPRESENTATION(#6698,#6704);
#6698 = PRODUCT_DEFINITION_SHAPE('','',#6699);
#6699 = PRODUCT_DEFINITION('design','',#6700,#6703);
#6700 = PRODUCT_DEFINITION_FORMATION('','',#6701);
#6701 = PRODUCT('button_4','button_4','',(#6702));
#6702 = PRODUCT_CONTEXT('',#2,'mechanical');
#6703 = PRODUCT_DEFINITION_CONTEXT('part definition',#2,'design');
#6704 = ADVANCED_BREP_SHAPE_REPRESENTATION('',(#11,#6705),#7035);
#6705 = MANIFOLD_SOLID_BREP('',#6706);
#6706 = CLOSED_SHELL('',(#6707,#6827,#6927,#6974,#7021,#7028));
#6707 = ADVANCED_FACE('',(#6708),#6722,.F.);
#6708 = FACE_BOUND('',#6709,.F.);
#6709 = EDGE_LOOP('',(#6710,#6745,#6773,#6801));
#6710 = ORIENTED_EDGE('',*,*,#6711,.F.);
#6711 = EDGE_CURVE('',#6712,#6714,#6716,.T.);
#6712 = VERTEX_POINT('',#6713);
#6713 = CARTESIAN_POINT('',(9.07,-8.4,1.));
#6714 = VERTEX_POINT('',#6715);
#6715 = CARTESIAN_POINT('',(9.07,-8.4,2.5));
#6716 = SURFACE_CURVE('',#6717,(#6721,#6733),.PCURVE_S1.);
#6717 = LINE('',#6718,#6719);
#6718 = CARTESIAN_POINT('',(9.07,-8.4,1.));
#6719 = VECTOR('',#6720,1.);
#6720 = DIRECTION('',(0.,0.,1.));
#6721 = PCURVE('',#6722,#6727);
#6722 = PLANE('',#6723);
#6723 = AXIS2_PLACEMENT_3D('',#6724,#6725,#6726);
#6724 = CARTESIAN_POINT('',(9.07,-8.4,1.));
#6725 = DIRECTION('',(1.,0.,0.));
#6726 = DIRECTION('',(0.,0.,1.));
#6727 = DEFINITIONAL_REPRESENTATION('',(#6728),#6732);
#6728 = LINE('',#6729,#6730);
#6729 = CARTESIAN_POINT('',(0.,0.));
#6730 = VECTOR('',#6731,1.);
#6731 = DIRECTION('',(1.,0.));
#6732 = ( GEOMETRIC_REPRESENTATION_CONTEXT(2) 
PARAMETRIC_REPRESENTATION_CONTEXT() REPRESENTATION_CONTEXT('2D SPACE',''
  ) );
#6733 = PCURVE('',#6734,#6739);
#6734 = PLANE('',#6735);
#6735 = AXIS2_PLACEMENT_3D('',#6736,#6737,#6738);
#6736 = CARTESIAN_POINT('',(9.07,-8.4,1.));
#6737 = DIRECTION('',(0.,1.,0.));
#6738 = DIRECTION('',(0.,0.,1.));
#6739 = DEFINITIONAL_REPRESENTATION('',(#6740),#6744);
#6740 = LINE('',#6741,#6742);
#6741 = CARTESIAN_POINT('',(0.,0.));
#6742 = VECTOR('',#6743,1.);
#6743 = DIRECTION('',(1.,0.));
#6744 = ( GEOMETRIC_REPRESENTATION_CONTEXT(2) 
PARAMETRIC_REPRESENTATION_CONTEXT() REPRESENTATION_CONTEXT('2D SPACE',''
  ) );
#6745 = ORIENTED_EDGE('',*,*,#6746,.T.);
#6746 = EDGE_CURVE('',#6712,#6747,#6749,.T.);
#6747 = VERTEX_POINT('',#6748);
#6748 = CARTESIAN_POINT('',(9.07,-5.8,1.));
#6749 = SURFACE_CURVE('',#6750,(#6754,#6761),.PCURVE_S1.);
#6750 = LINE('',#6751,#6752);
#6751 = CARTESIAN_POINT('',(9.07,-8.4,1.));
#6752 = VECTOR('',#6753,1.);
#6753 = DIRECTION('',(0.,1.,0.));
#6754 = PCURVE('',#6722,#6755);
#6755 = DEFINITIONAL_REPRESENTATION('',(#6756),#6760);
#6756 = LINE('',#6757,#6758);
#6757 = CARTESIAN_POINT('',(0.,0.));
#6758 = VECTOR('',#6759,1.);
#6759 = DIRECTION('',(0.,-1.));
#6760 = ( GEOMETRIC_REPRESENTATION_CONTEXT(2) 
PARAMETRIC_REPRESENTATION_CONTEXT() REPRESENTATION_CONTEXT('2D SPACE',''
  ) );
#6761 = PCURVE('',#6762,#6767);
#6762 = PLANE('',#6763);
#6763 = AXIS2_PLACEMENT_3D('',#6764,#6765,#6766);
#6764 = CARTESIAN_POINT('',(9.07,-8.4,1.));
#6765 = DIRECTION('',(0.,0.,1.));
#6766 = DIRECTION('',(1.,0.,0.));
#6767 = DEFINITIONAL_REPRESENTATION('',(#6768),#6772);
#6768 = LINE('',#6769,#6770);
#6769 = CARTESIAN_POINT('',(0.,0.));
#6770 = VECTOR('',#6771,1.);
#6771 = DIRECTION('',(0.,1.));
#6772 = ( GEOMETRIC_REPRESENTATION_CONTEXT(2) 
PARAMETRIC_REPRESENTATION_CONTEXT() REPRESENTATION_CONTEXT('2D SPACE',''
  ) );
#6773 = ORIENTED_EDGE('',*,*,#6774,.T.);
#6774 = EDGE_CURVE('',#6747,#6775,#6777,.T.);
#6775 = VERTEX_POINT('',#6776);
#6776 = CARTESIAN_POINT('',(9.07,-5.8,2.5));
#6777 = SURFACE_CURVE('',#6778,(#6782,#6789),.PCURVE_S1.);
#6778 = LINE('',#6779,#6780);
#6779 = CARTESIAN_POINT('',(9.07,-5.8,1.));
#6780 = VECTOR('',#6781,1.);
#6781 = DIRECTION('',(0.,0.,1.));
#6782 = PCURVE('',#6722,#6783);
#6783 = DEFINITIONAL_REPRESENTATION('',(#6784),#6788);
#6784 = LINE('',#6785,#6786);
#6785 = CARTESIAN_POINT('',(0.,-2.6));
#6786 = VECTOR('',#6787,1.);
#6787 = DIRECTION('',(1.,0.));
#6788 = ( GEOMETRIC_REPRESENTATION_CONTEXT(2) 
PARAMETRIC_REPRESENTATION_CONTEXT() REPRESENTATION_CONTEXT('2D SPACE',''
  ) );
#6789 = PCURVE('',#6790,#6795);
#6790 = PLANE('',#6791);
#6791 = AXIS2_PLACEMENT_3D('',#6792,#6793,#6794);
#6792 = CARTESIAN_POINT('',(9.07,-5.8,1.));
#6793 = DIRECTION('',(0.,1.,0.));
#6794 = DIRECTION('',(0.,0.,1.));
#6795 = DEFINITIONAL_REPRESENTATION('',(#6796),#6800);
#6796 = LINE('',#6797,#6798);
#6797 = CARTESIAN_POINT('',(0.,0.));
#6798 = VECTOR('',#6799,1.);
#6799 = DIRECTION('',(1.,0.));
#6800 = ( GEOMETRIC_REPRESENTATION_CONTEXT(2) 
PARAMETRIC_REPRESENTATION_CONTEXT() REPRESENTATION_CONTEXT('2D SPACE',''
  ) );
#6801 = ORIENTED_EDGE('',*,*,#6802,.F.);
#6802 = EDGE_CURVE('',#6714,#6775,#6803,.T.);
#6803 = SURFACE_CURVE('',#6804,(#6808,#6815),.PCURVE_S1.);
#6804 = LINE('',#6805,#6806);
#6805 = CARTESIAN_POINT('',(9.07,-8.4,2.5));
#6806 = VECTOR('',#6807,1.);
#6807 = DIRECTION('',(0.,1.,0.));
#6808 = PCURVE('',#6722,#6809);
#6809 = DEFINITIONAL_REPRESENTATION('',(#6810),#6814);
#6810 = LINE('',#6811,#6812);
#6811 = CARTESIAN_POINT('',(1.5,0.));
#6812 = VECTOR('',#6813,1.);
#6813 = DIRECTION('',(0.,-1.));
#6814 = ( GEOMETRIC_REPRESENTATION_CONTEXT(2) 
PARAMETRIC_REPRESENTATION_CONTEXT() REPRESENTATION_CONTEXT('2D SPACE',''
  ) );
#6815 = PCURVE('',#6816,#6821);
#6816 = PLANE('',#6817);
#6817 = AXIS2_PLACEMENT_3D('',#6818,#6819,#6820);
#6818 = CARTESIAN_POINT('',(9.07,-8.4,2.5));
#6819 = DIRECTION('',(0.,0.,1.));
#6820 = DIRECTION('',(1.,0.,0.));
#6821 = DEFINITIONAL_REPRESENTATION('',(#6822),#6826);
#6822 = LINE('',#6823,#6824);
#6823 = CARTESIAN_POINT('',(0.,0.));
#6824 = VECTOR('',#6825,1.);
#6825 = DIRECTION('',(0.,1.));
#6826 = ( GEOMETRIC_REPRESENTATION_CONTEXT(2) 
PARAMETRIC_REPRESENTATION_CONTEXT() REPRESENTATION_CONTEXT('2D SPACE',''
  ) );
#6827 = ADVANCED_FACE('',(#6828),#6842,.T.);
#6828 = FACE_BOUND('',#6829,.T.);
#6829 = EDGE_LOOP('',(#6830,#6860,#6883,#6906));
#6830 = ORIENTED_EDGE('',*,*,#6831,.F.);
#6831 = EDGE_CURVE('',#6832,#6834,#6836,.T.);
#6832 = VERTEX_POINT('',#6833);
#6833 = CARTESIAN_POINT('',(12.07,-8.4,1.));
#6834 = VERTEX_POINT('',#6835);
#6835 = CARTESIAN_POINT('',(12.07,-8.4,2.5));
#6836 = SURFACE_CURVE('',#6837,(#6841,#6853),.PCURVE_S1.);
#6837 = LINE('',#6838,#6839);
#6838 = CARTESIAN_POINT('',(12.07,-8.4,1.));
#6839 = VECTOR('',#6840,1.);
#6840 = DIRECTION('',(0.,0.,1.));
#6841 = PCURVE('',#6842,#6847);
#6842 = PLANE('',#6843);
#6843 = AXIS2_PLACEMENT_3D('',#6844,#6845,#6846);
#6844 = CARTESIAN_POINT('',(12.07,-8.4,1.));
#6845 = DIRECTION('',(1.,0.,0.));
#6846 = DIRECTION('',(0.,0.,1.));
#6847 = DEFINITIONAL_REPRESENTATION('',(#6848),#6852);
#6848 = LINE('',#6849,#6850);
#6849 = CARTESIAN_POINT('',(0.,0.));
#6850 = VECTOR('',#6851,1.);
#6851 = DIRECTION('',(1.,0.));
#6852 = ( GEOMETRIC_REPRESENTATION_CONTEXT(2) 
PARAMETRIC_REPRESENTATION_CONTEXT() REPRESENTATION_CONTEXT('2D SPACE',''
  ) );
#6853 = PCURVE('',#6734,#6854);
#6854 = DEFINITIONAL_REPRESENTATION('',(#6855),#6859);
#6855 = LINE('',#6856,#6857);
#6856 = CARTESIAN_POINT('',(0.,3.));
#6857 = VECTOR('',#6858,1.);
#6858 = DIRECTION('',(1.,0.));
#6859 = ( GEOMETRIC_REPRESENTATION_CONTEXT(2) 
PARAMETRIC_REPRESENTATION_CONTEXT() REPRESENTATION_CONTEXT('2D SPACE',''
  ) );
#6860 = ORIENTED_EDGE('',*,*,#6861,.T.);
#6861 = EDGE_CURVE('',#6832,#6862,#6864,.T.);
#6862 = VERTEX_POINT('',#6863);
#6863 = CARTESIAN_POINT('',(12.07,-5.8,1.));
#6864 = SURFACE_CURVE('',#6865,(#6869,#6876),.PCURVE_S1.);
#6865 = LINE('',#6866,#6867);
#6866 = CARTESIAN_POINT('',(12.07,-8.4,1.));
#6867 = VECTOR('',#6868,1.);
#6868 = DIRECTION('',(0.,1.,0.));
#6869 = PCURVE('',#6842,#6870);
#6870 = DEFINITIONAL_REPRESENTATION('',(#6871),#6875);
#6871 = LINE('',#6872,#6873);
#6872 = CARTESIAN_POINT('',(0.,0.));
#6873 = VECTOR('',#6874,1.);
#6874 = DIRECTION('',(0.,-1.));
#6875 = ( GEOMETRIC_REPRESENTATION_CONTEXT(2) 
PARAMETRIC_REPRESENTATION_CONTEXT() REPRESENTATION_CONTEXT('2D SPACE',''
  ) );
#6876 = PCURVE('',#6762,#6877);
#6877 = DEFINITIONAL_REPRESENTATION('',(#6878),#6882);
#6878 = LINE('',#6879,#6880);
#6879 = CARTESIAN_POINT('',(3.,0.));
#6880 = VECTOR('',#6881,1.);
#6881 = DIRECTION('',(0.,1.));
#6882 = ( GEOMETRIC_REPRESENTATION_CONTEXT(2) 
PARAMETRIC_REPRESENTATION_CONTEXT() REPRESENTATION_CONTEXT('2D SPACE',''
  ) );
#6883 = ORIENTED_EDGE('',*,*,#6884,.T.);
#6884 = EDGE_CURVE('',#6862,#6885,#6887,.T.);
#6885 = VERTEX_POINT('',#6886);
#6886 = CARTESIAN_POINT('',(12.07,-5.8,2.5));
#6887 = SURFACE_CURVE('',#6888,(#6892,#6899),.PCURVE_S1.);
#6888 = LINE('',#6889,#6890);
#6889 = CARTESIAN_POINT('',(12.07,-5.8,1.));
#6890 = VECTOR('',#6891,1.);
#6891 = DIRECTION('',(0.,0.,1.));
#6892 = PCURVE('',#6842,#6893);
#6893 = DEFINITIONAL_REPRESENTATION('',(#6894),#6898);
#6894 = LINE('',#6895,#6896);
#6895 = CARTESIAN_POINT('',(0.,-2.6));
#6896 = VECTOR('',#6897,1.);
#6897 = DIRECTION('',(1.,0.));
#6898 = ( GEOMETRIC_REPRESENTATION_CONTEXT(2) 
PARAMETRIC_REPRESENTATION_CONTEXT() REPRESENTATION_CONTEXT('2D SPACE',''
  ) );
#6899 = PCURVE('',#6790,#6900);
#6900 = DEFINITIONAL_REPRESENTATION('',(#6901),#6905);
#6901 = LINE('',#6902,#6903);
#6902 = CARTESIAN_POINT('',(0.,3.));
#6903 = VECTOR('',#6904,1.);
#6904 = DIRECTION('',(1.,0.));
#6905 = ( GEOMETRIC_REPRESENTATION_CONTEXT(2) 
PARAMETRIC_REPRESENTATION_CONTEXT() REPRESENTATION_CONTEXT('2D SPACE',''
  ) );
#6906 = ORIENTED_EDGE('',*,*,#6907,.F.);
#6907 = EDGE_CURVE('',#6834,#6885,#6908,.T.);
#6908 = SURFACE_CURVE('',#6909,(#6913,#6920),.PCURVE_S1.);
#6909 = LINE('',#6910,#6911);
#6910 = CARTESIAN_POINT('',(12.07,-8.4,2.5));
#6911 = VECTOR('',#6912,1.);
#6912 = DIRECTION('',(0.,1.,0.));
#6913 = PCURVE('',#6842,#6914);
#6914 = DEFINITIONAL_REPRESENTATION('',(#6915),#6919);
#6915 = LINE('',#6916,#6917);
#6916 = CARTESIAN_POINT('',(1.5,0.));
#6917 = VECTOR('',#6918,1.);
#6918 = DIRECTION('',(0.,-1.));
#6919 = ( GEOMETRIC_REPRESENTATION_CONTEXT(2) 
PARAMETRIC_REPRESENTATION_CONTEXT() REPRESENTATION_CONTEXT('2D SPACE',''
  ) );
#6920 = PCURVE('',#6816,#6921);
#6921 = DEFINITIONAL_REPRESENTATION('',(#6922),#6926);
#6922 = LINE('',#6923,#6924);
#6923 = CARTESIAN_POINT('',(3.,0.));
#6924 = VECTOR('',#6925,1.);
#6925 = DIRECTION('',(0.,1.));
#6926 = ( GEOMETRIC_REPRESENTATION_CONTEXT(2) 
PARAMETRIC_REPRESENTATION_CONTEXT() REPRESENTATION_CONTEXT('2D SPACE',''
  ) );
#6927 = ADVANCED_FACE('',(#6928),#6734,.F.);
#6928 = FACE_BOUND('',#6929,.F.);
#6929 = EDGE_LOOP('',(#6930,#6951,#6952,#6973));
#6930 = ORIENTED_EDGE('',*,*,#6931,.F.);
#6931 = EDGE_CURVE('',#6712,#6832,#6932,.T.);
#6932 = SURFACE_CURVE('',#6933,(#6937,#6944),.PCURVE_S1.);
#6933 = LINE('',#6934,#6935);
#6934 = CARTESIAN_POINT('',(9.07,-8.4,1.));
#6935 = VECTOR('',#6936,1.);
#6936 = DIRECTION('',(1.,0.,0.));
#6937 = PCURVE('',#6734,#6938);
#6938 = DEFINITIONAL_REPRESENTATION('',(#6939),#6943);
#6939 = LINE('',#6940,#6941);
#6940 = CARTESIAN_POINT('',(0.,0.));
#6941 = VECTOR('',#6942,1.);
#6942 = DIRECTION('',(0.,1.));
#6943 = ( GEOMETRIC_REPRESENTATION_CONTEXT(2) 
PARAMETRIC_REPRESENTATION_CONTEXT() REPRESENTATION_CONTEXT('2D SPACE',''
  ) );
#6944 = PCURVE('',#6762,#6945);
#6945 = DEFINITIONAL_REPRESENTATION('',(#6946),#6950);
#6946 = LINE('',#6947,#6948);
#6947 = CARTESIAN_POINT('',(0.,0.));
#6948 = VECTOR('',#6949,1.);
#6949 = DIRECTION('',(1.,0.));
#6950 = ( GEOMETRIC_REPRESENTATION_CONTEXT(2) 
PARAMETRIC_REPRESENTATION_CONTEXT() REPRESENTATION_CONTEXT('2D SPACE',''
  ) );
#6951 = ORIENTED_EDGE('',*,*,#6711,.T.);
#6952 = ORIENTED_EDGE('',*,*,#6953,.T.);
#6953 = EDGE_CURVE('',#6714,#6834,#6954,.T.);
#6954 = SURFACE_CURVE('',#6955,(#6959,#6966),.PCURVE_S1.);
#6955 = LINE('',#6956,#6957);
#6956 = CARTESIAN_POINT('',(9.07,-8.4,2.5));
#6957 = VECTOR('',#6958,1.);
#6958 = DIRECTION('',(1.,0.,0.));
#6959 = PCURVE('',#6734,#6960);
#6960 = DEFINITIONAL_REPRESENTATION('',(#6961),#6965);
#6961 = LINE('',#6962,#6963);
#6962 = CARTESIAN_POINT('',(1.5,0.));
#6963 = VECTOR('',#6964,1.);
#6964 = DIRECTION('',(0.,1.));
#6965 = ( GEOMETRIC_REPRESENTATION_CONTEXT(2) 
PARAMETRIC_REPRESENTATION_CONTEXT() REPRESENTATION_CONTEXT('2D SPACE',''
  ) );
#6966 = PCURVE('',#6816,#6967);
#6967 = DEFINITIONAL_REPRESENTATION('',(#6968),#6972);
#6968 = LINE('',#6969,#6970);
#6969 = CARTESIAN_POINT('',(0.,0.));
#6970 = VECTOR('',#6971,1.);
#6971 = DIRECTION('',(1.,0.));
#6972 = ( GEOMETRIC_REPRESENTATION_CONTEXT(2) 
PARAMETRIC_REPRESENTATION_CONTEXT() REPRESENTATION_CONTEXT('2D SPACE',''
  ) );
#6973 = ORIENTED_EDGE('',*,*,#6831,.F.);
#6974 = ADVANCED_FACE('',(#6975),#6790,.T.);
#6975 = FACE_BOUND('',#6976,.T.);
#6976 = EDGE_LOOP('',(#6977,#6998,#6999,#7020));
#6977 = ORIENTED_EDGE('',*,*,#6978,.F.);
#6978 = EDGE_CURVE('',#6747,#6862,#6979,.T.);
#6979 = SURFACE_CURVE('',#6980,(#6984,#6991),.PCURVE_S1.);
#6980 = LINE('',#6981,#6982);
#6981 = CARTESIAN_POINT('',(9.07,-5.8,1.));
#6982 = VECTOR('',#6983,1.);
#6983 = DIRECTION('',(1.,0.,0.));
#6984 = PCURVE('',#6790,#6985);
#6985 = DEFINITIONAL_REPRESENTATION('',(#6986),#6990);
#6986 = LINE('',#6987,#6988);
#6987 = CARTESIAN_POINT('',(0.,0.));
#6988 = VECTOR('',#6989,1.);
#6989 = DIRECTION('',(0.,1.));
#6990 = ( GEOMETRIC_REPRESENTATION_CONTEXT(2) 
PARAMETRIC_REPRESENTATION_CONTEXT() REPRESENTATION_CONTEXT('2D SPACE',''
  ) );
#6991 = PCURVE('',#6762,#6992);
#6992 = DEFINITIONAL_REPRESENTATION('',(#6993),#6997);
#6993 = LINE('',#6994,#6995);
#6994 = CARTESIAN_POINT('',(0.,2.6));
#6995 = VECTOR('',#6996,1.);
#6996 = DIRECTION('',(1.,0.));
#6997 = ( GEOMETRIC_REPRESENTATION_CONTEXT(2) 
PARAMETRIC_REPRESENTATION_CONTEXT() REPRESENTATION_CONTEXT('2D SPACE',''
  ) );
#6998 = ORIENTED_EDGE('',*,*,#6774,.T.);
#6999 = ORIENTED_EDGE('',*,*,#7000,.T.);
#7000 = EDGE_CURVE('',#6775,#6885,#7001,.T.);
#7001 = SURFACE_CURVE('',#7002,(#7006,#7013),.PCURVE_S1.);
#7002 = LINE('',#7003,#7004);
#7003 = CARTESIAN_POINT('',(9.07,-5.8,2.5));
#7004 = VECTOR('',#7005,1.);
#7005 = DIRECTION('',(1.,0.,0.));
#7006 = PCURVE('',#6790,#7007);
#7007 = DEFINITIONAL_REPRESENTATION('',(#7008),#7012);
#7008 = LINE('',#7009,#7010);
#7009 = CARTESIAN_POINT('',(1.5,0.));
#7010 = VECTOR('',#7011,1.);
#7011 = DIRECTION('',(0.,1.));
#7012 = ( GEOMETRIC_REPRESENTATION_CONTEXT(2) 
PARAMETRIC_REPRESENTATION_CONTEXT() REPRESENTATION_CONTEXT('2D SPACE',''
  ) );
#7013 = PCURVE('',#6816,#7014);
#7014 = DEFINITIONAL_REPRESENTATION('',(#7015),#7019);
#7015 = LINE('',#7016,#7017);
#7016 = CARTESIAN_POINT('',(0.,2.6));
#7017 = VECTOR('',#7018,1.);
#7018 = DIRECTION('',(1.,0.));
#7019 = ( GEOMETRIC_REPRESENTATION_CONTEXT(2) 
PARAMETRIC_REPRESENTATION_CONTEXT() REPRESENTATION_CONTEXT('2D SPACE',''
  ) );
#7020 = ORIENTED_EDGE('',*,*,#6884,.F.);
#7021 = ADVANCED_FACE('',(#7022),#6762,.F.);
#7022 = FACE_BOUND('',#7023,.F.);
#7023 = EDGE_LOOP('',(#7024,#7025,#7026,#7027));
#7024 = ORIENTED_EDGE('',*,*,#6746,.F.);
#7025 = ORIENTED_EDGE('',*,*,#6931,.T.);
#7026 = ORIENTED_EDGE('',*,*,#6861,.T.);
#7027 = ORIENTED_EDGE('',*,*,#6978,.F.);
#7028 = ADVANCED_FACE('',(#7029),#6816,.T.);
#7029 = FACE_BOUND('',#7030,.T.);
#7030 = EDGE_LOOP('',(#7031,#7032,#7033,#7034));
#7031 = ORIENTED_EDGE('',*,*,#6802,.F.);
#7032 = ORIENTED_EDGE('',*,*,#6953,.T.);
#7033 = ORIENTED_EDGE('',*,*,#6907,.T.);
#7034 = ORIENTED_EDGE('',*,*,#7000,.F.);
#7035 = ( GEOMETRIC_REPRESENTATION_CONTEXT(3) 
GLOBAL_UNCERTAINTY_ASSIGNED_CONTEXT((#7039)) 
GLOBAL_UNIT_ASSIGNED_CONTEXT((#7036,#7037,#7038)) REPRESENTATION_CONTEXT
('Context #1','3D Context with UNIT and UNCERTAINTY') );
#7036 = ( LENGTH_UNIT() NAMED_UNIT(*) SI_UNIT(.MILLI.,.METRE.) );
#7037 = ( NAMED_UNIT(*) PLANE_ANGLE_UNIT() SI_UNIT($,.RADIAN.) );
#7038 = ( NAMED_UNIT(*) SI_UNIT($,.STERADIAN.) SOLID_ANGLE_UNIT() );
#7039 = UNCERTAINTY_MEASURE_WITH_UNIT(LENGTH_MEASURE(1.E-07),#7036,
  'distance_accuracy_value','confusion accuracy');
#7040 = CONTEXT_DEPENDENT_SHAPE_REPRESENTATION(#7041,#7043);
#7041 = ( REPRESENTATION_RELATIONSHIP('','',#6704,#10) 
REPRESENTATION_RELATIONSHIP_WITH_TRANSFORMATION(#7042) 
SHAPE_REPRESENTATION_RELATIONSHIP() );
#7042 = ITEM_DEFINED_TRANSFORMATION('','',#11,#31);
#7043 = PRODUCT_DEFINITION_SHAPE('Placement','Placement of an item',
  #7044);
#7044 = NEXT_ASSEMBLY_USAGE_OCCURRENCE('16','button_4','',#5,#6699,$);
#7045 = PRODUCT_RELATED_PRODUCT_CATEGORY('part',$,(#6701));
#7046 = SHAPE_DEFINITION_REPRESENTATION(#7047,#7053);
#7047 = PRODUCT_DEFINITION_SHAPE('','',#7048);
#7048 = PRODUCT_DEFINITION('design','',#7049,#7052);
#7049 = PRODUCT_DEFINITION_FORMATION('','',#7050);
#7050 = PRODUCT('button_cap_5','button_cap_5','',(#7051));
#7051 = PRODUCT_CONTEXT('',#2,'mechanical');
#7052 = PRODUCT_DEFINITION_CONTEXT('part definition',#2,'design');
#7053 = ADVANCED_BREP_SHAPE_REPRESENTATION('',(#11,#7054),#7152);
#7054 = MANIFOLD_SOLID_BREP('',#7055);
#7055 = CLOSED_SHELL('',(#7056,#7144,#7148));
#7056 = ADVANCED_FACE('',(#7057),#7071,.T.);
#7057 = FACE_BOUND('',#7058,.F.);
#7058 = EDGE_LOOP('',(#7059,#7089,#7116,#7117));
#7059 = ORIENTED_EDGE('',*,*,#7060,.T.);
#7060 = EDGE_CURVE('',#7061,#7063,#7065,.T.);
#7061 = VERTEX_POINT('',#7062);
#7062 = CARTESIAN_POINT('',(11.37,-7.1,2.5));
#7063 = VERTEX_POINT('',#7064);
#7064 = CARTESIAN_POINT('',(11.37,-7.1,3.));
#7065 = SEAM_CURVE('',#7066,(#7070,#7082),.PCURVE_S1.);
#7066 = LINE('',#7067,#7068);
#7067 = CARTESIAN_POINT('',(11.37,-7.1,2.5));
#7068 = VECTOR('',#7069,1.);
#7069 = DIRECTION('',(0.,0.,1.));
#7070 = PCURVE('',#7071,#7076);
#7071 = CYLINDRICAL_SURFACE('',#7072,0.8);
#7072 = AXIS2_PLACEMENT_3D('',#7073,#7074,#7075);
#7073 = CARTESIAN_POINT('',(10.57,-7.1,2.5));
#7074 = DIRECTION('',(-0.,-0.,-1.));
#7075 = DIRECTION('',(1.,0.,0.));
#7076 = DEFINITIONAL_REPRESENTATION('',(#7077),#7081);
#7077 = LINE('',#7078,#7079);
#7078 = CARTESIAN_POINT('',(-0.,0.));
#7079 = VECTOR('',#7080,1.);
#7080 = DIRECTION('',(-0.,-1.));
#7081 = ( GEOMETRIC_REPRESENTATION_CONTEXT(2) 
PARAMETRIC_REPRESENTATION_CONTEXT() REPRESENTATION_CONTEXT('2D SPACE',''
  ) );
#7082 = PCURVE('',#7071,#7083);
#7083 = DEFINITIONAL_REPRESENTATION('',(#7084),#7088);
#7084 = LINE('',#7085,#7086);
#7085 = CARTESIAN_POINT('',(-6.28318530718,0.));
#7086 = VECTOR('',#7087,1.);
#7087 = DIRECTION('',(-0.,-1.));
#7088 = ( GEOMETRIC_REPRESENTATION_CONTEXT(2) 
PARAMETRIC_REPRESENTATION_CONTEXT() REPRESENTATION_CONTEXT('2D SPACE',''
  ) );
#7089 = ORIENTED_EDGE('',*,*,#7090,.T.);
#7090 = EDGE_CURVE('',#7063,#7063,#7091,.T.);
#7091 = SURFACE_CURVE('',#7092,(#7097,#7104),.PCURVE_S1.);
#7092 = CIRCLE('',#7093,0.8);
#7093 = AXIS2_PLACEMENT_3D('',#7094,#7095,#7096);
#7094 = CARTESIAN_POINT('',(10.57,-7.1,3.));
#7095 = DIRECTION('',(0.,0.,1.));
#7096 = DIRECTION('',(1.,0.,0.));
#7097 = PCURVE('',#7071,#7098);
#7098 = DEFINITIONAL_REPRESENTATION('',(#7099),#7103);
#7099 = LINE('',#7100,#7101);
#7100 = CARTESIAN_POINT('',(-0.,-0.5));
#7101 = VECTOR('',#7102,1.);
#7102 = DIRECTION('',(-1.,0.));
#7103 = ( GEOMETRIC_REPRESENTATION_CONTEXT(2) 
PARAMETRIC_REPRESENTATION_CONTEXT() REPRESENTATION_CONTEXT('2D SPACE',''
  ) );
#7104 = PCURVE('',#7105,#7110);
#7105 = PLANE('',#7106);
#7106 = AXIS2_PLACEMENT_3D('',#7107,#7108,#7109);
#7107 = CARTESIAN_POINT('',(10.57,-7.1,3.));
#7108 = DIRECTION('',(0.,0.,1.));
#7109 = DIRECTION('',(1.,0.,-0.));
#7110 = DEFINITIONAL_REPRESENTATION('',(#7111),#7115);
#7111 = CIRCLE('',#7112,0.8);
#7112 = AXIS2_PLACEMENT_2D('',#7113,#7114);
#7113 = CARTESIAN_POINT('',(0.,0.));
#7114 = DIRECTION('',(1.,0.));
#7115 = ( GEOMETRIC_REPRESENTATION_CONTEXT(2) 
PARAMETRIC_REPRESENTATION_CONTEXT() REPRESENTATION_CONTEXT('2D SPACE',''
  ) );
#7116 = ORIENTED_EDGE('',*,*,#7060,.F.);
#7117 = ORIENTED_EDGE('',*,*,#7118,.F.);
#7118 = EDGE_CURVE('',#7061,#7061,#7119,.T.);
#7119 = SURFACE_CURVE('',#7120,(#7125,#7132),.PCURVE_S1.);
#7120 = CIRCLE('',#7121,0.8);
#7121 = AXIS2_PLACEMENT_3D('',#7122,#7123,#7124);
#7122 = CARTESIAN_POINT('',(10.57,-7.1,2.5));
#7123 = DIRECTION('',(0.,0.,1.));
#7124 = DIRECTION('',(1.,0.,0.));
#7125 = PCURVE('',#7071,#7126);
#7126 = DEFINITIONAL_REPRESENTATION('',(#7127),#7131);
#7127 = LINE('',#7128,#7129);
#7128 = CARTESIAN_POINT('',(-0.,0.));
#7129 = VECTOR('',#7130,1.);
#7130 = DIRECTION('',(-1.,0.));
#7131 = ( GEOMETRIC_REPRESENTATION_CONTEXT(2) 
PARAMETRIC_REPRESENTATION_CONTEXT() REPRESENTATION_CONTEXT('2D SPACE',''
  ) );
#7132 = PCURVE('',#7133,#7138);
#7133 = PLANE('',#7134);
#7134 = AXIS2_PLACEMENT_3D('',#7135,#7136,#7137);
#7135 = CARTESIAN_POINT('',(10.57,-7.1,2.5));
#7136 = DIRECTION('',(0.,0.,1.));
#7137 = DIRECTION('',(1.,0.,-0.));
#7138 = DEFINITIONAL_REPRESENTATION('',(#7139),#7143);
#7139 = CIRCLE('',#7140,0.8);
#7140 = AXIS2_PLACEMENT_2D('',#7141,#7142);
#7141 = CARTESIAN_POINT('',(0.,0.));
#7142 = DIRECTION('',(1.,0.));
#7143 = ( GEOMETRIC_REPRESENTATION_CONTEXT(2) 
PARAMETRIC_REPRESENTATION_CONTEXT() REPRESENTATION_CONTEXT('2D SPACE',''
  ) );
#7144 = ADVANCED_FACE('',(#7145),#7133,.F.);
#7145 = FACE_BOUND('',#7146,.F.);
#7146 = EDGE_LOOP('',(#7147));
#7147 = ORIENTED_EDGE('',*,*,#7118,.T.);
#7148 = ADVANCED_FACE('',(#7149),#7105,.T.);
#7149 = FACE_BOUND('',#7150,.T.);
#7150 = EDGE_LOOP('',(#7151));
#7151 = ORIENTED_EDGE('',*,*,#7090,.T.);
#7152 = ( GEOMETRIC_REPRESENTATION_CONTEXT(3) 
GLOBAL_UNCERTAINTY_ASSIGNED_CONTEXT((#7156)) 
GLOBAL_UNIT_ASSIGNED_CONTEXT((#7153,#7154,#7155)) REPRESENTATION_CONTEXT
('Context #1','3D Context with UNIT and UNCERTAINTY') );
#7153 = ( LENGTH_UNIT() NAMED_UNIT(*) SI_UNIT(.MILLI.,.METRE.) );
#7154 = ( NAMED_UNIT(*) PLANE_ANGLE_UNIT() SI_UNIT($,.RADIAN.) );
#7155 = ( NAMED_UNIT(*) SI_UNIT($,.STERADIAN.) SOLID_ANGLE_UNIT() );
#7156 = UNCERTAINTY_MEASURE_WITH_UNIT(LENGTH_MEASURE(1.E-07),#7153,
  'distance_accuracy_value','confusion accuracy');
#7157 = CONTEXT_DEPENDENT_SHAPE_REPRESENTATION(#7158,#7160);
#7158 = ( REPRESENTATION_RELATIONSHIP('','',#7053,#10) 
REPRESENTATION_RELATIONSHIP_WITH_TRANSFORMATION(#7159) 
SHAPE_REPRESENTATION_RELATIONSHIP() );
#7159 = ITEM_DEFINED_TRANSFORMATION('','',#11,#35);
#7160 = PRODUCT_DEFINITION_SHAPE('Placement','Placement of an item',
  #7161);
#7161 = NEXT_ASSEMBLY_USAGE_OCCURRENCE('17','button_cap_5','',#5,#7048,$
  );
#7162 = PRODUCT_RELATED_PRODUCT_CATEGORY('part',$,(#7050));
#7163 = SHAPE_DEFINITION_REPRESENTATION(#7164,#7170);
#7164 = PRODUCT_DEFINITION_SHAPE('','',#7165);
#7165 = PRODUCT_DEFINITION('design','',#7166,#7169);
#7166 = PRODUCT_DEFINITION_FORMATION('','',#7167);
#7167 = PRODUCT('esp32c3_6','esp32c3_6','',(#7168));
#7168 = PRODUCT_CONTEXT('',#2,'mechanical');
#7169 = PRODUCT_DEFINITION_CONTEXT('part definition',#2,'design');
#7170 = ADVANCED_BREP_SHAPE_REPRESENTATION('',(#11,#7171),#7501);
#7171 = MANIFOLD_SOLID_BREP('',#7172);
#7172 = CLOSED_SHELL('',(#7173,#7293,#7393,#7440,#7487,#7494));
#7173 = ADVANCED_FACE('',(#7174),#7188,.F.);
#7174 = FACE_BOUND('',#7175,.F.);
#7175 = EDGE_LOOP('',(#7176,#7211,#7239,#7267));
#7176 = ORIENTED_EDGE('',*,*,#7177,.F.);
#7177 = EDGE_CURVE('',#7178,#7180,#7182,.T.);
#7178 = VERTEX_POINT('',#7179);
#7179 = CARTESIAN_POINT('',(5.12,-13.76,1.));
#7180 = VERTEX_POINT('',#7181);
#7181 = CARTESIAN_POINT('',(5.12,-13.76,1.9));
#7182 = SURFACE_CURVE('',#7183,(#7187,#7199),.PCURVE_S1.);
#7183 = LINE('',#7184,#7185);
#7184 = CARTESIAN_POINT('',(5.12,-13.76,1.));
#7185 = VECTOR('',#7186,1.);
#7186 = DIRECTION('',(0.,0.,1.));
#7187 = PCURVE('',#7188,#7193);
#7188 = PLANE('',#7189);
#7189 = AXIS2_PLACEMENT_3D('',#7190,#7191,#7192);
#7190 = CARTESIAN_POINT('',(5.12,-13.76,1.));
#7191 = DIRECTION('',(1.,0.,0.));
#7192 = DIRECTION('',(0.,0.,1.));
#7193 = DEFINITIONAL_REPRESENTATION('',(#7194),#7198);
#7194 = LINE('',#7195,#7196);
#7195 = CARTESIAN_POINT('',(0.,0.));
#7196 = VECTOR('',#7197,1.);
#7197 = DIRECTION('',(1.,0.));
#7198 = ( GEOMETRIC_REPRESENTATION_CONTEXT(2) 
PARAMETRIC_REPRESENTATION_CONTEXT() REPRESENTATION_CONTEXT('2D SPACE',''
  ) );
#7199 = PCURVE('',#7200,#7205);
#7200 = PLANE('',#7201);
#7201 = AXIS2_PLACEMENT_3D('',#7202,#7203,#7204);
#7202 = CARTESIAN_POINT('',(5.12,-13.76,1.));
#7203 = DIRECTION('',(0.,1.,0.));
#7204 = DIRECTION('',(0.,0.,1.));
#7205 = DEFINITIONAL_REPRESENTATION('',(#7206),#7210);
#7206 = LINE('',#7207,#7208);
#7207 = CARTESIAN_POINT('',(0.,0.));
#7208 = VECTOR('',#7209,1.);
#7209 = DIRECTION('',(1.,0.));
#7210 = ( GEOMETRIC_REPRESENTATION_CONTEXT(2) 
PARAMETRIC_REPRESENTATION_CONTEXT() REPRESENTATION_CONTEXT('2D SPACE',''
  ) );
#7211 = ORIENTED_EDGE('',*,*,#7212,.T.);
#7212 = EDGE_CURVE('',#7178,#7213,#7215,.T.);
#7213 = VERTEX_POINT('',#7214);
#7214 = CARTESIAN_POINT('',(5.12,-8.76,1.));
#7215 = SURFACE_CURVE('',#7216,(#7220,#7227),.PCURVE_S1.);
#7216 = LINE('',#7217,#7218);
#7217 = CARTESIAN_POINT('',(5.12,-13.76,1.));
#7218 = VECTOR('',#7219,1.);
#7219 = DIRECTION('',(0.,1.,0.));
#7220 = PCURVE('',#7188,#7221);
#7221 = DEFINITIONAL_REPRESENTATION('',(#7222),#7226);
#7222 = LINE('',#7223,#7224);
#7223 = CARTESIAN_POINT('',(0.,0.));
#7224 = VECTOR('',#7225,1.);
#7225 = DIRECTION('',(0.,-1.));
#7226 = ( GEOMETRIC_REPRESENTATION_CONTEXT(2) 
PARAMETRIC_REPRESENTATION_CONTEXT() REPRESENTATION_CONTEXT('2D SPACE',''
  ) );
#7227 = PCURVE('',#7228,#7233);
#7228 = PLANE('',#7229);
#7229 = AXIS2_PLACEMENT_3D('',#7230,#7231,#7232);
#7230 = CARTESIAN_POINT('',(5.12,-13.76,1.));
#7231 = DIRECTION('',(0.,0.,1.));
#7232 = DIRECTION('',(1.,0.,0.));
#7233 = DEFINITIONAL_REPRESENTATION('',(#7234),#7238);
#7234 = LINE('',#7235,#7236);
#7235 = CARTESIAN_POINT('',(0.,0.));
#7236 = VECTOR('',#7237,1.);
#7237 = DIRECTION('',(0.,1.));
#7238 = ( GEOMETRIC_REPRESENTATION_CONTEXT(2) 
PARAMETRIC_REPRESENTATION_CONTEXT() REPRESENTATION_CONTEXT('2D SPACE',''
  ) );
#7239 = ORIENTED_EDGE('',*,*,#7240,.T.);
#7240 = EDGE_CURVE('',#7213,#7241,#7243,.T.);
#7241 = VERTEX_POINT('',#7242);
#7242 = CARTESIAN_POINT('',(5.12,-8.76,1.9));
#7243 = SURFACE_CURVE('',#7244,(#7248,#7255),.PCURVE_S1.);
#7244 = LINE('',#7245,#7246);
#7245 = CARTESIAN_POINT('',(5.12,-8.76,1.));
#7246 = VECTOR('',#7247,1.);
#7247 = DIRECTION('',(0.,0.,1.));
#7248 = PCURVE('',#7188,#7249);
#7249 = DEFINITIONAL_REPRESENTATION('',(#7250),#7254);
#7250 = LINE('',#7251,#7252);
#7251 = CARTESIAN_POINT('',(0.,-5.));
#7252 = VECTOR('',#7253,1.);
#7253 = DIRECTION('',(1.,0.));
#7254 = ( GEOMETRIC_REPRESENTATION_CONTEXT(2) 
PARAMETRIC_REPRESENTATION_CONTEXT() REPRESENTATION_CONTEXT('2D SPACE',''
  ) );
#7255 = PCURVE('',#7256,#7261);
#7256 = PLANE('',#7257);
#7257 = AXIS2_PLACEMENT_3D('',#7258,#7259,#7260);
#7258 = CARTESIAN_POINT('',(5.12,-8.76,1.));
#7259 = DIRECTION('',(0.,1.,0.));
#7260 = DIRECTION('',(0.,0.,1.));
#7261 = DEFINITIONAL_REPRESENTATION('',(#7262),#7266);
#7262 = LINE('',#7263,#7264);
#7263 = CARTESIAN_POINT('',(0.,0.));
#7264 = VECTOR('',#7265,1.);
#7265 = DIRECTION('',(1.,0.));
#7266 = ( GEOMETRIC_REPRESENTATION_CONTEXT(2) 
PARAMETRIC_REPRESENTATION_CONTEXT() REPRESENTATION_CONTEXT('2D SPACE',''
  ) );
#7267 = ORIENTED_EDGE('',*,*,#7268,.F.);
#7268 = EDGE_CURVE('',#7180,#7241,#7269,.T.);
#7269 = SURFACE_CURVE('',#7270,(#7274,#7281),.PCURVE_S1.);
#7270 = LINE('',#7271,#7272);
#7271 = CARTESIAN_POINT('',(5.12,-13.76,1.9));
#7272 = VECTOR('',#7273,1.);
#7273 = DIRECTION('',(0.,1.,0.));
#7274 = PCURVE('',#7188,#7275);
#7275 = DEFINITIONAL_REPRESENTATION('',(#7276),#7280);
#7276 = LINE('',#7277,#7278);
#7277 = CARTESIAN_POINT('',(0.9,0.));
#7278 = VECTOR('',#7279,1.);
#7279 = DIRECTION('',(0.,-1.));
#7280 = ( GEOMETRIC_REPRESENTATION_CONTEXT(2) 
PARAMETRIC_REPRESENTATION_CONTEXT() REPRESENTATION_CONTEXT('2D SPACE',''
  ) );
#7281 = PCURVE('',#7282,#7287);
#7282 = PLANE('',#7283);
#7283 = AXIS2_PLACEMENT_3D('',#7284,#7285,#7286);
#7284 = CARTESIAN_POINT('',(5.12,-13.76,1.9));
#7285 = DIRECTION('',(0.,0.,1.));
#7286 = DIRECTION('',(1.,0.,0.));
#7287 = DEFINITIONAL_REPRESENTATION('',(#7288),#7292);
#7288 = LINE('',#7289,#7290);
#7289 = CARTESIAN_POINT('',(0.,0.));
#7290 = VECTOR('',#7291,1.);
#7291 = DIRECTION('',(0.,1.));
#7292 = ( GEOMETRIC_REPRESENTATION_CONTEXT(2) 
PARAMETRIC_REPRESENTATION_CONTEXT() REPRESENTATION_CONTEXT('2D SPACE',''
  ) );
#7293 = ADVANCED_FACE('',(#7294),#7308,.T.);
#7294 = FACE_BOUND('',#7295,.T.);
#7295 = EDGE_LOOP('',(#7296,#7326,#7349,#7372));
#7296 = ORIENTED_EDGE('',*,*,#7297,.F.);
#7297 = EDGE_CURVE('',#7298,#7300,#7302,.T.);
#7298 = VERTEX_POINT('',#7299);
#7299 = CARTESIAN_POINT('',(10.12,-13.76,1.));
#7300 = VERTEX_POINT('',#7301);
#7301 = CARTESIAN_POINT('',(10.12,-13.76,1.9));
#7302 = SURFACE_CURVE('',#7303,(#7307,#7319),.PCURVE_S1.);
#7303 = LINE('',#7304,#7305);
#7304 = CARTESIAN_POINT('',(10.12,-13.76,1.));
#7305 = VECTOR('',#7306,1.);
#7306 = DIRECTION('',(0.,0.,1.));
#7307 = PCURVE('',#7308,#7313);
#7308 = PLANE('',#7309);
#7309 = AXIS2_PLACEMENT_3D('',#7310,#7311,#7312);
#7310 = CARTESIAN_POINT('',(10.12,-13.76,1.));
#7311 = DIRECTION('',(1.,0.,0.));
#7312 = DIRECTION('',(0.,0.,1.));
#7313 = DEFINITIONAL_REPRESENTATION('',(#7314),#7318);
#7314 = LINE('',#7315,#7316);
#7315 = CARTESIAN_POINT('',(0.,0.));
#7316 = VECTOR('',#7317,1.);
#7317 = DIRECTION('',(1.,0.));
#7318 = ( GEOMETRIC_REPRESENTATION_CONTEXT(2) 
PARAMETRIC_REPRESENTATION_CONTEXT() REPRESENTATION_CONTEXT('2D SPACE',''
  ) );
#7319 = PCURVE('',#7200,#7320);
#7320 = DEFINITIONAL_REPRESENTATION('',(#7321),#7325);
#7321 = LINE('',#7322,#7323);
#7322 = CARTESIAN_POINT('',(0.,5.));
#7323 = VECTOR('',#7324,1.);
#7324 = DIRECTION('',(1.,0.));
#7325 = ( GEOMETRIC_REPRESENTATION_CONTEXT(2) 
PARAMETRIC_REPRESENTATION_CONTEXT() REPRESENTATION_CONTEXT('2D SPACE',''
  ) );
#7326 = ORIENTED_EDGE('',*,*,#7327,.T.);
#7327 = EDGE_CURVE('',#7298,#7328,#7330,.T.);
#7328 = VERTEX_POINT('',#7329);
#7329 = CARTESIAN_POINT('',(10.12,-8.76,1.));
#7330 = SURFACE_CURVE('',#7331,(#7335,#7342),.PCURVE_S1.);
#7331 = LINE('',#7332,#7333);
#7332 = CARTESIAN_POINT('',(10.12,-13.76,1.));
#7333 = VECTOR('',#7334,1.);
#7334 = DIRECTION('',(0.,1.,0.));
#7335 = PCURVE('',#7308,#7336);
#7336 = DEFINITIONAL_REPRESENTATION('',(#7337),#7341);
#7337 = LINE('',#7338,#7339);
#7338 = CARTESIAN_POINT('',(0.,0.));
#7339 = VECTOR('',#7340,1.);
#7340 = DIRECTION('',(0.,-1.));
#7341 = ( GEOMETRIC_REPRESENTATION_CONTEXT(2) 
PARAMETRIC_REPRESENTATION_CONTEXT() REPRESENTATION_CONTEXT('2D SPACE',''
  ) );
#7342 = PCURVE('',#7228,#7343);
#7343 = DEFINITIONAL_REPRESENTATION('',(#7344),#7348);
#7344 = LINE('',#7345,#7346);
#7345 = CARTESIAN_POINT('',(5.,0.));
#7346 = VECTOR('',#7347,1.);
#7347 = DIRECTION('',(0.,1.));
#7348 = ( GEOMETRIC_REPRESENTATION_CONTEXT(2) 
PARAMETRIC_REPRESENTATION_CONTEXT() REPRESENTATION_CONTEXT('2D SPACE',''
  ) );
#7349 = ORIENTED_EDGE('',*,*,#7350,.T.);
#7350 = EDGE_CURVE('',#7328,#7351,#7353,.T.);
#7351 = VERTEX_POINT('',#7352);
#7352 = CARTESIAN_POINT('',(10.12,-8.76,1.9));
#7353 = SURFACE_CURVE('',#7354,(#7358,#7365),.PCURVE_S1.);
#7354 = LINE('',#7355,#7356);
#7355 = CARTESIAN_POINT('',(10.12,-8.76,1.));
#7356 = VECTOR('',#7357,1.);
#7357 = DIRECTION('',(0.,0.,1.));
#7358 = PCURVE('',#7308,#7359);
#7359 = DEFINITIONAL_REPRESENTATION('',(#7360),#7364);
#7360 = LINE('',#7361,#7362);
#7361 = CARTESIAN_POINT('',(0.,-5.));
#7362 = VECTOR('',#7363,1.);
#7363 = DIRECTION('',(1.,0.));
#7364 = ( GEOMETRIC_REPRESENTATION_CONTEXT(2) 
PARAMETRIC_REPRESENTATION_CONTEXT() REPRESENTATION_CONTEXT('2D SPACE',''
  ) );
#7365 = PCURVE('',#7256,#7366);
#7366 = DEFINITIONAL_REPRESENTATION('',(#7367),#7371);
#7367 = LINE('',#7368,#7369);
#7368 = CARTESIAN_POINT('',(0.,5.));
#7369 = VECTOR('',#7370,1.);
#7370 = DIRECTION('',(1.,0.));
#7371 = ( GEOMETRIC_REPRESENTATION_CONTEXT(2) 
PARAMETRIC_REPRESENTATION_CONTEXT() REPRESENTATION_CONTEXT('2D SPACE',''
  ) );
#7372 = ORIENTED_EDGE('',*,*,#7373,.F.);
#7373 = EDGE_CURVE('',#7300,#7351,#7374,.T.);
#7374 = SURFACE_CURVE('',#7375,(#7379,#7386),.PCURVE_S1.);
#7375 = LINE('',#7376,#7377);
#7376 = CARTESIAN_POINT('',(10.12,-13.76,1.9));
#7377 = VECTOR('',#7378,1.);
#7378 = DIRECTION('',(0.,1.,0.));
#7379 = PCURVE('',#7308,#7380);
#7380 = DEFINITIONAL_REPRESENTATION('',(#7381),#7385);
#7381 = LINE('',#7382,#7383);
#7382 = CARTESIAN_POINT('',(0.9,0.));
#7383 = VECTOR('',#7384,1.);
#7384 = DIRECTION('',(0.,-1.));
#7385 = ( GEOMETRIC_REPRESENTATION_CONTEXT(2) 
PARAMETRIC_REPRESENTATION_CONTEXT() REPRESENTATION_CONTEXT('2D SPACE',''
  ) );
#7386 = PCURVE('',#7282,#7387);
#7387 = DEFINITIONAL_REPRESENTATION('',(#7388),#7392);
#7388 = LINE('',#7389,#7390);
#7389 = CARTESIAN_POINT('',(5.,0.));
#7390 = VECTOR('',#7391,1.);
#7391 = DIRECTION('',(0.,1.));
#7392 = ( GEOMETRIC_REPRESENTATION_CONTEXT(2) 
PARAMETRIC_REPRESENTATION_CONTEXT() REPRESENTATION_CONTEXT('2D SPACE',''
  ) );
#7393 = ADVANCED_FACE('',(#7394),#7200,.F.);
#7394 = FACE_BOUND('',#7395,.F.);
#7395 = EDGE_LOOP('',(#7396,#7417,#7418,#7439));
#7396 = ORIENTED_EDGE('',*,*,#7397,.F.);
#7397 = EDGE_CURVE('',#7178,#7298,#7398,.T.);
#7398 = SURFACE_CURVE('',#7399,(#7403,#7410),.PCURVE_S1.);
#7399 = LINE('',#7400,#7401);
#7400 = CARTESIAN_POINT('',(5.12,-13.76,1.));
#7401 = VECTOR('',#7402,1.);
#7402 = DIRECTION('',(1.,0.,0.));
#7403 = PCURVE('',#7200,#7404);
#7404 = DEFINITIONAL_REPRESENTATION('',(#7405),#7409);
#7405 = LINE('',#7406,#7407);
#7406 = CARTESIAN_POINT('',(0.,0.));
#7407 = VECTOR('',#7408,1.);
#7408 = DIRECTION('',(0.,1.));
#7409 = ( GEOMETRIC_REPRESENTATION_CONTEXT(2) 
PARAMETRIC_REPRESENTATION_CONTEXT() REPRESENTATION_CONTEXT('2D SPACE',''
  ) );
#7410 = PCURVE('',#7228,#7411);
#7411 = DEFINITIONAL_REPRESENTATION('',(#7412),#7416);
#7412 = LINE('',#7413,#7414);
#7413 = CARTESIAN_POINT('',(0.,0.));
#7414 = VECTOR('',#7415,1.);
#7415 = DIRECTION('',(1.,0.));
#7416 = ( GEOMETRIC_REPRESENTATION_CONTEXT(2) 
PARAMETRIC_REPRESENTATION_CONTEXT() REPRESENTATION_CONTEXT('2D SPACE',''
  ) );
#7417 = ORIENTED_EDGE('',*,*,#7177,.T.);
#7418 = ORIENTED_EDGE('',*,*,#7419,.T.);
#7419 = EDGE_CURVE('',#7180,#7300,#7420,.T.);
#7420 = SURFACE_CURVE('',#7421,(#7425,#7432),.PCURVE_S1.);
#7421 = LINE('',#7422,#7423);
#7422 = CARTESIAN_POINT('',(5.12,-13.76,1.9));
#7423 = VECTOR('',#7424,1.);
#7424 = DIRECTION('',(1.,0.,0.));
#7425 = PCURVE('',#7200,#7426);
#7426 = DEFINITIONAL_REPRESENTATION('',(#7427),#7431);
#7427 = LINE('',#7428,#7429);
#7428 = CARTESIAN_POINT('',(0.9,0.));
#7429 = VECTOR('',#7430,1.);
#7430 = DIRECTION('',(0.,1.));
#7431 = ( GEOMETRIC_REPRESENTATION_CONTEXT(2) 
PARAMETRIC_REPRESENTATION_CONTEXT() REPRESENTATION_CONTEXT('2D SPACE',''
  ) );
#7432 = PCURVE('',#7282,#7433);
#7433 = DEFINITIONAL_REPRESENTATION('',(#7434),#7438);
#7434 = LINE('',#7435,#7436);
#7435 = CARTESIAN_POINT('',(0.,0.));
#7436 = VECTOR('',#7437,1.);
#7437 = DIRECTION('',(1.,0.));
#7438 = ( GEOMETRIC_REPRESENTATION_CONTEXT(2) 
PARAMETRIC_REPRESENTATION_CONTEXT() REPRESENTATION_CONTEXT('2D SPACE',''
  ) );
#7439 = ORIENTED_EDGE('',*,*,#7297,.F.);
#7440 = ADVANCED_FACE('',(#7441),#7256,.T.);
#7441 = FACE_BOUND('',#7442,.T.);
#7442 = EDGE_LOOP('',(#7443,#7464,#7465,#7486));
#7443 = ORIENTED_EDGE('',*,*,#7444,.F.);
#7444 = EDGE_CURVE('',#7213,#7328,#7445,.T.);
#7445 = SURFACE_CURVE('',#7446,(#7450,#7457),.PCURVE_S1.);
#7446 = LINE('',#7447,#7448);
#7447 = CARTESIAN_POINT('',(5.12,-8.76,1.));
#7448 = VECTOR('',#7449,1.);
#7449 = DIRECTION('',(1.,0.,0.));
#7450 = PCURVE('',#7256,#7451);
#7451 = DEFINITIONAL_REPRESENTATION('',(#7452),#7456);
#7452 = LINE('',#7453,#7454);
#7453 = CARTESIAN_POINT('',(0.,0.));
#7454 = VECTOR('',#7455,1.);
#7455 = DIRECTION('',(0.,1.));
#7456 = ( GEOMETRIC_REPRESENTATION_CONTEXT(2) 
PARAMETRIC_REPRESENTATION_CONTEXT() REPRESENTATION_CONTEXT('2D SPACE',''
  ) );
#7457 = PCURVE('',#7228,#7458);
#7458 = DEFINITIONAL_REPRESENTATION('',(#7459),#7463);
#7459 = LINE('',#7460,#7461);
#7460 = CARTESIAN_POINT('',(0.,5.));
#7461 = VECTOR('',#7462,1.);
#7462 = DIRECTION('',(1.,0.));
#7463 = ( GEOMETRIC_REPRESENTATION_CONTEXT(2) 
PARAMETRIC_REPRESENTATION_CONTEXT() REPRESENTATION_CONTEXT('2D SPACE',''
  ) );
#7464 = ORIENTED_EDGE('',*,*,#7240,.T.);
#7465 = ORIENTED_EDGE('',*,*,#7466,.T.);
#7466 = EDGE_CURVE('',#7241,#7351,#7467,.T.);
#7467 = SURFACE_CURVE('',#7468,(#7472,#7479),.PCURVE_S1.);
#7468 = LINE('',#7469,#7470);
#7469 = CARTESIAN_POINT('',(5.12,-8.76,1.9));
#7470 = VECTOR('',#7471,1.);
#7471 = DIRECTION('',(1.,0.,0.));
#7472 = PCURVE('',#7256,#7473);
#7473 = DEFINITIONAL_REPRESENTATION('',(#7474),#7478);
#7474 = LINE('',#7475,#7476);
#7475 = CARTESIAN_POINT('',(0.9,0.));
#7476 = VECTOR('',#7477,1.);
#7477 = DIRECTION('',(0.,1.));
#7478 = ( GEOMETRIC_REPRESENTATION_CONTEXT(2) 
PARAMETRIC_REPRESENTATION_CONTEXT() REPRESENTATION_CONTEXT('2D SPACE',''
  ) );
#7479 = PCURVE('',#7282,#7480);
#7480 = DEFINITIONAL_REPRESENTATION('',(#7481),#7485);
#7481 = LINE('',#7482,#7483);
#7482 = CARTESIAN_POINT('',(0.,5.));
#7483 = VECTOR('',#7484,1.);
#7484 = DIRECTION('',(1.,0.));
#7485 = ( GEOMETRIC_REPRESENTATION_CONTEXT(2) 
PARAMETRIC_REPRESENTATION_CONTEXT() REPRESENTATION_CONTEXT('2D SPACE',''
  ) );
#7486 = ORIENTED_EDGE('',*,*,#7350,.F.);
#7487 = ADVANCED_FACE('',(#7488),#7228,.F.);
#7488 = FACE_BOUND('',#7489,.F.);
#7489 = EDGE_LOOP('',(#7490,#7491,#7492,#7493));
#7490 = ORIENTED_EDGE('',*,*,#7212,.F.);
#7491 = ORIENTED_EDGE('',*,*,#7397,.T.);
#7492 = ORIENTED_EDGE('',*,*,#7327,.T.);
#7493 = ORIENTED_EDGE('',*,*,#7444,.F.);
#7494 = ADVANCED_FACE('',(#7495),#7282,.T.);
#7495 = FACE_BOUND('',#7496,.T.);
#7496 = EDGE_LOOP('',(#7497,#7498,#7499,#7500));
#7497 = ORIENTED_EDGE('',*,*,#7268,.F.);
#7498 = ORIENTED_EDGE('',*,*,#7419,.T.);
#7499 = ORIENTED_EDGE('',*,*,#7373,.T.);
#7500 = ORIENTED_EDGE('',*,*,#7466,.F.);
#7501 = ( GEOMETRIC_REPRESENTATION_CONTEXT(3) 
GLOBAL_UNCERTAINTY_ASSIGNED_CONTEXT((#7505)) 
GLOBAL_UNIT_ASSIGNED_CONTEXT((#7502,#7503,#7504)) REPRESENTATION_CONTEXT
('Context #1','3D Context with UNIT and UNCERTAINTY') );
#7502 = ( LENGTH_UNIT() NAMED_UNIT(*) SI_UNIT(.MILLI.,.METRE.) );
#7503 = ( NAMED_UNIT(*) PLANE_ANGLE_UNIT() SI_UNIT($,.RADIAN.) );
#7504 = ( NAMED_UNIT(*) SI_UNIT($,.STERADIAN.) SOLID_ANGLE_UNIT() );
#7505 = UNCERTAINTY_MEASURE_WITH_UNIT(LENGTH_MEASURE(1.E-07),#7502,
  'distance_accuracy_value','confusion accuracy');
#7506 = CONTEXT_DEPENDENT_SHAPE_REPRESENTATION(#7507,#7509);
#7507 = ( REPRESENTATION_RELATIONSHIP('','',#7170,#10) 
REPRESENTATION_RELATIONSHIP_WITH_TRANSFORMATION(#7508) 
SHAPE_REPRESENTATION_RELATIONSHIP() );
#7508 = ITEM_DEFINED_TRANSFORMATION('','',#11,#39);
#7509 = PRODUCT_DEFINITION_SHAPE('Placement','Placement of an item',
  #7510);
#7510 = NEXT_ASSEMBLY_USAGE_OCCURRENCE('18','esp32c3_6','',#5,#7165,$);
#7511 = PRODUCT_RELATED_PRODUCT_CATEGORY('part',$,(#7167));
#7512 = SHAPE_DEFINITION_REPRESENTATION(#7513,#7519);
#7513 = PRODUCT_DEFINITION_SHAPE('','',#7514);
#7514 = PRODUCT_DEFINITION('design','',#7515,#7518);
#7515 = PRODUCT_DEFINITION_FORMATION('','',#7516);
#7516 = PRODUCT('crystal_7','crystal_7','',(#7517));
#7517 = PRODUCT_CONTEXT('',#2,'mechanical');
#7518 = PRODUCT_DEFINITION_CONTEXT('part definition',#2,'design');
#7519 = ADVANCED_BREP_SHAPE_REPRESENTATION('',(#11,#7520),#7850);
#7520 = MANIFOLD_SOLID_BREP('',#7521);
#7521 = CLOSED_SHELL('',(#7522,#7642,#7742,#7789,#7836,#7843));
#7522 = ADVANCED_FACE('',(#7523),#7537,.F.);
#7523 = FACE_BOUND('',#7524,.F.);
#7524 = EDGE_LOOP('',(#7525,#7560,#7588,#7616));
#7525 = ORIENTED_EDGE('',*,*,#7526,.F.);
#7526 = EDGE_CURVE('',#7527,#7529,#7531,.T.);
#7527 = VERTEX_POINT('',#7528);
#7528 = CARTESIAN_POINT('',(6.02,-16.86,1.));
#7529 = VERTEX_POINT('',#7530);
#7530 = CARTESIAN_POINT('',(6.02,-16.86,1.8));
#7531 = SURFACE_CURVE('',#7532,(#7536,#7548),.PCURVE_S1.);
#7532 = LINE('',#7533,#7534);
#7533 = CARTESIAN_POINT('',(6.02,-16.86,1.));
#7534 = VECTOR('',#7535,1.);
#7535 = DIRECTION('',(0.,0.,1.));
#7536 = PCURVE('',#7537,#7542);
#7537 = PLANE('',#7538);
#7538 = AXIS2_PLACEMENT_3D('',#7539,#7540,#7541);
#7539 = CARTESIAN_POINT('',(6.02,-16.86,1.));
#7540 = DIRECTION('',(1.,0.,0.));
#7541 = DIRECTION('',(0.,0.,1.));
#7542 = DEFINITIONAL_REPRESENTATION('',(#7543),#7547);
#7543 = LINE('',#7544,#7545);
#7544 = CARTESIAN_POINT('',(0.,0.));
#7545 = VECTOR('',#7546,1.);
#7546 = DIRECTION('',(1.,0.));
#7547 = ( GEOMETRIC_REPRESENTATION_CONTEXT(2) 
PARAMETRIC_REPRESENTATION_CONTEXT() REPRESENTATION_CONTEXT('2D SPACE',''
  ) );
#7548 = PCURVE('',#7549,#7554);
#7549 = PLANE('',#7550);
#7550 = AXIS2_PLACEMENT_3D('',#7551,#7552,#7553);
#7551 = CARTESIAN_POINT('',(6.02,-16.86,1.));
#7552 = DIRECTION('',(0.,1.,0.));
#7553 = DIRECTION('',(0.,0.,1.));
#7554 = DEFINITIONAL_REPRESENTATION('',(#7555),#7559);
#7555 = LINE('',#7556,#7557);
#7556 = CARTESIAN_POINT('',(0.,0.));
#7557 = VECTOR('',#7558,1.);
#7558 = DIRECTION('',(1.,0.));
#7559 = ( GEOMETRIC_REPRESENTATION_CONTEXT(2) 
PARAMETRIC_REPRESENTATION_CONTEXT() REPRESENTATION_CONTEXT('2D SPACE',''
  ) );
#7560 = ORIENTED_EDGE('',*,*,#7561,.T.);
#7561 = EDGE_CURVE('',#7527,#7562,#7564,.T.);
#7562 = VERTEX_POINT('',#7563);
#7563 = CARTESIAN_POINT('',(6.02,-14.36,1.));
#7564 = SURFACE_CURVE('',#7565,(#7569,#7576),.PCURVE_S1.);
#7565 = LINE('',#7566,#7567);
#7566 = CARTESIAN_POINT('',(6.02,-16.86,1.));
#7567 = VECTOR('',#7568,1.);
#7568 = DIRECTION('',(0.,1.,0.));
#7569 = PCURVE('',#7537,#7570);
#7570 = DEFINITIONAL_REPRESENTATION('',(#7571),#7575);
#7571 = LINE('',#7572,#7573);
#7572 = CARTESIAN_POINT('',(0.,0.));
#7573 = VECTOR('',#7574,1.);
#7574 = DIRECTION('',(0.,-1.));
#7575 = ( GEOMETRIC_REPRESENTATION_CONTEXT(2) 
PARAMETRIC_REPRESENTATION_CONTEXT() REPRESENTATION_CONTEXT('2D SPACE',''
  ) );
#7576 = PCURVE('',#7577,#7582);
#7577 = PLANE('',#7578);
#7578 = AXIS2_PLACEMENT_3D('',#7579,#7580,#7581);
#7579 = CARTESIAN_POINT('',(6.02,-16.86,1.));
#7580 = DIRECTION('',(0.,0.,1.));
#7581 = DIRECTION('',(1.,0.,0.));
#7582 = DEFINITIONAL_REPRESENTATION('',(#7583),#7587);
#7583 = LINE('',#7584,#7585);
#7584 = CARTESIAN_POINT('',(0.,0.));
#7585 = VECTOR('',#7586,1.);
#7586 = DIRECTION('',(0.,1.));
#7587 = ( GEOMETRIC_REPRESENTATION_CONTEXT(2) 
PARAMETRIC_REPRESENTATION_CONTEXT() REPRESENTATION_CONTEXT('2D SPACE',''
  ) );
#7588 = ORIENTED_EDGE('',*,*,#7589,.T.);
#7589 = EDGE_CURVE('',#7562,#7590,#7592,.T.);
#7590 = VERTEX_POINT('',#7591);
#7591 = CARTESIAN_POINT('',(6.02,-14.36,1.8));
#7592 = SURFACE_CURVE('',#7593,(#7597,#7604),.PCURVE_S1.);
#7593 = LINE('',#7594,#7595);
#7594 = CARTESIAN_POINT('',(6.02,-14.36,1.));
#7595 = VECTOR('',#7596,1.);
#7596 = DIRECTION('',(0.,0.,1.));
#7597 = PCURVE('',#7537,#7598);
#7598 = DEFINITIONAL_REPRESENTATION('',(#7599),#7603);
#7599 = LINE('',#7600,#7601);
#7600 = CARTESIAN_POINT('',(0.,-2.5));
#7601 = VECTOR('',#7602,1.);
#7602 = DIRECTION('',(1.,0.));
#7603 = ( GEOMETRIC_REPRESENTATION_CONTEXT(2) 
PARAMETRIC_REPRESENTATION_CONTEXT() REPRESENTATION_CONTEXT('2D SPACE',''
  ) );
#7604 = PCURVE('',#7605,#7610);
#7605 = PLANE('',#7606);
#7606 = AXIS2_PLACEMENT_3D('',#7607,#7608,#7609);
#7607 = CARTESIAN_POINT('',(6.02,-14.36,1.));
#7608 = DIRECTION('',(0.,1.,0.));
#7609 = DIRECTION('',(0.,0.,1.));
#7610 = DEFINITIONAL_REPRESENTATION('',(#7611),#7615);
#7611 = LINE('',#7612,#7613);
#7612 = CARTESIAN_POINT('',(0.,0.));
#7613 = VECTOR('',#7614,1.);
#7614 = DIRECTION('',(1.,0.));
#7615 = ( GEOMETRIC_REPRESENTATION_CONTEXT(2) 
PARAMETRIC_REPRESENTATION_CONTEXT() REPRESENTATION_CONTEXT('2D SPACE',''
  ) );
#7616 = ORIENTED_EDGE('',*,*,#7617,.F.);
#7617 = EDGE_CURVE('',#7529,#7590,#7618,.T.);
#7618 = SURFACE_CURVE('',#7619,(#7623,#7630),.PCURVE_S1.);
#7619 = LINE('',#7620,#7621);
#7620 = CARTESIAN_POINT('',(6.02,-16.86,1.8));
#7621 = VECTOR('',#7622,1.);
#7622 = DIRECTION('',(0.,1.,0.));
#7623 = PCURVE('',#7537,#7624);
#7624 = DEFINITIONAL_REPRESENTATION('',(#7625),#7629);
#7625 = LINE('',#7626,#7627);
#7626 = CARTESIAN_POINT('',(0.8,0.));
#7627 = VECTOR('',#7628,1.);
#7628 = DIRECTION('',(0.,-1.));
#7629 = ( GEOMETRIC_REPRESENTATION_CONTEXT(2) 
PARAMETRIC_REPRESENTATION_CONTEXT() REPRESENTATION_CONTEXT('2D SPACE',''
  ) );
#7630 = PCURVE('',#7631,#7636);
#7631 = PLANE('',#7632);
#7632 = AXIS2_PLACEMENT_3D('',#7633,#7634,#7635);
#7633 = CARTESIAN_POINT('',(6.02,-16.86,1.8));
#7634 = DIRECTION('',(0.,0.,1.));
#7635 = DIRECTION('',(1.,0.,0.));
#7636 = DEFINITIONAL_REPRESENTATION('',(#7637),#7641);
#7637 = LINE('',#7638,#7639);
#7638 = CARTESIAN_POINT('',(0.,0.));
#7639 = VECTOR('',#7640,1.);
#7640 = DIRECTION('',(0.,1.));
#7641 = ( GEOMETRIC_REPRESENTATION_CONTEXT(2) 
PARAMETRIC_REPRESENTATION_CONTEXT() REPRESENTATION_CONTEXT('2D SPACE',''
  ) );
#7642 = ADVANCED_FACE('',(#7643),#7657,.T.);
#7643 = FACE_BOUND('',#7644,.T.);
#7644 = EDGE_LOOP('',(#7645,#7675,#7698,#7721));
#7645 = ORIENTED_EDGE('',*,*,#7646,.F.);
#7646 = EDGE_CURVE('',#7647,#7649,#7651,.T.);
#7647 = VERTEX_POINT('',#7648);
#7648 = CARTESIAN_POINT('',(9.22,-16.86,1.));
#7649 = VERTEX_POINT('',#7650);
#7650 = CARTESIAN_POINT('',(9.22,-16.86,1.8));
#7651 = SURFACE_CURVE('',#7652,(#7656,#7668),.PCURVE_S1.);
#7652 = LINE('',#7653,#7654);
#7653 = CARTESIAN_POINT('',(9.22,-16.86,1.));
#7654 = VECTOR('',#7655,1.);
#7655 = DIRECTION('',(0.,0.,1.));
#7656 = PCURVE('',#7657,#7662);
#7657 = PLANE('',#7658);
#7658 = AXIS2_PLACEMENT_3D('',#7659,#7660,#7661);
#7659 = CARTESIAN_POINT('',(9.22,-16.86,1.));
#7660 = DIRECTION('',(1.,0.,0.));
#7661 = DIRECTION('',(0.,0.,1.));
#7662 = DEFINITIONAL_REPRESENTATION('',(#7663),#7667);
#7663 = LINE('',#7664,#7665);
#7664 = CARTESIAN_POINT('',(0.,0.));
#7665 = VECTOR('',#7666,1.);
#7666 = DIRECTION('',(1.,0.));
#7667 = ( GEOMETRIC_REPRESENTATION_CONTEXT(2) 
PARAMETRIC_REPRESENTATION_CONTEXT() REPRESENTATION_CONTEXT('2D SPACE',''
  ) );
#7668 = PCURVE('',#7549,#7669);
#7669 = DEFINITIONAL_REPRESENTATION('',(#7670),#7674);
#7670 = LINE('',#7671,#7672);
#7671 = CARTESIAN_POINT('',(0.,3.2));
#7672 = VECTOR('',#7673,1.);
#7673 = DIRECTION('',(1.,0.));
#7674 = ( GEOMETRIC_REPRESENTATION_CONTEXT(2) 
PARAMETRIC_REPRESENTATION_CONTEXT() REPRESENTATION_CONTEXT('2D SPACE',''
  ) );
#7675 = ORIENTED_EDGE('',*,*,#7676,.T.);
#7676 = EDGE_CURVE('',#7647,#7677,#7679,.T.);
#7677 = VERTEX_POINT('',#7678);
#7678 = CARTESIAN_POINT('',(9.22,-14.36,1.));
#7679 = SURFACE_CURVE('',#7680,(#7684,#7691),.PCURVE_S1.);
#7680 = LINE('',#7681,#7682);
#7681 = CARTESIAN_POINT('',(9.22,-16.86,1.));
#7682 = VECTOR('',#7683,1.);
#7683 = DIRECTION('',(0.,1.,0.));
#7684 = PCURVE('',#7657,#7685);
#7685 = DEFINITIONAL_REPRESENTATION('',(#7686),#7690);
#7686 = LINE('',#7687,#7688);
#7687 = CARTESIAN_POINT('',(0.,0.));
#7688 = VECTOR('',#7689,1.);
#7689 = DIRECTION('',(0.,-1.));
#7690 = ( GEOMETRIC_REPRESENTATION_CONTEXT(2) 
PARAMETRIC_REPRESENTATION_CONTEXT() REPRESENTATION_CONTEXT('2D SPACE',''
  ) );
#7691 = PCURVE('',#7577,#7692);
#7692 = DEFINITIONAL_REPRESENTATION('',(#7693),#7697);
#7693 = LINE('',#7694,#7695);
#7694 = CARTESIAN_POINT('',(3.2,0.));
#7695 = VECTOR('',#7696,1.);
#7696 = DIRECTION('',(0.,1.));
#7697 = ( GEOMETRIC_REPRESENTATION_CONTEXT(2) 
PARAMETRIC_REPRESENTATION_CONTEXT() REPRESENTATION_CONTEXT('2D SPACE',''
  ) );
#7698 = ORIENTED_EDGE('',*,*,#7699,.T.);
#7699 = EDGE_CURVE('',#7677,#7700,#7702,.T.);
#7700 = VERTEX_POINT('',#7701);
#7701 = CARTESIAN_POINT('',(9.22,-14.36,1.8));
#7702 = SURFACE_CURVE('',#7703,(#7707,#7714),.PCURVE_S1.);
#7703 = LINE('',#7704,#7705);
#7704 = CARTESIAN_POINT('',(9.22,-14.36,1.));
#7705 = VECTOR('',#7706,1.);
#7706 = DIRECTION('',(0.,0.,1.));
#7707 = PCURVE('',#7657,#7708);
#7708 = DEFINITIONAL_REPRESENTATION('',(#7709),#7713);
#7709 = LINE('',#7710,#7711);
#7710 = CARTESIAN_POINT('',(0.,-2.5));
#7711 = VECTOR('',#7712,1.);
#7712 = DIRECTION('',(1.,0.));
#7713 = ( GEOMETRIC_REPRESENTATION_CONTEXT(2) 
PARAMETRIC_REPRESENTATION_CONTEXT() REPRESENTATION_CONTEXT('2D SPACE',''
  ) );
#7714 = PCURVE('',#7605,#7715);
#7715 = DEFINITIONAL_REPRESENTATION('',(#7716),#7720);
#7716 = LINE('',#7717,#7718);
#7717 = CARTESIAN_POINT('',(0.,3.2));
#7718 = VECTOR('',#7719,1.);
#7719 = DIRECTION('',(1.,0.));
#7720 = ( GEOMETRIC_REPRESENTATION_CONTEXT(2) 
PARAMETRIC_REPRESENTATION_CONTEXT() REPRESENTATION_CONTEXT('2D SPACE',''
  ) );
#7721 = ORIENTED_EDGE('',*,*,#7722,.F.);
#7722 = EDGE_CURVE('',#7649,#7700,#7723,.T.);
#7723 = SURFACE_CURVE('',#7724,(#7728,#7735),.PCURVE_S1.);
#7724 = LINE('',#7725,#7726);
#7725 = CARTESIAN_POINT('',(9.22,-16.86,1.8));
#7726 = VECTOR('',#7727,1.);
#7727 = DIRECTION('',(0.,1.,0.));
#7728 = PCURVE('',#7657,#7729);
#7729 = DEFINITIONAL_REPRESENTATION('',(#7730),#7734);
#7730 = LINE('',#7731,#7732);
#7731 = CARTESIAN_POINT('',(0.8,0.));
#7732 = VECTOR('',#7733,1.);
#7733 = DIRECTION('',(0.,-1.));
#7734 = ( GEOMETRIC_REPRESENTATION_CONTEXT(2) 
PARAMETRIC_REPRESENTATION_CONTEXT() REPRESENTATION_CONTEXT('2D SPACE',''
  ) );
#7735 = PCURVE('',#7631,#7736);
#7736 = DEFINITIONAL_REPRESENTATION('',(#7737),#7741);
#7737 = LINE('',#7738,#7739);
#7738 = CARTESIAN_POINT('',(3.2,0.));
#7739 = VECTOR('',#7740,1.);
#7740 = DIRECTION('',(0.,1.));
#7741 = ( GEOMETRIC_REPRESENTATION_CONTEXT(2) 
PARAMETRIC_REPRESENTATION_CONTEXT() REPRESENTATION_CONTEXT('2D SPACE',''
  ) );
#7742 = ADVANCED_FACE('',(#7743),#7549,.F.);
#7743 = FACE_BOUND('',#7744,.F.);
#7744 = EDGE_LOOP('',(#7745,#7766,#7767,#7788));
#7745 = ORIENTED_EDGE('',*,*,#7746,.F.);
#7746 = EDGE_CURVE('',#7527,#7647,#7747,.T.);
#7747 = SURFACE_CURVE('',#7748,(#7752,#7759),.PCURVE_S1.);
#7748 = LINE('',#7749,#7750);
#7749 = CARTESIAN_POINT('',(6.02,-16.86,1.));
#7750 = VECTOR('',#7751,1.);
#7751 = DIRECTION('',(1.,0.,0.));
#7752 = PCURVE('',#7549,#7753);
#7753 = DEFINITIONAL_REPRESENTATION('',(#7754),#7758);
#7754 = LINE('',#7755,#7756);
#7755 = CARTESIAN_POINT('',(0.,0.));
#7756 = VECTOR('',#7757,1.);
#7757 = DIRECTION('',(0.,1.));
#7758 = ( GEOMETRIC_REPRESENTATION_CONTEXT(2) 
PARAMETRIC_REPRESENTATION_CONTEXT() REPRESENTATION_CONTEXT('2D SPACE',''
  ) );
#7759 = PCURVE('',#7577,#7760);
#7760 = DEFINITIONAL_REPRESENTATION('',(#7761),#7765);
#7761 = LINE('',#7762,#7763);
#7762 = CARTESIAN_POINT('',(0.,0.));
#7763 = VECTOR('',#7764,1.);
#7764 = DIRECTION('',(1.,0.));
#7765 = ( GEOMETRIC_REPRESENTATION_CONTEXT(2) 
PARAMETRIC_REPRESENTATION_CONTEXT() REPRESENTATION_CONTEXT('2D SPACE',''
  ) );
#7766 = ORIENTED_EDGE('',*,*,#7526,.T.);
#7767 = ORIENTED_EDGE('',*,*,#7768,.T.);
#7768 = EDGE_CURVE('',#7529,#7649,#7769,.T.);
#7769 = SURFACE_CURVE('',#7770,(#7774,#7781),.PCURVE_S1.);
#7770 = LINE('',#7771,#7772);
#7771 = CARTESIAN_POINT('',(6.02,-16.86,1.8));
#7772 = VECTOR('',#7773,1.);
#7773 = DIRECTION('',(1.,0.,0.));
#7774 = PCURVE('',#7549,#7775);
#7775 = DEFINITIONAL_REPRESENTATION('',(#7776),#7780);
#7776 = LINE('',#7777,#7778);
#7777 = CARTESIAN_POINT('',(0.8,0.));
#7778 = VECTOR('',#7779,1.);
#7779 = DIRECTION('',(0.,1.));
#7780 = ( GEOMETRIC_REPRESENTATION_CONTEXT(2) 
PARAMETRIC_REPRESENTATION_CONTEXT() REPRESENTATION_CONTEXT('2D SPACE',''
  ) );
#7781 = PCURVE('',#7631,#7782);
#7782 = DEFINITIONAL_REPRESENTATION('',(#7783),#7787);
#7783 = LINE('',#7784,#7785);
#7784 = CARTESIAN_POINT('',(0.,0.));
#7785 = VECTOR('',#7786,1.);
#7786 = DIRECTION('',(1.,0.));
#7787 = ( GEOMETRIC_REPRESENTATION_CONTEXT(2) 
PARAMETRIC_REPRESENTATION_CONTEXT() REPRESENTATION_CONTEXT('2D SPACE',''
  ) );
#7788 = ORIENTED_EDGE('',*,*,#7646,.F.);
#7789 = ADVANCED_FACE('',(#7790),#7605,.T.);
#7790 = FACE_BOUND('',#7791,.T.);
#7791 = EDGE_LOOP('',(#7792,#7813,#7814,#7835));
#7792 = ORIENTED_EDGE('',*,*,#7793,.F.);
#7793 = EDGE_CURVE('',#7562,#7677,#7794,.T.);
#7794 = SURFACE_CURVE('',#7795,(#7799,#7806),.PCURVE_S1.);
#7795 = LINE('',#7796,#7797);
#7796 = CARTESIAN_POINT('',(6.02,-14.36,1.));
#7797 = VECTOR('',#7798,1.);
#7798 = DIRECTION('',(1.,0.,0.));
#7799 = PCURVE('',#7605,#7800);
#7800 = DEFINITIONAL_REPRESENTATION('',(#7801),#7805);
#7801 = LINE('',#7802,#7803);
#7802 = CARTESIAN_POINT('',(0.,0.));
#7803 = VECTOR('',#7804,1.);
#7804 = DIRECTION('',(0.,1.));
#7805 = ( GEOMETRIC_REPRESENTATION_CONTEXT(2) 
PARAMETRIC_REPRESENTATION_CONTEXT() REPRESENTATION_CONTEXT('2D SPACE',''
  ) );
#7806 = PCURVE('',#7577,#7807);
#7807 = DEFINITIONAL_REPRESENTATION('',(#7808),#7812);
#7808 = LINE('',#7809,#7810);
#7809 = CARTESIAN_POINT('',(0.,2.5));
#7810 = VECTOR('',#7811,1.);
#7811 = DIRECTION('',(1.,0.));
#7812 = ( GEOMETRIC_REPRESENTATION_CONTEXT(2) 
PARAMETRIC_REPRESENTATION_CONTEXT() REPRESENTATION_CONTEXT('2D SPACE',''
  ) );
#7813 = ORIENTED_EDGE('',*,*,#7589,.T.);
#7814 = ORIENTED_EDGE('',*,*,#7815,.T.);
#7815 = EDGE_CURVE('',#7590,#7700,#7816,.T.);
#7816 = SURFACE_CURVE('',#7817,(#7821,#7828),.PCURVE_S1.);
#7817 = LINE('',#7818,#7819);
#7818 = CARTESIAN_POINT('',(6.02,-14.36,1.8));
#7819 = VECTOR('',#7820,1.);
#7820 = DIRECTION('',(1.,0.,0.));
#7821 = PCURVE('',#7605,#7822);
#7822 = DEFINITIONAL_REPRESENTATION('',(#7823),#7827);
#7823 = LINE('',#7824,#7825);
#7824 = CARTESIAN_POINT('',(0.8,0.));
#7825 = VECTOR('',#7826,1.);
#7826 = DIRECTION('',(0.,1.));
#7827 = ( GEOMETRIC_REPRESENTATION_CONTEXT(2) 
PARAMETRIC_REPRESENTATION_CONTEXT() REPRESENTATION_CONTEXT('2D SPACE',''
  ) );
#7828 = PCURVE('',#7631,#7829);
#7829 = DEFINITIONAL_REPRESENTATION('',(#7830),#7834);
#7830 = LINE('',#7831,#7832);
#7831 = CARTESIAN_POINT('',(0.,2.5));
#7832 = VECTOR('',#7833,1.);
#7833 = DIRECTION('',(1.,0.));
#7834 = ( GEOMETRIC_REPRESENTATION_CONTEXT(2) 
PARAMETRIC_REPRESENTATION_CONTEXT() REPRESENTATION_CONTEXT('2D SPACE',''
  ) );
#7835 = ORIENTED_EDGE('',*,*,#7699,.F.);
#7836 = ADVANCED_FACE('',(#7837),#7577,.F.);
#7837 = FACE_BOUND('',#7838,.F.);
#7838 = EDGE_LOOP('',(#7839,#7840,#7841,#7842));
#7839 = ORIENTED_EDGE('',*,*,#7561,.F.);
#7840 = ORIENTED_EDGE('',*,*,#7746,.T.);
#7841 = ORIENTED_EDGE('',*,*,#7676,.T.);
#7842 = ORIENTED_EDGE('',*,*,#7793,.F.);
#7843 = ADVANCED_FACE('',(#7844),#7631,.T.);
#7844 = FACE_BOUND('',#7845,.T.);
#7845 = EDGE_LOOP('',(#7846,#7847,#7848,#7849));
#7846 = ORIENTED_EDGE('',*,*,#7617,.F.);
#7847 = ORIENTED_EDGE('',*,*,#7768,.T.);
#7848 = ORIENTED_EDGE('',*,*,#7722,.T.);
#7849 = ORIENTED_EDGE('',*,*,#7815,.F.);
#7850 = ( GEOMETRIC_REPRESENTATION_CONTEXT(3) 
GLOBAL_UNCERTAINTY_ASSIGNED_CONTEXT((#7854)) 
GLOBAL_UNIT_ASSIGNED_CONTEXT((#7851,#7852,#7853)) REPRESENTATION_CONTEXT
('Context #1','3D Context with UNIT and UNCERTAINTY') );
#7851 = ( LENGTH_UNIT() NAMED_UNIT(*) SI_UNIT(.MILLI.,.METRE.) );
#7852 = ( NAMED_UNIT(*) PLANE_ANGLE_UNIT() SI_UNIT($,.RADIAN.) );
#7853 = ( NAMED_UNIT(*) SI_UNIT($,.STERADIAN.) SOLID_ANGLE_UNIT() );
#7854 = UNCERTAINTY_MEASURE_WITH_UNIT(LENGTH_MEASURE(1.E-07),#7851,
  'distance_accuracy_value','confusion accuracy');
#7855 = CONTEXT_DEPENDENT_SHAPE_REPRESENTATION(#7856,#7858);
#7856 = ( REPRESENTATION_RELATIONSHIP('','',#7519,#10) 
REPRESENTATION_RELATIONSHIP_WITH_TRANSFORMATION(#7857) 
SHAPE_REPRESENTATION_RELATIONSHIP() );
#7857 = ITEM_DEFINED_TRANSFORMATION('','',#11,#43);
#7858 = PRODUCT_DEFINITION_SHAPE('Placement','Placement of an item',
  #7859);
#7859 = NEXT_ASSEMBLY_USAGE_OCCURRENCE('19','crystal_7','',#5,#7514,$);
#7860 = PRODUCT_RELATED_PRODUCT_CATEGORY('part',$,(#7516));
#7861 = SHAPE_DEFINITION_REPRESENTATION(#7862,#7868);
#7862 = PRODUCT_DEFINITION_SHAPE('','',#7863);
#7863 = PRODUCT_DEFINITION('design','',#7864,#7867);
#7864 = PRODUCT_DEFINITION_FORMATION('','',#7865);
#7865 = PRODUCT('ldo_8','ldo_8','',(#7866));
#7866 = PRODUCT_CONTEXT('',#2,'mechanical');
#7867 = PRODUCT_DEFINITION_CONTEXT('part definition',#2,'design');
#7868 = ADVANCED_BREP_SHAPE_REPRESENTATION('',(#11,#7869),#8199);
#7869 = MANIFOLD_SOLID_BREP('',#7870);
#7870 = CLOSED_SHELL('',(#7871,#7991,#8091,#8138,#8185,#8192));
#7871 = ADVANCED_FACE('',(#7872),#7886,.F.);
#7872 = FACE_BOUND('',#7873,.F.);
#7873 = EDGE_LOOP('',(#7874,#7909,#7937,#7965));
#7874 = ORIENTED_EDGE('',*,*,#7875,.F.);
#7875 = EDGE_CURVE('',#7876,#7878,#7880,.T.);
#7876 = VERTEX_POINT('',#7877);
#7877 = CARTESIAN_POINT('',(1.32,-12.66,1.));
#7878 = VERTEX_POINT('',#7879);
#7879 = CARTESIAN_POINT('',(1.32,-12.66,2.1));
#7880 = SURFACE_CURVE('',#7881,(#7885,#7897),.PCURVE_S1.);
#7881 = LINE('',#7882,#7883);
#7882 = CARTESIAN_POINT('',(1.32,-12.66,1.));
#7883 = VECTOR('',#7884,1.);
#7884 = DIRECTION('',(0.,0.,1.));
#7885 = PCURVE('',#7886,#7891);
#7886 = PLANE('',#7887);
#7887 = AXIS2_PLACEMENT_3D('',#7888,#7889,#7890);
#7888 = CARTESIAN_POINT('',(1.32,-12.66,1.));
#7889 = DIRECTION('',(1.,0.,0.));
#7890 = DIRECTION('',(0.,0.,1.));
#7891 = DEFINITIONAL_REPRESENTATION('',(#7892),#7896);
#7892 = LINE('',#7893,#7894);
#7893 = CARTESIAN_POINT('',(0.,0.));
#7894 = VECTOR('',#7895,1.);
#7895 = DIRECTION('',(1.,0.));
#7896 = ( GEOMETRIC_REPRESENTATION_CONTEXT(2) 
PARAMETRIC_REPRESENTATION_CONTEXT() REPRESENTATION_CONTEXT('2D SPACE',''
  ) );
#7897 = PCURVE('',#7898,#7903);
#7898 = PLANE('',#7899);
#7899 = AXIS2_PLACEMENT_3D('',#7900,#7901,#7902);
#7900 = CARTESIAN_POINT('',(1.32,-12.66,1.));
#7901 = DIRECTION('',(0.,1.,0.));
#7902 = DIRECTION('',(0.,0.,1.));
#7903 = DEFINITIONAL_REPRESENTATION('',(#7904),#7908);
#7904 = LINE('',#7905,#7906);
#7905 = CARTESIAN_POINT('',(0.,0.));
#7906 = VECTOR('',#7907,1.);
#7907 = DIRECTION('',(1.,0.));
#7908 = ( GEOMETRIC_REPRESENTATION_CONTEXT(2) 
PARAMETRIC_REPRESENTATION_CONTEXT() REPRESENTATION_CONTEXT('2D SPACE',''
  ) );
#7909 = ORIENTED_EDGE('',*,*,#7910,.T.);
#7910 = EDGE_CURVE('',#7876,#7911,#7913,.T.);
#7911 = VERTEX_POINT('',#7912);
#7912 = CARTESIAN_POINT('',(1.32,-9.76,1.));
#7913 = SURFACE_CURVE('',#7914,(#7918,#7925),.PCURVE_S1.);
#7914 = LINE('',#7915,#7916);
#7915 = CARTESIAN_POINT('',(1.32,-12.66,1.));
#7916 = VECTOR('',#7917,1.);
#7917 = DIRECTION('',(0.,1.,0.));
#7918 = PCURVE('',#7886,#7919);
#7919 = DEFINITIONAL_REPRESENTATION('',(#7920),#7924);
#7920 = LINE('',#7921,#7922);
#7921 = CARTESIAN_POINT('',(0.,0.));
#7922 = VECTOR('',#7923,1.);
#7923 = DIRECTION('',(0.,-1.));
#7924 = ( GEOMETRIC_REPRESENTATION_CONTEXT(2) 
PARAMETRIC_REPRESENTATION_CONTEXT() REPRESENTATION_CONTEXT('2D SPACE',''
  ) );
#7925 = PCURVE('',#7926,#7931);
#7926 = PLANE('',#7927);
#7927 = AXIS2_PLACEMENT_3D('',#7928,#7929,#7930);
#7928 = CARTESIAN_POINT('',(1.32,-12.66,1.));
#7929 = DIRECTION('',(0.,0.,1.));
#7930 = DIRECTION('',(1.,0.,0.));
#7931 = DEFINITIONAL_REPRESENTATION('',(#7932),#7936);
#7932 = LINE('',#7933,#7934);
#7933 = CARTESIAN_POINT('',(0.,0.));
#7934 = VECTOR('',#7935,1.);
#7935 = DIRECTION('',(0.,1.));
#7936 = ( GEOMETRIC_REPRESENTATION_CONTEXT(2) 
PARAMETRIC_REPRESENTATION_CONTEXT() REPRESENTATION_CONTEXT('2D SPACE',''
  ) );
#7937 = ORIENTED_EDGE('',*,*,#7938,.T.);
#7938 = EDGE_CURVE('',#7911,#7939,#7941,.T.);
#7939 = VERTEX_POINT('',#7940);
#7940 = CARTESIAN_POINT('',(1.32,-9.76,2.1));
#7941 = SURFACE_CURVE('',#7942,(#7946,#7953),.PCURVE_S1.);
#7942 = LINE('',#7943,#7944);
#7943 = CARTESIAN_POINT('',(1.32,-9.76,1.));
#7944 = VECTOR('',#7945,1.);
#7945 = DIRECTION('',(0.,0.,1.));
#7946 = PCURVE('',#7886,#7947);
#7947 = DEFINITIONAL_REPRESENTATION('',(#7948),#7952);
#7948 = LINE('',#7949,#7950);
#7949 = CARTESIAN_POINT('',(0.,-2.9));
#7950 = VECTOR('',#7951,1.);
#7951 = DIRECTION('',(1.,0.));
#7952 = ( GEOMETRIC_REPRESENTATION_CONTEXT(2) 
PARAMETRIC_REPRESENTATION_CONTEXT() REPRESENTATION_CONTEXT('2D SPACE',''
  ) );
#7953 = PCURVE('',#7954,#7959);
#7954 = PLANE('',#7955);
#7955 = AXIS2_PLACEMENT_3D('',#7956,#7957,#7958);
#7956 = CARTESIAN_POINT('',(1.32,-9.76,1.));
#7957 = DIRECTION('',(0.,1.,0.));
#7958 = DIRECTION('',(0.,0.,1.));
#7959 = DEFINITIONAL_REPRESENTATION('',(#7960),#7964);
#7960 = LINE('',#7961,#7962);
#7961 = CARTESIAN_POINT('',(0.,0.));
#7962 = VECTOR('',#7963,1.);
#7963 = DIRECTION('',(1.,0.));
#7964 = ( GEOMETRIC_REPRESENTATION_CONTEXT(2) 
PARAMETRIC_REPRESENTATION_CONTEXT() REPRESENTATION_CONTEXT('2D SPACE',''
  ) );
#7965 = ORIENTED_EDGE('',*,*,#7966,.F.);
#7966 = EDGE_CURVE('',#7878,#7939,#7967,.T.);
#7967 = SURFACE_CURVE('',#7968,(#7972,#7979),.PCURVE_S1.);
#7968 = LINE('',#7969,#7970);
#7969 = CARTESIAN_POINT('',(1.32,-12.66,2.1));
#7970 = VECTOR('',#7971,1.);
#7971 = DIRECTION('',(0.,1.,0.));
#7972 = PCURVE('',#7886,#7973);
#7973 = DEFINITIONAL_REPRESENTATION('',(#7974),#7978);
#7974 = LINE('',#7975,#7976);
#7975 = CARTESIAN_POINT('',(1.1,0.));
#7976 = VECTOR('',#7977,1.);
#7977 = DIRECTION('',(0.,-1.));
#7978 = ( GEOMETRIC_REPRESENTATION_CONTEXT(2) 
PARAMETRIC_REPRESENTATION_CONTEXT() REPRESENTATION_CONTEXT('2D SPACE',''
  ) );
#7979 = PCURVE('',#7980,#7985);
#7980 = PLANE('',#7981);
#7981 = AXIS2_PLACEMENT_3D('',#7982,#7983,#7984);
#7982 = CARTESIAN_POINT('',(1.32,-12.66,2.1));
#7983 = DIRECTION('',(0.,0.,1.));
#7984 = DIRECTION('',(1.,0.,0.));
#7985 = DEFINITIONAL_REPRESENTATION('',(#7986),#7990);
#7986 = LINE('',#7987,#7988);
#7987 = CARTESIAN_POINT('',(0.,0.));
#7988 = VECTOR('',#7989,1.);
#7989 = DIRECTION('',(0.,1.));
#7990 = ( GEOMETRIC_REPRESENTATION_CONTEXT(2) 
PARAMETRIC_REPRESENTATION_CONTEXT() REPRESENTATION_CONTEXT('2D SPACE',''
  ) );
#7991 = ADVANCED_FACE('',(#7992),#8006,.T.);
#7992 = FACE_BOUND('',#7993,.T.);
#7993 = EDGE_LOOP('',(#7994,#8024,#8047,#8070));
#7994 = ORIENTED_EDGE('',*,*,#7995,.F.);
#7995 = EDGE_CURVE('',#7996,#7998,#8000,.T.);
#7996 = VERTEX_POINT('',#7997);
#7997 = CARTESIAN_POINT('',(2.92,-12.66,1.));
#7998 = VERTEX_POINT('',#7999);
#7999 = CARTESIAN_POINT('',(2.92,-12.66,2.1));
#8000 = SURFACE_CURVE('',#8001,(#8005,#8017),.PCURVE_S1.);
#8001 = LINE('',#8002,#8003);
#8002 = CARTESIAN_POINT('',(2.92,-12.66,1.));
#8003 = VECTOR('',#8004,1.);
#8004 = DIRECTION('',(0.,0.,1.));
#8005 = PCURVE('',#8006,#8011);
#8006 = PLANE('',#8007);
#8007 = AXIS2_PLACEMENT_3D('',#8008,#8009,#8010);
#8008 = CARTESIAN_POINT('',(2.92,-12.66,1.));
#8009 = DIRECTION('',(1.,0.,0.));
#8010 = DIRECTION('',(0.,0.,1.));
#8011 = DEFINITIONAL_REPRESENTATION('',(#8012),#8016);
#8012 = LINE('',#8013,#8014);
#8013 = CARTESIAN_POINT('',(0.,0.));
#8014 = VECTOR('',#8015,1.);
#8015 = DIRECTION('',(1.,0.));
#8016 = ( GEOMETRIC_REPRESENTATION_CONTEXT(2) 
PARAMETRIC_REPRESENTATION_CONTEXT() REPRESENTATION_CONTEXT('2D SPACE',''
  ) );
#8017 = PCURVE('',#7898,#8018);
#8018 = DEFINITIONAL_REPRESENTATION('',(#8019),#8023);
#8019 = LINE('',#8020,#8021);
#8020 = CARTESIAN_POINT('',(0.,1.6));
#8021 = VECTOR('',#8022,1.);
#8022 = DIRECTION('',(1.,0.));
#8023 = ( GEOMETRIC_REPRESENTATION_CONTEXT(2) 
PARAMETRIC_REPRESENTATION_CONTEXT() REPRESENTATION_CONTEXT('2D SPACE',''
  ) );
#8024 = ORIENTED_EDGE('',*,*,#8025,.T.);
#8025 = EDGE_CURVE('',#7996,#8026,#8028,.T.);
#8026 = VERTEX_POINT('',#8027);
#8027 = CARTESIAN_POINT('',(2.92,-9.76,1.));
#8028 = SURFACE_CURVE('',#8029,(#8033,#8040),.PCURVE_S1.);
#8029 = LINE('',#8030,#8031);
#8030 = CARTESIAN_POINT('',(2.92,-12.66,1.));
#8031 = VECTOR('',#8032,1.);
#8032 = DIRECTION('',(0.,1.,0.));
#8033 = PCURVE('',#8006,#8034);
#8034 = DEFINITIONAL_REPRESENTATION('',(#8035),#8039);
#8035 = LINE('',#8036,#8037);
#8036 = CARTESIAN_POINT('',(0.,0.));
#8037 = VECTOR('',#8038,1.);
#8038 = DIRECTION('',(0.,-1.));
#8039 = ( GEOMETRIC_REPRESENTATION_CONTEXT(2) 
PARAMETRIC_REPRESENTATION_CONTEXT() REPRESENTATION_CONTEXT('2D SPACE',''
  ) );
#8040 = PCURVE('',#7926,#8041);
#8041 = DEFINITIONAL_REPRESENTATION('',(#8042),#8046);
#8042 = LINE('',#8043,#8044);
#8043 = CARTESIAN_POINT('',(1.6,0.));
#8044 = VECTOR('',#8045,1.);
#8045 = DIRECTION('',(0.,1.));
#8046 = ( GEOMETRIC_REPRESENTATION_CONTEXT(2) 
PARAMETRIC_REPRESENTATION_CONTEXT() REPRESENTATION_CONTEXT('2D SPACE',''
  ) );
#8047 = ORIENTED_EDGE('',*,*,#8048,.T.);
#8048 = EDGE_CURVE('',#8026,#8049,#8051,.T.);
#8049 = VERTEX_POINT('',#8050);
#8050 = CARTESIAN_POINT('',(2.92,-9.76,2.1));
#8051 = SURFACE_CURVE('',#8052,(#8056,#8063),.PCURVE_S1.);
#8052 = LINE('',#8053,#8054);
#8053 = CARTESIAN_POINT('',(2.92,-9.76,1.));
#8054 = VECTOR('',#8055,1.);
#8055 = DIRECTION('',(0.,0.,1.));
#8056 = PCURVE('',#8006,#8057);
#8057 = DEFINITIONAL_REPRESENTATION('',(#8058),#8062);
#8058 = LINE('',#8059,#8060);
#8059 = CARTESIAN_POINT('',(0.,-2.9));
#8060 = VECTOR('',#8061,1.);
#8061 = DIRECTION('',(1.,0.));
#8062 = ( GEOMETRIC_REPRESENTATION_CONTEXT(2) 
PARAMETRIC_REPRESENTATION_CONTEXT() REPRESENTATION_CONTEXT('2D SPACE',''
  ) );
#8063 = PCURVE('',#7954,#8064);
#8064 = DEFINITIONAL_REPRESENTATION('',(#8065),#8069);
#8065 = LINE('',#8066,#8067);
#8066 = CARTESIAN_POINT('',(0.,1.6));
#8067 = VECTOR('',#8068,1.);
#8068 = DIRECTION('',(1.,0.));
#8069 = ( GEOMETRIC_REPRESENTATION_CONTEXT(2) 
PARAMETRIC_REPRESENTATION_CONTEXT() REPRESENTATION_CONTEXT('2D SPACE',''
  ) );
#8070 = ORIENTED_EDGE('',*,*,#8071,.F.);
#8071 = EDGE_CURVE('',#7998,#8049,#8072,.T.);
#8072 = SURFACE_CURVE('',#8073,(#8077,#8084),.PCURVE_S1.);
#8073 = LINE('',#8074,#8075);
#8074 = CARTESIAN_POINT('',(2.92,-12.66,2.1));
#8075 = VECTOR('',#8076,1.);
#8076 = DIRECTION('',(0.,1.,0.));
#8077 = PCURVE('',#8006,#8078);
#8078 = DEFINITIONAL_REPRESENTATION('',(#8079),#8083);
#8079 = LINE('',#8080,#8081);
#8080 = CARTESIAN_POINT('',(1.1,0.));
#8081 = VECTOR('',#8082,1.);
#8082 = DIRECTION('',(0.,-1.));
#8083 = ( GEOMETRIC_REPRESENTATION_CONTEXT(2) 
PARAMETRIC_REPRESENTATION_CONTEXT() REPRESENTATION_CONTEXT('2D SPACE',''
  ) );
#8084 = PCURVE('',#7980,#8085);
#8085 = DEFINITIONAL_REPRESENTATION('',(#8086),#8090);
#8086 = LINE('',#8087,#8088);
#8087 = CARTESIAN_POINT('',(1.6,0.));
#8088 = VECTOR('',#8089,1.);
#8089 = DIRECTION('',(0.,1.));
#8090 = ( GEOMETRIC_REPRESENTATION_CONTEXT(2) 
PARAMETRIC_REPRESENTATION_CONTEXT() REPRESENTATION_CONTEXT('2D SPACE',''
  ) );
#8091 = ADVANCED_FACE('',(#8092),#7898,.F.);
#8092 = FACE_BOUND('',#8093,.F.);
#8093 = EDGE_LOOP('',(#8094,#8115,#8116,#8137));
#8094 = ORIENTED_EDGE('',*,*,#8095,.F.);
#8095 = EDGE_CURVE('',#7876,#7996,#8096,.T.);
#8096 = SURFACE_CURVE('',#8097,(#8101,#8108),.PCURVE_S1.);
#8097 = LINE('',#8098,#8099);
#8098 = CARTESIAN_POINT('',(1.32,-12.66,1.));
#8099 = VECTOR('',#8100,1.);
#8100 = DIRECTION('',(1.,0.,0.));
#8101 = PCURVE('',#7898,#8102);
#8102 = DEFINITIONAL_REPRESENTATION('',(#8103),#8107);
#8103 = LINE('',#8104,#8105);
#8104 = CARTESIAN_POINT('',(0.,0.));
#8105 = VECTOR('',#8106,1.);
#8106 = DIRECTION('',(0.,1.));
#8107 = ( GEOMETRIC_REPRESENTATION_CONTEXT(2) 
PARAMETRIC_REPRESENTATION_CONTEXT() REPRESENTATION_CONTEXT('2D SPACE',''
  ) );
#8108 = PCURVE('',#7926,#8109);
#8109 = DEFINITIONAL_REPRESENTATION('',(#8110),#8114);
#8110 = LINE('',#8111,#8112);
#8111 = CARTESIAN_POINT('',(0.,0.));
#8112 = VECTOR('',#8113,1.);
#8113 = DIRECTION('',(1.,0.));
#8114 = ( GEOMETRIC_REPRESENTATION_CONTEXT(2) 
PARAMETRIC_REPRESENTATION_CONTEXT() REPRESENTATION_CONTEXT('2D SPACE',''
  ) );
#8115 = ORIENTED_EDGE('',*,*,#7875,.T.);
#8116 = ORIENTED_EDGE('',*,*,#8117,.T.);
#8117 = EDGE_CURVE('',#7878,#7998,#8118,.T.);
#8118 = SURFACE_CURVE('',#8119,(#8123,#8130),.PCURVE_S1.);
#8119 = LINE('',#8120,#8121);
#8120 = CARTESIAN_POINT('',(1.32,-12.66,2.1));
#8121 = VECTOR('',#8122,1.);
#8122 = DIRECTION('',(1.,0.,0.));
#8123 = PCURVE('',#7898,#8124);
#8124 = DEFINITIONAL_REPRESENTATION('',(#8125),#8129);
#8125 = LINE('',#8126,#8127);
#8126 = CARTESIAN_POINT('',(1.1,0.));
#8127 = VECTOR('',#8128,1.);
#8128 = DIRECTION('',(0.,1.));
#8129 = ( GEOMETRIC_REPRESENTATION_CONTEXT(2) 
PARAMETRIC_REPRESENTATION_CONTEXT() REPRESENTATION_CONTEXT('2D SPACE',''
  ) );
#8130 = PCURVE('',#7980,#8131);
#8131 = DEFINITIONAL_REPRESENTATION('',(#8132),#8136);
#8132 = LINE('',#8133,#8134);
#8133 = CARTESIAN_POINT('',(0.,0.));
#8134 = VECTOR('',#8135,1.);
#8135 = DIRECTION('',(1.,0.));
#8136 = ( GEOMETRIC_REPRESENTATION_CONTEXT(2) 
PARAMETRIC_REPRESENTATION_CONTEXT() REPRESENTATION_CONTEXT('2D SPACE',''
  ) );
#8137 = ORIENTED_EDGE('',*,*,#7995,.F.);
#8138 = ADVANCED_FACE('',(#8139),#7954,.T.);
#8139 = FACE_BOUND('',#8140,.T.);
#8140 = EDGE_LOOP('',(#8141,#8162,#8163,#8184));
#8141 = ORIENTED_EDGE('',*,*,#8142,.F.);
#8142 = EDGE_CURVE('',#7911,#8026,#8143,.T.);
#8143 = SURFACE_CURVE('',#8144,(#8148,#8155),.PCURVE_S1.);
#8144 = LINE('',#8145,#8146);
#8145 = CARTESIAN_POINT('',(1.32,-9.76,1.));
#8146 = VECTOR('',#8147,1.);
#8147 = DIRECTION('',(1.,0.,0.));
#8148 = PCURVE('',#7954,#8149);
#8149 = DEFINITIONAL_REPRESENTATION('',(#8150),#8154);
#8150 = LINE('',#8151,#8152);
#8151 = CARTESIAN_POINT('',(0.,0.));
#8152 = VECTOR('',#8153,1.);
#8153 = DIRECTION('',(0.,1.));
#8154 = ( GEOMETRIC_REPRESENTATION_CONTEXT(2) 
PARAMETRIC_REPRESENTATION_CONTEXT() REPRESENTATION_CONTEXT('2D SPACE',''
  ) );
#8155 = PCURVE('',#7926,#8156);
#8156 = DEFINITIONAL_REPRESENTATION('',(#8157),#8161);
#8157 = LINE('',#8158,#8159);
#8158 = CARTESIAN_POINT('',(0.,2.9));
#8159 = VECTOR('',#8160,1.);
#8160 = DIRECTION('',(1.,0.));
#8161 = ( GEOMETRIC_REPRESENTATION_CONTEXT(2) 
PARAMETRIC_REPRESENTATION_CONTEXT() REPRESENTATION_CONTEXT('2D SPACE',''
  ) );
#8162 = ORIENTED_EDGE('',*,*,#7938,.T.);
#8163 = ORIENTED_EDGE('',*,*,#8164,.T.);
#8164 = EDGE_CURVE('',#7939,#8049,#8165,.T.);
#8165 = SURFACE_CURVE('',#8166,(#8170,#8177),.PCURVE_S1.);
#8166 = LINE('',#8167,#8168);
#8167 = CARTESIAN_POINT('',(1.32,-9.76,2.1));
#8168 = VECTOR('',#8169,1.);
#8169 = DIRECTION('',(1.,0.,0.));
#8170 = PCURVE('',#7954,#8171);
#8171 = DEFINITIONAL_REPRESENTATION('',(#8172),#8176);
#8172 = LINE('',#8173,#8174);
#8173 = CARTESIAN_POINT('',(1.1,0.));
#8174 = VECTOR('',#8175,1.);
#8175 = DIRECTION('',(0.,1.));
#8176 = ( GEOMETRIC_REPRESENTATION_CONTEXT(2) 
PARAMETRIC_REPRESENTATION_CONTEXT() REPRESENTATION_CONTEXT('2D SPACE',''
  ) );
#8177 = PCURVE('',#7980,#8178);
#8178 = DEFINITIONAL_REPRESENTATION('',(#8179),#8183);
#8179 = LINE('',#8180,#8181);
#8180 = CARTESIAN_POINT('',(0.,2.9));
#8181 = VECTOR('',#8182,1.);
#8182 = DIRECTION('',(1.,0.));
#8183 = ( GEOMETRIC_REPRESENTATION_CONTEXT(2) 
PARAMETRIC_REPRESENTATION_CONTEXT() REPRESENTATION_CONTEXT('2D SPACE',''
  ) );
#8184 = ORIENTED_EDGE('',*,*,#8048,.F.);
#8185 = ADVANCED_FACE('',(#8186),#7926,.F.);
#8186 = FACE_BOUND('',#8187,.F.);
#8187 = EDGE_LOOP('',(#8188,#8189,#8190,#8191));
#8188 = ORIENTED_EDGE('',*,*,#7910,.F.);
#8189 = ORIENTED_EDGE('',*,*,#8095,.T.);
#8190 = ORIENTED_EDGE('',*,*,#8025,.T.);
#8191 = ORIENTED_EDGE('',*,*,#8142,.F.);
#8192 = ADVANCED_FACE('',(#8193),#7980,.T.);
#8193 = FACE_BOUND('',#8194,.T.);
#8194 = EDGE_LOOP('',(#8195,#8196,#8197,#8198));
#8195 = ORIENTED_EDGE('',*,*,#7966,.F.);
#8196 = ORIENTED_EDGE('',*,*,#8117,.T.);
#8197 = ORIENTED_EDGE('',*,*,#8071,.T.);
#8198 = ORIENTED_EDGE('',*,*,#8164,.F.);
#8199 = ( GEOMETRIC_REPRESENTATION_CONTEXT(3) 
GLOBAL_UNCERTAINTY_ASSIGNED_CONTEXT((#8203)) 
GLOBAL_UNIT_ASSIGNED_CONTEXT((#8200,#8201,#8202)) REPRESENTATION_CONTEXT
('Context #1','3D Context with UNIT and UNCERTAINTY') );
#8200 = ( LENGTH_UNIT() NAMED_UNIT(*) SI_UNIT(.MILLI.,.METRE.) );
#8201 = ( NAMED_UNIT(*) PLANE_ANGLE_UNIT() SI_UNIT($,.RADIAN.) );
#8202 = ( NAMED_UNIT(*) SI_UNIT($,.STERADIAN.) SOLID_ANGLE_UNIT() );
#8203 = UNCERTAINTY_MEASURE_WITH_UNIT(LENGTH_MEASURE(1.E-07),#8200,
  'distance_accuracy_value','confusion accuracy');
#8204 = CONTEXT_DEPENDENT_SHAPE_REPRESENTATION(#8205,#8207);
#8205 = ( REPRESENTATION_RELATIONSHIP('','',#7868,#10) 
REPRESENTATION_RELATIONSHIP_WITH_TRANSFORMATION(#8206) 
SHAPE_REPRESENTATION_RELATIONSHIP() );
#8206 = ITEM_DEFINED_TRANSFORMATION('','',#11,#47);
#8207 = PRODUCT_DEFINITION_SHAPE('Placement','Placement of an item',
  #8208);
#8208 = NEXT_ASSEMBLY_USAGE_OCCURRENCE('20','ldo_8','',#5,#7863,$);
#8209 = PRODUCT_RELATED_PRODUCT_CATEGORY('part',$,(#7865));
#8210 = SHAPE_DEFINITION_REPRESENTATION(#8211,#8217);
#8211 = PRODUCT_DEFINITION_SHAPE('','',#8212);
#8212 = PRODUCT_DEFINITION('design','',#8213,#8216);
#8213 = PRODUCT_DEFINITION_FORMATION('','',#8214);
#8214 = PRODUCT('led_9','led_9','',(#8215));
#8215 = PRODUCT_CONTEXT('',#2,'mechanical');
#8216 = PRODUCT_DEFINITION_CONTEXT('part definition',#2,'design');
#8217 = ADVANCED_BREP_SHAPE_REPRESENTATION('',(#11,#8218),#8548);
#8218 = MANIFOLD_SOLID_BREP('',#8219);
#8219 = CLOSED_SHELL('',(#8220,#8340,#8440,#8487,#8534,#8541));
#8220 = ADVANCED_FACE('',(#8221),#8235,.F.);
#8221 = FACE_BOUND('',#8222,.F.);
#8222 = EDGE_LOOP('',(#8223,#8258,#8286,#8314));
#8223 = ORIENTED_EDGE('',*,*,#8224,.F.);
#8224 = EDGE_CURVE('',#8225,#8227,#8229,.T.);
#8225 = VERTEX_POINT('',#8226);
#8226 = CARTESIAN_POINT('',(12.42,-11.66,1.));
#8227 = VERTEX_POINT('',#8228);
#8228 = CARTESIAN_POINT('',(12.42,-11.66,1.6));
#8229 = SURFACE_CURVE('',#8230,(#8234,#8246),.PCURVE_S1.);
#8230 = LINE('',#8231,#8232);
#8231 = CARTESIAN_POINT('',(12.42,-11.66,1.));
#8232 = VECTOR('',#8233,1.);
#8233 = DIRECTION('',(0.,0.,1.));
#8234 = PCURVE('',#8235,#8240);
#8235 = PLANE('',#8236);
#8236 = AXIS2_PLACEMENT_3D('',#8237,#8238,#8239);
#8237 = CARTESIAN_POINT('',(12.42,-11.66,1.));
#8238 = DIRECTION('',(1.,0.,0.));
#8239 = DIRECTION('',(0.,0.,1.));
#8240 = DEFINITIONAL_REPRESENTATION('',(#8241),#8245);
#8241 = LINE('',#8242,#8243);
#8242 = CARTESIAN_POINT('',(0.,0.));
#8243 = VECTOR('',#8244,1.);
#8244 = DIRECTION('',(1.,0.));
#8245 = ( GEOMETRIC_REPRESENTATION_CONTEXT(2) 
PARAMETRIC_REPRESENTATION_CONTEXT() REPRESENTATION_CONTEXT('2D SPACE',''
  ) );
#8246 = PCURVE('',#8247,#8252);
#8247 = PLANE('',#8248);
#8248 = AXIS2_PLACEMENT_3D('',#8249,#8250,#8251);
#8249 = CARTESIAN_POINT('',(12.42,-11.66,1.));
#8250 = DIRECTION('',(0.,1.,0.));
#8251 = DIRECTION('',(0.,0.,1.));
#8252 = DEFINITIONAL_REPRESENTATION('',(#8253),#8257);
#8253 = LINE('',#8254,#8255);
#8254 = CARTESIAN_POINT('',(0.,0.));
#8255 = VECTOR('',#8256,1.);
#8256 = DIRECTION('',(1.,0.));
#8257 = ( GEOMETRIC_REPRESENTATION_CONTEXT(2) 
PARAMETRIC_REPRESENTATION_CONTEXT() REPRESENTATION_CONTEXT('2D SPACE',''
  ) );
#8258 = ORIENTED_EDGE('',*,*,#8259,.T.);
#8259 = EDGE_CURVE('',#8225,#8260,#8262,.T.);
#8260 = VERTEX_POINT('',#8261);
#8261 = CARTESIAN_POINT('',(12.42,-10.86,1.));
#8262 = SURFACE_CURVE('',#8263,(#8267,#8274),.PCURVE_S1.);
#8263 = LINE('',#8264,#8265);
#8264 = CARTESIAN_POINT('',(12.42,-11.66,1.));
#8265 = VECTOR('',#8266,1.);
#8266 = DIRECTION('',(0.,1.,0.));
#8267 = PCURVE('',#8235,#8268);
#8268 = DEFINITIONAL_REPRESENTATION('',(#8269),#8273);
#8269 = LINE('',#8270,#8271);
#8270 = CARTESIAN_POINT('',(0.,0.));
#8271 = VECTOR('',#8272,1.);
#8272 = DIRECTION('',(0.,-1.));
#8273 = ( GEOMETRIC_REPRESENTATION_CONTEXT(2) 
PARAMETRIC_REPRESENTATION_CONTEXT() REPRESENTATION_CONTEXT('2D SPACE',''
  ) );
#8274 = PCURVE('',#8275,#8280);
#8275 = PLANE('',#8276);
#8276 = AXIS2_PLACEMENT_3D('',#8277,#8278,#8279);
#8277 = CARTESIAN_POINT('',(12.42,-11.66,1.));
#8278 = DIRECTION('',(0.,0.,1.));
#8279 = DIRECTION('',(1.,0.,0.));
#8280 = DEFINITIONAL_REPRESENTATION('',(#8281),#8285);
#8281 = LINE('',#8282,#8283);
#8282 = CARTESIAN_POINT('',(0.,0.));
#8283 = VECTOR('',#8284,1.);
#8284 = DIRECTION('',(0.,1.));
#8285 = ( GEOMETRIC_REPRESENTATION_CONTEXT(2) 
PARAMETRIC_REPRESENTATION_CONTEXT() REPRESENTATION_CONTEXT('2D SPACE',''
  ) );
#8286 = ORIENTED_EDGE('',*,*,#8287,.T.);
#8287 = EDGE_CURVE('',#8260,#8288,#8290,.T.);
#8288 = VERTEX_POINT('',#8289);
#8289 = CARTESIAN_POINT('',(12.42,-10.86,1.6));
#8290 = SURFACE_CURVE('',#8291,(#8295,#8302),.PCURVE_S1.);
#8291 = LINE('',#8292,#8293);
#8292 = CARTESIAN_POINT('',(12.42,-10.86,1.));
#8293 = VECTOR('',#8294,1.);
#8294 = DIRECTION('',(0.,0.,1.));
#8295 = PCURVE('',#8235,#8296);
#8296 = DEFINITIONAL_REPRESENTATION('',(#8297),#8301);
#8297 = LINE('',#8298,#8299);
#8298 = CARTESIAN_POINT('',(0.,-0.8));
#8299 = VECTOR('',#8300,1.);
#8300 = DIRECTION('',(1.,0.));
#8301 = ( GEOMETRIC_REPRESENTATION_CONTEXT(2) 
PARAMETRIC_REPRESENTATION_CONTEXT() REPRESENTATION_CONTEXT('2D SPACE',''
  ) );
#8302 = PCURVE('',#8303,#8308);
#8303 = PLANE('',#8304);
#8304 = AXIS2_PLACEMENT_3D('',#8305,#8306,#8307);
#8305 = CARTESIAN_POINT('',(12.42,-10.86,1.));
#8306 = DIRECTION('',(0.,1.,0.));
#8307 = DIRECTION('',(0.,0.,1.));
#8308 = DEFINITIONAL_REPRESENTATION('',(#8309),#8313);
#8309 = LINE('',#8310,#8311);
#8310 = CARTESIAN_POINT('',(0.,0.));
#8311 = VECTOR('',#8312,1.);
#8312 = DIRECTION('',(1.,0.));
#8313 = ( GEOMETRIC_REPRESENTATION_CONTEXT(2) 
PARAMETRIC_REPRESENTATION_CONTEXT() REPRESENTATION_CONTEXT('2D SPACE',''
  ) );
#8314 = ORIENTED_EDGE('',*,*,#8315,.F.);
#8315 = EDGE_CURVE('',#8227,#8288,#8316,.T.);
#8316 = SURFACE_CURVE('',#8317,(#8321,#8328),.PCURVE_S1.);
#8317 = LINE('',#8318,#8319);
#8318 = CARTESIAN_POINT('',(12.42,-11.66,1.6));
#8319 = VECTOR('',#8320,1.);
#8320 = DIRECTION('',(0.,1.,0.));
#8321 = PCURVE('',#8235,#8322);
#8322 = DEFINITIONAL_REPRESENTATION('',(#8323),#8327);
#8323 = LINE('',#8324,#8325);
#8324 = CARTESIAN_POINT('',(0.6,0.));
#8325 = VECTOR('',#8326,1.);
#8326 = DIRECTION('',(0.,-1.));
#8327 = ( GEOMETRIC_REPRESENTATION_CONTEXT(2) 
PARAMETRIC_REPRESENTATION_CONTEXT() REPRESENTATION_CONTEXT('2D SPACE',''
  ) );
#8328 = PCURVE('',#8329,#8334);
#8329 = PLANE('',#8330);
#8330 = AXIS2_PLACEMENT_3D('',#8331,#8332,#8333);
#8331 = CARTESIAN_POINT('',(12.42,-11.66,1.6));
#8332 = DIRECTION('',(0.,0.,1.));
#8333 = DIRECTION('',(1.,0.,0.));
#8334 = DEFINITIONAL_REPRESENTATION('',(#8335),#8339);
#8335 = LINE('',#8336,#8337);
#8336 = CARTESIAN_POINT('',(0.,0.));
#8337 = VECTOR('',#8338,1.);
#8338 = DIRECTION('',(0.,1.));
#8339 = ( GEOMETRIC_REPRESENTATION_CONTEXT(2) 
PARAMETRIC_REPRESENTATION_CONTEXT() REPRESENTATION_CONTEXT('2D SPACE',''
  ) );
#8340 = ADVANCED_FACE('',(#8341),#8355,.T.);
#8341 = FACE_BOUND('',#8342,.T.);
#8342 = EDGE_LOOP('',(#8343,#8373,#8396,#8419));
#8343 = ORIENTED_EDGE('',*,*,#8344,.F.);
#8344 = EDGE_CURVE('',#8345,#8347,#8349,.T.);
#8345 = VERTEX_POINT('',#8346);
#8346 = CARTESIAN_POINT('',(14.02,-11.66,1.));
#8347 = VERTEX_POINT('',#8348);
#8348 = CARTESIAN_POINT('',(14.02,-11.66,1.6));
#8349 = SURFACE_CURVE('',#8350,(#8354,#8366),.PCURVE_S1.);
#8350 = LINE('',#8351,#8352);
#8351 = CARTESIAN_POINT('',(14.02,-11.66,1.));
#8352 = VECTOR('',#8353,1.);
#8353 = DIRECTION('',(0.,0.,1.));
#8354 = PCURVE('',#8355,#8360);
#8355 = PLANE('',#8356);
#8356 = AXIS2_PLACEMENT_3D('',#8357,#8358,#8359);
#8357 = CARTESIAN_POINT('',(14.02,-11.66,1.));
#8358 = DIRECTION('',(1.,0.,0.));
#8359 = DIRECTION('',(0.,0.,1.));
#8360 = DEFINITIONAL_REPRESENTATION('',(#8361),#8365);
#8361 = LINE('',#8362,#8363);
#8362 = CARTESIAN_POINT('',(0.,0.));
#8363 = VECTOR('',#8364,1.);
#8364 = DIRECTION('',(1.,0.));
#8365 = ( GEOMETRIC_REPRESENTATION_CONTEXT(2) 
PARAMETRIC_REPRESENTATION_CONTEXT() REPRESENTATION_CONTEXT('2D SPACE',''
  ) );
#8366 = PCURVE('',#8247,#8367);
#8367 = DEFINITIONAL_REPRESENTATION('',(#8368),#8372);
#8368 = LINE('',#8369,#8370);
#8369 = CARTESIAN_POINT('',(0.,1.6));
#8370 = VECTOR('',#8371,1.);
#8371 = DIRECTION('',(1.,0.));
#8372 = ( GEOMETRIC_REPRESENTATION_CONTEXT(2) 
PARAMETRIC_REPRESENTATION_CONTEXT() REPRESENTATION_CONTEXT('2D SPACE',''
  ) );
#8373 = ORIENTED_EDGE('',*,*,#8374,.T.);
#8374 = EDGE_CURVE('',#8345,#8375,#8377,.T.);
#8375 = VERTEX_POINT('',#8376);
#8376 = CARTESIAN_POINT('',(14.02,-10.86,1.));
#8377 = SURFACE_CURVE('',#8378,(#8382,#8389),.PCURVE_S1.);
#8378 = LINE('',#8379,#8380);
#8379 = CARTESIAN_POINT('',(14.02,-11.66,1.));
#8380 = VECTOR('',#8381,1.);
#8381 = DIRECTION('',(0.,1.,0.));
#8382 = PCURVE('',#8355,#8383);
#8383 = DEFINITIONAL_REPRESENTATION('',(#8384),#8388);
#8384 = LINE('',#8385,#8386);
#8385 = CARTESIAN_POINT('',(0.,0.));
#8386 = VECTOR('',#8387,1.);
#8387 = DIRECTION('',(0.,-1.));
#8388 = ( GEOMETRIC_REPRESENTATION_CONTEXT(2) 
PARAMETRIC_REPRESENTATION_CONTEXT() REPRESENTATION_CONTEXT('2D SPACE',''
  ) );
#8389 = PCURVE('',#8275,#8390);
#8390 = DEFINITIONAL_REPRESENTATION('',(#8391),#8395);
#8391 = LINE('',#8392,#8393);
#8392 = CARTESIAN_POINT('',(1.6,0.));
#8393 = VECTOR('',#8394,1.);
#8394 = DIRECTION('',(0.,1.));
#8395 = ( GEOMETRIC_REPRESENTATION_CONTEXT(2) 
PARAMETRIC_REPRESENTATION_CONTEXT() REPRESENTATION_CONTEXT('2D SPACE',''
  ) );
#8396 = ORIENTED_EDGE('',*,*,#8397,.T.);
#8397 = EDGE_CURVE('',#8375,#8398,#8400,.T.);
#8398 = VERTEX_POINT('',#8399);
#8399 = CARTESIAN_POINT('',(14.02,-10.86,1.6));
#8400 = SURFACE_CURVE('',#8401,(#8405,#8412),.PCURVE_S1.);
#8401 = LINE('',#8402,#8403);
#8402 = CARTESIAN_POINT('',(14.02,-10.86,1.));
#8403 = VECTOR('',#8404,1.);
#8404 = DIRECTION('',(0.,0.,1.));
#8405 = PCURVE('',#8355,#8406);
#8406 = DEFINITIONAL_REPRESENTATION('',(#8407),#8411);
#8407 = LINE('',#8408,#8409);
#8408 = CARTESIAN_POINT('',(0.,-0.8));
#8409 = VECTOR('',#8410,1.);
#8410 = DIRECTION('',(1.,0.));
#8411 = ( GEOMETRIC_REPRESENTATION_CONTEXT(2) 
PARAMETRIC_REPRESENTATION_CONTEXT() REPRESENTATION_CONTEXT('2D SPACE',''
  ) );
#8412 = PCURVE('',#8303,#8413);
#8413 = DEFINITIONAL_REPRESENTATION('',(#8414),#8418);
#8414 = LINE('',#8415,#8416);
#8415 = CARTESIAN_POINT('',(0.,1.6));
#8416 = VECTOR('',#8417,1.);
#8417 = DIRECTION('',(1.,0.));
#8418 = ( GEOMETRIC_REPRESENTATION_CONTEXT(2) 
PARAMETRIC_REPRESENTATION_CONTEXT() REPRESENTATION_CONTEXT('2D SPACE',''
  ) );
#8419 = ORIENTED_EDGE('',*,*,#8420,.F.);
#8420 = EDGE_CURVE('',#8347,#8398,#8421,.T.);
#8421 = SURFACE_CURVE('',#8422,(#8426,#8433),.PCURVE_S1.);
#8422 = LINE('',#8423,#8424);
#8423 = CARTESIAN_POINT('',(14.02,-11.66,1.6));
#8424 = VECTOR('',#8425,1.);
#8425 = DIRECTION('',(0.,1.,0.));
#8426 = PCURVE('',#8355,#8427);
#8427 = DEFINITIONAL_REPRESENTATION('',(#8428),#8432);
#8428 = LINE('',#8429,#8430);
#8429 = CARTESIAN_POINT('',(0.6,0.));
#8430 = VECTOR('',#8431,1.);
#8431 = DIRECTION('',(0.,-1.));
#8432 = ( GEOMETRIC_REPRESENTATION_CONTEXT(2) 
PARAMETRIC_REPRESENTATION_CONTEXT() REPRESENTATION_CONTEXT('2D SPACE',''
  ) );
#8433 = PCURVE('',#8329,#8434);
#8434 = DEFINITIONAL_REPRESENTATION('',(#8435),#8439);
#8435 = LINE('',#8436,#8437);
#8436 = CARTESIAN_POINT('',(1.6,0.));
#8437 = VECTOR('',#8438,1.);
#8438 = DIRECTION('',(0.,1.));
#8439 = ( GEOMETRIC_REPRESENTATION_CONTEXT(2) 
PARAMETRIC_REPRESENTATION_CONTEXT() REPRESENTATION_CONTEXT('2D SPACE',''
  ) );
#8440 = ADVANCED_FACE('',(#8441),#8247,.F.);
#8441 = FACE_BOUND('',#8442,.F.);
#8442 = EDGE_LOOP('',(#8443,#8464,#8465,#8486));
#8443 = ORIENTED_EDGE('',*,*,#8444,.F.);
#8444 = EDGE_CURVE('',#8225,#8345,#8445,.T.);
#8445 = SURFACE_CURVE('',#8446,(#8450,#8457),.PCURVE_S1.);
#8446 = LINE('',#8447,#8448);
#8447 = CARTESIAN_POINT('',(12.42,-11.66,1.));
#8448 = VECTOR('',#8449,1.);
#8449 = DIRECTION('',(1.,0.,0.));
#8450 = PCURVE('',#8247,#8451);
#8451 = DEFINITIONAL_REPRESENTATION('',(#8452),#8456);
#8452 = LINE('',#8453,#8454);
#8453 = CARTESIAN_POINT('',(0.,0.));
#8454 = VECTOR('',#8455,1.);
#8455 = DIRECTION('',(0.,1.));
#8456 = ( GEOMETRIC_REPRESENTATION_CONTEXT(2) 
PARAMETRIC_REPRESENTATION_CONTEXT() REPRESENTATION_CONTEXT('2D SPACE',''
  ) );
#8457 = PCURVE('',#8275,#8458);
#8458 = DEFINITIONAL_REPRESENTATION('',(#8459),#8463);
#8459 = LINE('',#8460,#8461);
#8460 = CARTESIAN_POINT('',(0.,0.));
#8461 = VECTOR('',#8462,1.);
#8462 = DIRECTION('',(1.,0.));
#8463 = ( GEOMETRIC_REPRESENTATION_CONTEXT(2) 
PARAMETRIC_REPRESENTATION_CONTEXT() REPRESENTATION_CONTEXT('2D SPACE',''
  ) );
#8464 = ORIENTED_EDGE('',*,*,#8224,.T.);
#8465 = ORIENTED_EDGE('',*,*,#8466,.T.);
#8466 = EDGE_CURVE('',#8227,#8347,#8467,.T.);
#8467 = SURFACE_CURVE('',#8468,(#8472,#8479),.PCURVE_S1.);
#8468 = LINE('',#8469,#8470);
#8469 = CARTESIAN_POINT('',(12.42,-11.66,1.6));
#8470 = VECTOR('',#8471,1.);
#8471 = DIRECTION('',(1.,0.,0.));
#8472 = PCURVE('',#8247,#8473);
#8473 = DEFINITIONAL_REPRESENTATION('',(#8474),#8478);
#8474 = LINE('',#8475,#8476);
#8475 = CARTESIAN_POINT('',(0.6,0.));
#8476 = VECTOR('',#8477,1.);
#8477 = DIRECTION('',(0.,1.));
#8478 = ( GEOMETRIC_REPRESENTATION_CONTEXT(2) 
PARAMETRIC_REPRESENTATION_CONTEXT() REPRESENTATION_CONTEXT('2D SPACE',''
  ) );
#8479 = PCURVE('',#8329,#8480);
#8480 = DEFINITIONAL_REPRESENTATION('',(#8481),#8485);
#8481 = LINE('',#8482,#8483);
#8482 = CARTESIAN_POINT('',(0.,0.));
#8483 = VECTOR('',#8484,1.);
#8484 = DIRECTION('',(1.,0.));
#8485 = ( GEOMETRIC_REPRESENTATION_CONTEXT(2) 
PARAMETRIC_REPRESENTATION_CONTEXT() REPRESENTATION_CONTEXT('2D SPACE',''
  ) );
#8486 = ORIENTED_EDGE('',*,*,#8344,.F.);
#8487 = ADVANCED_FACE('',(#8488),#8303,.T.);
#8488 = FACE_BOUND('',#8489,.T.);
#8489 = EDGE_LOOP('',(#8490,#8511,#8512,#8533));
#8490 = ORIENTED_EDGE('',*,*,#8491,.F.);
#8491 = EDGE_CURVE('',#8260,#8375,#8492,.T.);
#8492 = SURFACE_CURVE('',#8493,(#8497,#8504),.PCURVE_S1.);
#8493 = LINE('',#8494,#8495);
#8494 = CARTESIAN_POINT('',(12.42,-10.86,1.));
#8495 = VECTOR('',#8496,1.);
#8496 = DIRECTION('',(1.,0.,0.));
#8497 = PCURVE('',#8303,#8498);
#8498 = DEFINITIONAL_REPRESENTATION('',(#8499),#8503);
#8499 = LINE('',#8500,#8501);
#8500 = CARTESIAN_POINT('',(0.,0.));
#8501 = VECTOR('',#8502,1.);
#8502 = DIRECTION('',(0.,1.));
#8503 = ( GEOMETRIC_REPRESENTATION_CONTEXT(2) 
PARAMETRIC_REPRESENTATION_CONTEXT() REPRESENTATION_CONTEXT('2D SPACE',''
  ) );
#8504 = PCURVE('',#8275,#8505);
#8505 = DEFINITIONAL_REPRESENTATION('',(#8506),#8510);
#8506 = LINE('',#8507,#8508);
#8507 = CARTESIAN_POINT('',(0.,0.8));
#8508 = VECTOR('',#8509,1.);
#8509 = DIRECTION('',(1.,0.));
#8510 = ( GEOMETRIC_REPRESENTATION_CONTEXT(2) 
PARAMETRIC_REPRESENTATION_CONTEXT() REPRESENTATION_CONTEXT('2D SPACE',''
  ) );
#8511 = ORIENTED_EDGE('',*,*,#8287,.T.);
#8512 = ORIENTED_EDGE('',*,*,#8513,.T.);
#8513 = EDGE_CURVE('',#8288,#8398,#8514,.T.);
#8514 = SURFACE_CURVE('',#8515,(#8519,#8526),.PCURVE_S1.);
#8515 = LINE('',#8516,#8517);
#8516 = CARTESIAN_POINT('',(12.42,-10.86,1.6));
#8517 = VECTOR('',#8518,1.);
#8518 = DIRECTION('',(1.,0.,0.));
#8519 = PCURVE('',#8303,#8520);
#8520 = DEFINITIONAL_REPRESENTATION('',(#8521),#8525);
#8521 = LINE('',#8522,#8523);
#8522 = CARTESIAN_POINT('',(0.6,0.));
#8523 = VECTOR('',#8524,1.);
#8524 = DIRECTION('',(0.,1.));
#8525 = ( GEOMETRIC_REPRESENTATION_CONTEXT(2) 
PARAMETRIC_REPRESENTATION_CONTEXT() REPRESENTATION_CONTEXT('2D SPACE',''
  ) );
#8526 = PCURVE('',#8329,#8527);
#8527 = DEFINITIONAL_REPRESENTATION('',(#8528),#8532);
#8528 = LINE('',#8529,#8530);
#8529 = CARTESIAN_POINT('',(0.,0.8));
#8530 = VECTOR('',#8531,1.);
#8531 = DIRECTION('',(1.,0.));
#8532 = ( GEOMETRIC_REPRESENTATION_CONTEXT(2) 
PARAMETRIC_REPRESENTATION_CONTEXT() REPRESENTATION_CONTEXT('2D SPACE',''
  ) );
#8533 = ORIENTED_EDGE('',*,*,#8397,.F.);
#8534 = ADVANCED_FACE('',(#8535),#8275,.F.);
#8535 = FACE_BOUND('',#8536,.F.);
#8536 = EDGE_LOOP('',(#8537,#8538,#8539,#8540));
#8537 = ORIENTED_EDGE('',*,*,#8259,.F.);
#8538 = ORIENTED_EDGE('',*,*,#8444,.T.);
#8539 = ORIENTED_EDGE('',*,*,#8374,.T.);
#8540 = ORIENTED_EDGE('',*,*,#8491,.F.);
#8541 = ADVANCED_FACE('',(#8542),#8329,.T.);
#8542 = FACE_BOUND('',#8543,.T.);
#8543 = EDGE_LOOP('',(#8544,#8545,#8546,#8547));
#8544 = ORIENTED_EDGE('',*,*,#8315,.F.);
#8545 = ORIENTED_EDGE('',*,*,#8466,.T.);
#8546 = ORIENTED_EDGE('',*,*,#8420,.T.);
#8547 = ORIENTED_EDGE('',*,*,#8513,.F.);
#8548 = ( GEOMETRIC_REPRESENTATION_CONTEXT(3) 
GLOBAL_UNCERTAINTY_ASSIGNED_CONTEXT((#8552)) 
GLOBAL_UNIT_ASSIGNED_CONTEXT((#8549,#8550,#8551)) REPRESENTATION_CONTEXT
('Context #1','3D Context with UNIT and UNCERTAINTY') );
#8549 = ( LENGTH_UNIT() NAMED_UNIT(*) SI_UNIT(.MILLI.,.METRE.) );
#8550 = ( NAMED_UNIT(*) PLANE_ANGLE_UNIT() SI_UNIT($,.RADIAN.) );
#8551 = ( NAMED_UNIT(*) SI_UNIT($,.STERADIAN.) SOLID_ANGLE_UNIT() );
#8552 = UNCERTAINTY_MEASURE_WITH_UNIT(LENGTH_MEASURE(1.E-07),#8549,
  'distance_accuracy_value','confusion accuracy');
#8553 = CONTEXT_DEPENDENT_SHAPE_REPRESENTATION(#8554,#8556);
#8554 = ( REPRESENTATION_RELATIONSHIP('','',#8217,#10) 
REPRESENTATION_RELATIONSHIP_WITH_TRANSFORMATION(#8555) 
SHAPE_REPRESENTATION_RELATIONSHIP() );
#8555 = ITEM_DEFINED_TRANSFORMATION('','',#11,#51);
#8556 = PRODUCT_DEFINITION_SHAPE('Placement','Placement of an item',
  #8557);
#8557 = NEXT_ASSEMBLY_USAGE_OCCURRENCE('21','led_9','',#5,#8212,$);
#8558 = PRODUCT_RELATED_PRODUCT_CATEGORY('part',$,(#8214));
#8559 = SHAPE_DEFINITION_REPRESENTATION(#8560,#8566);
#8560 = PRODUCT_DEFINITION_SHAPE('','',#8561);
#8561 = PRODUCT_DEFINITION('design','',#8562,#8565);
#8562 = PRODUCT_DEFINITION_FORMATION('','',#8563);
#8563 = PRODUCT('led_10','led_10','',(#8564));
#8564 = PRODUCT_CONTEXT('',#2,'mechanical');
#8565 = PRODUCT_DEFINITION_CONTEXT('part definition',#2,'design');
#8566 = ADVANCED_BREP_SHAPE_REPRESENTATION('',(#11,#8567),#8897);
#8567 = MANIFOLD_SOLID_BREP('',#8568);
#8568 = CLOSED_SHELL('',(#8569,#8689,#8789,#8836,#8883,#8890));
#8569 = ADVANCED_FACE('',(#8570),#8584,.F.);
#8570 = FACE_BOUND('',#8571,.F.);
#8571 = EDGE_LOOP('',(#8572,#8607,#8635,#8663));
#8572 = ORIENTED_EDGE('',*,*,#8573,.F.);
#8573 = EDGE_CURVE('',#8574,#8576,#8578,.T.);
#8574 = VERTEX_POINT('',#8575);
#8575 = CARTESIAN_POINT('',(12.42,-13.66,1.));
#8576 = VERTEX_POINT('',#8577);
#8577 = CARTESIAN_POINT('',(12.42,-13.66,1.6));
#8578 = SURFACE_CURVE('',#8579,(#8583,#8595),.PCURVE_S1.);
#8579 = LINE('',#8580,#8581);
#8580 = CARTESIAN_POINT('',(12.42,-13.66,1.));
#8581 = VECTOR('',#8582,1.);
#8582 = DIRECTION('',(0.,0.,1.));
#8583 = PCURVE('',#8584,#8589);
#8584 = PLANE('',#8585);
#8585 = AXIS2_PLACEMENT_3D('',#8586,#8587,#8588);
#8586 = CARTESIAN_POINT('',(12.42,-13.66,1.));
#8587 = DIRECTION('',(1.,0.,0.));
#8588 = DIRECTION('',(0.,0.,1.));
#8589 = DEFINITIONAL_REPRESENTATION('',(#8590),#8594);
#8590 = LINE('',#8591,#8592);
#8591 = CARTESIAN_POINT('',(0.,0.));
#8592 = VECTOR('',#8593,1.);
#8593 = DIRECTION('',(1.,0.));
#8594 = ( GEOMETRIC_REPRESENTATION_CONTEXT(2) 
PARAMETRIC_REPRESENTATION_CONTEXT() REPRESENTATION_CONTEXT('2D SPACE',''
  ) );
#8595 = PCURVE('',#8596,#8601);
#8596 = PLANE('',#8597);
#8597 = AXIS2_PLACEMENT_3D('',#8598,#8599,#8600);
#8598 = CARTESIAN_POINT('',(12.42,-13.66,1.));
#8599 = DIRECTION('',(0.,1.,0.));
#8600 = DIRECTION('',(0.,0.,1.));
#8601 = DEFINITIONAL_REPRESENTATION('',(#8602),#8606);
#8602 = LINE('',#8603,#8604);
#8603 = CARTESIAN_POINT('',(0.,0.));
#8604 = VECTOR('',#8605,1.);
#8605 = DIRECTION('',(1.,0.));
#8606 = ( GEOMETRIC_REPRESENTATION_CONTEXT(2) 
PARAMETRIC_REPRESENTATION_CONTEXT() REPRESENTATION_CONTEXT('2D SPACE',''
  ) );
#8607 = ORIENTED_EDGE('',*,*,#8608,.T.);
#8608 = EDGE_CURVE('',#8574,#8609,#8611,.T.);
#8609 = VERTEX_POINT('',#8610);
#8610 = CARTESIAN_POINT('',(12.42,-12.86,1.));
#8611 = SURFACE_CURVE('',#8612,(#8616,#8623),.PCURVE_S1.);
#8612 = LINE('',#8613,#8614);
#8613 = CARTESIAN_POINT('',(12.42,-13.66,1.));
#8614 = VECTOR('',#8615,1.);
#8615 = DIRECTION('',(0.,1.,0.));
#8616 = PCURVE('',#8584,#8617);
#8617 = DEFINITIONAL_REPRESENTATION('',(#8618),#8622);
#8618 = LINE('',#8619,#8620);
#8619 = CARTESIAN_POINT('',(0.,0.));
#8620 = VECTOR('',#8621,1.);
#8621 = DIRECTION('',(0.,-1.));
#8622 = ( GEOMETRIC_REPRESENTATION_CONTEXT(2) 
PARAMETRIC_REPRESENTATION_CONTEXT() REPRESENTATION_CONTEXT('2D SPACE',''
  ) );
#8623 = PCURVE('',#8624,#8629);
#8624 = PLANE('',#8625);
#8625 = AXIS2_PLACEMENT_3D('',#8626,#8627,#8628);
#8626 = CARTESIAN_POINT('',(12.42,-13.66,1.));
#8627 = DIRECTION('',(0.,0.,1.));
#8628 = DIRECTION('',(1.,0.,0.));
#8629 = DEFINITIONAL_REPRESENTATION('',(#8630),#8634);
#8630 = LINE('',#8631,#8632);
#8631 = CARTESIAN_POINT('',(0.,0.));
#8632 = VECTOR('',#8633,1.);
#8633 = DIRECTION('',(0.,1.));
#8634 = ( GEOMETRIC_REPRESENTATION_CONTEXT(2) 
PARAMETRIC_REPRESENTATION_CONTEXT() REPRESENTATION_CONTEXT('2D SPACE',''
  ) );
#8635 = ORIENTED_EDGE('',*,*,#8636,.T.);
#8636 = EDGE_CURVE('',#8609,#8637,#8639,.T.);
#8637 = VERTEX_POINT('',#8638);
#8638 = CARTESIAN_POINT('',(12.42,-12.86,1.6));
#8639 = SURFACE_CURVE('',#8640,(#8644,#8651),.PCURVE_S1.);
#8640 = LINE('',#8641,#8642);
#8641 = CARTESIAN_POINT('',(12.42,-12.86,1.));
#8642 = VECTOR('',#8643,1.);
#8643 = DIRECTION('',(0.,0.,1.));
#8644 = PCURVE('',#8584,#8645);
#8645 = DEFINITIONAL_REPRESENTATION('',(#8646),#8650);
#8646 = LINE('',#8647,#8648);
#8647 = CARTESIAN_POINT('',(0.,-0.8));
#8648 = VECTOR('',#8649,1.);
#8649 = DIRECTION('',(1.,0.));
#8650 = ( GEOMETRIC_REPRESENTATION_CONTEXT(2) 
PARAMETRIC_REPRESENTATION_CONTEXT() REPRESENTATION_CONTEXT('2D SPACE',''
  ) );
#8651 = PCURVE('',#8652,#8657);
#8652 = PLANE('',#8653);
#8653 = AXIS2_PLACEMENT_3D('',#8654,#8655,#8656);
#8654 = CARTESIAN_POINT('',(12.42,-12.86,1.));
#8655 = DIRECTION('',(0.,1.,0.));
#8656 = DIRECTION('',(0.,0.,1.));
#8657 = DEFINITIONAL_REPRESENTATION('',(#8658),#8662);
#8658 = LINE('',#8659,#8660);
#8659 = CARTESIAN_POINT('',(0.,0.));
#8660 = VECTOR('',#8661,1.);
#8661 = DIRECTION('',(1.,0.));
#8662 = ( GEOMETRIC_REPRESENTATION_CONTEXT(2) 
PARAMETRIC_REPRESENTATION_CONTEXT() REPRESENTATION_CONTEXT('2D SPACE',''
  ) );
#8663 = ORIENTED_EDGE('',*,*,#8664,.F.);
#8664 = EDGE_CURVE('',#8576,#8637,#8665,.T.);
#8665 = SURFACE_CURVE('',#8666,(#8670,#8677),.PCURVE_S1.);
#8666 = LINE('',#8667,#8668);
#8667 = CARTESIAN_POINT('',(12.42,-13.66,1.6));
#8668 = VECTOR('',#8669,1.);
#8669 = DIRECTION('',(0.,1.,0.));
#8670 = PCURVE('',#8584,#8671);
#8671 = DEFINITIONAL_REPRESENTATION('',(#8672),#8676);
#8672 = LINE('',#8673,#8674);
#8673 = CARTESIAN_POINT('',(0.6,0.));
#8674 = VECTOR('',#8675,1.);
#8675 = DIRECTION('',(0.,-1.));
#8676 = ( GEOMETRIC_REPRESENTATION_CONTEXT(2) 
PARAMETRIC_REPRESENTATION_CONTEXT() REPRESENTATION_CONTEXT('2D SPACE',''
  ) );
#8677 = PCURVE('',#8678,#8683);
#8678 = PLANE('',#8679);
#8679 = AXIS2_PLACEMENT_3D('',#8680,#8681,#8682);
#8680 = CARTESIAN_POINT('',(12.42,-13.66,1.6));
#8681 = DIRECTION('',(0.,0.,1.));
#8682 = DIRECTION('',(1.,0.,0.));
#8683 = DEFINITIONAL_REPRESENTATION('',(#8684),#8688);
#8684 = LINE('',#8685,#8686);
#8685 = CARTESIAN_POINT('',(0.,0.));
#8686 = VECTOR('',#8687,1.);
#8687 = DIRECTION('',(0.,1.));
#8688 = ( GEOMETRIC_REPRESENTATION_CONTEXT(2) 
PARAMETRIC_REPRESENTATION_CONTEXT() REPRESENTATION_CONTEXT('2D SPACE',''
  ) );
#8689 = ADVANCED_FACE('',(#8690),#8704,.T.);
#8690 = FACE_BOUND('',#8691,.T.);
#8691 = EDGE_LOOP('',(#8692,#8722,#8745,#8768));
#8692 = ORIENTED_EDGE('',*,*,#8693,.F.);
#8693 = EDGE_CURVE('',#8694,#8696,#8698,.T.);
#8694 = VERTEX_POINT('',#8695);
#8695 = CARTESIAN_POINT('',(14.02,-13.66,1.));
#8696 = VERTEX_POINT('',#8697);
#8697 = CARTESIAN_POINT('',(14.02,-13.66,1.6));
#8698 = SURFACE_CURVE('',#8699,(#8703,#8715),.PCURVE_S1.);
#8699 = LINE('',#8700,#8701);
#8700 = CARTESIAN_POINT('',(14.02,-13.66,1.));
#8701 = VECTOR('',#8702,1.);
#8702 = DIRECTION('',(0.,0.,1.));
#8703 = PCURVE('',#8704,#8709);
#8704 = PLANE('',#8705);
#8705 = AXIS2_PLACEMENT_3D('',#8706,#8707,#8708);
#8706 = CARTESIAN_POINT('',(14.02,-13.66,1.));
#8707 = DIRECTION('',(1.,0.,0.));
#8708 = DIRECTION('',(0.,0.,1.));
#8709 = DEFINITIONAL_REPRESENTATION('',(#8710),#8714);
#8710 = LINE('',#8711,#8712);
#8711 = CARTESIAN_POINT('',(0.,0.));
#8712 = VECTOR('',#8713,1.);
#8713 = DIRECTION('',(1.,0.));
#8714 = ( GEOMETRIC_REPRESENTATION_CONTEXT(2) 
PARAMETRIC_REPRESENTATION_CONTEXT() REPRESENTATION_CONTEXT('2D SPACE',''
  ) );
#8715 = PCURVE('',#8596,#8716);
#8716 = DEFINITIONAL_REPRESENTATION('',(#8717),#8721);
#8717 = LINE('',#8718,#8719);
#8718 = CARTESIAN_POINT('',(0.,1.6));
#8719 = VECTOR('',#8720,1.);
#8720 = DIRECTION('',(1.,0.));
#8721 = ( GEOMETRIC_REPRESENTATION_CONTEXT(2) 
PARAMETRIC_REPRESENTATION_CONTEXT() REPRESENTATION_CONTEXT('2D SPACE',''
  ) );
#8722 = ORIENTED_EDGE('',*,*,#8723,.T.);
#8723 = EDGE_CURVE('',#8694,#8724,#8726,.T.);
#8724 = VERTEX_POINT('',#8725);
#8725 = CARTESIAN_POINT('',(14.02,-12.86,1.));
#8726 = SURFACE_CURVE('',#8727,(#8731,#8738),.PCURVE_S1.);
#8727 = LINE('',#8728,#8729);
#8728 = CARTESIAN_POINT('',(14.02,-13.66,1.));
#8729 = VECTOR('',#8730,1.);
#8730 = DIRECTION('',(0.,1.,0.));
#8731 = PCURVE('',#8704,#8732);
#8732 = DEFINITIONAL_REPRESENTATION('',(#8733),#8737);
#8733 = LINE('',#8734,#8735);
#8734 = CARTESIAN_POINT('',(0.,0.));
#8735 = VECTOR('',#8736,1.);
#8736 = DIRECTION('',(0.,-1.));
#8737 = ( GEOMETRIC_REPRESENTATION_CONTEXT(2) 
PARAMETRIC_REPRESENTATION_CONTEXT() REPRESENTATION_CONTEXT('2D SPACE',''
  ) );
#8738 = PCURVE('',#8624,#8739);
#8739 = DEFINITIONAL_REPRESENTATION('',(#8740),#8744);
#8740 = LINE('',#8741,#8742);
#8741 = CARTESIAN_POINT('',(1.6,0.));
#8742 = VECTOR('',#8743,1.);
#8743 = DIRECTION('',(0.,1.));
#8744 = ( GEOMETRIC_REPRESENTATION_CONTEXT(2) 
PARAMETRIC_REPRESENTATION_CONTEXT() REPRESENTATION_CONTEXT('2D SPACE',''
  ) );
#8745 = ORIENTED_EDGE('',*,*,#8746,.T.);
#8746 = EDGE_CURVE('',#8724,#8747,#8749,.T.);
#8747 = VERTEX_POINT('',#8748);
#8748 = CARTESIAN_POINT('',(14.02,-12.86,1.6));
#8749 = SURFACE_CURVE('',#8750,(#8754,#8761),.PCURVE_S1.);
#8750 = LINE('',#8751,#8752);
#8751 = CARTESIAN_POINT('',(14.02,-12.86,1.));
#8752 = VECTOR('',#8753,1.);
#8753 = DIRECTION('',(0.,0.,1.));
#8754 = PCURVE('',#8704,#8755);
#8755 = DEFINITIONAL_REPRESENTATION('',(#8756),#8760);
#8756 = LINE('',#8757,#8758);
#8757 = CARTESIAN_POINT('',(0.,-0.8));
#8758 = VECTOR('',#8759,1.);
#8759 = DIRECTION('',(1.,0.));
#8760 = ( GEOMETRIC_REPRESENTATION_CONTEXT(2) 
PARAMETRIC_REPRESENTATION_CONTEXT() REPRESENTATION_CONTEXT('2D SPACE',''
  ) );
#8761 = PCURVE('',#8652,#8762);
#8762 = DEFINITIONAL_REPRESENTATION('',(#8763),#8767);
#8763 = LINE('',#8764,#8765);
#8764 = CARTESIAN_POINT('',(0.,1.6));
#8765 = VECTOR('',#8766,1.);
#8766 = DIRECTION('',(1.,0.));
#8767 = ( GEOMETRIC_REPRESENTATION_CONTEXT(2) 
PARAMETRIC_REPRESENTATION_CONTEXT() REPRESENTATION_CONTEXT('2D SPACE',''
  ) );
#8768 = ORIENTED_EDGE('',*,*,#8769,.F.);
#8769 = EDGE_CURVE('',#8696,#8747,#8770,.T.);
#8770 = SURFACE_CURVE('',#8771,(#8775,#8782),.PCURVE_S1.);
#8771 = LINE('',#8772,#8773);
#8772 = CARTESIAN_POINT('',(14.02,-13.66,1.6));
#8773 = VECTOR('',#8774,1.);
#8774 = DIRECTION('',(0.,1.,0.));
#8775 = PCURVE('',#8704,#8776);
#8776 = DEFINITIONAL_REPRESENTATION('',(#8777),#8781);
#8777 = LINE('',#8778,#8779);
#8778 = CARTESIAN_POINT('',(0.6,0.));
#8779 = VECTOR('',#8780,1.);
#8780 = DIRECTION('',(0.,-1.));
#8781 = ( GEOMETRIC_REPRESENTATION_CONTEXT(2) 
PARAMETRIC_REPRESENTATION_CONTEXT() REPRESENTATION_CONTEXT('2D SPACE',''
  ) );
#8782 = PCURVE('',#8678,#8783);
#8783 = DEFINITIONAL_REPRESENTATION('',(#8784),#8788);
#8784 = LINE('',#8785,#8786);
#8785 = CARTESIAN_POINT('',(1.6,0.));
#8786 = VECTOR('',#8787,1.);
#8787 = DIRECTION('',(0.,1.));
#8788 = ( GEOMETRIC_REPRESENTATION_CONTEXT(2) 
PARAMETRIC_REPRESENTATION_CONTEXT() REPRESENTATION_CONTEXT('2D SPACE',''
  ) );
#8789 = ADVANCED_FACE('',(#8790),#8596,.F.);
#8790 = FACE_BOUND('',#8791,.F.);
#8791 = EDGE_LOOP('',(#8792,#8813,#8814,#8835));
#8792 = ORIENTED_EDGE('',*,*,#8793,.F.);
#8793 = EDGE_CURVE('',#8574,#8694,#8794,.T.);
#8794 = SURFACE_CURVE('',#8795,(#8799,#8806),.PCURVE_S1.);
#8795 = LINE('',#8796,#8797);
#8796 = CARTESIAN_POINT('',(12.42,-13.66,1.));
#8797 = VECTOR('',#8798,1.);
#8798 = DIRECTION('',(1.,0.,0.));
#8799 = PCURVE('',#8596,#8800);
#8800 = DEFINITIONAL_REPRESENTATION('',(#8801),#8805);
#8801 = LINE('',#8802,#8803);
#8802 = CARTESIAN_POINT('',(0.,0.));
#8803 = VECTOR('',#8804,1.);
#8804 = DIRECTION('',(0.,1.));
#8805 = ( GEOMETRIC_REPRESENTATION_CONTEXT(2) 
PARAMETRIC_REPRESENTATION_CONTEXT() REPRESENTATION_CONTEXT('2D SPACE',''
  ) );
#8806 = PCURVE('',#8624,#8807);
#8807 = DEFINITIONAL_REPRESENTATION('',(#8808),#8812);
#8808 = LINE('',#8809,#8810);
#8809 = CARTESIAN_POINT('',(0.,0.));
#8810 = VECTOR('',#8811,1.);
#8811 = DIRECTION('',(1.,0.));
#8812 = ( GEOMETRIC_REPRESENTATION_CONTEXT(2) 
PARAMETRIC_REPRESENTATION_CONTEXT() REPRESENTATION_CONTEXT('2D SPACE',''
  ) );
#8813 = ORIENTED_EDGE('',*,*,#8573,.T.);
#8814 = ORIENTED_EDGE('',*,*,#8815,.T.);
#8815 = EDGE_CURVE('',#8576,#8696,#8816,.T.);
#8816 = SURFACE_CURVE('',#8817,(#8821,#8828),.PCURVE_S1.);
#8817 = LINE('',#8818,#8819);
#8818 = CARTESIAN_POINT('',(12.42,-13.66,1.6));
#8819 = VECTOR('',#8820,1.);
#8820 = DIRECTION('',(1.,0.,0.));
#8821 = PCURVE('',#8596,#8822);
#8822 = DEFINITIONAL_REPRESENTATION('',(#8823),#8827);
#8823 = LINE('',#8824,#8825);
#8824 = CARTESIAN_POINT('',(0.6,0.));
#8825 = VECTOR('',#8826,1.);
#8826 = DIRECTION('',(0.,1.));
#8827 = ( GEOMETRIC_REPRESENTATION_CONTEXT(2) 
PARAMETRIC_REPRESENTATION_CONTEXT() REPRESENTATION_CONTEXT('2D SPACE',''
  ) );
#8828 = PCURVE('',#8678,#8829);
#8829 = DEFINITIONAL_REPRESENTATION('',(#8830),#8834);
#8830 = LINE('',#8831,#8832);
#8831 = CARTESIAN_POINT('',(0.,0.));
#8832 = VECTOR('',#8833,1.);
#8833 = DIRECTION('',(1.,0.));
#8834 = ( GEOMETRIC_REPRESENTATION_CONTEXT(2) 
PARAMETRIC_REPRESENTATION_CONTEXT() REPRESENTATION_CONTEXT('2D SPACE',''
  ) );
#8835 = ORIENTED_EDGE('',*,*,#8693,.F.);
#8836 = ADVANCED_FACE('',(#8837),#8652,.T.);
#8837 = FACE_BOUND('',#8838,.T.);
#8838 = EDGE_LOOP('',(#8839,#8860,#8861,#8882));
#8839 = ORIENTED_EDGE('',*,*,#8840,.F.);
#8840 = EDGE_CURVE('',#8609,#8724,#8841,.T.);
#8841 = SURFACE_CURVE('',#8842,(#8846,#8853),.PCURVE_S1.);
#8842 = LINE('',#8843,#8844);
#8843 = CARTESIAN_POINT('',(12.42,-12.86,1.));
#8844 = VECTOR('',#8845,1.);
#8845 = DIRECTION('',(1.,0.,0.));
#8846 = PCURVE('',#8652,#8847);
#8847 = DEFINITIONAL_REPRESENTATION('',(#8848),#8852);
#8848 = LINE('',#8849,#8850);
#8849 = CARTESIAN_POINT('',(0.,0.));
#8850 = VECTOR('',#8851,1.);
#8851 = DIRECTION('',(0.,1.));
#8852 = ( GEOMETRIC_REPRESENTATION_CONTEXT(2) 
PARAMETRIC_REPRESENTATION_CONTEXT() REPRESENTATION_CONTEXT('2D SPACE',''
  ) );
#8853 = PCURVE('',#8624,#8854);
#8854 = DEFINITIONAL_REPRESENTATION('',(#8855),#8859);
#8855 = LINE('',#8856,#8857);
#8856 = CARTESIAN_POINT('',(0.,0.8));
#8857 = VECTOR('',#8858,1.);
#8858 = DIRECTION('',(1.,0.));
#8859 = ( GEOMETRIC_REPRESENTATION_CONTEXT(2) 
PARAMETRIC_REPRESENTATION_CONTEXT() REPRESENTATION_CONTEXT('2D SPACE',''
  ) );
#8860 = ORIENTED_EDGE('',*,*,#8636,.T.);
#8861 = ORIENTED_EDGE('',*,*,#8862,.T.);
#8862 = EDGE_CURVE('',#8637,#8747,#8863,.T.);
#8863 = SURFACE_CURVE('',#8864,(#8868,#8875),.PCURVE_S1.);
#8864 = LINE('',#8865,#8866);
#8865 = CARTESIAN_POINT('',(12.42,-12.86,1.6));
#8866 = VECTOR('',#8867,1.);
#8867 = DIRECTION('',(1.,0.,0.));
#8868 = PCURVE('',#8652,#8869);
#8869 = DEFINITIONAL_REPRESENTATION('',(#8870),#8874);
#8870 = LINE('',#8871,#8872);
#8871 = CARTESIAN_POINT('',(0.6,0.));
#8872 = VECTOR('',#8873,1.);
#8873 = DIRECTION('',(0.,1.));
#8874 = ( GEOMETRIC_REPRESENTATION_CONTEXT(2) 
PARAMETRIC_REPRESENTATION_CONTEXT() REPRESENTATION_CONTEXT('2D SPACE',''
  ) );
#8875 = PCURVE('',#8678,#8876);
#8876 = DEFINITIONAL_REPRESENTATION('',(#8877),#8881);
#8877 = LINE('',#8878,#8879);
#8878 = CARTESIAN_POINT('',(0.,0.8));
#8879 = VECTOR('',#8880,1.);
#8880 = DIRECTION('',(1.,0.));
#8881 = ( GEOMETRIC_REPRESENTATION_CONTEXT(2) 
PARAMETRIC_REPRESENTATION_CONTEXT() REPRESENTATION_CONTEXT('2D SPACE',''
  ) );
#8882 = ORIENTED_EDGE('',*,*,#8746,.F.);
#8883 = ADVANCED_FACE('',(#8884),#8624,.F.);
#8884 = FACE_BOUND('',#8885,.F.);
#8885 = EDGE_LOOP('',(#8886,#8887,#8888,#8889));
#8886 = ORIENTED_EDGE('',*,*,#8608,.F.);
#8887 = ORIENTED_EDGE('',*,*,#8793,.T.);
#8888 = ORIENTED_EDGE('',*,*,#8723,.T.);
#8889 = ORIENTED_EDGE('',*,*,#8840,.F.);
#8890 = ADVANCED_FACE('',(#8891),#8678,.T.);
#8891 = FACE_BOUND('',#8892,.T.);
#8892 = EDGE_LOOP('',(#8893,#8894,#8895,#8896));
#8893 = ORIENTED_EDGE('',*,*,#8664,.F.);
#8894 = ORIENTED_EDGE('',*,*,#8815,.T.);
#8895 = ORIENTED_EDGE('',*,*,#8769,.T.);
#8896 = ORIENTED_EDGE('',*,*,#8862,.F.);
#8897 = ( GEOMETRIC_REPRESENTATION_CONTEXT(3) 
GLOBAL_UNCERTAINTY_ASSIGNED_CONTEXT((#8901)) 
GLOBAL_UNIT_ASSIGNED_CONTEXT((#8898,#8899,#8900)) REPRESENTATION_CONTEXT
('Context #1','3D Context with UNIT and UNCERTAINTY') );
#8898 = ( LENGTH_UNIT() NAMED_UNIT(*) SI_UNIT(.MILLI.,.METRE.) );
#8899 = ( NAMED_UNIT(*) PLANE_ANGLE_UNIT() SI_UNIT($,.RADIAN.) );
#8900 = ( NAMED_UNIT(*) SI_UNIT($,.STERADIAN.) SOLID_ANGLE_UNIT() );
#8901 = UNCERTAINTY_MEASURE_WITH_UNIT(LENGTH_MEASURE(1.E-07),#8898,
  'distance_accuracy_value','confusion accuracy');
#8902 = CONTEXT_DEPENDENT_SHAPE_REPRESENTATION(#8903,#8905);
#8903 = ( REPRESENTATION_RELATIONSHIP('','',#8566,#10) 
REPRESENTATION_RELATIONSHIP_WITH_TRANSFORMATION(#8904) 
SHAPE_REPRESENTATION_RELATIONSHIP() );
#8904 = ITEM_DEFINED_TRANSFORMATION('','',#11,#55);
#8905 = PRODUCT_DEFINITION_SHAPE('Placement','Placement of an item',
  #8906);
#8906 = NEXT_ASSEMBLY_USAGE_OCCURRENCE('22','led_10','',#5,#8561,$);
#8907 = PRODUCT_RELATED_PRODUCT_CATEGORY('part',$,(#8563));
#8908 = SHAPE_DEFINITION_REPRESENTATION(#8909,#8915);
#8909 = PRODUCT_DEFINITION_SHAPE('','',#8910);
#8910 = PRODUCT_DEFINITION('design','',#8911,#8914);
#8911 = PRODUCT_DEFINITION_FORMATION('','',#8912);
#8912 = PRODUCT('antenna_11','antenna_11','',(#8913));
#8913 = PRODUCT_CONTEXT('',#2,'mechanical');
#8914 = PRODUCT_DEFINITION_CONTEXT('part definition',#2,'design');
#8915 = ADVANCED_BREP_SHAPE_REPRESENTATION('',(#11,#8916),#9246);
#8916 = MANIFOLD_SOLID_BREP('',#8917);
#8917 = CLOSED_SHELL('',(#8918,#9038,#9138,#9185,#9232,#9239));
#8918 = ADVANCED_FACE('',(#8919),#8933,.F.);
#8919 = FACE_BOUND('',#8920,.F.);
#8920 = EDGE_LOOP('',(#8921,#8956,#8984,#9012));
#8921 = ORIENTED_EDGE('',*,*,#8922,.F.);
#8922 = EDGE_CURVE('',#8923,#8925,#8927,.T.);
#8923 = VERTEX_POINT('',#8924);
#8924 = CARTESIAN_POINT('',(4.12,-20.78,1.));
#8925 = VERTEX_POINT('',#8926);
#8926 = CARTESIAN_POINT('',(4.12,-20.78,2.));
#8927 = SURFACE_CURVE('',#8928,(#8932,#8944),.PCURVE_S1.);
#8928 = LINE('',#8929,#8930);
#8929 = CARTESIAN_POINT('',(4.12,-20.78,1.));
#8930 = VECTOR('',#8931,1.);
#8931 = DIRECTION('',(0.,0.,1.));
#8932 = PCURVE('',#8933,#8938);
#8933 = PLANE('',#8934);
#8934 = AXIS2_PLACEMENT_3D('',#8935,#8936,#8937);
#8935 = CARTESIAN_POINT('',(4.12,-20.78,1.));
#8936 = DIRECTION('',(1.,0.,0.));
#8937 = DIRECTION('',(0.,0.,1.));
#8938 = DEFINITIONAL_REPRESENTATION('',(#8939),#8943);
#8939 = LINE('',#8940,#8941);
#8940 = CARTESIAN_POINT('',(0.,0.));
#8941 = VECTOR('',#8942,1.);
#8942 = DIRECTION('',(1.,0.));
#8943 = ( GEOMETRIC_REPRESENTATION_CONTEXT(2) 
PARAMETRIC_REPRESENTATION_CONTEXT() REPRESENTATION_CONTEXT('2D SPACE',''
  ) );
#8944 = PCURVE('',#8945,#8950);
#8945 = PLANE('',#8946);
#8946 = AXIS2_PLACEMENT_3D('',#8947,#8948,#8949);
#8947 = CARTESIAN_POINT('',(4.12,-20.78,1.));
#8948 = DIRECTION('',(0.,1.,0.));
#8949 = DIRECTION('',(0.,0.,1.));
#8950 = DEFINITIONAL_REPRESENTATION('',(#8951),#8955);
#8951 = LINE('',#8952,#8953);
#8952 = CARTESIAN_POINT('',(0.,0.));
#8953 = VECTOR('',#8954,1.);
#8954 = DIRECTION('',(1.,0.));
#8955 = ( GEOMETRIC_REPRESENTATION_CONTEXT(2) 
PARAMETRIC_REPRESENTATION_CONTEXT() REPRESENTATION_CONTEXT('2D SPACE',''
  ) );
#8956 = ORIENTED_EDGE('',*,*,#8957,.T.);
#8957 = EDGE_CURVE('',#8923,#8958,#8960,.T.);
#8958 = VERTEX_POINT('',#8959);
#8959 = CARTESIAN_POINT('',(4.12,-18.18,1.));
#8960 = SURFACE_CURVE('',#8961,(#8965,#8972),.PCURVE_S1.);
#8961 = LINE('',#8962,#8963);
#8962 = CARTESIAN_POINT('',(4.12,-20.78,1.));
#8963 = VECTOR('',#8964,1.);
#8964 = DIRECTION('',(0.,1.,0.));
#8965 = PCURVE('',#8933,#8966);
#8966 = DEFINITIONAL_REPRESENTATION('',(#8967),#8971);
#8967 = LINE('',#8968,#8969);
#8968 = CARTESIAN_POINT('',(0.,0.));
#8969 = VECTOR('',#8970,1.);
#8970 = DIRECTION('',(0.,-1.));
#8971 = ( GEOMETRIC_REPRESENTATION_CONTEXT(2) 
PARAMETRIC_REPRESENTATION_CONTEXT() REPRESENTATION_CONTEXT('2D SPACE',''
  ) );
#8972 = PCURVE('',#8973,#8978);
#8973 = PLANE('',#8974);
#8974 = AXIS2_PLACEMENT_3D('',#8975,#8976,#8977);
#8975 = CARTESIAN_POINT('',(4.12,-20.78,1.));
#8976 = DIRECTION('',(0.,0.,1.));
#8977 = DIRECTION('',(1.,0.,0.));
#8978 = DEFINITIONAL_REPRESENTATION('',(#8979),#8983);
#8979 = LINE('',#8980,#8981);
#8980 = CARTESIAN_POINT('',(0.,0.));
#8981 = VECTOR('',#8982,1.);
#8982 = DIRECTION('',(0.,1.));
#8983 = ( GEOMETRIC_REPRESENTATION_CONTEXT(2) 
PARAMETRIC_REPRESENTATION_CONTEXT() REPRESENTATION_CONTEXT('2D SPACE',''
  ) );
#8984 = ORIENTED_EDGE('',*,*,#8985,.T.);
#8985 = EDGE_CURVE('',#8958,#8986,#8988,.T.);
#8986 = VERTEX_POINT('',#8987);
#8987 = CARTESIAN_POINT('',(4.12,-18.18,2.));
#8988 = SURFACE_CURVE('',#8989,(#8993,#9000),.PCURVE_S1.);
#8989 = LINE('',#8990,#8991);
#8990 = CARTESIAN_POINT('',(4.12,-18.18,1.));
#8991 = VECTOR('',#8992,1.);
#8992 = DIRECTION('',(0.,0.,1.));
#8993 = PCURVE('',#8933,#8994);
#8994 = DEFINITIONAL_REPRESENTATION('',(#8995),#8999);
#8995 = LINE('',#8996,#8997);
#8996 = CARTESIAN_POINT('',(0.,-2.6));
#8997 = VECTOR('',#8998,1.);
#8998 = DIRECTION('',(1.,0.));
#8999 = ( GEOMETRIC_REPRESENTATION_CONTEXT(2) 
PARAMETRIC_REPRESENTATION_CONTEXT() REPRESENTATION_CONTEXT('2D SPACE',''
  ) );
#9000 = PCURVE('',#9001,#9006);
#9001 = PLANE('',#9002);
#9002 = AXIS2_PLACEMENT_3D('',#9003,#9004,#9005);
#9003 = CARTESIAN_POINT('',(4.12,-18.18,1.));
#9004 = DIRECTION('',(0.,1.,0.));
#9005 = DIRECTION('',(0.,0.,1.));
#9006 = DEFINITIONAL_REPRESENTATION('',(#9007),#9011);
#9007 = LINE('',#9008,#9009);
#9008 = CARTESIAN_POINT('',(0.,0.));
#9009 = VECTOR('',#9010,1.);
#9010 = DIRECTION('',(1.,0.));
#9011 = ( GEOMETRIC_REPRESENTATION_CONTEXT(2) 
PARAMETRIC_REPRESENTATION_CONTEXT() REPRESENTATION_CONTEXT('2D SPACE',''
  ) );
#9012 = ORIENTED_EDGE('',*,*,#9013,.F.);
#9013 = EDGE_CURVE('',#8925,#8986,#9014,.T.);
#9014 = SURFACE_CURVE('',#9015,(#9019,#9026),.PCURVE_S1.);
#9015 = LINE('',#9016,#9017);
#9016 = CARTESIAN_POINT('',(4.12,-20.78,2.));
#9017 = VECTOR('',#9018,1.);
#9018 = DIRECTION('',(0.,1.,0.));
#9019 = PCURVE('',#8933,#9020);
#9020 = DEFINITIONAL_REPRESENTATION('',(#9021),#9025);
#9021 = LINE('',#9022,#9023);
#9022 = CARTESIAN_POINT('',(1.,0.));
#9023 = VECTOR('',#9024,1.);
#9024 = DIRECTION('',(0.,-1.));
#9025 = ( GEOMETRIC_REPRESENTATION_CONTEXT(2) 
PARAMETRIC_REPRESENTATION_CONTEXT() REPRESENTATION_CONTEXT('2D SPACE',''
  ) );
#9026 = PCURVE('',#9027,#9032);
#9027 = PLANE('',#9028);
#9028 = AXIS2_PLACEMENT_3D('',#9029,#9030,#9031);
#9029 = CARTESIAN_POINT('',(4.12,-20.78,2.));
#9030 = DIRECTION('',(0.,0.,1.));
#9031 = DIRECTION('',(1.,0.,0.));
#9032 = DEFINITIONAL_REPRESENTATION('',(#9033),#9037);
#9033 = LINE('',#9034,#9035);
#9034 = CARTESIAN_POINT('',(0.,0.));
#9035 = VECTOR('',#9036,1.);
#9036 = DIRECTION('',(0.,1.));
#9037 = ( GEOMETRIC_REPRESENTATION_CONTEXT(2) 
PARAMETRIC_REPRESENTATION_CONTEXT() REPRESENTATION_CONTEXT('2D SPACE',''
  ) );
#9038 = ADVANCED_FACE('',(#9039),#9053,.T.);
#9039 = FACE_BOUND('',#9040,.T.);
#9040 = EDGE_LOOP('',(#9041,#9071,#9094,#9117));
#9041 = ORIENTED_EDGE('',*,*,#9042,.F.);
#9042 = EDGE_CURVE('',#9043,#9045,#9047,.T.);
#9043 = VERTEX_POINT('',#9044);
#9044 = CARTESIAN_POINT('',(11.12,-20.78,1.));
#9045 = VERTEX_POINT('',#9046);
#9046 = CARTESIAN_POINT('',(11.12,-20.78,2.));
#9047 = SURFACE_CURVE('',#9048,(#9052,#9064),.PCURVE_S1.);
#9048 = LINE('',#9049,#9050);
#9049 = CARTESIAN_POINT('',(11.12,-20.78,1.));
#9050 = VECTOR('',#9051,1.);
#9051 = DIRECTION('',(0.,0.,1.));
#9052 = PCURVE('',#9053,#9058);
#9053 = PLANE('',#9054);
#9054 = AXIS2_PLACEMENT_3D('',#9055,#9056,#9057);
#9055 = CARTESIAN_POINT('',(11.12,-20.78,1.));
#9056 = DIRECTION('',(1.,0.,0.));
#9057 = DIRECTION('',(0.,0.,1.));
#9058 = DEFINITIONAL_REPRESENTATION('',(#9059),#9063);
#9059 = LINE('',#9060,#9061);
#9060 = CARTESIAN_POINT('',(0.,0.));
#9061 = VECTOR('',#9062,1.);
#9062 = DIRECTION('',(1.,0.));
#9063 = ( GEOMETRIC_REPRESENTATION_CONTEXT(2) 
PARAMETRIC_REPRESENTATION_CONTEXT() REPRESENTATION_CONTEXT('2D SPACE',''
  ) );
#9064 = PCURVE('',#8945,#9065);
#9065 = DEFINITIONAL_REPRESENTATION('',(#9066),#9070);
#9066 = LINE('',#9067,#9068);
#9067 = CARTESIAN_POINT('',(0.,7.));
#9068 = VECTOR('',#9069,1.);
#9069 = DIRECTION('',(1.,0.));
#9070 = ( GEOMETRIC_REPRESENTATION_CONTEXT(2) 
PARAMETRIC_REPRESENTATION_CONTEXT() REPRESENTATION_CONTEXT('2D SPACE',''
  ) );
#9071 = ORIENTED_EDGE('',*,*,#9072,.T.);
#9072 = EDGE_CURVE('',#9043,#9073,#9075,.T.);
#9073 = VERTEX_POINT('',#9074);
#9074 = CARTESIAN_POINT('',(11.12,-18.18,1.));
#9075 = SURFACE_CURVE('',#9076,(#9080,#9087),.PCURVE_S1.);
#9076 = LINE('',#9077,#9078);
#9077 = CARTESIAN_POINT('',(11.12,-20.78,1.));
#9078 = VECTOR('',#9079,1.);
#9079 = DIRECTION('',(0.,1.,0.));
#9080 = PCURVE('',#9053,#9081);
#9081 = DEFINITIONAL_REPRESENTATION('',(#9082),#9086);
#9082 = LINE('',#9083,#9084);
#9083 = CARTESIAN_POINT('',(0.,0.));
#9084 = VECTOR('',#9085,1.);
#9085 = DIRECTION('',(0.,-1.));
#9086 = ( GEOMETRIC_REPRESENTATION_CONTEXT(2) 
PARAMETRIC_REPRESENTATION_CONTEXT() REPRESENTATION_CONTEXT('2D SPACE',''
  ) );
#9087 = PCURVE('',#8973,#9088);
#9088 = DEFINITIONAL_REPRESENTATION('',(#9089),#9093);
#9089 = LINE('',#9090,#9091);
#9090 = CARTESIAN_POINT('',(7.,0.));
#9091 = VECTOR('',#9092,1.);
#9092 = DIRECTION('',(0.,1.));
#9093 = ( GEOMETRIC_REPRESENTATION_CONTEXT(2) 
PARAMETRIC_REPRESENTATION_CONTEXT() REPRESENTATION_CONTEXT('2D SPACE',''
  ) );
#9094 = ORIENTED_EDGE('',*,*,#9095,.T.);
#9095 = EDGE_CURVE('',#9073,#9096,#9098,.T.);
#9096 = VERTEX_POINT('',#9097);
#9097 = CARTESIAN_POINT('',(11.12,-18.18,2.));
#9098 = SURFACE_CURVE('',#9099,(#9103,#9110),.PCURVE_S1.);
#9099 = LINE('',#9100,#9101);
#9100 = CARTESIAN_POINT('',(11.12,-18.18,1.));
#9101 = VECTOR('',#9102,1.);
#9102 = DIRECTION('',(0.,0.,1.));
#9103 = PCURVE('',#9053,#9104);
#9104 = DEFINITIONAL_REPRESENTATION('',(#9105),#9109);
#9105 = LINE('',#9106,#9107);
#9106 = CARTESIAN_POINT('',(0.,-2.6));
#9107 = VECTOR('',#9108,1.);
#9108 = DIRECTION('',(1.,0.));
#9109 = ( GEOMETRIC_REPRESENTATION_CONTEXT(2) 
PARAMETRIC_REPRESENTATION_CONTEXT() REPRESENTATION_CONTEXT('2D SPACE',''
  ) );
#9110 = PCURVE('',#9001,#9111);
#9111 = DEFINITIONAL_REPRESENTATION('',(#9112),#9116);
#9112 = LINE('',#9113,#9114);
#9113 = CARTESIAN_POINT('',(0.,7.));
#9114 = VECTOR('',#9115,1.);
#9115 = DIRECTION('',(1.,0.));
#9116 = ( GEOMETRIC_REPRESENTATION_CONTEXT(2) 
PARAMETRIC_REPRESENTATION_CONTEXT() REPRESENTATION_CONTEXT('2D SPACE',''
  ) );
#9117 = ORIENTED_EDGE('',*,*,#9118,.F.);
#9118 = EDGE_CURVE('',#9045,#9096,#9119,.T.);
#9119 = SURFACE_CURVE('',#9120,(#9124,#9131),.PCURVE_S1.);
#9120 = LINE('',#9121,#9122);
#9121 = CARTESIAN_POINT('',(11.12,-20.78,2.));
#9122 = VECTOR('',#9123,1.);
#9123 = DIRECTION('',(0.,1.,0.));
#9124 = PCURVE('',#9053,#9125);
#9125 = DEFINITIONAL_REPRESENTATION('',(#9126),#9130);
#9126 = LINE('',#9127,#9128);
#9127 = CARTESIAN_POINT('',(1.,0.));
#9128 = VECTOR('',#9129,1.);
#9129 = DIRECTION('',(0.,-1.));
#9130 = ( GEOMETRIC_REPRESENTATION_CONTEXT(2) 
PARAMETRIC_REPRESENTATION_CONTEXT() REPRESENTATION_CONTEXT('2D SPACE',''
  ) );
#9131 = PCURVE('',#9027,#9132);
#9132 = DEFINITIONAL_REPRESENTATION('',(#9133),#9137);
#9133 = LINE('',#9134,#9135);
#9134 = CARTESIAN_POINT('',(7.,0.));
#9135 = VECTOR('',#9136,1.);
#9136 = DIRECTION('',(0.,1.));
#9137 = ( GEOMETRIC_REPRESENTATION_CONTEXT(2) 
PARAMETRIC_REPRESENTATION_CONTEXT() REPRESENTATION_CONTEXT('2D SPACE',''
  ) );
#9138 = ADVANCED_FACE('',(#9139),#8945,.F.);
#9139 = FACE_BOUND('',#9140,.F.);
#9140 = EDGE_LOOP('',(#9141,#9162,#9163,#9184));
#9141 = ORIENTED_EDGE('',*,*,#9142,.F.);
#9142 = EDGE_CURVE('',#8923,#9043,#9143,.T.);
#9143 = SURFACE_CURVE('',#9144,(#9148,#9155),.PCURVE_S1.);
#9144 = LINE('',#9145,#9146);
#9145 = CARTESIAN_POINT('',(4.12,-20.78,1.));
#9146 = VECTOR('',#9147,1.);
#9147 = DIRECTION('',(1.,0.,0.));
#9148 = PCURVE('',#8945,#9149);
#9149 = DEFINITIONAL_REPRESENTATION('',(#9150),#9154);
#9150 = LINE('',#9151,#9152);
#9151 = CARTESIAN_POINT('',(0.,0.));
#9152 = VECTOR('',#9153,1.);
#9153 = DIRECTION('',(0.,1.));
#9154 = ( GEOMETRIC_REPRESENTATION_CONTEXT(2) 
PARAMETRIC_REPRESENTATION_CONTEXT() REPRESENTATION_CONTEXT('2D SPACE',''
  ) );
#9155 = PCURVE('',#8973,#9156);
#9156 = DEFINITIONAL_REPRESENTATION('',(#9157),#9161);
#9157 = LINE('',#9158,#9159);
#9158 = CARTESIAN_POINT('',(0.,0.));
#9159 = VECTOR('',#9160,1.);
#9160 = DIRECTION('',(1.,0.));
#9161 = ( GEOMETRIC_REPRESENTATION_CONTEXT(2) 
PARAMETRIC_REPRESENTATION_CONTEXT() REPRESENTATION_CONTEXT('2D SPACE',''
  ) );
#9162 = ORIENTED_EDGE('',*,*,#8922,.T.);
#9163 = ORIENTED_EDGE('',*,*,#9164,.T.);
#9164 = EDGE_CURVE('',#8925,#9045,#9165,.T.);
#9165 = SURFACE_CURVE('',#9166,(#9170,#9177),.PCURVE_S1.);
#9166 = LINE('',#9167,#9168);
#9167 = CARTESIAN_POINT('',(4.12,-20.78,2.));
#9168 = VECTOR('',#9169,1.);
#9169 = DIRECTION('',(1.,0.,0.));
#9170 = PCURVE('',#8945,#9171);
#9171 = DEFINITIONAL_REPRESENTATION('',(#9172),#9176);
#9172 = LINE('',#9173,#9174);
#9173 = CARTESIAN_POINT('',(1.,0.));
#9174 = VECTOR('',#9175,1.);
#9175 = DIRECTION('',(0.,1.));
#9176 = ( GEOMETRIC_REPRESENTATION_CONTEXT(2) 
PARAMETRIC_REPRESENTATION_CONTEXT() REPRESENTATION_CONTEXT('2D SPACE',''
  ) );
#9177 = PCURVE('',#9027,#9178);
#9178 = DEFINITIONAL_REPRESENTATION('',(#9179),#9183);
#9179 = LINE('',#9180,#9181);
#9180 = CARTESIAN_POINT('',(0.,0.));
#9181 = VECTOR('',#9182,1.);
#9182 = DIRECTION('',(1.,0.));
#9183 = ( GEOMETRIC_REPRESENTATION_CONTEXT(2) 
PARAMETRIC_REPRESENTATION_CONTEXT() REPRESENTATION_CONTEXT('2D SPACE',''
  ) );
#9184 = ORIENTED_EDGE('',*,*,#9042,.F.);
#9185 = ADVANCED_FACE('',(#9186),#9001,.T.);
#9186 = FACE_BOUND('',#9187,.T.);
#9187 = EDGE_LOOP('',(#9188,#9209,#9210,#9231));
#9188 = ORIENTED_EDGE('',*,*,#9189,.F.);
#9189 = EDGE_CURVE('',#8958,#9073,#9190,.T.);
#9190 = SURFACE_CURVE('',#9191,(#9195,#9202),.PCURVE_S1.);
#9191 = LINE('',#9192,#9193);
#9192 = CARTESIAN_POINT('',(4.12,-18.18,1.));
#9193 = VECTOR('',#9194,1.);
#9194 = DIRECTION('',(1.,0.,0.));
#9195 = PCURVE('',#9001,#9196);
#9196 = DEFINITIONAL_REPRESENTATION('',(#9197),#9201);
#9197 = LINE('',#9198,#9199);
#9198 = CARTESIAN_POINT('',(0.,0.));
#9199 = VECTOR('',#9200,1.);
#9200 = DIRECTION('',(0.,1.));
#9201 = ( GEOMETRIC_REPRESENTATION_CONTEXT(2) 
PARAMETRIC_REPRESENTATION_CONTEXT() REPRESENTATION_CONTEXT('2D SPACE',''
  ) );
#9202 = PCURVE('',#8973,#9203);
#9203 = DEFINITIONAL_REPRESENTATION('',(#9204),#9208);
#9204 = LINE('',#9205,#9206);
#9205 = CARTESIAN_POINT('',(0.,2.6));
#9206 = VECTOR('',#9207,1.);
#9207 = DIRECTION('',(1.,0.));
#9208 = ( GEOMETRIC_REPRESENTATION_CONTEXT(2) 
PARAMETRIC_REPRESENTATION_CONTEXT() REPRESENTATION_CONTEXT('2D SPACE',''
  ) );
#9209 = ORIENTED_EDGE('',*,*,#8985,.T.);
#9210 = ORIENTED_EDGE('',*,*,#9211,.T.);
#9211 = EDGE_CURVE('',#8986,#9096,#9212,.T.);
#9212 = SURFACE_CURVE('',#9213,(#9217,#9224),.PCURVE_S1.);
#9213 = LINE('',#9214,#9215);
#9214 = CARTESIAN_POINT('',(4.12,-18.18,2.));
#9215 = VECTOR('',#9216,1.);
#9216 = DIRECTION('',(1.,0.,0.));
#9217 = PCURVE('',#9001,#9218);
#9218 = DEFINITIONAL_REPRESENTATION('',(#9219),#9223);
#9219 = LINE('',#9220,#9221);
#9220 = CARTESIAN_POINT('',(1.,0.));
#9221 = VECTOR('',#9222,1.);
#9222 = DIRECTION('',(0.,1.));
#9223 = ( GEOMETRIC_REPRESENTATION_CONTEXT(2) 
PARAMETRIC_REPRESENTATION_CONTEXT() REPRESENTATION_CONTEXT('2D SPACE',''
  ) );
#9224 = PCURVE('',#9027,#9225);
#9225 = DEFINITIONAL_REPRESENTATION('',(#9226),#9230);
#9226 = LINE('',#9227,#9228);
#9227 = CARTESIAN_POINT('',(0.,2.6));
#9228 = VECTOR('',#9229,1.);
#9229 = DIRECTION('',(1.,0.));
#9230 = ( GEOMETRIC_REPRESENTATION_CONTEXT(2) 
PARAMETRIC_REPRESENTATION_CONTEXT() REPRESENTATION_CONTEXT('2D SPACE',''
  ) );
#9231 = ORIENTED_EDGE('',*,*,#9095,.F.);
#9232 = ADVANCED_FACE('',(#9233),#8973,.F.);
#9233 = FACE_BOUND('',#9234,.F.);
#9234 = EDGE_LOOP('',(#9235,#9236,#9237,#9238));
#9235 = ORIENTED_EDGE('',*,*,#8957,.F.);
#9236 = ORIENTED_EDGE('',*,*,#9142,.T.);
#9237 = ORIENTED_EDGE('',*,*,#9072,.T.);
#9238 = ORIENTED_EDGE('',*,*,#9189,.F.);
#9239 = ADVANCED_FACE('',(#9240),#9027,.T.);
#9240 = FACE_BOUND('',#9241,.T.);
#9241 = EDGE_LOOP('',(#9242,#9243,#9244,#9245));
#9242 = ORIENTED_EDGE('',*,*,#9013,.F.);
#9243 = ORIENTED_EDGE('',*,*,#9164,.T.);
#9244 = ORIENTED_EDGE('',*,*,#9118,.T.);
#9245 = ORIENTED_EDGE('',*,*,#9211,.F.);
#9246 = ( GEOMETRIC_REPRESENTATION_CONTEXT(3) 
GLOBAL_UNCERTAINTY_ASSIGNED_CONTEXT((#9250)) 
GLOBAL_UNIT_ASSIGNED_CONTEXT((#9247,#9248,#9249)) REPRESENTATION_CONTEXT
('Context #1','3D Context with UNIT and UNCERTAINTY') );
#9247 = ( LENGTH_UNIT() NAMED_UNIT(*) SI_UNIT(.MILLI.,.METRE.) );
#9248 = ( NAMED_UNIT(*) PLANE_ANGLE_UNIT() SI_UNIT($,.RADIAN.) );
#9249 = ( NAMED_UNIT(*) SI_UNIT($,.STERADIAN.) SOLID_ANGLE_UNIT() );
#9250 = UNCERTAINTY_MEASURE_WITH_UNIT(LENGTH_MEASURE(1.E-07),#9247,
  'distance_accuracy_value','confusion accuracy');
#9251 = CONTEXT_DEPENDENT_SHAPE_REPRESENTATION(#9252,#9254);
#9252 = ( REPRESENTATION_RELATIONSHIP('','',#8915,#10) 
REPRESENTATION_RELATIONSHIP_WITH_TRANSFORMATION(#9253) 
SHAPE_REPRESENTATION_RELATIONSHIP() );
#9253 = ITEM_DEFINED_TRANSFORMATION('','',#11,#59);
#9254 = PRODUCT_DEFINITION_SHAPE('Placement','Placement of an item',
  #9255);
#9255 = NEXT_ASSEMBLY_USAGE_OCCURRENCE('23','antenna_11','',#5,#8910,$);
#9256 = PRODUCT_RELATED_PRODUCT_CATEGORY('part',$,(#8912));
#9257 = SHAPE_DEFINITION_REPRESENTATION(#9258,#9264);
#9258 = PRODUCT_DEFINITION_SHAPE('','',#9259);
#9259 = PRODUCT_DEFINITION('design','',#9260,#9263);
#9260 = PRODUCT_DEFINITION_FORMATION('','',#9261);
#9261 = PRODUCT('body_12','body_12','',(#9262));
#9262 = PRODUCT_CONTEXT('',#2,'mechanical');
#9263 = PRODUCT_DEFINITION_CONTEXT('part definition',#2,'design');
#9264 = SHAPE_REPRESENTATION('',(#11,#9265,#9595),#9925);
#9265 = MANIFOLD_SOLID_BREP('',#9266);
#9266 = CLOSED_SHELL('',(#9267,#9387,#9463,#9534,#9561,#9588));
#9267 = ADVANCED_FACE('',(#9268),#9282,.F.);
#9268 = FACE_BOUND('',#9269,.F.);
#9269 = EDGE_LOOP('',(#9270,#9305,#9333,#9361));
#9270 = ORIENTED_EDGE('',*,*,#9271,.F.);
#9271 = EDGE_CURVE('',#9272,#9274,#9276,.T.);
#9272 = VERTEX_POINT('',#9273);
#9273 = CARTESIAN_POINT('',(13.97,-19.05,0.));
#9274 = VERTEX_POINT('',#9275);
#9275 = CARTESIAN_POINT('',(13.97,1.27,0.));
#9276 = SURFACE_CURVE('',#9277,(#9281,#9293),.PCURVE_S1.);
#9277 = LINE('',#9278,#9279);
#9278 = CARTESIAN_POINT('',(13.97,-19.05,0.));
#9279 = VECTOR('',#9280,1.);
#9280 = DIRECTION('',(0.,1.,0.));
#9281 = PCURVE('',#9282,#9287);
#9282 = PLANE('',#9283);
#9283 = AXIS2_PLACEMENT_3D('',#9284,#9285,#9286);
#9284 = CARTESIAN_POINT('',(13.97,-1.27,-2.5));
#9285 = DIRECTION('',(1.,0.,0.));
#9286 = DIRECTION('',(0.,0.,1.));
#9287 = DEFINITIONAL_REPRESENTATION('',(#9288),#9292);
#9288 = LINE('',#9289,#9290);
#9289 = CARTESIAN_POINT('',(2.5,17.78));
#9290 = VECTOR('',#9291,1.);
#9291 = DIRECTION('',(0.,-1.));
#9292 = ( GEOMETRIC_REPRESENTATION_CONTEXT(2) 
PARAMETRIC_REPRESENTATION_CONTEXT() REPRESENTATION_CONTEXT('2D SPACE',''
  ) );
#9293 = PCURVE('',#9294,#9299);
#9294 = PLANE('',#9295);
#9295 = AXIS2_PLACEMENT_3D('',#9296,#9297,#9298);
#9296 = CARTESIAN_POINT('',(13.97,-1.27,0.));
#9297 = DIRECTION('',(0.,0.,1.));
#9298 = DIRECTION('',(1.,0.,0.));
#9299 = DEFINITIONAL_REPRESENTATION('',(#9300),#9304);
#9300 = LINE('',#9301,#9302);
#9301 = CARTESIAN_POINT('',(0.,-17.78));
#9302 = VECTOR('',#9303,1.);
#9303 = DIRECTION('',(0.,1.));
#9304 = ( GEOMETRIC_REPRESENTATION_CONTEXT(2) 
PARAMETRIC_REPRESENTATION_CONTEXT() REPRESENTATION_CONTEXT('2D SPACE',''
  ) );
#9305 = ORIENTED_EDGE('',*,*,#9306,.F.);
#9306 = EDGE_CURVE('',#9307,#9272,#9309,.T.);
#9307 = VERTEX_POINT('',#9308);
#9308 = CARTESIAN_POINT('',(13.97,-19.05,-2.5));
#9309 = SURFACE_CURVE('',#9310,(#9314,#9321),.PCURVE_S1.);
#9310 = LINE('',#9311,#9312);
#9311 = CARTESIAN_POINT('',(13.97,-19.05,-2.5));
#9312 = VECTOR('',#9313,1.);
#9313 = DIRECTION('',(0.,0.,1.));
#9314 = PCURVE('',#9282,#9315);
#9315 = DEFINITIONAL_REPRESENTATION('',(#9316),#9320);
#9316 = LINE('',#9317,#9318);
#9317 = CARTESIAN_POINT('',(0.,17.78));
#9318 = VECTOR('',#9319,1.);
#9319 = DIRECTION('',(1.,0.));
#9320 = ( GEOMETRIC_REPRESENTATION_CONTEXT(2) 
PARAMETRIC_REPRESENTATION_CONTEXT() REPRESENTATION_CONTEXT('2D SPACE',''
  ) );
#9321 = PCURVE('',#9322,#9327);
#9322 = PLANE('',#9323);
#9323 = AXIS2_PLACEMENT_3D('',#9324,#9325,#9326);
#9324 = CARTESIAN_POINT('',(13.97,-19.05,-2.5));
#9325 = DIRECTION('',(0.,1.,0.));
#9326 = DIRECTION('',(0.,0.,1.));
#9327 = DEFINITIONAL_REPRESENTATION('',(#9328),#9332);
#9328 = LINE('',#9329,#9330);
#9329 = CARTESIAN_POINT('',(0.,0.));
#9330 = VECTOR('',#9331,1.);
#9331 = DIRECTION('',(1.,0.));
#9332 = ( GEOMETRIC_REPRESENTATION_CONTEXT(2) 
PARAMETRIC_REPRESENTATION_CONTEXT() REPRESENTATION_CONTEXT('2D SPACE',''
  ) );
#9333 = ORIENTED_EDGE('',*,*,#9334,.F.);
#9334 = EDGE_CURVE('',#9335,#9307,#9337,.T.);
#9335 = VERTEX_POINT('',#9336);
#9336 = CARTESIAN_POINT('',(13.97,1.27,-2.5));
#9337 = SURFACE_CURVE('',#9338,(#9342,#9349),.PCURVE_S1.);
#9338 = LINE('',#9339,#9340);
#9339 = CARTESIAN_POINT('',(13.97,1.27,-2.5));
#9340 = VECTOR('',#9341,1.);
#9341 = DIRECTION('',(0.,-1.,0.));
#9342 = PCURVE('',#9282,#9343);
#9343 = DEFINITIONAL_REPRESENTATION('',(#9344),#9348);
#9344 = LINE('',#9345,#9346);
#9345 = CARTESIAN_POINT('',(0.,-2.54));
#9346 = VECTOR('',#9347,1.);
#9347 = DIRECTION('',(0.,1.));
#9348 = ( GEOMETRIC_REPRESENTATION_CONTEXT(2) 
PARAMETRIC_REPRESENTATION_CONTEXT() REPRESENTATION_CONTEXT('2D SPACE',''
  ) );
#9349 = PCURVE('',#9350,#9355);
#9350 = PLANE('',#9351);
#9351 = AXIS2_PLACEMENT_3D('',#9352,#9353,#9354);
#9352 = CARTESIAN_POINT('',(13.97,-1.27,-2.5));
#9353 = DIRECTION('',(0.,0.,1.));
#9354 = DIRECTION('',(1.,0.,0.));
#9355 = DEFINITIONAL_REPRESENTATION('',(#9356),#9360);
#9356 = LINE('',#9357,#9358);
#9357 = CARTESIAN_POINT('',(0.,2.54));
#9358 = VECTOR('',#9359,1.);
#9359 = DIRECTION('',(0.,-1.));
#9360 = ( GEOMETRIC_REPRESENTATION_CONTEXT(2) 
PARAMETRIC_REPRESENTATION_CONTEXT() REPRESENTATION_CONTEXT('2D SPACE',''
  ) );
#9361 = ORIENTED_EDGE('',*,*,#9362,.T.);
#9362 = EDGE_CURVE('',#9335,#9274,#9363,.T.);
#9363 = SURFACE_CURVE('',#9364,(#9368,#9375),.PCURVE_S1.);
#9364 = LINE('',#9365,#9366);
#9365 = CARTESIAN_POINT('',(13.97,1.27,-2.5));
#9366 = VECTOR('',#9367,1.);
#9367 = DIRECTION('',(0.,0.,1.));
#9368 = PCURVE('',#9282,#9369);
#9369 = DEFINITIONAL_REPRESENTATION('',(#9370),#9374);
#9370 = LINE('',#9371,#9372);
#9371 = CARTESIAN_POINT('',(0.,-2.54));
#9372 = VECTOR('',#9373,1.);
#9373 = DIRECTION('',(1.,0.));
#9374 = ( GEOMETRIC_REPRESENTATION_CONTEXT(2) 
PARAMETRIC_REPRESENTATION_CONTEXT() REPRESENTATION_CONTEXT('2D SPACE',''
  ) );
#9375 = PCURVE('',#9376,#9381);
#9376 = PLANE('',#9377);
#9377 = AXIS2_PLACEMENT_3D('',#9378,#9379,#9380);
#9378 = CARTESIAN_POINT('',(13.97,1.27,-2.5));
#9379 = DIRECTION('',(0.,1.,0.));
#9380 = DIRECTION('',(0.,0.,1.));
#9381 = DEFINITIONAL_REPRESENTATION('',(#9382),#9386);
#9382 = LINE('',#9383,#9384);
#9383 = CARTESIAN_POINT('',(0.,0.));
#9384 = VECTOR('',#9385,1.);
#9385 = DIRECTION('',(1.,0.));
#9386 = ( GEOMETRIC_REPRESENTATION_CONTEXT(2) 
PARAMETRIC_REPRESENTATION_CONTEXT() REPRESENTATION_CONTEXT('2D SPACE',''
  ) );
#9387 = ADVANCED_FACE('',(#9388),#9376,.T.);
#9388 = FACE_BOUND('',#9389,.T.);
#9389 = EDGE_LOOP('',(#9390,#9413,#9414,#9437));
#9390 = ORIENTED_EDGE('',*,*,#9391,.F.);
#9391 = EDGE_CURVE('',#9335,#9392,#9394,.T.);
#9392 = VERTEX_POINT('',#9393);
#9393 = CARTESIAN_POINT('',(16.51,1.27,-2.5));
#9394 = SURFACE_CURVE('',#9395,(#9399,#9406),.PCURVE_S1.);
#9395 = LINE('',#9396,#9397);
#9396 = CARTESIAN_POINT('',(13.97,1.27,-2.5));
#9397 = VECTOR('',#9398,1.);
#9398 = DIRECTION('',(1.,0.,0.));
#9399 = PCURVE('',#9376,#9400);
#9400 = DEFINITIONAL_REPRESENTATION('',(#9401),#9405);
#9401 = LINE('',#9402,#9403);
#9402 = CARTESIAN_POINT('',(0.,0.));
#9403 = VECTOR('',#9404,1.);
#9404 = DIRECTION('',(0.,1.));
#9405 = ( GEOMETRIC_REPRESENTATION_CONTEXT(2) 
PARAMETRIC_REPRESENTATION_CONTEXT() REPRESENTATION_CONTEXT('2D SPACE',''
  ) );
#9406 = PCURVE('',#9350,#9407);
#9407 = DEFINITIONAL_REPRESENTATION('',(#9408),#9412);
#9408 = LINE('',#9409,#9410);
#9409 = CARTESIAN_POINT('',(0.,2.54));
#9410 = VECTOR('',#9411,1.);
#9411 = DIRECTION('',(1.,0.));
#9412 = ( GEOMETRIC_REPRESENTATION_CONTEXT(2) 
PARAMETRIC_REPRESENTATION_CONTEXT() REPRESENTATION_CONTEXT('2D SPACE',''
  ) );
#9413 = ORIENTED_EDGE('',*,*,#9362,.T.);
#9414 = ORIENTED_EDGE('',*,*,#9415,.T.);
#9415 = EDGE_CURVE('',#9274,#9416,#9418,.T.);
#9416 = VERTEX_POINT('',#9417);
#9417 = CARTESIAN_POINT('',(16.51,1.27,0.));
#9418 = SURFACE_CURVE('',#9419,(#9423,#9430),.PCURVE_S1.);
#9419 = LINE('',#9420,#9421);
#9420 = CARTESIAN_POINT('',(13.97,1.27,0.));
#9421 = VECTOR('',#9422,1.);
#9422 = DIRECTION('',(1.,0.,0.));
#9423 = PCURVE('',#9376,#9424);
#9424 = DEFINITIONAL_REPRESENTATION('',(#9425),#9429);
#9425 = LINE('',#9426,#9427);
#9426 = CARTESIAN_POINT('',(2.5,0.));
#9427 = VECTOR('',#9428,1.);
#9428 = DIRECTION('',(0.,1.));
#9429 = ( GEOMETRIC_REPRESENTATION_CONTEXT(2) 
PARAMETRIC_REPRESENTATION_CONTEXT() REPRESENTATION_CONTEXT('2D SPACE',''
  ) );
#9430 = PCURVE('',#9294,#9431);
#9431 = DEFINITIONAL_REPRESENTATION('',(#9432),#9436);
#9432 = LINE('',#9433,#9434);
#9433 = CARTESIAN_POINT('',(0.,2.54));
#9434 = VECTOR('',#9435,1.);
#9435 = DIRECTION('',(1.,0.));
#9436 = ( GEOMETRIC_REPRESENTATION_CONTEXT(2) 
PARAMETRIC_REPRESENTATION_CONTEXT() REPRESENTATION_CONTEXT('2D SPACE',''
  ) );
#9437 = ORIENTED_EDGE('',*,*,#9438,.F.);
#9438 = EDGE_CURVE('',#9392,#9416,#9439,.T.);
#9439 = SURFACE_CURVE('',#9440,(#9444,#9451),.PCURVE_S1.);
#9440 = LINE('',#9441,#9442);
#9441 = CARTESIAN_POINT('',(16.51,1.27,-2.5));
#9442 = VECTOR('',#9443,1.);
#9443 = DIRECTION('',(0.,0.,1.));
#9444 = PCURVE('',#9376,#9445);
#9445 = DEFINITIONAL_REPRESENTATION('',(#9446),#9450);
#9446 = LINE('',#9447,#9448);
#9447 = CARTESIAN_POINT('',(0.,2.54));
#9448 = VECTOR('',#9449,1.);
#9449 = DIRECTION('',(1.,0.));
#9450 = ( GEOMETRIC_REPRESENTATION_CONTEXT(2) 
PARAMETRIC_REPRESENTATION_CONTEXT() REPRESENTATION_CONTEXT('2D SPACE',''
  ) );
#9451 = PCURVE('',#9452,#9457);
#9452 = PLANE('',#9453);
#9453 = AXIS2_PLACEMENT_3D('',#9454,#9455,#9456);
#9454 = CARTESIAN_POINT('',(16.51,-1.27,-2.5));
#9455 = DIRECTION('',(1.,0.,0.));
#9456 = DIRECTION('',(0.,0.,1.));
#9457 = DEFINITIONAL_REPRESENTATION('',(#9458),#9462);
#9458 = LINE('',#9459,#9460);
#9459 = CARTESIAN_POINT('',(0.,-2.54));
#9460 = VECTOR('',#9461,1.);
#9461 = DIRECTION('',(1.,0.));
#9462 = ( GEOMETRIC_REPRESENTATION_CONTEXT(2) 
PARAMETRIC_REPRESENTATION_CONTEXT() REPRESENTATION_CONTEXT('2D SPACE',''
  ) );
#9463 = ADVANCED_FACE('',(#9464),#9452,.T.);
#9464 = FACE_BOUND('',#9465,.T.);
#9465 = EDGE_LOOP('',(#9466,#9489,#9512,#9533));
#9466 = ORIENTED_EDGE('',*,*,#9467,.F.);
#9467 = EDGE_CURVE('',#9468,#9416,#9470,.T.);
#9468 = VERTEX_POINT('',#9469);
#9469 = CARTESIAN_POINT('',(16.51,-19.05,0.));
#9470 = SURFACE_CURVE('',#9471,(#9475,#9482),.PCURVE_S1.);
#9471 = LINE('',#9472,#9473);
#9472 = CARTESIAN_POINT('',(16.51,-19.05,0.));
#9473 = VECTOR('',#9474,1.);
#9474 = DIRECTION('',(0.,1.,0.));
#9475 = PCURVE('',#9452,#9476);
#9476 = DEFINITIONAL_REPRESENTATION('',(#9477),#9481);
#9477 = LINE('',#9478,#9479);
#9478 = CARTESIAN_POINT('',(2.5,17.78));
#9479 = VECTOR('',#9480,1.);
#9480 = DIRECTION('',(0.,-1.));
#9481 = ( GEOMETRIC_REPRESENTATION_CONTEXT(2) 
PARAMETRIC_REPRESENTATION_CONTEXT() REPRESENTATION_CONTEXT('2D SPACE',''
  ) );
#9482 = PCURVE('',#9294,#9483);
#9483 = DEFINITIONAL_REPRESENTATION('',(#9484),#9488);
#9484 = LINE('',#9485,#9486);
#9485 = CARTESIAN_POINT('',(2.54,-17.78));
#9486 = VECTOR('',#9487,1.);
#9487 = DIRECTION('',(0.,1.));
#9488 = ( GEOMETRIC_REPRESENTATION_CONTEXT(2) 
PARAMETRIC_REPRESENTATION_CONTEXT() REPRESENTATION_CONTEXT('2D SPACE',''
  ) );
#9489 = ORIENTED_EDGE('',*,*,#9490,.F.);
#9490 = EDGE_CURVE('',#9491,#9468,#9493,.T.);
#9491 = VERTEX_POINT('',#9492);
#9492 = CARTESIAN_POINT('',(16.51,-19.05,-2.5));
#9493 = SURFACE_CURVE('',#9494,(#9498,#9505),.PCURVE_S1.);
#9494 = LINE('',#9495,#9496);
#9495 = CARTESIAN_POINT('',(16.51,-19.05,-2.5));
#9496 = VECTOR('',#9497,1.);
#9497 = DIRECTION('',(0.,0.,1.));
#9498 = PCURVE('',#9452,#9499);
#9499 = DEFINITIONAL_REPRESENTATION('',(#9500),#9504);
#9500 = LINE('',#9501,#9502);
#9501 = CARTESIAN_POINT('',(0.,17.78));
#9502 = VECTOR('',#9503,1.);
#9503 = DIRECTION('',(1.,0.));
#9504 = ( GEOMETRIC_REPRESENTATION_CONTEXT(2) 
PARAMETRIC_REPRESENTATION_CONTEXT() REPRESENTATION_CONTEXT('2D SPACE',''
  ) );
#9505 = PCURVE('',#9322,#9506);
#9506 = DEFINITIONAL_REPRESENTATION('',(#9507),#9511);
#9507 = LINE('',#9508,#9509);
#9508 = CARTESIAN_POINT('',(0.,2.54));
#9509 = VECTOR('',#9510,1.);
#9510 = DIRECTION('',(1.,0.));
#9511 = ( GEOMETRIC_REPRESENTATION_CONTEXT(2) 
PARAMETRIC_REPRESENTATION_CONTEXT() REPRESENTATION_CONTEXT('2D SPACE',''
  ) );
#9512 = ORIENTED_EDGE('',*,*,#9513,.F.);
#9513 = EDGE_CURVE('',#9392,#9491,#9514,.T.);
#9514 = SURFACE_CURVE('',#9515,(#9519,#9526),.PCURVE_S1.);
#9515 = LINE('',#9516,#9517);
#9516 = CARTESIAN_POINT('',(16.51,1.27,-2.5));
#9517 = VECTOR('',#9518,1.);
#9518 = DIRECTION('',(0.,-1.,0.));
#9519 = PCURVE('',#9452,#9520);
#9520 = DEFINITIONAL_REPRESENTATION('',(#9521),#9525);
#9521 = LINE('',#9522,#9523);
#9522 = CARTESIAN_POINT('',(0.,-2.54));
#9523 = VECTOR('',#9524,1.);
#9524 = DIRECTION('',(0.,1.));
#9525 = ( GEOMETRIC_REPRESENTATION_CONTEXT(2) 
PARAMETRIC_REPRESENTATION_CONTEXT() REPRESENTATION_CONTEXT('2D SPACE',''
  ) );
#9526 = PCURVE('',#9350,#9527);
#9527 = DEFINITIONAL_REPRESENTATION('',(#9528),#9532);
#9528 = LINE('',#9529,#9530);
#9529 = CARTESIAN_POINT('',(2.54,2.54));
#9530 = VECTOR('',#9531,1.);
#9531 = DIRECTION('',(0.,-1.));
#9532 = ( GEOMETRIC_REPRESENTATION_CONTEXT(2) 
PARAMETRIC_REPRESENTATION_CONTEXT() REPRESENTATION_CONTEXT('2D SPACE',''
  ) );
#9533 = ORIENTED_EDGE('',*,*,#9438,.T.);
#9534 = ADVANCED_FACE('',(#9535),#9350,.F.);
#9535 = FACE_BOUND('',#9536,.F.);
#9536 = EDGE_LOOP('',(#9537,#9538,#9559,#9560));
#9537 = ORIENTED_EDGE('',*,*,#9334,.T.);
#9538 = ORIENTED_EDGE('',*,*,#9539,.T.);
#9539 = EDGE_CURVE('',#9307,#9491,#9540,.T.);
#9540 = SURFACE_CURVE('',#9541,(#9545,#9552),.PCURVE_S1.);
#9541 = LINE('',#9542,#9543);
#9542 = CARTESIAN_POINT('',(13.97,-19.05,-2.5));
#9543 = VECTOR('',#9544,1.);
#9544 = DIRECTION('',(1.,0.,0.));
#9545 = PCURVE('',#9350,#9546);
#9546 = DEFINITIONAL_REPRESENTATION('',(#9547),#9551);
#9547 = LINE('',#9548,#9549);
#9548 = CARTESIAN_POINT('',(0.,-17.78));
#9549 = VECTOR('',#9550,1.);
#9550 = DIRECTION('',(1.,0.));
#9551 = ( GEOMETRIC_REPRESENTATION_CONTEXT(2) 
PARAMETRIC_REPRESENTATION_CONTEXT() REPRESENTATION_CONTEXT('2D SPACE',''
  ) );
#9552 = PCURVE('',#9322,#9553);
#9553 = DEFINITIONAL_REPRESENTATION('',(#9554),#9558);
#9554 = LINE('',#9555,#9556);
#9555 = CARTESIAN_POINT('',(0.,0.));
#9556 = VECTOR('',#9557,1.);
#9557 = DIRECTION('',(0.,1.));
#9558 = ( GEOMETRIC_REPRESENTATION_CONTEXT(2) 
PARAMETRIC_REPRESENTATION_CONTEXT() REPRESENTATION_CONTEXT('2D SPACE',''
  ) );
#9559 = ORIENTED_EDGE('',*,*,#9513,.F.);
#9560 = ORIENTED_EDGE('',*,*,#9391,.F.);
#9561 = ADVANCED_FACE('',(#9562),#9322,.F.);
#9562 = FACE_BOUND('',#9563,.F.);
#9563 = EDGE_LOOP('',(#9564,#9565,#9566,#9587));
#9564 = ORIENTED_EDGE('',*,*,#9539,.F.);
#9565 = ORIENTED_EDGE('',*,*,#9306,.T.);
#9566 = ORIENTED_EDGE('',*,*,#9567,.T.);
#9567 = EDGE_CURVE('',#9272,#9468,#9568,.T.);
#9568 = SURFACE_CURVE('',#9569,(#9573,#9580),.PCURVE_S1.);
#9569 = LINE('',#9570,#9571);
#9570 = CARTESIAN_POINT('',(13.97,-19.05,0.));
#9571 = VECTOR('',#9572,1.);
#9572 = DIRECTION('',(1.,0.,0.));
#9573 = PCURVE('',#9322,#9574);
#9574 = DEFINITIONAL_REPRESENTATION('',(#9575),#9579);
#9575 = LINE('',#9576,#9577);
#9576 = CARTESIAN_POINT('',(2.5,0.));
#9577 = VECTOR('',#9578,1.);
#9578 = DIRECTION('',(0.,1.));
#9579 = ( GEOMETRIC_REPRESENTATION_CONTEXT(2) 
PARAMETRIC_REPRESENTATION_CONTEXT() REPRESENTATION_CONTEXT('2D SPACE',''
  ) );
#9580 = PCURVE('',#9294,#9581);
#9581 = DEFINITIONAL_REPRESENTATION('',(#9582),#9586);
#9582 = LINE('',#9583,#9584);
#9583 = CARTESIAN_POINT('',(0.,-17.78));
#9584 = VECTOR('',#9585,1.);
#9585 = DIRECTION('',(1.,0.));
#9586 = ( GEOMETRIC_REPRESENTATION_CONTEXT(2) 
PARAMETRIC_REPRESENTATION_CONTEXT() REPRESENTATION_CONTEXT('2D SPACE',''
  ) );
#9587 = ORIENTED_EDGE('',*,*,#9490,.F.);
#9588 = ADVANCED_FACE('',(#9589),#9294,.T.);
#9589 = FACE_BOUND('',#9590,.T.);
#9590 = EDGE_LOOP('',(#9591,#9592,#9593,#9594));
#9591 = ORIENTED_EDGE('',*,*,#9271,.F.);
#9592 = ORIENTED_EDGE('',*,*,#9567,.T.);
#9593 = ORIENTED_EDGE('',*,*,#9467,.T.);
#9594 = ORIENTED_EDGE('',*,*,#9415,.F.);
#9595 = MANIFOLD_SOLID_BREP('',#9596);
#9596 = CLOSED_SHELL('',(#9597,#9717,#9793,#9864,#9891,#9918));
#9597 = ADVANCED_FACE('',(#9598),#9612,.F.);
#9598 = FACE_BOUND('',#9599,.F.);
#9599 = EDGE_LOOP('',(#9600,#9635,#9663,#9691));
#9600 = ORIENTED_EDGE('',*,*,#9601,.F.);
#9601 = EDGE_CURVE('',#9602,#9604,#9606,.T.);
#9602 = VERTEX_POINT('',#9603);
#9603 = CARTESIAN_POINT('',(-1.27,-19.05,0.));
#9604 = VERTEX_POINT('',#9605);
#9605 = CARTESIAN_POINT('',(-1.27,1.27,0.));
#9606 = SURFACE_CURVE('',#9607,(#9611,#9623),.PCURVE_S1.);
#9607 = LINE('',#9608,#9609);
#9608 = CARTESIAN_POINT('',(-1.27,-19.05,0.));
#9609 = VECTOR('',#9610,1.);
#9610 = DIRECTION('',(0.,1.,0.));
#9611 = PCURVE('',#9612,#9617);
#9612 = PLANE('',#9613);
#9613 = AXIS2_PLACEMENT_3D('',#9614,#9615,#9616);
#9614 = CARTESIAN_POINT('',(-1.27,-1.27,-2.5));
#9615 = DIRECTION('',(1.,0.,0.));
#9616 = DIRECTION('',(0.,0.,1.));
#9617 = DEFINITIONAL_REPRESENTATION('',(#9618),#9622);
#9618 = LINE('',#9619,#9620);
#9619 = CARTESIAN_POINT('',(2.5,17.78));
#9620 = VECTOR('',#9621,1.);
#9621 = DIRECTION('',(0.,-1.));
#9622 = ( GEOMETRIC_REPRESENTATION_CONTEXT(2) 
PARAMETRIC_REPRESENTATION_CONTEXT() REPRESENTATION_CONTEXT('2D SPACE',''
  ) );
#9623 = PCURVE('',#9624,#9629);
#9624 = PLANE('',#9625);
#9625 = AXIS2_PLACEMENT_3D('',#9626,#9627,#9628);
#9626 = CARTESIAN_POINT('',(-1.27,-1.27,0.));
#9627 = DIRECTION('',(0.,0.,1.));
#9628 = DIRECTION('',(1.,0.,0.));
#9629 = DEFINITIONAL_REPRESENTATION('',(#9630),#9634);
#9630 = LINE('',#9631,#9632);
#9631 = CARTESIAN_POINT('',(0.,-17.78));
#9632 = VECTOR('',#9633,1.);
#9633 = DIRECTION('',(0.,1.));
#9634 = ( GEOMETRIC_REPRESENTATION_CONTEXT(2) 
PARAMETRIC_REPRESENTATION_CONTEXT() REPRESENTATION_CONTEXT('2D SPACE',''
  ) );
#9635 = ORIENTED_EDGE('',*,*,#9636,.F.);
#9636 = EDGE_CURVE('',#9637,#9602,#9639,.T.);
#9637 = VERTEX_POINT('',#9638);
#9638 = CARTESIAN_POINT('',(-1.27,-19.05,-2.5));
#9639 = SURFACE_CURVE('',#9640,(#9644,#9651),.PCURVE_S1.);
#9640 = LINE('',#9641,#9642);
#9641 = CARTESIAN_POINT('',(-1.27,-19.05,-2.5));
#9642 = VECTOR('',#9643,1.);
#9643 = DIRECTION('',(0.,0.,1.));
#9644 = PCURVE('',#9612,#9645);
#9645 = DEFINITIONAL_REPRESENTATION('',(#9646),#9650);
#9646 = LINE('',#9647,#9648);
#9647 = CARTESIAN_POINT('',(0.,17.78));
#9648 = VECTOR('',#9649,1.);
#9649 = DIRECTION('',(1.,0.));
#9650 = ( GEOMETRIC_REPRESENTATION_CONTEXT(2) 
PARAMETRIC_REPRESENTATION_CONTEXT() REPRESENTATION_CONTEXT('2D SPACE',''
  ) );
#9651 = PCURVE('',#9652,#9657);
#9652 = PLANE('',#9653);
#9653 = AXIS2_PLACEMENT_3D('',#9654,#9655,#9656);
#9654 = CARTESIAN_POINT('',(-1.27,-19.05,-2.5));
#9655 = DIRECTION('',(0.,1.,0.));
#9656 = DIRECTION('',(0.,0.,1.));
#9657 = DEFINITIONAL_REPRESENTATION('',(#9658),#9662);
#9658 = LINE('',#9659,#9660);
#9659 = CARTESIAN_POINT('',(0.,0.));
#9660 = VECTOR('',#9661,1.);
#9661 = DIRECTION('',(1.,0.));
#9662 = ( GEOMETRIC_REPRESENTATION_CONTEXT(2) 
PARAMETRIC_REPRESENTATION_CONTEXT() REPRESENTATION_CONTEXT('2D SPACE',''
  ) );
#9663 = ORIENTED_EDGE('',*,*,#9664,.F.);
#9664 = EDGE_CURVE('',#9665,#9637,#9667,.T.);
#9665 = VERTEX_POINT('',#9666);
#9666 = CARTESIAN_POINT('',(-1.27,1.27,-2.5));
#9667 = SURFACE_CURVE('',#9668,(#9672,#9679),.PCURVE_S1.);
#9668 = LINE('',#9669,#9670);
#9669 = CARTESIAN_POINT('',(-1.27,1.27,-2.5));
#9670 = VECTOR('',#9671,1.);
#9671 = DIRECTION('',(0.,-1.,0.));
#9672 = PCURVE('',#9612,#9673);
#9673 = DEFINITIONAL_REPRESENTATION('',(#9674),#9678);
#9674 = LINE('',#9675,#9676);
#9675 = CARTESIAN_POINT('',(0.,-2.54));
#9676 = VECTOR('',#9677,1.);
#9677 = DIRECTION('',(0.,1.));
#9678 = ( GEOMETRIC_REPRESENTATION_CONTEXT(2) 
PARAMETRIC_REPRESENTATION_CONTEXT() REPRESENTATION_CONTEXT('2D SPACE',''
  ) );
#9679 = PCURVE('',#9680,#9685);
#9680 = PLANE('',#9681);
#9681 = AXIS2_PLACEMENT_3D('',#9682,#9683,#9684);
#9682 = CARTESIAN_POINT('',(-1.27,-1.27,-2.5));
#9683 = DIRECTION('',(0.,0.,1.));
#9684 = DIRECTION('',(1.,0.,0.));
#9685 = DEFINITIONAL_REPRESENTATION('',(#9686),#9690);
#9686 = LINE('',#9687,#9688);
#9687 = CARTESIAN_POINT('',(0.,2.54));
#9688 = VECTOR('',#9689,1.);
#9689 = DIRECTION('',(0.,-1.));
#9690 = ( GEOMETRIC_REPRESENTATION_CONTEXT(2) 
PARAMETRIC_REPRESENTATION_CONTEXT() REPRESENTATION_CONTEXT('2D SPACE',''
  ) );
#9691 = ORIENTED_EDGE('',*,*,#9692,.T.);
#9692 = EDGE_CURVE('',#9665,#9604,#9693,.T.);
#9693 = SURFACE_CURVE('',#9694,(#9698,#9705),.PCURVE_S1.);
#9694 = LINE('',#9695,#9696);
#9695 = CARTESIAN_POINT('',(-1.27,1.27,-2.5));
#9696 = VECTOR('',#9697,1.);
#9697 = DIRECTION('',(0.,0.,1.));
#9698 = PCURVE('',#9612,#9699);
#9699 = DEFINITIONAL_REPRESENTATION('',(#9700),#9704);
#9700 = LINE('',#9701,#9702);
#9701 = CARTESIAN_POINT('',(0.,-2.54));
#9702 = VECTOR('',#9703,1.);
#9703 = DIRECTION('',(1.,0.));
#9704 = ( GEOMETRIC_REPRESENTATION_CONTEXT(2) 
PARAMETRIC_REPRESENTATION_CONTEXT() REPRESENTATION_CONTEXT('2D SPACE',''
  ) );
#9705 = PCURVE('',#9706,#9711);
#9706 = PLANE('',#9707);
#9707 = AXIS2_PLACEMENT_3D('',#9708,#9709,#9710);
#9708 = CARTESIAN_POINT('',(-1.27,1.27,-2.5));
#9709 = DIRECTION('',(0.,1.,0.));
#9710 = DIRECTION('',(0.,0.,1.));
#9711 = DEFINITIONAL_REPRESENTATION('',(#9712),#9716);
#9712 = LINE('',#9713,#9714);
#9713 = CARTESIAN_POINT('',(0.,0.));
#9714 = VECTOR('',#9715,1.);
#9715 = DIRECTION('',(1.,0.));
#9716 = ( GEOMETRIC_REPRESENTATION_CONTEXT(2) 
PARAMETRIC_REPRESENTATION_CONTEXT() REPRESENTATION_CONTEXT('2D SPACE',''
  ) );
#9717 = ADVANCED_FACE('',(#9718),#9706,.T.);
#9718 = FACE_BOUND('',#9719,.T.);
#9719 = EDGE_LOOP('',(#9720,#9743,#9744,#9767));
#9720 = ORIENTED_EDGE('',*,*,#9721,.F.);
#9721 = EDGE_CURVE('',#9665,#9722,#9724,.T.);
#9722 = VERTEX_POINT('',#9723);
#9723 = CARTESIAN_POINT('',(1.27,1.27,-2.5));
#9724 = SURFACE_CURVE('',#9725,(#9729,#9736),.PCURVE_S1.);
#9725 = LINE('',#9726,#9727);
#9726 = CARTESIAN_POINT('',(-1.27,1.27,-2.5));
#9727 = VECTOR('',#9728,1.);
#9728 = DIRECTION('',(1.,0.,0.));
#9729 = PCURVE('',#9706,#9730);
#9730 = DEFINITIONAL_REPRESENTATION('',(#9731),#9735);
#9731 = LINE('',#9732,#9733);
#9732 = CARTESIAN_POINT('',(0.,0.));
#9733 = VECTOR('',#9734,1.);
#9734 = DIRECTION('',(0.,1.));
#9735 = ( GEOMETRIC_REPRESENTATION_CONTEXT(2) 
PARAMETRIC_REPRESENTATION_CONTEXT() REPRESENTATION_CONTEXT('2D SPACE',''
  ) );
#9736 = PCURVE('',#9680,#9737);
#9737 = DEFINITIONAL_REPRESENTATION('',(#9738),#9742);
#9738 = LINE('',#9739,#9740);
#9739 = CARTESIAN_POINT('',(0.,2.54));
#9740 = VECTOR('',#9741,1.);
#9741 = DIRECTION('',(1.,0.));
#9742 = ( GEOMETRIC_REPRESENTATION_CONTEXT(2) 
PARAMETRIC_REPRESENTATION_CONTEXT() REPRESENTATION_CONTEXT('2D SPACE',''
  ) );
#9743 = ORIENTED_EDGE('',*,*,#9692,.T.);
#9744 = ORIENTED_EDGE('',*,*,#9745,.T.);
#9745 = EDGE_CURVE('',#9604,#9746,#9748,.T.);
#9746 = VERTEX_POINT('',#9747);
#9747 = CARTESIAN_POINT('',(1.27,1.27,0.));
#9748 = SURFACE_CURVE('',#9749,(#9753,#9760),.PCURVE_S1.);
#9749 = LINE('',#9750,#9751);
#9750 = CARTESIAN_POINT('',(-1.27,1.27,0.));
#9751 = VECTOR('',#9752,1.);
#9752 = DIRECTION('',(1.,0.,0.));
#9753 = PCURVE('',#9706,#9754);
#9754 = DEFINITIONAL_REPRESENTATION('',(#9755),#9759);
#9755 = LINE('',#9756,#9757);
#9756 = CARTESIAN_POINT('',(2.5,0.));
#9757 = VECTOR('',#9758,1.);
#9758 = DIRECTION('',(0.,1.));
#9759 = ( GEOMETRIC_REPRESENTATION_CONTEXT(2) 
PARAMETRIC_REPRESENTATION_CONTEXT() REPRESENTATION_CONTEXT('2D SPACE',''
  ) );
#9760 = PCURVE('',#9624,#9761);
#9761 = DEFINITIONAL_REPRESENTATION('',(#9762),#9766);
#9762 = LINE('',#9763,#9764);
#9763 = CARTESIAN_POINT('',(0.,2.54));
#9764 = VECTOR('',#9765,1.);
#9765 = DIRECTION('',(1.,0.));
#9766 = ( GEOMETRIC_REPRESENTATION_CONTEXT(2) 
PARAMETRIC_REPRESENTATION_CONTEXT() REPRESENTATION_CONTEXT('2D SPACE',''
  ) );
#9767 = ORIENTED_EDGE('',*,*,#9768,.F.);
#9768 = EDGE_CURVE('',#9722,#9746,#9769,.T.);
#9769 = SURFACE_CURVE('',#9770,(#9774,#9781),.PCURVE_S1.);
#9770 = LINE('',#9771,#9772);
#9771 = CARTESIAN_POINT('',(1.27,1.27,-2.5));
#9772 = VECTOR('',#9773,1.);
#9773 = DIRECTION('',(0.,0.,1.));
#9774 = PCURVE('',#9706,#9775);
#9775 = DEFINITIONAL_REPRESENTATION('',(#9776),#9780);
#9776 = LINE('',#9777,#9778);
#9777 = CARTESIAN_POINT('',(0.,2.54));
#9778 = VECTOR('',#9779,1.);
#9779 = DIRECTION('',(1.,0.));
#9780 = ( GEOMETRIC_REPRESENTATION_CONTEXT(2) 
PARAMETRIC_REPRESENTATION_CONTEXT() REPRESENTATION_CONTEXT('2D SPACE',''
  ) );
#9781 = PCURVE('',#9782,#9787);
#9782 = PLANE('',#9783);
#9783 = AXIS2_PLACEMENT_3D('',#9784,#9785,#9786);
#9784 = CARTESIAN_POINT('',(1.27,-1.27,-2.5));
#9785 = DIRECTION('',(1.,0.,0.));
#9786 = DIRECTION('',(0.,0.,1.));
#9787 = DEFINITIONAL_REPRESENTATION('',(#9788),#9792);
#9788 = LINE('',#9789,#9790);
#9789 = CARTESIAN_POINT('',(0.,-2.54));
#9790 = VECTOR('',#9791,1.);
#9791 = DIRECTION('',(1.,0.));
#9792 = ( GEOMETRIC_REPRESENTATION_CONTEXT(2) 
PARAMETRIC_REPRESENTATION_CONTEXT() REPRESENTATION_CONTEXT('2D SPACE',''
  ) );
#9793 = ADVANCED_FACE('',(#9794),#9782,.T.);
#9794 = FACE_BOUND('',#9795,.T.);
#9795 = EDGE_LOOP('',(#9796,#9819,#9842,#9863));
#9796 = ORIENTED_EDGE('',*,*,#9797,.F.);
#9797 = EDGE_CURVE('',#9798,#9746,#9800,.T.);
#9798 = VERTEX_POINT('',#9799);
#9799 = CARTESIAN_POINT('',(1.27,-19.05,0.));
#9800 = SURFACE_CURVE('',#9801,(#9805,#9812),.PCURVE_S1.);
#9801 = LINE('',#9802,#9803);
#9802 = CARTESIAN_POINT('',(1.27,-19.05,0.));
#9803 = VECTOR('',#9804,1.);
#9804 = DIRECTION('',(0.,1.,0.));
#9805 = PCURVE('',#9782,#9806);
#9806 = DEFINITIONAL_REPRESENTATION('',(#9807),#9811);
#9807 = LINE('',#9808,#9809);
#9808 = CARTESIAN_POINT('',(2.5,17.78));
#9809 = VECTOR('',#9810,1.);
#9810 = DIRECTION('',(0.,-1.));
#9811 = ( GEOMETRIC_REPRESENTATION_CONTEXT(2) 
PARAMETRIC_REPRESENTATION_CONTEXT() REPRESENTATION_CONTEXT('2D SPACE',''
  ) );
#9812 = PCURVE('',#9624,#9813);
#9813 = DEFINITIONAL_REPRESENTATION('',(#9814),#9818);
#9814 = LINE('',#9815,#9816);
#9815 = CARTESIAN_POINT('',(2.54,-17.78));
#9816 = VECTOR('',#9817,1.);
#9817 = DIRECTION('',(0.,1.));
#9818 = ( GEOMETRIC_REPRESENTATION_CONTEXT(2) 
PARAMETRIC_REPRESENTATION_CONTEXT() REPRESENTATION_CONTEXT('2D SPACE',''
  ) );
#9819 = ORIENTED_EDGE('',*,*,#9820,.F.);
#9820 = EDGE_CURVE('',#9821,#9798,#9823,.T.);
#9821 = VERTEX_POINT('',#9822);
#9822 = CARTESIAN_POINT('',(1.27,-19.05,-2.5));
#9823 = SURFACE_CURVE('',#9824,(#9828,#9835),.PCURVE_S1.);
#9824 = LINE('',#9825,#9826);
#9825 = CARTESIAN_POINT('',(1.27,-19.05,-2.5));
#9826 = VECTOR('',#9827,1.);
#9827 = DIRECTION('',(0.,0.,1.));
#9828 = PCURVE('',#9782,#9829);
#9829 = DEFINITIONAL_REPRESENTATION('',(#9830),#9834);
#9830 = LINE('',#9831,#9832);
#9831 = CARTESIAN_POINT('',(0.,17.78));
#9832 = VECTOR('',#9833,1.);
#9833 = DIRECTION('',(1.,0.));
#9834 = ( GEOMETRIC_REPRESENTATION_CONTEXT(2) 
PARAMETRIC_REPRESENTATION_CONTEXT() REPRESENTATION_CONTEXT('2D SPACE',''
  ) );
#9835 = PCURVE('',#9652,#9836);
#9836 = DEFINITIONAL_REPRESENTATION('',(#9837),#9841);
#9837 = LINE('',#9838,#9839);
#9838 = CARTESIAN_POINT('',(0.,2.54));
#9839 = VECTOR('',#9840,1.);
#9840 = DIRECTION('',(1.,0.));
#9841 = ( GEOMETRIC_REPRESENTATION_CONTEXT(2) 
PARAMETRIC_REPRESENTATION_CONTEXT() REPRESENTATION_CONTEXT('2D SPACE',''
  ) );
#9842 = ORIENTED_EDGE('',*,*,#9843,.F.);
#9843 = EDGE_CURVE('',#9722,#9821,#9844,.T.);
#9844 = SURFACE_CURVE('',#9845,(#9849,#9856),.PCURVE_S1.);
#9845 = LINE('',#9846,#9847);
#9846 = CARTESIAN_POINT('',(1.27,1.27,-2.5));
#9847 = VECTOR('',#9848,1.);
#9848 = DIRECTION('',(0.,-1.,0.));
#9849 = PCURVE('',#9782,#9850);
#9850 = DEFINITIONAL_REPRESENTATION('',(#9851),#9855);
#9851 = LINE('',#9852,#9853);
#9852 = CARTESIAN_POINT('',(0.,-2.54));
#9853 = VECTOR('',#9854,1.);
#9854 = DIRECTION('',(0.,1.));
#9855 = ( GEOMETRIC_REPRESENTATION_CONTEXT(2) 
PARAMETRIC_REPRESENTATION_CONTEXT() REPRESENTATION_CONTEXT('2D SPACE',''
  ) );
#9856 = PCURVE('',#9680,#9857);
#9857 = DEFINITIONAL_REPRESENTATION('',(#9858),#9862);
#9858 = LINE('',#9859,#9860);
#9859 = CARTESIAN_POINT('',(2.54,2.54));
#9860 = VECTOR('',#9861,1.);
#9861 = DIRECTION('',(0.,-1.));
#9862 = ( GEOMETRIC_REPRESENTATION_CONTEXT(2) 
PARAMETRIC_REPRESENTATION_CONTEXT() REPRESENTATION_CONTEXT('2D SPACE',''
  ) );
#9863 = ORIENTED_EDGE('',*,*,#9768,.T.);
#9864 = ADVANCED_FACE('',(#9865),#9680,.F.);
#9865 = FACE_BOUND('',#9866,.F.);
#9866 = EDGE_LOOP('',(#9867,#9868,#9889,#9890));
#9867 = ORIENTED_EDGE('',*,*,#9664,.T.);
#9868 = ORIENTED_EDGE('',*,*,#9869,.T.);
#9869 = EDGE_CURVE('',#9637,#9821,#9870,.T.);
#9870 = SURFACE_CURVE('',#9871,(#9875,#9882),.PCURVE_S1.);
#9871 = LINE('',#9872,#9873);
#9872 = CARTESIAN_POINT('',(-1.27,-19.05,-2.5));
#9873 = VECTOR('',#9874,1.);
#9874 = DIRECTION('',(1.,0.,0.));
#9875 = PCURVE('',#9680,#9876);
#9876 = DEFINITIONAL_REPRESENTATION('',(#9877),#9881);
#9877 = LINE('',#9878,#9879);
#9878 = CARTESIAN_POINT('',(0.,-17.78));
#9879 = VECTOR('',#9880,1.);
#9880 = DIRECTION('',(1.,0.));
#9881 = ( GEOMETRIC_REPRESENTATION_CONTEXT(2) 
PARAMETRIC_REPRESENTATION_CONTEXT() REPRESENTATION_CONTEXT('2D SPACE',''
  ) );
#9882 = PCURVE('',#9652,#9883);
#9883 = DEFINITIONAL_REPRESENTATION('',(#9884),#9888);
#9884 = LINE('',#9885,#9886);
#9885 = CARTESIAN_POINT('',(0.,0.));
#9886 = VECTOR('',#9887,1.);
#9887 = DIRECTION('',(0.,1.));
#9888 = ( GEOMETRIC_REPRESENTATION_CONTEXT(2) 
PARAMETRIC_REPRESENTATION_CONTEXT() REPRESENTATION_CONTEXT('2D SPACE',''
  ) );
#9889 = ORIENTED_EDGE('',*,*,#9843,.F.);
#9890 = ORIENTED_EDGE('',*,*,#9721,.F.);
#9891 = ADVANCED_FACE('',(#9892),#9652,.F.);
#9892 = FACE_BOUND('',#9893,.F.);
#9893 = EDGE_LOOP('',(#9894,#9895,#9896,#9917));
#9894 = ORIENTED_EDGE('',*,*,#9869,.F.);
#9895 = ORIENTED_EDGE('',*,*,#9636,.T.);
#9896 = ORIENTED_EDGE('',*,*,#9897,.T.);
#9897 = EDGE_CURVE('',#9602,#9798,#9898,.T.);
#9898 = SURFACE_CURVE('',#9899,(#9903,#9910),.PCURVE_S1.);
#9899 = LINE('',#9900,#9901);
#9900 = CARTESIAN_POINT('',(-1.27,-19.05,0.));
#9901 = VECTOR('',#9902,1.);
#9902 = DIRECTION('',(1.,0.,0.));
#9903 = PCURVE('',#9652,#9904);
#9904 = DEFINITIONAL_REPRESENTATION('',(#9905),#9909);
#9905 = LINE('',#9906,#9907);
#9906 = CARTESIAN_POINT('',(2.5,0.));
#9907 = VECTOR('',#9908,1.);
#9908 = DIRECTION('',(0.,1.));
#9909 = ( GEOMETRIC_REPRESENTATION_CONTEXT(2) 
PARAMETRIC_REPRESENTATION_CONTEXT() REPRESENTATION_CONTEXT('2D SPACE',''
  ) );
#9910 = PCURVE('',#9624,#9911);
#9911 = DEFINITIONAL_REPRESENTATION('',(#9912),#9916);
#9912 = LINE('',#9913,#9914);
#9913 = CARTESIAN_POINT('',(0.,-17.78));
#9914 = VECTOR('',#9915,1.);
#9915 = DIRECTION('',(1.,0.));
#9916 = ( GEOMETRIC_REPRESENTATION_CONTEXT(2) 
PARAMETRIC_REPRESENTATION_CONTEXT() REPRESENTATION_CONTEXT('2D SPACE',''
  ) );
#9917 = ORIENTED_EDGE('',*,*,#9820,.F.);
#9918 = ADVANCED_FACE('',(#9919),#9624,.T.);
#9919 = FACE_BOUND('',#9920,.T.);
#9920 = EDGE_LOOP('',(#9921,#9922,#9923,#9924));
#9921 = ORIENTED_EDGE('',*,*,#9601,.F.);
#9922 = ORIENTED_EDGE('',*,*,#9897,.T.);
#9923 = ORIENTED_EDGE('',*,*,#9797,.T.);
#9924 = ORIENTED_EDGE('',*,*,#9745,.F.);
#9925 = ( GEOMETRIC_REPRESENTATION_CONTEXT(3) 
GLOBAL_UNCERTAINTY_ASSIGNED_CONTEXT((#9929)) 
GLOBAL_UNIT_ASSIGNED_CONTEXT((#9926,#9927,#9928)) REPRESENTATION_CONTEXT
('Context #1','3D Context with UNIT and UNCERTAINTY') );
#9926 = ( LENGTH_UNIT() NAMED_UNIT(*) SI_UNIT(.MILLI.,.METRE.) );
#9927 = ( NAMED_UNIT(*) PLANE_ANGLE_UNIT() SI_UNIT($,.RADIAN.) );
#9928 = ( NAMED_UNIT(*) SI_UNIT($,.STERADIAN.) SOLID_ANGLE_UNIT() );
#9929 = UNCERTAINTY_MEASURE_WITH_UNIT(LENGTH_MEASURE(1.E-07),#9926,
  'distance_accuracy_value','confusion accuracy');
#9930 = CONTEXT_DEPENDENT_SHAPE_REPRESENTATION(#9931,#9933);
#9931 = ( REPRESENTATION_RELATIONSHIP('','',#9264,#10) 
REPRESENTATION_RELATIONSHIP_WITH_TRANSFORMATION(#9932) 
SHAPE_REPRESENTATION_RELATIONSHIP() );
#9932 = ITEM_DEFINED_TRANSFORMATION('','',#11,#63);
#9933 = PRODUCT_DEFINITION_SHAPE('Placement','Placement of an item',
  #9934);
#9934 = NEXT_ASSEMBLY_USAGE_OCCURRENCE('24','body_12','',#5,#9259,$);
#9935 = PRODUCT_RELATED_PRODUCT_CATEGORY('part',$,(#9261));
#9936 = SHAPE_DEFINITION_REPRESENTATION(#9937,#9943);
#9937 = PRODUCT_DEFINITION_SHAPE('','',#9938);
#9938 = PRODUCT_DEFINITION('design','',#9939,#9942);
#9939 = PRODUCT_DEFINITION_FORMATION('','',#9940);
#9940 = PRODUCT('pins_13','pins_13','',(#9941));
#9941 = PRODUCT_CONTEXT('',#2,'mechanical');
#9942 = PRODUCT_DEFINITION_CONTEXT('part definition',#2,'design');
#9943 = SHAPE_REPRESENTATION('',(#11,#9944,#10274,#10604,#10934,#11264,
    #11594,#11924,#12254,#12584,#12914,#13244,#13574,#13904,#14234,
    #14564,#14894),#15224);
#9944 = MANIFOLD_SOLID_BREP('',#9945);
#9945 = CLOSED_SHELL('',(#9946,#10066,#10166,#10213,#10260,#10267));
#9946 = ADVANCED_FACE('',(#9947),#9961,.F.);
#9947 = FACE_BOUND('',#9948,.F.);
#9948 = EDGE_LOOP('',(#9949,#9984,#10012,#10040));
#9949 = ORIENTED_EDGE('',*,*,#9950,.F.);
#9950 = EDGE_CURVE('',#9951,#9953,#9955,.T.);
#9951 = VERTEX_POINT('',#9952);
#9952 = CARTESIAN_POINT('',(-0.32,-0.32,-8.5));
#9953 = VERTEX_POINT('',#9954);
#9954 = CARTESIAN_POINT('',(-0.32,-0.32,3.));
#9955 = SURFACE_CURVE('',#9956,(#9960,#9972),.PCURVE_S1.);
#9956 = LINE('',#9957,#9958);
#9957 = CARTESIAN_POINT('',(-0.32,-0.32,-8.5));
#9958 = VECTOR('',#9959,1.);
#9959 = DIRECTION('',(0.,0.,1.));
#9960 = PCURVE('',#9961,#9966);
#9961 = PLANE('',#9962);
#9962 = AXIS2_PLACEMENT_3D('',#9963,#9964,#9965);
#9963 = CARTESIAN_POINT('',(-0.32,-0.32,-8.5));
#9964 = DIRECTION('',(1.,0.,0.));
#9965 = DIRECTION('',(0.,0.,1.));
#9966 = DEFINITIONAL_REPRESENTATION('',(#9967),#9971);
#9967 = LINE('',#9968,#9969);
#9968 = CARTESIAN_POINT('',(0.,0.));
#9969 = VECTOR('',#9970,1.);
#9970 = DIRECTION('',(1.,0.));
#9971 = ( GEOMETRIC_REPRESENTATION_CONTEXT(2) 
PARAMETRIC_REPRESENTATION_CONTEXT() REPRESENTATION_CONTEXT('2D SPACE',''
  ) );
#9972 = PCURVE('',#9973,#9978);
#9973 = PLANE('',#9974);
#9974 = AXIS2_PLACEMENT_3D('',#9975,#9976,#9977);
#9975 = CARTESIAN_POINT('',(-0.32,-0.32,-8.5));
#9976 = DIRECTION('',(0.,1.,0.));
#9977 = DIRECTION('',(0.,0.,1.));
#9978 = DEFINITIONAL_REPRESENTATION('',(#9979),#9983);
#9979 = LINE('',#9980,#9981);
#9980 = CARTESIAN_POINT('',(0.,0.));
#9981 = VECTOR('',#9982,1.);
#9982 = DIRECTION('',(1.,0.));
#9983 = ( GEOMETRIC_REPRESENTATION_CONTEXT(2) 
PARAMETRIC_REPRESENTATION_CONTEXT() REPRESENTATION_CONTEXT('2D SPACE',''
  ) );
#9984 = ORIENTED_EDGE('',*,*,#9985,.T.);
#9985 = EDGE_CURVE('',#9951,#9986,#9988,.T.);
#9986 = VERTEX_POINT('',#9987);
#9987 = CARTESIAN_POINT('',(-0.32,0.32,-8.5));
#9988 = SURFACE_CURVE('',#9989,(#9993,#10000),.PCURVE_S1.);
#9989 = LINE('',#9990,#9991);
#9990 = CARTESIAN_POINT('',(-0.32,-0.32,-8.5));
#9991 = VECTOR('',#9992,1.);
#9992 = DIRECTION('',(0.,1.,0.));
#9993 = PCURVE('',#9961,#9994);
#9994 = DEFINITIONAL_REPRESENTATION('',(#9995),#9999);
#9995 = LINE('',#9996,#9997);
#9996 = CARTESIAN_POINT('',(0.,0.));
#9997 = VECTOR('',#9998,1.);
#9998 = DIRECTION('',(0.,-1.));
#9999 = ( GEOMETRIC_REPRESENTATION_CONTEXT(2) 
PARAMETRIC_REPRESENTATION_CONTEXT() REPRESENTATION_CONTEXT('2D SPACE',''
  ) );
#10000 = PCURVE('',#10001,#10006);
#10001 = PLANE('',#10002);
#10002 = AXIS2_PLACEMENT_3D('',#10003,#10004,#10005);
#10003 = CARTESIAN_POINT('',(-0.32,-0.32,-8.5));
#10004 = DIRECTION('',(0.,0.,1.));
#10005 = DIRECTION('',(1.,0.,0.));
#10006 = DEFINITIONAL_REPRESENTATION('',(#10007),#10011);
#10007 = LINE('',#10008,#10009);
#10008 = CARTESIAN_POINT('',(0.,0.));
#10009 = VECTOR('',#10010,1.);
#10010 = DIRECTION('',(0.,1.));
#10011 = ( GEOMETRIC_REPRESENTATION_CONTEXT(2) 
PARAMETRIC_REPRESENTATION_CONTEXT() REPRESENTATION_CONTEXT('2D SPACE',''
  ) );
#10012 = ORIENTED_EDGE('',*,*,#10013,.T.);
#10013 = EDGE_CURVE('',#9986,#10014,#10016,.T.);
#10014 = VERTEX_POINT('',#10015);
#10015 = CARTESIAN_POINT('',(-0.32,0.32,3.));
#10016 = SURFACE_CURVE('',#10017,(#10021,#10028),.PCURVE_S1.);
#10017 = LINE('',#10018,#10019);
#10018 = CARTESIAN_POINT('',(-0.32,0.32,-8.5));
#10019 = VECTOR('',#10020,1.);
#10020 = DIRECTION('',(0.,0.,1.));
#10021 = PCURVE('',#9961,#10022);
#10022 = DEFINITIONAL_REPRESENTATION('',(#10023),#10027);
#10023 = LINE('',#10024,#10025);
#10024 = CARTESIAN_POINT('',(0.,-0.64));
#10025 = VECTOR('',#10026,1.);
#10026 = DIRECTION('',(1.,0.));
#10027 = ( GEOMETRIC_REPRESENTATION_CONTEXT(2) 
PARAMETRIC_REPRESENTATION_CONTEXT() REPRESENTATION_CONTEXT('2D SPACE',''
  ) );
#10028 = PCURVE('',#10029,#10034);
#10029 = PLANE('',#10030);
#10030 = AXIS2_PLACEMENT_3D('',#10031,#10032,#10033);
#10031 = CARTESIAN_POINT('',(-0.32,0.32,-8.5));
#10032 = DIRECTION('',(0.,1.,0.));
#10033 = DIRECTION('',(0.,0.,1.));
#10034 = DEFINITIONAL_REPRESENTATION('',(#10035),#10039);
#10035 = LINE('',#10036,#10037);
#10036 = CARTESIAN_POINT('',(0.,0.));
#10037 = VECTOR('',#10038,1.);
#10038 = DIRECTION('',(1.,0.));
#10039 = ( GEOMETRIC_REPRESENTATION_CONTEXT(2) 
PARAMETRIC_REPRESENTATION_CONTEXT() REPRESENTATION_CONTEXT('2D SPACE',''
  ) );
#10040 = ORIENTED_EDGE('',*,*,#10041,.F.);
#10041 = EDGE_CURVE('',#9953,#10014,#10042,.T.);
#10042 = SURFACE_CURVE('',#10043,(#10047,#10054),.PCURVE_S1.);
#10043 = LINE('',#10044,#10045);
#10044 = CARTESIAN_POINT('',(-0.32,-0.32,3.));
#10045 = VECTOR('',#10046,1.);
#10046 = DIRECTION('',(0.,1.,0.));
#10047 = PCURVE('',#9961,#10048);
#10048 = DEFINITIONAL_REPRESENTATION('',(#10049),#10053);
#10049 = LINE('',#10050,#10051);
#10050 = CARTESIAN_POINT('',(11.5,0.));
#10051 = VECTOR('',#10052,1.);
#10052 = DIRECTION('',(0.,-1.));
#10053 = ( GEOMETRIC_REPRESENTATION_CONTEXT(2) 
PARAMETRIC_REPRESENTATION_CONTEXT() REPRESENTATION_CONTEXT('2D SPACE',''
  ) );
#10054 = PCURVE('',#10055,#10060);
#10055 = PLANE('',#10056);
#10056 = AXIS2_PLACEMENT_3D('',#10057,#10058,#10059);
#10057 = CARTESIAN_POINT('',(-0.32,-0.32,3.));
#10058 = DIRECTION('',(0.,0.,1.));
#10059 = DIRECTION('',(1.,0.,0.));
#10060 = DEFINITIONAL_REPRESENTATION('',(#10061),#10065);
#10061 = LINE('',#10062,#10063);
#10062 = CARTESIAN_POINT('',(0.,0.));
#10063 = VECTOR('',#10064,1.);
#10064 = DIRECTION('',(0.,1.));
#10065 = ( GEOMETRIC_REPRESENTATION_CONTEXT(2) 
PARAMETRIC_REPRESENTATION_CONTEXT() REPRESENTATION_CONTEXT('2D SPACE',''
  ) );
#10066 = ADVANCED_FACE('',(#10067),#10081,.T.);
#10067 = FACE_BOUND('',#10068,.T.);
#10068 = EDGE_LOOP('',(#10069,#10099,#10122,#10145));
#10069 = ORIENTED_EDGE('',*,*,#10070,.F.);
#10070 = EDGE_CURVE('',#10071,#10073,#10075,.T.);
#10071 = VERTEX_POINT('',#10072);
#10072 = CARTESIAN_POINT('',(0.32,-0.32,-8.5));
#10073 = VERTEX_POINT('',#10074);
#10074 = CARTESIAN_POINT('',(0.32,-0.32,3.));
#10075 = SURFACE_CURVE('',#10076,(#10080,#10092),.PCURVE_S1.);
#10076 = LINE('',#10077,#10078);
#10077 = CARTESIAN_POINT('',(0.32,-0.32,-8.5));
#10078 = VECTOR('',#10079,1.);
#10079 = DIRECTION('',(0.,0.,1.));
#10080 = PCURVE('',#10081,#10086);
#10081 = PLANE('',#10082);
#10082 = AXIS2_PLACEMENT_3D('',#10083,#10084,#10085);
#10083 = CARTESIAN_POINT('',(0.32,-0.32,-8.5));
#10084 = DIRECTION('',(1.,0.,0.));
#10085 = DIRECTION('',(0.,0.,1.));
#10086 = DEFINITIONAL_REPRESENTATION('',(#10087),#10091);
#10087 = LINE('',#10088,#10089);
#10088 = CARTESIAN_POINT('',(0.,0.));
#10089 = VECTOR('',#10090,1.);
#10090 = DIRECTION('',(1.,0.));
#10091 = ( GEOMETRIC_REPRESENTATION_CONTEXT(2) 
PARAMETRIC_REPRESENTATION_CONTEXT() REPRESENTATION_CONTEXT('2D SPACE',''
  ) );
#10092 = PCURVE('',#9973,#10093);
#10093 = DEFINITIONAL_REPRESENTATION('',(#10094),#10098);
#10094 = LINE('',#10095,#10096);
#10095 = CARTESIAN_POINT('',(0.,0.64));
#10096 = VECTOR('',#10097,1.);
#10097 = DIRECTION('',(1.,0.));
#10098 = ( GEOMETRIC_REPRESENTATION_CONTEXT(2) 
PARAMETRIC_REPRESENTATION_CONTEXT() REPRESENTATION_CONTEXT('2D SPACE',''
  ) );
#10099 = ORIENTED_EDGE('',*,*,#10100,.T.);
#10100 = EDGE_CURVE('',#10071,#10101,#10103,.T.);
#10101 = VERTEX_POINT('',#10102);
#10102 = CARTESIAN_POINT('',(0.32,0.32,-8.5));
#10103 = SURFACE_CURVE('',#10104,(#10108,#10115),.PCURVE_S1.);
#10104 = LINE('',#10105,#10106);
#10105 = CARTESIAN_POINT('',(0.32,-0.32,-8.5));
#10106 = VECTOR('',#10107,1.);
#10107 = DIRECTION('',(0.,1.,0.));
#10108 = PCURVE('',#10081,#10109);
#10109 = DEFINITIONAL_REPRESENTATION('',(#10110),#10114);
#10110 = LINE('',#10111,#10112);
#10111 = CARTESIAN_POINT('',(0.,0.));
#10112 = VECTOR('',#10113,1.);
#10113 = DIRECTION('',(0.,-1.));
#10114 = ( GEOMETRIC_REPRESENTATION_CONTEXT(2) 
PARAMETRIC_REPRESENTATION_CONTEXT() REPRESENTATION_CONTEXT('2D SPACE',''
  ) );
#10115 = PCURVE('',#10001,#10116);
#10116 = DEFINITIONAL_REPRESENTATION('',(#10117),#10121);
#10117 = LINE('',#10118,#10119);
#10118 = CARTESIAN_POINT('',(0.64,0.));
#10119 = VECTOR('',#10120,1.);
#10120 = DIRECTION('',(0.,1.));
#10121 = ( GEOMETRIC_REPRESENTATION_CONTEXT(2) 
PARAMETRIC_REPRESENTATION_CONTEXT() REPRESENTATION_CONTEXT('2D SPACE',''
  ) );
#10122 = ORIENTED_EDGE('',*,*,#10123,.T.);
#10123 = EDGE_CURVE('',#10101,#10124,#10126,.T.);
#10124 = VERTEX_POINT('',#10125);
#10125 = CARTESIAN_POINT('',(0.32,0.32,3.));
#10126 = SURFACE_CURVE('',#10127,(#10131,#10138),.PCURVE_S1.);
#10127 = LINE('',#10128,#10129);
#10128 = CARTESIAN_POINT('',(0.32,0.32,-8.5));
#10129 = VECTOR('',#10130,1.);
#10130 = DIRECTION('',(0.,0.,1.));
#10131 = PCURVE('',#10081,#10132);
#10132 = DEFINITIONAL_REPRESENTATION('',(#10133),#10137);
#10133 = LINE('',#10134,#10135);
#10134 = CARTESIAN_POINT('',(0.,-0.64));
#10135 = VECTOR('',#10136,1.);
#10136 = DIRECTION('',(1.,0.));
#10137 = ( GEOMETRIC_REPRESENTATION_CONTEXT(2) 
PARAMETRIC_REPRESENTATION_CONTEXT() REPRESENTATION_CONTEXT('2D SPACE',''
  ) );
#10138 = PCURVE('',#10029,#10139);
#10139 = DEFINITIONAL_REPRESENTATION('',(#10140),#10144);
#10140 = LINE('',#10141,#10142);
#10141 = CARTESIAN_POINT('',(0.,0.64));
#10142 = VECTOR('',#10143,1.);
#10143 = DIRECTION('',(1.,0.));
#10144 = ( GEOMETRIC_REPRESENTATION_CONTEXT(2) 
PARAMETRIC_REPRESENTATION_CONTEXT() REPRESENTATION_CONTEXT('2D SPACE',''
  ) );
#10145 = ORIENTED_EDGE('',*,*,#10146,.F.);
#10146 = EDGE_CURVE('',#10073,#10124,#10147,.T.);
#10147 = SURFACE_CURVE('',#10148,(#10152,#10159),.PCURVE_S1.);
#10148 = LINE('',#10149,#10150);
#10149 = CARTESIAN_POINT('',(0.32,-0.32,3.));
#10150 = VECTOR('',#10151,1.);
#10151 = DIRECTION('',(0.,1.,0.));
#10152 = PCURVE('',#10081,#10153);
#10153 = DEFINITIONAL_REPRESENTATION('',(#10154),#10158);
#10154 = LINE('',#10155,#10156);
#10155 = CARTESIAN_POINT('',(11.5,0.));
#10156 = VECTOR('',#10157,1.);
#10157 = DIRECTION('',(0.,-1.));
#10158 = ( GEOMETRIC_REPRESENTATION_CONTEXT(2) 
PARAMETRIC_REPRESENTATION_CONTEXT() REPRESENTATION_CONTEXT('2D SPACE',''
  ) );
#10159 = PCURVE('',#10055,#10160);
#10160 = DEFINITIONAL_REPRESENTATION('',(#10161),#10165);
#10161 = LINE('',#10162,#10163);
#10162 = CARTESIAN_POINT('',(0.64,0.));
#10163 = VECTOR('',#10164,1.);
#10164 = DIRECTION('',(0.,1.));
#10165 = ( GEOMETRIC_REPRESENTATION_CONTEXT(2) 
PARAMETRIC_REPRESENTATION_CONTEXT() REPRESENTATION_CONTEXT('2D SPACE',''
  ) );
#10166 = ADVANCED_FACE('',(#10167),#9973,.F.);
#10167 = FACE_BOUND('',#10168,.F.);
#10168 = EDGE_LOOP('',(#10169,#10190,#10191,#10212));
#10169 = ORIENTED_EDGE('',*,*,#10170,.F.);
#10170 = EDGE_CURVE('',#9951,#10071,#10171,.T.);
#10171 = SURFACE_CURVE('',#10172,(#10176,#10183),.PCURVE_S1.);
#10172 = LINE('',#10173,#10174);
#10173 = CARTESIAN_POINT('',(-0.32,-0.32,-8.5));
#10174 = VECTOR('',#10175,1.);
#10175 = DIRECTION('',(1.,0.,0.));
#10176 = PCURVE('',#9973,#10177);
#10177 = DEFINITIONAL_REPRESENTATION('',(#10178),#10182);
#10178 = LINE('',#10179,#10180);
#10179 = CARTESIAN_POINT('',(0.,0.));
#10180 = VECTOR('',#10181,1.);
#10181 = DIRECTION('',(0.,1.));
#10182 = ( GEOMETRIC_REPRESENTATION_CONTEXT(2) 
PARAMETRIC_REPRESENTATION_CONTEXT() REPRESENTATION_CONTEXT('2D SPACE',''
  ) );
#10183 = PCURVE('',#10001,#10184);
#10184 = DEFINITIONAL_REPRESENTATION('',(#10185),#10189);
#10185 = LINE('',#10186,#10187);
#10186 = CARTESIAN_POINT('',(0.,0.));
#10187 = VECTOR('',#10188,1.);
#10188 = DIRECTION('',(1.,0.));
#10189 = ( GEOMETRIC_REPRESENTATION_CONTEXT(2) 
PARAMETRIC_REPRESENTATION_CONTEXT() REPRESENTATION_CONTEXT('2D SPACE',''
  ) );
#10190 = ORIENTED_EDGE('',*,*,#9950,.T.);
#10191 = ORIENTED_EDGE('',*,*,#10192,.T.);
#10192 = EDGE_CURVE('',#9953,#10073,#10193,.T.);
#10193 = SURFACE_CURVE('',#10194,(#10198,#10205),.PCURVE_S1.);
#10194 = LINE('',#10195,#10196);
#10195 = CARTESIAN_POINT('',(-0.32,-0.32,3.));
#10196 = VECTOR('',#10197,1.);
#10197 = DIRECTION('',(1.,0.,0.));
#10198 = PCURVE('',#9973,#10199);
#10199 = DEFINITIONAL_REPRESENTATION('',(#10200),#10204);
#10200 = LINE('',#10201,#10202);
#10201 = CARTESIAN_POINT('',(11.5,0.));
#10202 = VECTOR('',#10203,1.);
#10203 = DIRECTION('',(0.,1.));
#10204 = ( GEOMETRIC_REPRESENTATION_CONTEXT(2) 
PARAMETRIC_REPRESENTATION_CONTEXT() REPRESENTATION_CONTEXT('2D SPACE',''
  ) );
#10205 = PCURVE('',#10055,#10206);
#10206 = DEFINITIONAL_REPRESENTATION('',(#10207),#10211);
#10207 = LINE('',#10208,#10209);
#10208 = CARTESIAN_POINT('',(0.,0.));
#10209 = VECTOR('',#10210,1.);
#10210 = DIRECTION('',(1.,0.));
#10211 = ( GEOMETRIC_REPRESENTATION_CONTEXT(2) 
PARAMETRIC_REPRESENTATION_CONTEXT() REPRESENTATION_CONTEXT('2D SPACE',''
  ) );
#10212 = ORIENTED_EDGE('',*,*,#10070,.F.);
#10213 = ADVANCED_FACE('',(#10214),#10029,.T.);
#10214 = FACE_BOUND('',#10215,.T.);
#10215 = EDGE_LOOP('',(#10216,#10237,#10238,#10259));
#10216 = ORIENTED_EDGE('',*,*,#10217,.F.);
#10217 = EDGE_CURVE('',#9986,#10101,#10218,.T.);
#10218 = SURFACE_CURVE('',#10219,(#10223,#10230),.PCURVE_S1.);
#10219 = LINE('',#10220,#10221);
#10220 = CARTESIAN_POINT('',(-0.32,0.32,-8.5));
#10221 = VECTOR('',#10222,1.);
#10222 = DIRECTION('',(1.,0.,0.));
#10223 = PCURVE('',#10029,#10224);
#10224 = DEFINITIONAL_REPRESENTATION('',(#10225),#10229);
#10225 = LINE('',#10226,#10227);
#10226 = CARTESIAN_POINT('',(0.,0.));
#10227 = VECTOR('',#10228,1.);
#10228 = DIRECTION('',(0.,1.));
#10229 = ( GEOMETRIC_REPRESENTATION_CONTEXT(2) 
PARAMETRIC_REPRESENTATION_CONTEXT() REPRESENTATION_CONTEXT('2D SPACE',''
  ) );
#10230 = PCURVE('',#10001,#10231);
#10231 = DEFINITIONAL_REPRESENTATION('',(#10232),#10236);
#10232 = LINE('',#10233,#10234);
#10233 = CARTESIAN_POINT('',(0.,0.64));
#10234 = VECTOR('',#10235,1.);
#10235 = DIRECTION('',(1.,0.));
#10236 = ( GEOMETRIC_REPRESENTATION_CONTEXT(2) 
PARAMETRIC_REPRESENTATION_CONTEXT() REPRESENTATION_CONTEXT('2D SPACE',''
  ) );
#10237 = ORIENTED_EDGE('',*,*,#10013,.T.);
#10238 = ORIENTED_EDGE('',*,*,#10239,.T.);
#10239 = EDGE_CURVE('',#10014,#10124,#10240,.T.);
#10240 = SURFACE_CURVE('',#10241,(#10245,#10252),.PCURVE_S1.);
#10241 = LINE('',#10242,#10243);
#10242 = CARTESIAN_POINT('',(-0.32,0.32,3.));
#10243 = VECTOR('',#10244,1.);
#10244 = DIRECTION('',(1.,0.,0.));
#10245 = PCURVE('',#10029,#10246);
#10246 = DEFINITIONAL_REPRESENTATION('',(#10247),#10251);
#10247 = LINE('',#10248,#10249);
#10248 = CARTESIAN_POINT('',(11.5,0.));
#10249 = VECTOR('',#10250,1.);
#10250 = DIRECTION('',(0.,1.));
#10251 = ( GEOMETRIC_REPRESENTATION_CONTEXT(2) 
PARAMETRIC_REPRESENTATION_CONTEXT() REPRESENTATION_CONTEXT('2D SPACE',''
  ) );
#10252 = PCURVE('',#10055,#10253);
#10253 = DEFINITIONAL_REPRESENTATION('',(#10254),#10258);
#10254 = LINE('',#10255,#10256);
#10255 = CARTESIAN_POINT('',(0.,0.64));
#10256 = VECTOR('',#10257,1.);
#10257 = DIRECTION('',(1.,0.));
#10258 = ( GEOMETRIC_REPRESENTATION_CONTEXT(2) 
PARAMETRIC_REPRESENTATION_CONTEXT() REPRESENTATION_CONTEXT('2D SPACE',''
  ) );
#10259 = ORIENTED_EDGE('',*,*,#10123,.F.);
#10260 = ADVANCED_FACE('',(#10261),#10001,.F.);
#10261 = FACE_BOUND('',#10262,.F.);
#10262 = EDGE_LOOP('',(#10263,#10264,#10265,#10266));
#10263 = ORIENTED_EDGE('',*,*,#9985,.F.);
#10264 = ORIENTED_EDGE('',*,*,#10170,.T.);
#10265 = ORIENTED_EDGE('',*,*,#10100,.T.);
#10266 = ORIENTED_EDGE('',*,*,#10217,.F.);
#10267 = ADVANCED_FACE('',(#10268),#10055,.T.);
#10268 = FACE_BOUND('',#10269,.T.);
#10269 = EDGE_LOOP('',(#10270,#10271,#10272,#10273));
#10270 = ORIENTED_EDGE('',*,*,#10041,.F.);
#10271 = ORIENTED_EDGE('',*,*,#10192,.T.);
#10272 = ORIENTED_EDGE('',*,*,#10146,.T.);
#10273 = ORIENTED_EDGE('',*,*,#10239,.F.);
#10274 = MANIFOLD_SOLID_BREP('',#10275);
#10275 = CLOSED_SHELL('',(#10276,#10396,#10496,#10543,#10590,#10597));
#10276 = ADVANCED_FACE('',(#10277),#10291,.F.);
#10277 = FACE_BOUND('',#10278,.F.);
#10278 = EDGE_LOOP('',(#10279,#10314,#10342,#10370));
#10279 = ORIENTED_EDGE('',*,*,#10280,.F.);
#10280 = EDGE_CURVE('',#10281,#10283,#10285,.T.);
#10281 = VERTEX_POINT('',#10282);
#10282 = CARTESIAN_POINT('',(-0.32,-2.86,-8.5));
#10283 = VERTEX_POINT('',#10284);
#10284 = CARTESIAN_POINT('',(-0.32,-2.86,3.));
#10285 = SURFACE_CURVE('',#10286,(#10290,#10302),.PCURVE_S1.);
#10286 = LINE('',#10287,#10288);
#10287 = CARTESIAN_POINT('',(-0.32,-2.86,-8.5));
#10288 = VECTOR('',#10289,1.);
#10289 = DIRECTION('',(0.,0.,1.));
#10290 = PCURVE('',#10291,#10296);
#10291 = PLANE('',#10292);
#10292 = AXIS2_PLACEMENT_3D('',#10293,#10294,#10295);
#10293 = CARTESIAN_POINT('',(-0.32,-2.86,-8.5));
#10294 = DIRECTION('',(1.,0.,0.));
#10295 = DIRECTION('',(0.,0.,1.));
#10296 = DEFINITIONAL_REPRESENTATION('',(#10297),#10301);
#10297 = LINE('',#10298,#10299);
#10298 = CARTESIAN_POINT('',(0.,0.));
#10299 = VECTOR('',#10300,1.);
#10300 = DIRECTION('',(1.,0.));
#10301 = ( GEOMETRIC_REPRESENTATION_CONTEXT(2) 
PARAMETRIC_REPRESENTATION_CONTEXT() REPRESENTATION_CONTEXT('2D SPACE',''
  ) );
#10302 = PCURVE('',#10303,#10308);
#10303 = PLANE('',#10304);
#10304 = AXIS2_PLACEMENT_3D('',#10305,#10306,#10307);
#10305 = CARTESIAN_POINT('',(-0.32,-2.86,-8.5));
#10306 = DIRECTION('',(0.,1.,0.));
#10307 = DIRECTION('',(0.,0.,1.));
#10308 = DEFINITIONAL_REPRESENTATION('',(#10309),#10313);
#10309 = LINE('',#10310,#10311);
#10310 = CARTESIAN_POINT('',(0.,0.));
#10311 = VECTOR('',#10312,1.);
#10312 = DIRECTION('',(1.,0.));
#10313 = ( GEOMETRIC_REPRESENTATION_CONTEXT(2) 
PARAMETRIC_REPRESENTATION_CONTEXT() REPRESENTATION_CONTEXT('2D SPACE',''
  ) );
#10314 = ORIENTED_EDGE('',*,*,#10315,.T.);
#10315 = EDGE_CURVE('',#10281,#10316,#10318,.T.);
#10316 = VERTEX_POINT('',#10317);
#10317 = CARTESIAN_POINT('',(-0.32,-2.22,-8.5));
#10318 = SURFACE_CURVE('',#10319,(#10323,#10330),.PCURVE_S1.);
#10319 = LINE('',#10320,#10321);
#10320 = CARTESIAN_POINT('',(-0.32,-2.86,-8.5));
#10321 = VECTOR('',#10322,1.);
#10322 = DIRECTION('',(0.,1.,0.));
#10323 = PCURVE('',#10291,#10324);
#10324 = DEFINITIONAL_REPRESENTATION('',(#10325),#10329);
#10325 = LINE('',#10326,#10327);
#10326 = CARTESIAN_POINT('',(0.,0.));
#10327 = VECTOR('',#10328,1.);
#10328 = DIRECTION('',(0.,-1.));
#10329 = ( GEOMETRIC_REPRESENTATION_CONTEXT(2) 
PARAMETRIC_REPRESENTATION_CONTEXT() REPRESENTATION_CONTEXT('2D SPACE',''
  ) );
#10330 = PCURVE('',#10331,#10336);
#10331 = PLANE('',#10332);
#10332 = AXIS2_PLACEMENT_3D('',#10333,#10334,#10335);
#10333 = CARTESIAN_POINT('',(-0.32,-2.86,-8.5));
#10334 = DIRECTION('',(0.,0.,1.));
#10335 = DIRECTION('',(1.,0.,0.));
#10336 = DEFINITIONAL_REPRESENTATION('',(#10337),#10341);
#10337 = LINE('',#10338,#10339);
#10338 = CARTESIAN_POINT('',(0.,0.));
#10339 = VECTOR('',#10340,1.);
#10340 = DIRECTION('',(0.,1.));
#10341 = ( GEOMETRIC_REPRESENTATION_CONTEXT(2) 
PARAMETRIC_REPRESENTATION_CONTEXT() REPRESENTATION_CONTEXT('2D SPACE',''
  ) );
#10342 = ORIENTED_EDGE('',*,*,#10343,.T.);
#10343 = EDGE_CURVE('',#10316,#10344,#10346,.T.);
#10344 = VERTEX_POINT('',#10345);
#10345 = CARTESIAN_POINT('',(-0.32,-2.22,3.));
#10346 = SURFACE_CURVE('',#10347,(#10351,#10358),.PCURVE_S1.);
#10347 = LINE('',#10348,#10349);
#10348 = CARTESIAN_POINT('',(-0.32,-2.22,-8.5));
#10349 = VECTOR('',#10350,1.);
#10350 = DIRECTION('',(0.,0.,1.));
#10351 = PCURVE('',#10291,#10352);
#10352 = DEFINITIONAL_REPRESENTATION('',(#10353),#10357);
#10353 = LINE('',#10354,#10355);
#10354 = CARTESIAN_POINT('',(0.,-0.64));
#10355 = VECTOR('',#10356,1.);
#10356 = DIRECTION('',(1.,0.));
#10357 = ( GEOMETRIC_REPRESENTATION_CONTEXT(2) 
PARAMETRIC_REPRESENTATION_CONTEXT() REPRESENTATION_CONTEXT('2D SPACE',''
  ) );
#10358 = PCURVE('',#10359,#10364);
#10359 = PLANE('',#10360);
#10360 = AXIS2_PLACEMENT_3D('',#10361,#10362,#10363);
#10361 = CARTESIAN_POINT('',(-0.32,-2.22,-8.5));
#10362 = DIRECTION('',(0.,1.,0.));
#10363 = DIRECTION('',(0.,0.,1.));
#10364 = DEFINITIONAL_REPRESENTATION('',(#10365),#10369);
#10365 = LINE('',#10366,#10367);
#10366 = CARTESIAN_POINT('',(0.,0.));
#10367 = VECTOR('',#10368,1.);
#10368 = DIRECTION('',(1.,0.));
#10369 = ( GEOMETRIC_REPRESENTATION_CONTEXT(2) 
PARAMETRIC_REPRESENTATION_CONTEXT() REPRESENTATION_CONTEXT('2D SPACE',''
  ) );
#10370 = ORIENTED_EDGE('',*,*,#10371,.F.);
#10371 = EDGE_CURVE('',#10283,#10344,#10372,.T.);
#10372 = SURFACE_CURVE('',#10373,(#10377,#10384),.PCURVE_S1.);
#10373 = LINE('',#10374,#10375);
#10374 = CARTESIAN_POINT('',(-0.32,-2.86,3.));
#10375 = VECTOR('',#10376,1.);
#10376 = DIRECTION('',(0.,1.,0.));
#10377 = PCURVE('',#10291,#10378);
#10378 = DEFINITIONAL_REPRESENTATION('',(#10379),#10383);
#10379 = LINE('',#10380,#10381);
#10380 = CARTESIAN_POINT('',(11.5,0.));
#10381 = VECTOR('',#10382,1.);
#10382 = DIRECTION('',(0.,-1.));
#10383 = ( GEOMETRIC_REPRESENTATION_CONTEXT(2) 
PARAMETRIC_REPRESENTATION_CONTEXT() REPRESENTATION_CONTEXT('2D SPACE',''
  ) );
#10384 = PCURVE('',#10385,#10390);
#10385 = PLANE('',#10386);
#10386 = AXIS2_PLACEMENT_3D('',#10387,#10388,#10389);
#10387 = CARTESIAN_POINT('',(-0.32,-2.86,3.));
#10388 = DIRECTION('',(0.,0.,1.));
#10389 = DIRECTION('',(1.,0.,0.));
#10390 = DEFINITIONAL_REPRESENTATION('',(#10391),#10395);
#10391 = LINE('',#10392,#10393);
#10392 = CARTESIAN_POINT('',(0.,0.));
#10393 = VECTOR('',#10394,1.);
#10394 = DIRECTION('',(0.,1.));
#10395 = ( GEOMETRIC_REPRESENTATION_CONTEXT(2) 
PARAMETRIC_REPRESENTATION_CONTEXT() REPRESENTATION_CONTEXT('2D SPACE',''
  ) );
#10396 = ADVANCED_FACE('',(#10397),#10411,.T.);
#10397 = FACE_BOUND('',#10398,.T.);
#10398 = EDGE_LOOP('',(#10399,#10429,#10452,#10475));
#10399 = ORIENTED_EDGE('',*,*,#10400,.F.);
#10400 = EDGE_CURVE('',#10401,#10403,#10405,.T.);
#10401 = VERTEX_POINT('',#10402);
#10402 = CARTESIAN_POINT('',(0.32,-2.86,-8.5));
#10403 = VERTEX_POINT('',#10404);
#10404 = CARTESIAN_POINT('',(0.32,-2.86,3.));
#10405 = SURFACE_CURVE('',#10406,(#10410,#10422),.PCURVE_S1.);
#10406 = LINE('',#10407,#10408);
#10407 = CARTESIAN_POINT('',(0.32,-2.86,-8.5));
#10408 = VECTOR('',#10409,1.);
#10409 = DIRECTION('',(0.,0.,1.));
#10410 = PCURVE('',#10411,#10416);
#10411 = PLANE('',#10412);
#10412 = AXIS2_PLACEMENT_3D('',#10413,#10414,#10415);
#10413 = CARTESIAN_POINT('',(0.32,-2.86,-8.5));
#10414 = DIRECTION('',(1.,0.,0.));
#10415 = DIRECTION('',(0.,0.,1.));
#10416 = DEFINITIONAL_REPRESENTATION('',(#10417),#10421);
#10417 = LINE('',#10418,#10419);
#10418 = CARTESIAN_POINT('',(0.,0.));
#10419 = VECTOR('',#10420,1.);
#10420 = DIRECTION('',(1.,0.));
#10421 = ( GEOMETRIC_REPRESENTATION_CONTEXT(2) 
PARAMETRIC_REPRESENTATION_CONTEXT() REPRESENTATION_CONTEXT('2D SPACE',''
  ) );
#10422 = PCURVE('',#10303,#10423);
#10423 = DEFINITIONAL_REPRESENTATION('',(#10424),#10428);
#10424 = LINE('',#10425,#10426);
#10425 = CARTESIAN_POINT('',(0.,0.64));
#10426 = VECTOR('',#10427,1.);
#10427 = DIRECTION('',(1.,0.));
#10428 = ( GEOMETRIC_REPRESENTATION_CONTEXT(2) 
PARAMETRIC_REPRESENTATION_CONTEXT() REPRESENTATION_CONTEXT('2D SPACE',''
  ) );
#10429 = ORIENTED_EDGE('',*,*,#10430,.T.);
#10430 = EDGE_CURVE('',#10401,#10431,#10433,.T.);
#10431 = VERTEX_POINT('',#10432);
#10432 = CARTESIAN_POINT('',(0.32,-2.22,-8.5));
#10433 = SURFACE_CURVE('',#10434,(#10438,#10445),.PCURVE_S1.);
#10434 = LINE('',#10435,#10436);
#10435 = CARTESIAN_POINT('',(0.32,-2.86,-8.5));
#10436 = VECTOR('',#10437,1.);
#10437 = DIRECTION('',(0.,1.,0.));
#10438 = PCURVE('',#10411,#10439);
#10439 = DEFINITIONAL_REPRESENTATION('',(#10440),#10444);
#10440 = LINE('',#10441,#10442);
#10441 = CARTESIAN_POINT('',(0.,0.));
#10442 = VECTOR('',#10443,1.);
#10443 = DIRECTION('',(0.,-1.));
#10444 = ( GEOMETRIC_REPRESENTATION_CONTEXT(2) 
PARAMETRIC_REPRESENTATION_CONTEXT() REPRESENTATION_CONTEXT('2D SPACE',''
  ) );
#10445 = PCURVE('',#10331,#10446);
#10446 = DEFINITIONAL_REPRESENTATION('',(#10447),#10451);
#10447 = LINE('',#10448,#10449);
#10448 = CARTESIAN_POINT('',(0.64,0.));
#10449 = VECTOR('',#10450,1.);
#10450 = DIRECTION('',(0.,1.));
#10451 = ( GEOMETRIC_REPRESENTATION_CONTEXT(2) 
PARAMETRIC_REPRESENTATION_CONTEXT() REPRESENTATION_CONTEXT('2D SPACE',''
  ) );
#10452 = ORIENTED_EDGE('',*,*,#10453,.T.);
#10453 = EDGE_CURVE('',#10431,#10454,#10456,.T.);
#10454 = VERTEX_POINT('',#10455);
#10455 = CARTESIAN_POINT('',(0.32,-2.22,3.));
#10456 = SURFACE_CURVE('',#10457,(#10461,#10468),.PCURVE_S1.);
#10457 = LINE('',#10458,#10459);
#10458 = CARTESIAN_POINT('',(0.32,-2.22,-8.5));
#10459 = VECTOR('',#10460,1.);
#10460 = DIRECTION('',(0.,0.,1.));
#10461 = PCURVE('',#10411,#10462);
#10462 = DEFINITIONAL_REPRESENTATION('',(#10463),#10467);
#10463 = LINE('',#10464,#10465);
#10464 = CARTESIAN_POINT('',(0.,-0.64));
#10465 = VECTOR('',#10466,1.);
#10466 = DIRECTION('',(1.,0.));
#10467 = ( GEOMETRIC_REPRESENTATION_CONTEXT(2) 
PARAMETRIC_REPRESENTATION_CONTEXT() REPRESENTATION_CONTEXT('2D SPACE',''
  ) );
#10468 = PCURVE('',#10359,#10469);
#10469 = DEFINITIONAL_REPRESENTATION('',(#10470),#10474);
#10470 = LINE('',#10471,#10472);
#10471 = CARTESIAN_POINT('',(0.,0.64));
#10472 = VECTOR('',#10473,1.);
#10473 = DIRECTION('',(1.,0.));
#10474 = ( GEOMETRIC_REPRESENTATION_CONTEXT(2) 
PARAMETRIC_REPRESENTATION_CONTEXT() REPRESENTATION_CONTEXT('2D SPACE',''
  ) );
#10475 = ORIENTED_EDGE('',*,*,#10476,.F.);
#10476 = EDGE_CURVE('',#10403,#10454,#10477,.T.);
#10477 = SURFACE_CURVE('',#10478,(#10482,#10489),.PCURVE_S1.);
#10478 = LINE('',#10479,#10480);
#10479 = CARTESIAN_POINT('',(0.32,-2.86,3.));
#10480 = VECTOR('',#10481,1.);
#10481 = DIRECTION('',(0.,1.,0.));
#10482 = PCURVE('',#10411,#10483);
#10483 = DEFINITIONAL_REPRESENTATION('',(#10484),#10488);
#10484 = LINE('',#10485,#10486);
#10485 = CARTESIAN_POINT('',(11.5,0.));
#10486 = VECTOR('',#10487,1.);
#10487 = DIRECTION('',(0.,-1.));
#10488 = ( GEOMETRIC_REPRESENTATION_CONTEXT(2) 
PARAMETRIC_REPRESENTATION_CONTEXT() REPRESENTATION_CONTEXT('2D SPACE',''
  ) );
#10489 = PCURVE('',#10385,#10490);
#10490 = DEFINITIONAL_REPRESENTATION('',(#10491),#10495);
#10491 = LINE('',#10492,#10493);
#10492 = CARTESIAN_POINT('',(0.64,0.));
#10493 = VECTOR('',#10494,1.);
#10494 = DIRECTION('',(0.,1.));
#10495 = ( GEOMETRIC_REPRESENTATION_CONTEXT(2) 
PARAMETRIC_REPRESENTATION_CONTEXT() REPRESENTATION_CONTEXT('2D SPACE',''
  ) );
#10496 = ADVANCED_FACE('',(#10497),#10303,.F.);
#10497 = FACE_BOUND('',#10498,.F.);
#10498 = EDGE_LOOP('',(#10499,#10520,#10521,#10542));
#10499 = ORIENTED_EDGE('',*,*,#10500,.F.);
#10500 = EDGE_CURVE('',#10281,#10401,#10501,.T.);
#10501 = SURFACE_CURVE('',#10502,(#10506,#10513),.PCURVE_S1.);
#10502 = LINE('',#10503,#10504);
#10503 = CARTESIAN_POINT('',(-0.32,-2.86,-8.5));
#10504 = VECTOR('',#10505,1.);
#10505 = DIRECTION('',(1.,0.,0.));
#10506 = PCURVE('',#10303,#10507);
#10507 = DEFINITIONAL_REPRESENTATION('',(#10508),#10512);
#10508 = LINE('',#10509,#10510);
#10509 = CARTESIAN_POINT('',(0.,0.));
#10510 = VECTOR('',#10511,1.);
#10511 = DIRECTION('',(0.,1.));
#10512 = ( GEOMETRIC_REPRESENTATION_CONTEXT(2) 
PARAMETRIC_REPRESENTATION_CONTEXT() REPRESENTATION_CONTEXT('2D SPACE',''
  ) );
#10513 = PCURVE('',#10331,#10514);
#10514 = DEFINITIONAL_REPRESENTATION('',(#10515),#10519);
#10515 = LINE('',#10516,#10517);
#10516 = CARTESIAN_POINT('',(0.,0.));
#10517 = VECTOR('',#10518,1.);
#10518 = DIRECTION('',(1.,0.));
#10519 = ( GEOMETRIC_REPRESENTATION_CONTEXT(2) 
PARAMETRIC_REPRESENTATION_CONTEXT() REPRESENTATION_CONTEXT('2D SPACE',''
  ) );
#10520 = ORIENTED_EDGE('',*,*,#10280,.T.);
#10521 = ORIENTED_EDGE('',*,*,#10522,.T.);
#10522 = EDGE_CURVE('',#10283,#10403,#10523,.T.);
#10523 = SURFACE_CURVE('',#10524,(#10528,#10535),.PCURVE_S1.);
#10524 = LINE('',#10525,#10526);
#10525 = CARTESIAN_POINT('',(-0.32,-2.86,3.));
#10526 = VECTOR('',#10527,1.);
#10527 = DIRECTION('',(1.,0.,0.));
#10528 = PCURVE('',#10303,#10529);
#10529 = DEFINITIONAL_REPRESENTATION('',(#10530),#10534);
#10530 = LINE('',#10531,#10532);
#10531 = CARTESIAN_POINT('',(11.5,0.));
#10532 = VECTOR('',#10533,1.);
#10533 = DIRECTION('',(0.,1.));
#10534 = ( GEOMETRIC_REPRESENTATION_CONTEXT(2) 
PARAMETRIC_REPRESENTATION_CONTEXT() REPRESENTATION_CONTEXT('2D SPACE',''
  ) );
#10535 = PCURVE('',#10385,#10536);
#10536 = DEFINITIONAL_REPRESENTATION('',(#10537),#10541);
#10537 = LINE('',#10538,#10539);
#10538 = CARTESIAN_POINT('',(0.,0.));
#10539 = VECTOR('',#10540,1.);
#10540 = DIRECTION('',(1.,0.));
#10541 = ( GEOMETRIC_REPRESENTATION_CONTEXT(2) 
PARAMETRIC_REPRESENTATION_CONTEXT() REPRESENTATION_CONTEXT('2D SPACE',''
  ) );
#10542 = ORIENTED_EDGE('',*,*,#10400,.F.);
#10543 = ADVANCED_FACE('',(#10544),#10359,.T.);
#10544 = FACE_BOUND('',#10545,.T.);
#10545 = EDGE_LOOP('',(#10546,#10567,#10568,#10589));
#10546 = ORIENTED_EDGE('',*,*,#10547,.F.);
#10547 = EDGE_CURVE('',#10316,#10431,#10548,.T.);
#10548 = SURFACE_CURVE('',#10549,(#10553,#10560),.PCURVE_S1.);
#10549 = LINE('',#10550,#10551);
#10550 = CARTESIAN_POINT('',(-0.32,-2.22,-8.5));
#10551 = VECTOR('',#10552,1.);
#10552 = DIRECTION('',(1.,0.,0.));
#10553 = PCURVE('',#10359,#10554);
#10554 = DEFINITIONAL_REPRESENTATION('',(#10555),#10559);
#10555 = LINE('',#10556,#10557);
#10556 = CARTESIAN_POINT('',(0.,0.));
#10557 = VECTOR('',#10558,1.);
#10558 = DIRECTION('',(0.,1.));
#10559 = ( GEOMETRIC_REPRESENTATION_CONTEXT(2) 
PARAMETRIC_REPRESENTATION_CONTEXT() REPRESENTATION_CONTEXT('2D SPACE',''
  ) );
#10560 = PCURVE('',#10331,#10561);
#10561 = DEFINITIONAL_REPRESENTATION('',(#10562),#10566);
#10562 = LINE('',#10563,#10564);
#10563 = CARTESIAN_POINT('',(0.,0.64));
#10564 = VECTOR('',#10565,1.);
#10565 = DIRECTION('',(1.,0.));
#10566 = ( GEOMETRIC_REPRESENTATION_CONTEXT(2) 
PARAMETRIC_REPRESENTATION_CONTEXT() REPRESENTATION_CONTEXT('2D SPACE',''
  ) );
#10567 = ORIENTED_EDGE('',*,*,#10343,.T.);
#10568 = ORIENTED_EDGE('',*,*,#10569,.T.);
#10569 = EDGE_CURVE('',#10344,#10454,#10570,.T.);
#10570 = SURFACE_CURVE('',#10571,(#10575,#10582),.PCURVE_S1.);
#10571 = LINE('',#10572,#10573);
#10572 = CARTESIAN_POINT('',(-0.32,-2.22,3.));
#10573 = VECTOR('',#10574,1.);
#10574 = DIRECTION('',(1.,0.,0.));
#10575 = PCURVE('',#10359,#10576);
#10576 = DEFINITIONAL_REPRESENTATION('',(#10577),#10581);
#10577 = LINE('',#10578,#10579);
#10578 = CARTESIAN_POINT('',(11.5,0.));
#10579 = VECTOR('',#10580,1.);
#10580 = DIRECTION('',(0.,1.));
#10581 = ( GEOMETRIC_REPRESENTATION_CONTEXT(2) 
PARAMETRIC_REPRESENTATION_CONTEXT() REPRESENTATION_CONTEXT('2D SPACE',''
  ) );
#10582 = PCURVE('',#10385,#10583);
#10583 = DEFINITIONAL_REPRESENTATION('',(#10584),#10588);
#10584 = LINE('',#10585,#10586);
#10585 = CARTESIAN_POINT('',(0.,0.64));
#10586 = VECTOR('',#10587,1.);
#10587 = DIRECTION('',(1.,0.));
#10588 = ( GEOMETRIC_REPRESENTATION_CONTEXT(2) 
PARAMETRIC_REPRESENTATION_CONTEXT() REPRESENTATION_CONTEXT('2D SPACE',''
  ) );
#10589 = ORIENTED_EDGE('',*,*,#10453,.F.);
#10590 = ADVANCED_FACE('',(#10591),#10331,.F.);
#10591 = FACE_BOUND('',#10592,.F.);
#10592 = EDGE_LOOP('',(#10593,#10594,#10595,#10596));
#10593 = ORIENTED_EDGE('',*,*,#10315,.F.);
#10594 = ORIENTED_EDGE('',*,*,#10500,.T.);
#10595 = ORIENTED_EDGE('',*,*,#10430,.T.);
#10596 = ORIENTED_EDGE('',*,*,#10547,.F.);
#10597 = ADVANCED_FACE('',(#10598),#10385,.T.);
#10598 = FACE_BOUND('',#10599,.T.);
#10599 = EDGE_LOOP('',(#10600,#10601,#10602,#10603));
#10600 = ORIENTED_EDGE('',*,*,#10371,.F.);
#10601 = ORIENTED_EDGE('',*,*,#10522,.T.);
#10602 = ORIENTED_EDGE('',*,*,#10476,.T.);
#10603 = ORIENTED_EDGE('',*,*,#10569,.F.);
#10604 = MANIFOLD_SOLID_BREP('',#10605);
#10605 = CLOSED_SHELL('',(#10606,#10726,#10826,#10873,#10920,#10927));
#10606 = ADVANCED_FACE('',(#10607),#10621,.F.);
#10607 = FACE_BOUND('',#10608,.F.);
#10608 = EDGE_LOOP('',(#10609,#10644,#10672,#10700));
#10609 = ORIENTED_EDGE('',*,*,#10610,.F.);
#10610 = EDGE_CURVE('',#10611,#10613,#10615,.T.);
#10611 = VERTEX_POINT('',#10612);
#10612 = CARTESIAN_POINT('',(-0.32,-5.4,-8.5));
#10613 = VERTEX_POINT('',#10614);
#10614 = CARTESIAN_POINT('',(-0.32,-5.4,3.));
#10615 = SURFACE_CURVE('',#10616,(#10620,#10632),.PCURVE_S1.);
#10616 = LINE('',#10617,#10618);
#10617 = CARTESIAN_POINT('',(-0.32,-5.4,-8.5));
#10618 = VECTOR('',#10619,1.);
#10619 = DIRECTION('',(0.,0.,1.));
#10620 = PCURVE('',#10621,#10626);
#10621 = PLANE('',#10622);
#10622 = AXIS2_PLACEMENT_3D('',#10623,#10624,#10625);
#10623 = CARTESIAN_POINT('',(-0.32,-5.4,-8.5));
#10624 = DIRECTION('',(1.,0.,0.));
#10625 = DIRECTION('',(0.,0.,1.));
#10626 = DEFINITIONAL_REPRESENTATION('',(#10627),#10631);
#10627 = LINE('',#10628,#10629);
#10628 = CARTESIAN_POINT('',(0.,0.));
#10629 = VECTOR('',#10630,1.);
#10630 = DIRECTION('',(1.,0.));
#10631 = ( GEOMETRIC_REPRESENTATION_CONTEXT(2) 
PARAMETRIC_REPRESENTATION_CONTEXT() REPRESENTATION_CONTEXT('2D SPACE',''
  ) );
#10632 = PCURVE('',#10633,#10638);
#10633 = PLANE('',#10634);
#10634 = AXIS2_PLACEMENT_3D('',#10635,#10636,#10637);
#10635 = CARTESIAN_POINT('',(-0.32,-5.4,-8.5));
#10636 = DIRECTION('',(0.,1.,0.));
#10637 = DIRECTION('',(0.,0.,1.));
#10638 = DEFINITIONAL_REPRESENTATION('',(#10639),#10643);
#10639 = LINE('',#10640,#10641);
#10640 = CARTESIAN_POINT('',(0.,0.));
#10641 = VECTOR('',#10642,1.);
#10642 = DIRECTION('',(1.,0.));
#10643 = ( GEOMETRIC_REPRESENTATION_CONTEXT(2) 
PARAMETRIC_REPRESENTATION_CONTEXT() REPRESENTATION_CONTEXT('2D SPACE',''
  ) );
#10644 = ORIENTED_EDGE('',*,*,#10645,.T.);
#10645 = EDGE_CURVE('',#10611,#10646,#10648,.T.);
#10646 = VERTEX_POINT('',#10647);
#10647 = CARTESIAN_POINT('',(-0.32,-4.76,-8.5));
#10648 = SURFACE_CURVE('',#10649,(#10653,#10660),.PCURVE_S1.);
#10649 = LINE('',#10650,#10651);
#10650 = CARTESIAN_POINT('',(-0.32,-5.4,-8.5));
#10651 = VECTOR('',#10652,1.);
#10652 = DIRECTION('',(0.,1.,0.));
#10653 = PCURVE('',#10621,#10654);
#10654 = DEFINITIONAL_REPRESENTATION('',(#10655),#10659);
#10655 = LINE('',#10656,#10657);
#10656 = CARTESIAN_POINT('',(0.,0.));
#10657 = VECTOR('',#10658,1.);
#10658 = DIRECTION('',(0.,-1.));
#10659 = ( GEOMETRIC_REPRESENTATION_CONTEXT(2) 
PARAMETRIC_REPRESENTATION_CONTEXT() REPRESENTATION_CONTEXT('2D SPACE',''
  ) );
#10660 = PCURVE('',#10661,#10666);
#10661 = PLANE('',#10662);
#10662 = AXIS2_PLACEMENT_3D('',#10663,#10664,#10665);
#10663 = CARTESIAN_POINT('',(-0.32,-5.4,-8.5));
#10664 = DIRECTION('',(0.,0.,1.));
#10665 = DIRECTION('',(1.,0.,0.));
#10666 = DEFINITIONAL_REPRESENTATION('',(#10667),#10671);
#10667 = LINE('',#10668,#10669);
#10668 = CARTESIAN_POINT('',(0.,0.));
#10669 = VECTOR('',#10670,1.);
#10670 = DIRECTION('',(0.,1.));
#10671 = ( GEOMETRIC_REPRESENTATION_CONTEXT(2) 
PARAMETRIC_REPRESENTATION_CONTEXT() REPRESENTATION_CONTEXT('2D SPACE',''
  ) );
#10672 = ORIENTED_EDGE('',*,*,#10673,.T.);
#10673 = EDGE_CURVE('',#10646,#10674,#10676,.T.);
#10674 = VERTEX_POINT('',#10675);
#10675 = CARTESIAN_POINT('',(-0.32,-4.76,3.));
#10676 = SURFACE_CURVE('',#10677,(#10681,#10688),.PCURVE_S1.);
#10677 = LINE('',#10678,#10679);
#10678 = CARTESIAN_POINT('',(-0.32,-4.76,-8.5));
#10679 = VECTOR('',#10680,1.);
#10680 = DIRECTION('',(0.,0.,1.));
#10681 = PCURVE('',#10621,#10682);
#10682 = DEFINITIONAL_REPRESENTATION('',(#10683),#10687);
#10683 = LINE('',#10684,#10685);
#10684 = CARTESIAN_POINT('',(0.,-0.64));
#10685 = VECTOR('',#10686,1.);
#10686 = DIRECTION('',(1.,0.));
#10687 = ( GEOMETRIC_REPRESENTATION_CONTEXT(2) 
PARAMETRIC_REPRESENTATION_CONTEXT() REPRESENTATION_CONTEXT('2D SPACE',''
  ) );
#10688 = PCURVE('',#10689,#10694);
#10689 = PLANE('',#10690);
#10690 = AXIS2_PLACEMENT_3D('',#10691,#10692,#10693);
#10691 = CARTESIAN_POINT('',(-0.32,-4.76,-8.5));
#10692 = DIRECTION('',(0.,1.,0.));
#10693 = DIRECTION('',(0.,0.,1.));
#10694 = DEFINITIONAL_REPRESENTATION('',(#10695),#10699);
#10695 = LINE('',#10696,#10697);
#10696 = CARTESIAN_POINT('',(0.,0.));
#10697 = VECTOR('',#10698,1.);
#10698 = DIRECTION('',(1.,0.));
#10699 = ( GEOMETRIC_REPRESENTATION_CONTEXT(2) 
PARAMETRIC_REPRESENTATION_CONTEXT() REPRESENTATION_CONTEXT('2D SPACE',''
  ) );
#10700 = ORIENTED_EDGE('',*,*,#10701,.F.);
#10701 = EDGE_CURVE('',#10613,#10674,#10702,.T.);
#10702 = SURFACE_CURVE('',#10703,(#10707,#10714),.PCURVE_S1.);
#10703 = LINE('',#10704,#10705);
#10704 = CARTESIAN_POINT('',(-0.32,-5.4,3.));
#10705 = VECTOR('',#10706,1.);
#10706 = DIRECTION('',(0.,1.,0.));
#10707 = PCURVE('',#10621,#10708);
#10708 = DEFINITIONAL_REPRESENTATION('',(#10709),#10713);
#10709 = LINE('',#10710,#10711);
#10710 = CARTESIAN_POINT('',(11.5,0.));
#10711 = VECTOR('',#10712,1.);
#10712 = DIRECTION('',(0.,-1.));
#10713 = ( GEOMETRIC_REPRESENTATION_CONTEXT(2) 
PARAMETRIC_REPRESENTATION_CONTEXT() REPRESENTATION_CONTEXT('2D SPACE',''
  ) );
#10714 = PCURVE('',#10715,#10720);
#10715 = PLANE('',#10716);
#10716 = AXIS2_PLACEMENT_3D('',#10717,#10718,#10719);
#10717 = CARTESIAN_POINT('',(-0.32,-5.4,3.));
#10718 = DIRECTION('',(0.,0.,1.));
#10719 = DIRECTION('',(1.,0.,0.));
#10720 = DEFINITIONAL_REPRESENTATION('',(#10721),#10725);
#10721 = LINE('',#10722,#10723);
#10722 = CARTESIAN_POINT('',(0.,0.));
#10723 = VECTOR('',#10724,1.);
#10724 = DIRECTION('',(0.,1.));
#10725 = ( GEOMETRIC_REPRESENTATION_CONTEXT(2) 
PARAMETRIC_REPRESENTATION_CONTEXT() REPRESENTATION_CONTEXT('2D SPACE',''
  ) );
#10726 = ADVANCED_FACE('',(#10727),#10741,.T.);
#10727 = FACE_BOUND('',#10728,.T.);
#10728 = EDGE_LOOP('',(#10729,#10759,#10782,#10805));
#10729 = ORIENTED_EDGE('',*,*,#10730,.F.);
#10730 = EDGE_CURVE('',#10731,#10733,#10735,.T.);
#10731 = VERTEX_POINT('',#10732);
#10732 = CARTESIAN_POINT('',(0.32,-5.4,-8.5));
#10733 = VERTEX_POINT('',#10734);
#10734 = CARTESIAN_POINT('',(0.32,-5.4,3.));
#10735 = SURFACE_CURVE('',#10736,(#10740,#10752),.PCURVE_S1.);
#10736 = LINE('',#10737,#10738);
#10737 = CARTESIAN_POINT('',(0.32,-5.4,-8.5));
#10738 = VECTOR('',#10739,1.);
#10739 = DIRECTION('',(0.,0.,1.));
#10740 = PCURVE('',#10741,#10746);
#10741 = PLANE('',#10742);
#10742 = AXIS2_PLACEMENT_3D('',#10743,#10744,#10745);
#10743 = CARTESIAN_POINT('',(0.32,-5.4,-8.5));
#10744 = DIRECTION('',(1.,0.,0.));
#10745 = DIRECTION('',(0.,0.,1.));
#10746 = DEFINITIONAL_REPRESENTATION('',(#10747),#10751);
#10747 = LINE('',#10748,#10749);
#10748 = CARTESIAN_POINT('',(0.,0.));
#10749 = VECTOR('',#10750,1.);
#10750 = DIRECTION('',(1.,0.));
#10751 = ( GEOMETRIC_REPRESENTATION_CONTEXT(2) 
PARAMETRIC_REPRESENTATION_CONTEXT() REPRESENTATION_CONTEXT('2D SPACE',''
  ) );
#10752 = PCURVE('',#10633,#10753);
#10753 = DEFINITIONAL_REPRESENTATION('',(#10754),#10758);
#10754 = LINE('',#10755,#10756);
#10755 = CARTESIAN_POINT('',(0.,0.64));
#10756 = VECTOR('',#10757,1.);
#10757 = DIRECTION('',(1.,0.));
#10758 = ( GEOMETRIC_REPRESENTATION_CONTEXT(2) 
PARAMETRIC_REPRESENTATION_CONTEXT() REPRESENTATION_CONTEXT('2D SPACE',''
  ) );
#10759 = ORIENTED_EDGE('',*,*,#10760,.T.);
#10760 = EDGE_CURVE('',#10731,#10761,#10763,.T.);
#10761 = VERTEX_POINT('',#10762);
#10762 = CARTESIAN_POINT('',(0.32,-4.76,-8.5));
#10763 = SURFACE_CURVE('',#10764,(#10768,#10775),.PCURVE_S1.);
#10764 = LINE('',#10765,#10766);
#10765 = CARTESIAN_POINT('',(0.32,-5.4,-8.5));
#10766 = VECTOR('',#10767,1.);
#10767 = DIRECTION('',(0.,1.,0.));
#10768 = PCURVE('',#10741,#10769);
#10769 = DEFINITIONAL_REPRESENTATION('',(#10770),#10774);
#10770 = LINE('',#10771,#10772);
#10771 = CARTESIAN_POINT('',(0.,0.));
#10772 = VECTOR('',#10773,1.);
#10773 = DIRECTION('',(0.,-1.));
#10774 = ( GEOMETRIC_REPRESENTATION_CONTEXT(2) 
PARAMETRIC_REPRESENTATION_CONTEXT() REPRESENTATION_CONTEXT('2D SPACE',''
  ) );
#10775 = PCURVE('',#10661,#10776);
#10776 = DEFINITIONAL_REPRESENTATION('',(#10777),#10781);
#10777 = LINE('',#10778,#10779);
#10778 = CARTESIAN_POINT('',(0.64,0.));
#10779 = VECTOR('',#10780,1.);
#10780 = DIRECTION('',(0.,1.));
#10781 = ( GEOMETRIC_REPRESENTATION_CONTEXT(2) 
PARAMETRIC_REPRESENTATION_CONTEXT() REPRESENTATION_CONTEXT('2D SPACE',''
  ) );
#10782 = ORIENTED_EDGE('',*,*,#10783,.T.);
#10783 = EDGE_CURVE('',#10761,#10784,#10786,.T.);
#10784 = VERTEX_POINT('',#10785);
#10785 = CARTESIAN_POINT('',(0.32,-4.76,3.));
#10786 = SURFACE_CURVE('',#10787,(#10791,#10798),.PCURVE_S1.);
#10787 = LINE('',#10788,#10789);
#10788 = CARTESIAN_POINT('',(0.32,-4.76,-8.5));
#10789 = VECTOR('',#10790,1.);
#10790 = DIRECTION('',(0.,0.,1.));
#10791 = PCURVE('',#10741,#10792);
#10792 = DEFINITIONAL_REPRESENTATION('',(#10793),#10797);
#10793 = LINE('',#10794,#10795);
#10794 = CARTESIAN_POINT('',(0.,-0.64));
#10795 = VECTOR('',#10796,1.);
#10796 = DIRECTION('',(1.,0.));
#10797 = ( GEOMETRIC_REPRESENTATION_CONTEXT(2) 
PARAMETRIC_REPRESENTATION_CONTEXT() REPRESENTATION_CONTEXT('2D SPACE',''
  ) );
#10798 = PCURVE('',#10689,#10799);
#10799 = DEFINITIONAL_REPRESENTATION('',(#10800),#10804);
#10800 = LINE('',#10801,#10802);
#10801 = CARTESIAN_POINT('',(0.,0.64));
#10802 = VECTOR('',#10803,1.);
#10803 = DIRECTION('',(1.,0.));
#10804 = ( GEOMETRIC_REPRESENTATION_CONTEXT(2) 
PARAMETRIC_REPRESENTATION_CONTEXT() REPRESENTATION_CONTEXT('2D SPACE',''
  ) );
#10805 = ORIENTED_EDGE('',*,*,#10806,.F.);
#10806 = EDGE_CURVE('',#10733,#10784,#10807,.T.);
#10807 = SURFACE_CURVE('',#10808,(#10812,#10819),.PCURVE_S1.);
#10808 = LINE('',#10809,#10810);
#10809 = CARTESIAN_POINT('',(0.32,-5.4,3.));
#10810 = VECTOR('',#10811,1.);
#10811 = DIRECTION('',(0.,1.,0.));
#10812 = PCURVE('',#10741,#10813);
#10813 = DEFINITIONAL_REPRESENTATION('',(#10814),#10818);
#10814 = LINE('',#10815,#10816);
#10815 = CARTESIAN_POINT('',(11.5,0.));
#10816 = VECTOR('',#10817,1.);
#10817 = DIRECTION('',(0.,-1.));
#10818 = ( GEOMETRIC_REPRESENTATION_CONTEXT(2) 
PARAMETRIC_REPRESENTATION_CONTEXT() REPRESENTATION_CONTEXT('2D SPACE',''
  ) );
#10819 = PCURVE('',#10715,#10820);
#10820 = DEFINITIONAL_REPRESENTATION('',(#10821),#10825);
#10821 = LINE('',#10822,#10823);
#10822 = CARTESIAN_POINT('',(0.64,0.));
#10823 = VECTOR('',#10824,1.);
#10824 = DIRECTION('',(0.,1.));
#10825 = ( GEOMETRIC_REPRESENTATION_CONTEXT(2) 
PARAMETRIC_REPRESENTATION_CONTEXT() REPRESENTATION_CONTEXT('2D SPACE',''
  ) );
#10826 = ADVANCED_FACE('',(#10827),#10633,.F.);
#10827 = FACE_BOUND('',#10828,.F.);
#10828 = EDGE_LOOP('',(#10829,#10850,#10851,#10872));
#10829 = ORIENTED_EDGE('',*,*,#10830,.F.);
#10830 = EDGE_CURVE('',#10611,#10731,#10831,.T.);
#10831 = SURFACE_CURVE('',#10832,(#10836,#10843),.PCURVE_S1.);
#10832 = LINE('',#10833,#10834);
#10833 = CARTESIAN_POINT('',(-0.32,-5.4,-8.5));
#10834 = VECTOR('',#10835,1.);
#10835 = DIRECTION('',(1.,0.,0.));
#10836 = PCURVE('',#10633,#10837);
#10837 = DEFINITIONAL_REPRESENTATION('',(#10838),#10842);
#10838 = LINE('',#10839,#10840);
#10839 = CARTESIAN_POINT('',(0.,0.));
#10840 = VECTOR('',#10841,1.);
#10841 = DIRECTION('',(0.,1.));
#10842 = ( GEOMETRIC_REPRESENTATION_CONTEXT(2) 
PARAMETRIC_REPRESENTATION_CONTEXT() REPRESENTATION_CONTEXT('2D SPACE',''
  ) );
#10843 = PCURVE('',#10661,#10844);
#10844 = DEFINITIONAL_REPRESENTATION('',(#10845),#10849);
#10845 = LINE('',#10846,#10847);
#10846 = CARTESIAN_POINT('',(0.,0.));
#10847 = VECTOR('',#10848,1.);
#10848 = DIRECTION('',(1.,0.));
#10849 = ( GEOMETRIC_REPRESENTATION_CONTEXT(2) 
PARAMETRIC_REPRESENTATION_CONTEXT() REPRESENTATION_CONTEXT('2D SPACE',''
  ) );
#10850 = ORIENTED_EDGE('',*,*,#10610,.T.);
#10851 = ORIENTED_EDGE('',*,*,#10852,.T.);
#10852 = EDGE_CURVE('',#10613,#10733,#10853,.T.);
#10853 = SURFACE_CURVE('',#10854,(#10858,#10865),.PCURVE_S1.);
#10854 = LINE('',#10855,#10856);
#10855 = CARTESIAN_POINT('',(-0.32,-5.4,3.));
#10856 = VECTOR('',#10857,1.);
#10857 = DIRECTION('',(1.,0.,0.));
#10858 = PCURVE('',#10633,#10859);
#10859 = DEFINITIONAL_REPRESENTATION('',(#10860),#10864);
#10860 = LINE('',#10861,#10862);
#10861 = CARTESIAN_POINT('',(11.5,0.));
#10862 = VECTOR('',#10863,1.);
#10863 = DIRECTION('',(0.,1.));
#10864 = ( GEOMETRIC_REPRESENTATION_CONTEXT(2) 
PARAMETRIC_REPRESENTATION_CONTEXT() REPRESENTATION_CONTEXT('2D SPACE',''
  ) );
#10865 = PCURVE('',#10715,#10866);
#10866 = DEFINITIONAL_REPRESENTATION('',(#10867),#10871);
#10867 = LINE('',#10868,#10869);
#10868 = CARTESIAN_POINT('',(0.,0.));
#10869 = VECTOR('',#10870,1.);
#10870 = DIRECTION('',(1.,0.));
#10871 = ( GEOMETRIC_REPRESENTATION_CONTEXT(2) 
PARAMETRIC_REPRESENTATION_CONTEXT() REPRESENTATION_CONTEXT('2D SPACE',''
  ) );
#10872 = ORIENTED_EDGE('',*,*,#10730,.F.);
#10873 = ADVANCED_FACE('',(#10874),#10689,.T.);
#10874 = FACE_BOUND('',#10875,.T.);
#10875 = EDGE_LOOP('',(#10876,#10897,#10898,#10919));
#10876 = ORIENTED_EDGE('',*,*,#10877,.F.);
#10877 = EDGE_CURVE('',#10646,#10761,#10878,.T.);
#10878 = SURFACE_CURVE('',#10879,(#10883,#10890),.PCURVE_S1.);
#10879 = LINE('',#10880,#10881);
#10880 = CARTESIAN_POINT('',(-0.32,-4.76,-8.5));
#10881 = VECTOR('',#10882,1.);
#10882 = DIRECTION('',(1.,0.,0.));
#10883 = PCURVE('',#10689,#10884);
#10884 = DEFINITIONAL_REPRESENTATION('',(#10885),#10889);
#10885 = LINE('',#10886,#10887);
#10886 = CARTESIAN_POINT('',(0.,0.));
#10887 = VECTOR('',#10888,1.);
#10888 = DIRECTION('',(0.,1.));
#10889 = ( GEOMETRIC_REPRESENTATION_CONTEXT(2) 
PARAMETRIC_REPRESENTATION_CONTEXT() REPRESENTATION_CONTEXT('2D SPACE',''
  ) );
#10890 = PCURVE('',#10661,#10891);
#10891 = DEFINITIONAL_REPRESENTATION('',(#10892),#10896);
#10892 = LINE('',#10893,#10894);
#10893 = CARTESIAN_POINT('',(0.,0.64));
#10894 = VECTOR('',#10895,1.);
#10895 = DIRECTION('',(1.,0.));
#10896 = ( GEOMETRIC_REPRESENTATION_CONTEXT(2) 
PARAMETRIC_REPRESENTATION_CONTEXT() REPRESENTATION_CONTEXT('2D SPACE',''
  ) );
#10897 = ORIENTED_EDGE('',*,*,#10673,.T.);
#10898 = ORIENTED_EDGE('',*,*,#10899,.T.);
#10899 = EDGE_CURVE('',#10674,#10784,#10900,.T.);
#10900 = SURFACE_CURVE('',#10901,(#10905,#10912),.PCURVE_S1.);
#10901 = LINE('',#10902,#10903);
#10902 = CARTESIAN_POINT('',(-0.32,-4.76,3.));
#10903 = VECTOR('',#10904,1.);
#10904 = DIRECTION('',(1.,0.,0.));
#10905 = PCURVE('',#10689,#10906);
#10906 = DEFINITIONAL_REPRESENTATION('',(#10907),#10911);
#10907 = LINE('',#10908,#10909);
#10908 = CARTESIAN_POINT('',(11.5,0.));
#10909 = VECTOR('',#10910,1.);
#10910 = DIRECTION('',(0.,1.));
#10911 = ( GEOMETRIC_REPRESENTATION_CONTEXT(2) 
PARAMETRIC_REPRESENTATION_CONTEXT() REPRESENTATION_CONTEXT('2D SPACE',''
  ) );
#10912 = PCURVE('',#10715,#10913);
#10913 = DEFINITIONAL_REPRESENTATION('',(#10914),#10918);
#10914 = LINE('',#10915,#10916);
#10915 = CARTESIAN_POINT('',(0.,0.64));
#10916 = VECTOR('',#10917,1.);
#10917 = DIRECTION('',(1.,0.));
#10918 = ( GEOMETRIC_REPRESENTATION_CONTEXT(2) 
PARAMETRIC_REPRESENTATION_CONTEXT() REPRESENTATION_CONTEXT('2D SPACE',''
  ) );
#10919 = ORIENTED_EDGE('',*,*,#10783,.F.);
#10920 = ADVANCED_FACE('',(#10921),#10661,.F.);
#10921 = FACE_BOUND('',#10922,.F.);
#10922 = EDGE_LOOP('',(#10923,#10924,#10925,#10926));
#10923 = ORIENTED_EDGE('',*,*,#10645,.F.);
#10924 = ORIENTED_EDGE('',*,*,#10830,.T.);
#10925 = ORIENTED_EDGE('',*,*,#10760,.T.);
#10926 = ORIENTED_EDGE('',*,*,#10877,.F.);
#10927 = ADVANCED_FACE('',(#10928),#10715,.T.);
#10928 = FACE_BOUND('',#10929,.T.);
#10929 = EDGE_LOOP('',(#10930,#10931,#10932,#10933));
#10930 = ORIENTED_EDGE('',*,*,#10701,.F.);
#10931 = ORIENTED_EDGE('',*,*,#10852,.T.);
#10932 = ORIENTED_EDGE('',*,*,#10806,.T.);
#10933 = ORIENTED_EDGE('',*,*,#10899,.F.);
#10934 = MANIFOLD_SOLID_BREP('',#10935);
#10935 = CLOSED_SHELL('',(#10936,#11056,#11156,#11203,#11250,#11257));
#10936 = ADVANCED_FACE('',(#10937),#10951,.F.);
#10937 = FACE_BOUND('',#10938,.F.);
#10938 = EDGE_LOOP('',(#10939,#10974,#11002,#11030));
#10939 = ORIENTED_EDGE('',*,*,#10940,.F.);
#10940 = EDGE_CURVE('',#10941,#10943,#10945,.T.);
#10941 = VERTEX_POINT('',#10942);
#10942 = CARTESIAN_POINT('',(-0.32,-7.94,-8.5));
#10943 = VERTEX_POINT('',#10944);
#10944 = CARTESIAN_POINT('',(-0.32,-7.94,3.));
#10945 = SURFACE_CURVE('',#10946,(#10950,#10962),.PCURVE_S1.);
#10946 = LINE('',#10947,#10948);
#10947 = CARTESIAN_POINT('',(-0.32,-7.94,-8.5));
#10948 = VECTOR('',#10949,1.);
#10949 = DIRECTION('',(0.,0.,1.));
#10950 = PCURVE('',#10951,#10956);
#10951 = PLANE('',#10952);
#10952 = AXIS2_PLACEMENT_3D('',#10953,#10954,#10955);
#10953 = CARTESIAN_POINT('',(-0.32,-7.94,-8.5));
#10954 = DIRECTION('',(1.,0.,0.));
#10955 = DIRECTION('',(0.,0.,1.));
#10956 = DEFINITIONAL_REPRESENTATION('',(#10957),#10961);
#10957 = LINE('',#10958,#10959);
#10958 = CARTESIAN_POINT('',(0.,0.));
#10959 = VECTOR('',#10960,1.);
#10960 = DIRECTION('',(1.,0.));
#10961 = ( GEOMETRIC_REPRESENTATION_CONTEXT(2) 
PARAMETRIC_REPRESENTATION_CONTEXT() REPRESENTATION_CONTEXT('2D SPACE',''
  ) );
#10962 = PCURVE('',#10963,#10968);
#10963 = PLANE('',#10964);
#10964 = AXIS2_PLACEMENT_3D('',#10965,#10966,#10967);
#10965 = CARTESIAN_POINT('',(-0.32,-7.94,-8.5));
#10966 = DIRECTION('',(0.,1.,0.));
#10967 = DIRECTION('',(0.,0.,1.));
#10968 = DEFINITIONAL_REPRESENTATION('',(#10969),#10973);
#10969 = LINE('',#10970,#10971);
#10970 = CARTESIAN_POINT('',(0.,0.));
#10971 = VECTOR('',#10972,1.);
#10972 = DIRECTION('',(1.,0.));
#10973 = ( GEOMETRIC_REPRESENTATION_CONTEXT(2) 
PARAMETRIC_REPRESENTATION_CONTEXT() REPRESENTATION_CONTEXT('2D SPACE',''
  ) );
#10974 = ORIENTED_EDGE('',*,*,#10975,.T.);
#10975 = EDGE_CURVE('',#10941,#10976,#10978,.T.);
#10976 = VERTEX_POINT('',#10977);
#10977 = CARTESIAN_POINT('',(-0.32,-7.3,-8.5));
#10978 = SURFACE_CURVE('',#10979,(#10983,#10990),.PCURVE_S1.);
#10979 = LINE('',#10980,#10981);
#10980 = CARTESIAN_POINT('',(-0.32,-7.94,-8.5));
#10981 = VECTOR('',#10982,1.);
#10982 = DIRECTION('',(0.,1.,0.));
#10983 = PCURVE('',#10951,#10984);
#10984 = DEFINITIONAL_REPRESENTATION('',(#10985),#10989);
#10985 = LINE('',#10986,#10987);
#10986 = CARTESIAN_POINT('',(0.,0.));
#10987 = VECTOR('',#10988,1.);
#10988 = DIRECTION('',(0.,-1.));
#10989 = ( GEOMETRIC_REPRESENTATION_CONTEXT(2) 
PARAMETRIC_REPRESENTATION_CONTEXT() REPRESENTATION_CONTEXT('2D SPACE',''
  ) );
#10990 = PCURVE('',#10991,#10996);
#10991 = PLANE('',#10992);
#10992 = AXIS2_PLACEMENT_3D('',#10993,#10994,#10995);
#10993 = CARTESIAN_POINT('',(-0.32,-7.94,-8.5));
#10994 = DIRECTION('',(0.,0.,1.));
#10995 = DIRECTION('',(1.,0.,0.));
#10996 = DEFINITIONAL_REPRESENTATION('',(#10997),#11001);
#10997 = LINE('',#10998,#10999);
#10998 = CARTESIAN_POINT('',(0.,0.));
#10999 = VECTOR('',#11000,1.);
#11000 = DIRECTION('',(0.,1.));
#11001 = ( GEOMETRIC_REPRESENTATION_CONTEXT(2) 
PARAMETRIC_REPRESENTATION_CONTEXT() REPRESENTATION_CONTEXT('2D SPACE',''
  ) );
#11002 = ORIENTED_EDGE('',*,*,#11003,.T.);
#11003 = EDGE_CURVE('',#10976,#11004,#11006,.T.);
#11004 = VERTEX_POINT('',#11005);
#11005 = CARTESIAN_POINT('',(-0.32,-7.3,3.));
#11006 = SURFACE_CURVE('',#11007,(#11011,#11018),.PCURVE_S1.);
#11007 = LINE('',#11008,#11009);
#11008 = CARTESIAN_POINT('',(-0.32,-7.3,-8.5));
#11009 = VECTOR('',#11010,1.);
#11010 = DIRECTION('',(0.,0.,1.));
#11011 = PCURVE('',#10951,#11012);
#11012 = DEFINITIONAL_REPRESENTATION('',(#11013),#11017);
#11013 = LINE('',#11014,#11015);
#11014 = CARTESIAN_POINT('',(0.,-0.64));
#11015 = VECTOR('',#11016,1.);
#11016 = DIRECTION('',(1.,0.));
#11017 = ( GEOMETRIC_REPRESENTATION_CONTEXT(2) 
PARAMETRIC_REPRESENTATION_CONTEXT() REPRESENTATION_CONTEXT('2D SPACE',''
  ) );
#11018 = PCURVE('',#11019,#11024);
#11019 = PLANE('',#11020);
#11020 = AXIS2_PLACEMENT_3D('',#11021,#11022,#11023);
#11021 = CARTESIAN_POINT('',(-0.32,-7.3,-8.5));
#11022 = DIRECTION('',(0.,1.,0.));
#11023 = DIRECTION('',(0.,0.,1.));
#11024 = DEFINITIONAL_REPRESENTATION('',(#11025),#11029);
#11025 = LINE('',#11026,#11027);
#11026 = CARTESIAN_POINT('',(0.,0.));
#11027 = VECTOR('',#11028,1.);
#11028 = DIRECTION('',(1.,0.));
#11029 = ( GEOMETRIC_REPRESENTATION_CONTEXT(2) 
PARAMETRIC_REPRESENTATION_CONTEXT() REPRESENTATION_CONTEXT('2D SPACE',''
  ) );
#11030 = ORIENTED_EDGE('',*,*,#11031,.F.);
#11031 = EDGE_CURVE('',#10943,#11004,#11032,.T.);
#11032 = SURFACE_CURVE('',#11033,(#11037,#11044),.PCURVE_S1.);
#11033 = LINE('',#11034,#11035);
#11034 = CARTESIAN_POINT('',(-0.32,-7.94,3.));
#11035 = VECTOR('',#11036,1.);
#11036 = DIRECTION('',(0.,1.,0.));
#11037 = PCURVE('',#10951,#11038);
#11038 = DEFINITIONAL_REPRESENTATION('',(#11039),#11043);
#11039 = LINE('',#11040,#11041);
#11040 = CARTESIAN_POINT('',(11.5,0.));
#11041 = VECTOR('',#11042,1.);
#11042 = DIRECTION('',(0.,-1.));
#11043 = ( GEOMETRIC_REPRESENTATION_CONTEXT(2) 
PARAMETRIC_REPRESENTATION_CONTEXT() REPRESENTATION_CONTEXT('2D SPACE',''
  ) );
#11044 = PCURVE('',#11045,#11050);
#11045 = PLANE('',#11046);
#11046 = AXIS2_PLACEMENT_3D('',#11047,#11048,#11049);
#11047 = CARTESIAN_POINT('',(-0.32,-7.94,3.));
#11048 = DIRECTION('',(0.,0.,1.));
#11049 = DIRECTION('',(1.,0.,0.));
#11050 = DEFINITIONAL_REPRESENTATION('',(#11051),#11055);
#11051 = LINE('',#11052,#11053);
#11052 = CARTESIAN_POINT('',(0.,0.));
#11053 = VECTOR('',#11054,1.);
#11054 = DIRECTION('',(0.,1.));
#11055 = ( GEOMETRIC_REPRESENTATION_CONTEXT(2) 
PARAMETRIC_REPRESENTATION_CONTEXT() REPRESENTATION_CONTEXT('2D SPACE',''
  ) );
#11056 = ADVANCED_FACE('',(#11057),#11071,.T.);
#11057 = FACE_BOUND('',#11058,.T.);
#11058 = EDGE_LOOP('',(#11059,#11089,#11112,#11135));
#11059 = ORIENTED_EDGE('',*,*,#11060,.F.);
#11060 = EDGE_CURVE('',#11061,#11063,#11065,.T.);
#11061 = VERTEX_POINT('',#11062);
#11062 = CARTESIAN_POINT('',(0.32,-7.94,-8.5));
#11063 = VERTEX_POINT('',#11064);
#11064 = CARTESIAN_POINT('',(0.32,-7.94,3.));
#11065 = SURFACE_CURVE('',#11066,(#11070,#11082),.PCURVE_S1.);
#11066 = LINE('',#11067,#11068);
#11067 = CARTESIAN_POINT('',(0.32,-7.94,-8.5));
#11068 = VECTOR('',#11069,1.);
#11069 = DIRECTION('',(0.,0.,1.));
#11070 = PCURVE('',#11071,#11076);
#11071 = PLANE('',#11072);
#11072 = AXIS2_PLACEMENT_3D('',#11073,#11074,#11075);
#11073 = CARTESIAN_POINT('',(0.32,-7.94,-8.5));
#11074 = DIRECTION('',(1.,0.,0.));
#11075 = DIRECTION('',(0.,0.,1.));
#11076 = DEFINITIONAL_REPRESENTATION('',(#11077),#11081);
#11077 = LINE('',#11078,#11079);
#11078 = CARTESIAN_POINT('',(0.,0.));
#11079 = VECTOR('',#11080,1.);
#11080 = DIRECTION('',(1.,0.));
#11081 = ( GEOMETRIC_REPRESENTATION_CONTEXT(2) 
PARAMETRIC_REPRESENTATION_CONTEXT() REPRESENTATION_CONTEXT('2D SPACE',''
  ) );
#11082 = PCURVE('',#10963,#11083);
#11083 = DEFINITIONAL_REPRESENTATION('',(#11084),#11088);
#11084 = LINE('',#11085,#11086);
#11085 = CARTESIAN_POINT('',(0.,0.64));
#11086 = VECTOR('',#11087,1.);
#11087 = DIRECTION('',(1.,0.));
#11088 = ( GEOMETRIC_REPRESENTATION_CONTEXT(2) 
PARAMETRIC_REPRESENTATION_CONTEXT() REPRESENTATION_CONTEXT('2D SPACE',''
  ) );
#11089 = ORIENTED_EDGE('',*,*,#11090,.T.);
#11090 = EDGE_CURVE('',#11061,#11091,#11093,.T.);
#11091 = VERTEX_POINT('',#11092);
#11092 = CARTESIAN_POINT('',(0.32,-7.3,-8.5));
#11093 = SURFACE_CURVE('',#11094,(#11098,#11105),.PCURVE_S1.);
#11094 = LINE('',#11095,#11096);
#11095 = CARTESIAN_POINT('',(0.32,-7.94,-8.5));
#11096 = VECTOR('',#11097,1.);
#11097 = DIRECTION('',(0.,1.,0.));
#11098 = PCURVE('',#11071,#11099);
#11099 = DEFINITIONAL_REPRESENTATION('',(#11100),#11104);
#11100 = LINE('',#11101,#11102);
#11101 = CARTESIAN_POINT('',(0.,0.));
#11102 = VECTOR('',#11103,1.);
#11103 = DIRECTION('',(0.,-1.));
#11104 = ( GEOMETRIC_REPRESENTATION_CONTEXT(2) 
PARAMETRIC_REPRESENTATION_CONTEXT() REPRESENTATION_CONTEXT('2D SPACE',''
  ) );
#11105 = PCURVE('',#10991,#11106);
#11106 = DEFINITIONAL_REPRESENTATION('',(#11107),#11111);
#11107 = LINE('',#11108,#11109);
#11108 = CARTESIAN_POINT('',(0.64,0.));
#11109 = VECTOR('',#11110,1.);
#11110 = DIRECTION('',(0.,1.));
#11111 = ( GEOMETRIC_REPRESENTATION_CONTEXT(2) 
PARAMETRIC_REPRESENTATION_CONTEXT() REPRESENTATION_CONTEXT('2D SPACE',''
  ) );
#11112 = ORIENTED_EDGE('',*,*,#11113,.T.);
#11113 = EDGE_CURVE('',#11091,#11114,#11116,.T.);
#11114 = VERTEX_POINT('',#11115);
#11115 = CARTESIAN_POINT('',(0.32,-7.3,3.));
#11116 = SURFACE_CURVE('',#11117,(#11121,#11128),.PCURVE_S1.);
#11117 = LINE('',#11118,#11119);
#11118 = CARTESIAN_POINT('',(0.32,-7.3,-8.5));
#11119 = VECTOR('',#11120,1.);
#11120 = DIRECTION('',(0.,0.,1.));
#11121 = PCURVE('',#11071,#11122);
#11122 = DEFINITIONAL_REPRESENTATION('',(#11123),#11127);
#11123 = LINE('',#11124,#11125);
#11124 = CARTESIAN_POINT('',(0.,-0.64));
#11125 = VECTOR('',#11126,1.);
#11126 = DIRECTION('',(1.,0.));
#11127 = ( GEOMETRIC_REPRESENTATION_CONTEXT(2) 
PARAMETRIC_REPRESENTATION_CONTEXT() REPRESENTATION_CONTEXT('2D SPACE',''
  ) );
#11128 = PCURVE('',#11019,#11129);
#11129 = DEFINITIONAL_REPRESENTATION('',(#11130),#11134);
#11130 = LINE('',#11131,#11132);
#11131 = CARTESIAN_POINT('',(0.,0.64));
#11132 = VECTOR('',#11133,1.);
#11133 = DIRECTION('',(1.,0.));
#11134 = ( GEOMETRIC_REPRESENTATION_CONTEXT(2) 
PARAMETRIC_REPRESENTATION_CONTEXT() REPRESENTATION_CONTEXT('2D SPACE',''
  ) );
#11135 = ORIENTED_EDGE('',*,*,#11136,.F.);
#11136 = EDGE_CURVE('',#11063,#11114,#11137,.T.);
#11137 = SURFACE_CURVE('',#11138,(#11142,#11149),.PCURVE_S1.);
#11138 = LINE('',#11139,#11140);
#11139 = CARTESIAN_POINT('',(0.32,-7.94,3.));
#11140 = VECTOR('',#11141,1.);
#11141 = DIRECTION('',(0.,1.,0.));
#11142 = PCURVE('',#11071,#11143);
#11143 = DEFINITIONAL_REPRESENTATION('',(#11144),#11148);
#11144 = LINE('',#11145,#11146);
#11145 = CARTESIAN_POINT('',(11.5,0.));
#11146 = VECTOR('',#11147,1.);
#11147 = DIRECTION('',(0.,-1.));
#11148 = ( GEOMETRIC_REPRESENTATION_CONTEXT(2) 
PARAMETRIC_REPRESENTATION_CONTEXT() REPRESENTATION_CONTEXT('2D SPACE',''
  ) );
#11149 = PCURVE('',#11045,#11150);
#11150 = DEFINITIONAL_REPRESENTATION('',(#11151),#11155);
#11151 = LINE('',#11152,#11153);
#11152 = CARTESIAN_POINT('',(0.64,0.));
#11153 = VECTOR('',#11154,1.);
#11154 = DIRECTION('',(0.,1.));
#11155 = ( GEOMETRIC_REPRESENTATION_CONTEXT(2) 
PARAMETRIC_REPRESENTATION_CONTEXT() REPRESENTATION_CONTEXT('2D SPACE',''
  ) );
#11156 = ADVANCED_FACE('',(#11157),#10963,.F.);
#11157 = FACE_BOUND('',#11158,.F.);
#11158 = EDGE_LOOP('',(#11159,#11180,#11181,#11202));
#11159 = ORIENTED_EDGE('',*,*,#11160,.F.);
#11160 = EDGE_CURVE('',#10941,#11061,#11161,.T.);
#11161 = SURFACE_CURVE('',#11162,(#11166,#11173),.PCURVE_S1.);
#11162 = LINE('',#11163,#11164);
#11163 = CARTESIAN_POINT('',(-0.32,-7.94,-8.5));
#11164 = VECTOR('',#11165,1.);
#11165 = DIRECTION('',(1.,0.,0.));
#11166 = PCURVE('',#10963,#11167);
#11167 = DEFINITIONAL_REPRESENTATION('',(#11168),#11172);
#11168 = LINE('',#11169,#11170);
#11169 = CARTESIAN_POINT('',(0.,0.));
#11170 = VECTOR('',#11171,1.);
#11171 = DIRECTION('',(0.,1.));
#11172 = ( GEOMETRIC_REPRESENTATION_CONTEXT(2) 
PARAMETRIC_REPRESENTATION_CONTEXT() REPRESENTATION_CONTEXT('2D SPACE',''
  ) );
#11173 = PCURVE('',#10991,#11174);
#11174 = DEFINITIONAL_REPRESENTATION('',(#11175),#11179);
#11175 = LINE('',#11176,#11177);
#11176 = CARTESIAN_POINT('',(0.,0.));
#11177 = VECTOR('',#11178,1.);
#11178 = DIRECTION('',(1.,0.));
#11179 = ( GEOMETRIC_REPRESENTATION_CONTEXT(2) 
PARAMETRIC_REPRESENTATION_CONTEXT() REPRESENTATION_CONTEXT('2D SPACE',''
  ) );
#11180 = ORIENTED_EDGE('',*,*,#10940,.T.);
#11181 = ORIENTED_EDGE('',*,*,#11182,.T.);
#11182 = EDGE_CURVE('',#10943,#11063,#11183,.T.);
#11183 = SURFACE_CURVE('',#11184,(#11188,#11195),.PCURVE_S1.);
#11184 = LINE('',#11185,#11186);
#11185 = CARTESIAN_POINT('',(-0.32,-7.94,3.));
#11186 = VECTOR('',#11187,1.);
#11187 = DIRECTION('',(1.,0.,0.));
#11188 = PCURVE('',#10963,#11189);
#11189 = DEFINITIONAL_REPRESENTATION('',(#11190),#11194);
#11190 = LINE('',#11191,#11192);
#11191 = CARTESIAN_POINT('',(11.5,0.));
#11192 = VECTOR('',#11193,1.);
#11193 = DIRECTION('',(0.,1.));
#11194 = ( GEOMETRIC_REPRESENTATION_CONTEXT(2) 
PARAMETRIC_REPRESENTATION_CONTEXT() REPRESENTATION_CONTEXT('2D SPACE',''
  ) );
#11195 = PCURVE('',#11045,#11196);
#11196 = DEFINITIONAL_REPRESENTATION('',(#11197),#11201);
#11197 = LINE('',#11198,#11199);
#11198 = CARTESIAN_POINT('',(0.,0.));
#11199 = VECTOR('',#11200,1.);
#11200 = DIRECTION('',(1.,0.));
#11201 = ( GEOMETRIC_REPRESENTATION_CONTEXT(2) 
PARAMETRIC_REPRESENTATION_CONTEXT() REPRESENTATION_CONTEXT('2D SPACE',''
  ) );
#11202 = ORIENTED_EDGE('',*,*,#11060,.F.);
#11203 = ADVANCED_FACE('',(#11204),#11019,.T.);
#11204 = FACE_BOUND('',#11205,.T.);
#11205 = EDGE_LOOP('',(#11206,#11227,#11228,#11249));
#11206 = ORIENTED_EDGE('',*,*,#11207,.F.);
#11207 = EDGE_CURVE('',#10976,#11091,#11208,.T.);
#11208 = SURFACE_CURVE('',#11209,(#11213,#11220),.PCURVE_S1.);
#11209 = LINE('',#11210,#11211);
#11210 = CARTESIAN_POINT('',(-0.32,-7.3,-8.5));
#11211 = VECTOR('',#11212,1.);
#11212 = DIRECTION('',(1.,0.,0.));
#11213 = PCURVE('',#11019,#11214);
#11214 = DEFINITIONAL_REPRESENTATION('',(#11215),#11219);
#11215 = LINE('',#11216,#11217);
#11216 = CARTESIAN_POINT('',(0.,0.));
#11217 = VECTOR('',#11218,1.);
#11218 = DIRECTION('',(0.,1.));
#11219 = ( GEOMETRIC_REPRESENTATION_CONTEXT(2) 
PARAMETRIC_REPRESENTATION_CONTEXT() REPRESENTATION_CONTEXT('2D SPACE',''
  ) );
#11220 = PCURVE('',#10991,#11221);
#11221 = DEFINITIONAL_REPRESENTATION('',(#11222),#11226);
#11222 = LINE('',#11223,#11224);
#11223 = CARTESIAN_POINT('',(0.,0.64));
#11224 = VECTOR('',#11225,1.);
#11225 = DIRECTION('',(1.,0.));
#11226 = ( GEOMETRIC_REPRESENTATION_CONTEXT(2) 
PARAMETRIC_REPRESENTATION_CONTEXT() REPRESENTATION_CONTEXT('2D SPACE',''
  ) );
#11227 = ORIENTED_EDGE('',*,*,#11003,.T.);
#11228 = ORIENTED_EDGE('',*,*,#11229,.T.);
#11229 = EDGE_CURVE('',#11004,#11114,#11230,.T.);
#11230 = SURFACE_CURVE('',#11231,(#11235,#11242),.PCURVE_S1.);
#11231 = LINE('',#11232,#11233);
#11232 = CARTESIAN_POINT('',(-0.32,-7.3,3.));
#11233 = VECTOR('',#11234,1.);
#11234 = DIRECTION('',(1.,0.,0.));
#11235 = PCURVE('',#11019,#11236);
#11236 = DEFINITIONAL_REPRESENTATION('',(#11237),#11241);
#11237 = LINE('',#11238,#11239);
#11238 = CARTESIAN_POINT('',(11.5,0.));
#11239 = VECTOR('',#11240,1.);
#11240 = DIRECTION('',(0.,1.));
#11241 = ( GEOMETRIC_REPRESENTATION_CONTEXT(2) 
PARAMETRIC_REPRESENTATION_CONTEXT() REPRESENTATION_CONTEXT('2D SPACE',''
  ) );
#11242 = PCURVE('',#11045,#11243);
#11243 = DEFINITIONAL_REPRESENTATION('',(#11244),#11248);
#11244 = LINE('',#11245,#11246);
#11245 = CARTESIAN_POINT('',(0.,0.64));
#11246 = VECTOR('',#11247,1.);
#11247 = DIRECTION('',(1.,0.));
#11248 = ( GEOMETRIC_REPRESENTATION_CONTEXT(2) 
PARAMETRIC_REPRESENTATION_CONTEXT() REPRESENTATION_CONTEXT('2D SPACE',''
  ) );
#11249 = ORIENTED_EDGE('',*,*,#11113,.F.);
#11250 = ADVANCED_FACE('',(#11251),#10991,.F.);
#11251 = FACE_BOUND('',#11252,.F.);
#11252 = EDGE_LOOP('',(#11253,#11254,#11255,#11256));
#11253 = ORIENTED_EDGE('',*,*,#10975,.F.);
#11254 = ORIENTED_EDGE('',*,*,#11160,.T.);
#11255 = ORIENTED_EDGE('',*,*,#11090,.T.);
#11256 = ORIENTED_EDGE('',*,*,#11207,.F.);
#11257 = ADVANCED_FACE('',(#11258),#11045,.T.);
#11258 = FACE_BOUND('',#11259,.T.);
#11259 = EDGE_LOOP('',(#11260,#11261,#11262,#11263));
#11260 = ORIENTED_EDGE('',*,*,#11031,.F.);
#11261 = ORIENTED_EDGE('',*,*,#11182,.T.);
#11262 = ORIENTED_EDGE('',*,*,#11136,.T.);
#11263 = ORIENTED_EDGE('',*,*,#11229,.F.);
#11264 = MANIFOLD_SOLID_BREP('',#11265);
#11265 = CLOSED_SHELL('',(#11266,#11386,#11486,#11533,#11580,#11587));
#11266 = ADVANCED_FACE('',(#11267),#11281,.F.);
#11267 = FACE_BOUND('',#11268,.F.);
#11268 = EDGE_LOOP('',(#11269,#11304,#11332,#11360));
#11269 = ORIENTED_EDGE('',*,*,#11270,.F.);
#11270 = EDGE_CURVE('',#11271,#11273,#11275,.T.);
#11271 = VERTEX_POINT('',#11272);
#11272 = CARTESIAN_POINT('',(-0.32,-10.48,-8.5));
#11273 = VERTEX_POINT('',#11274);
#11274 = CARTESIAN_POINT('',(-0.32,-10.48,3.));
#11275 = SURFACE_CURVE('',#11276,(#11280,#11292),.PCURVE_S1.);
#11276 = LINE('',#11277,#11278);
#11277 = CARTESIAN_POINT('',(-0.32,-10.48,-8.5));
#11278 = VECTOR('',#11279,1.);
#11279 = DIRECTION('',(0.,0.,1.));
#11280 = PCURVE('',#11281,#11286);
#11281 = PLANE('',#11282);
#11282 = AXIS2_PLACEMENT_3D('',#11283,#11284,#11285);
#11283 = CARTESIAN_POINT('',(-0.32,-10.48,-8.5));
#11284 = DIRECTION('',(1.,0.,0.));
#11285 = DIRECTION('',(0.,0.,1.));
#11286 = DEFINITIONAL_REPRESENTATION('',(#11287),#11291);
#11287 = LINE('',#11288,#11289);
#11288 = CARTESIAN_POINT('',(0.,0.));
#11289 = VECTOR('',#11290,1.);
#11290 = DIRECTION('',(1.,0.));
#11291 = ( GEOMETRIC_REPRESENTATION_CONTEXT(2) 
PARAMETRIC_REPRESENTATION_CONTEXT() REPRESENTATION_CONTEXT('2D SPACE',''
  ) );
#11292 = PCURVE('',#11293,#11298);
#11293 = PLANE('',#11294);
#11294 = AXIS2_PLACEMENT_3D('',#11295,#11296,#11297);
#11295 = CARTESIAN_POINT('',(-0.32,-10.48,-8.5));
#11296 = DIRECTION('',(0.,1.,0.));
#11297 = DIRECTION('',(0.,0.,1.));
#11298 = DEFINITIONAL_REPRESENTATION('',(#11299),#11303);
#11299 = LINE('',#11300,#11301);
#11300 = CARTESIAN_POINT('',(0.,0.));
#11301 = VECTOR('',#11302,1.);
#11302 = DIRECTION('',(1.,0.));
#11303 = ( GEOMETRIC_REPRESENTATION_CONTEXT(2) 
PARAMETRIC_REPRESENTATION_CONTEXT() REPRESENTATION_CONTEXT('2D SPACE',''
  ) );
#11304 = ORIENTED_EDGE('',*,*,#11305,.T.);
#11305 = EDGE_CURVE('',#11271,#11306,#11308,.T.);
#11306 = VERTEX_POINT('',#11307);
#11307 = CARTESIAN_POINT('',(-0.32,-9.84,-8.5));
#11308 = SURFACE_CURVE('',#11309,(#11313,#11320),.PCURVE_S1.);
#11309 = LINE('',#11310,#11311);
#11310 = CARTESIAN_POINT('',(-0.32,-10.48,-8.5));
#11311 = VECTOR('',#11312,1.);
#11312 = DIRECTION('',(0.,1.,0.));
#11313 = PCURVE('',#11281,#11314);
#11314 = DEFINITIONAL_REPRESENTATION('',(#11315),#11319);
#11315 = LINE('',#11316,#11317);
#11316 = CARTESIAN_POINT('',(0.,0.));
#11317 = VECTOR('',#11318,1.);
#11318 = DIRECTION('',(0.,-1.));
#11319 = ( GEOMETRIC_REPRESENTATION_CONTEXT(2) 
PARAMETRIC_REPRESENTATION_CONTEXT() REPRESENTATION_CONTEXT('2D SPACE',''
  ) );
#11320 = PCURVE('',#11321,#11326);
#11321 = PLANE('',#11322);
#11322 = AXIS2_PLACEMENT_3D('',#11323,#11324,#11325);
#11323 = CARTESIAN_POINT('',(-0.32,-10.48,-8.5));
#11324 = DIRECTION('',(0.,0.,1.));
#11325 = DIRECTION('',(1.,0.,0.));
#11326 = DEFINITIONAL_REPRESENTATION('',(#11327),#11331);
#11327 = LINE('',#11328,#11329);
#11328 = CARTESIAN_POINT('',(0.,0.));
#11329 = VECTOR('',#11330,1.);
#11330 = DIRECTION('',(0.,1.));
#11331 = ( GEOMETRIC_REPRESENTATION_CONTEXT(2) 
PARAMETRIC_REPRESENTATION_CONTEXT() REPRESENTATION_CONTEXT('2D SPACE',''
  ) );
#11332 = ORIENTED_EDGE('',*,*,#11333,.T.);
#11333 = EDGE_CURVE('',#11306,#11334,#11336,.T.);
#11334 = VERTEX_POINT('',#11335);
#11335 = CARTESIAN_POINT('',(-0.32,-9.84,3.));
#11336 = SURFACE_CURVE('',#11337,(#11341,#11348),.PCURVE_S1.);
#11337 = LINE('',#11338,#11339);
#11338 = CARTESIAN_POINT('',(-0.32,-9.84,-8.5));
#11339 = VECTOR('',#11340,1.);
#11340 = DIRECTION('',(0.,0.,1.));
#11341 = PCURVE('',#11281,#11342);
#11342 = DEFINITIONAL_REPRESENTATION('',(#11343),#11347);
#11343 = LINE('',#11344,#11345);
#11344 = CARTESIAN_POINT('',(0.,-0.64));
#11345 = VECTOR('',#11346,1.);
#11346 = DIRECTION('',(1.,0.));
#11347 = ( GEOMETRIC_REPRESENTATION_CONTEXT(2) 
PARAMETRIC_REPRESENTATION_CONTEXT() REPRESENTATION_CONTEXT('2D SPACE',''
  ) );
#11348 = PCURVE('',#11349,#11354);
#11349 = PLANE('',#11350);
#11350 = AXIS2_PLACEMENT_3D('',#11351,#11352,#11353);
#11351 = CARTESIAN_POINT('',(-0.32,-9.84,-8.5));
#11352 = DIRECTION('',(0.,1.,0.));
#11353 = DIRECTION('',(0.,0.,1.));
#11354 = DEFINITIONAL_REPRESENTATION('',(#11355),#11359);
#11355 = LINE('',#11356,#11357);
#11356 = CARTESIAN_POINT('',(0.,0.));
#11357 = VECTOR('',#11358,1.);
#11358 = DIRECTION('',(1.,0.));
#11359 = ( GEOMETRIC_REPRESENTATION_CONTEXT(2) 
PARAMETRIC_REPRESENTATION_CONTEXT() REPRESENTATION_CONTEXT('2D SPACE',''
  ) );
#11360 = ORIENTED_EDGE('',*,*,#11361,.F.);
#11361 = EDGE_CURVE('',#11273,#11334,#11362,.T.);
#11362 = SURFACE_CURVE('',#11363,(#11367,#11374),.PCURVE_S1.);
#11363 = LINE('',#11364,#11365);
#11364 = CARTESIAN_POINT('',(-0.32,-10.48,3.));
#11365 = VECTOR('',#11366,1.);
#11366 = DIRECTION('',(0.,1.,0.));
#11367 = PCURVE('',#11281,#11368);
#11368 = DEFINITIONAL_REPRESENTATION('',(#11369),#11373);
#11369 = LINE('',#11370,#11371);
#11370 = CARTESIAN_POINT('',(11.5,0.));
#11371 = VECTOR('',#11372,1.);
#11372 = DIRECTION('',(0.,-1.));
#11373 = ( GEOMETRIC_REPRESENTATION_CONTEXT(2) 
PARAMETRIC_REPRESENTATION_CONTEXT() REPRESENTATION_CONTEXT('2D SPACE',''
  ) );
#11374 = PCURVE('',#11375,#11380);
#11375 = PLANE('',#11376);
#11376 = AXIS2_PLACEMENT_3D('',#11377,#11378,#11379);
#11377 = CARTESIAN_POINT('',(-0.32,-10.48,3.));
#11378 = DIRECTION('',(0.,0.,1.));
#11379 = DIRECTION('',(1.,0.,0.));
#11380 = DEFINITIONAL_REPRESENTATION('',(#11381),#11385);
#11381 = LINE('',#11382,#11383);
#11382 = CARTESIAN_POINT('',(0.,0.));
#11383 = VECTOR('',#11384,1.);
#11384 = DIRECTION('',(0.,1.));
#11385 = ( GEOMETRIC_REPRESENTATION_CONTEXT(2) 
PARAMETRIC_REPRESENTATION_CONTEXT() REPRESENTATION_CONTEXT('2D SPACE',''
  ) );
#11386 = ADVANCED_FACE('',(#11387),#11401,.T.);
#11387 = FACE_BOUND('',#11388,.T.);
#11388 = EDGE_LOOP('',(#11389,#11419,#11442,#11465));
#11389 = ORIENTED_EDGE('',*,*,#11390,.F.);
#11390 = EDGE_CURVE('',#11391,#11393,#11395,.T.);
#11391 = VERTEX_POINT('',#11392);
#11392 = CARTESIAN_POINT('',(0.32,-10.48,-8.5));
#11393 = VERTEX_POINT('',#11394);
#11394 = CARTESIAN_POINT('',(0.32,-10.48,3.));
#11395 = SURFACE_CURVE('',#11396,(#11400,#11412),.PCURVE_S1.);
#11396 = LINE('',#11397,#11398);
#11397 = CARTESIAN_POINT('',(0.32,-10.48,-8.5));
#11398 = VECTOR('',#11399,1.);
#11399 = DIRECTION('',(0.,0.,1.));
#11400 = PCURVE('',#11401,#11406);
#11401 = PLANE('',#11402);
#11402 = AXIS2_PLACEMENT_3D('',#11403,#11404,#11405);
#11403 = CARTESIAN_POINT('',(0.32,-10.48,-8.5));
#11404 = DIRECTION('',(1.,0.,0.));
#11405 = DIRECTION('',(0.,0.,1.));
#11406 = DEFINITIONAL_REPRESENTATION('',(#11407),#11411);
#11407 = LINE('',#11408,#11409);
#11408 = CARTESIAN_POINT('',(0.,0.));
#11409 = VECTOR('',#11410,1.);
#11410 = DIRECTION('',(1.,0.));
#11411 = ( GEOMETRIC_REPRESENTATION_CONTEXT(2) 
PARAMETRIC_REPRESENTATION_CONTEXT() REPRESENTATION_CONTEXT('2D SPACE',''
  ) );
#11412 = PCURVE('',#11293,#11413);
#11413 = DEFINITIONAL_REPRESENTATION('',(#11414),#11418);
#11414 = LINE('',#11415,#11416);
#11415 = CARTESIAN_POINT('',(0.,0.64));
#11416 = VECTOR('',#11417,1.);
#11417 = DIRECTION('',(1.,0.));
#11418 = ( GEOMETRIC_REPRESENTATION_CONTEXT(2) 
PARAMETRIC_REPRESENTATION_CONTEXT() REPRESENTATION_CONTEXT('2D SPACE',''
  ) );
#11419 = ORIENTED_EDGE('',*,*,#11420,.T.);
#11420 = EDGE_CURVE('',#11391,#11421,#11423,.T.);
#11421 = VERTEX_POINT('',#11422);
#11422 = CARTESIAN_POINT('',(0.32,-9.84,-8.5));
#11423 = SURFACE_CURVE('',#11424,(#11428,#11435),.PCURVE_S1.);
#11424 = LINE('',#11425,#11426);
#11425 = CARTESIAN_POINT('',(0.32,-10.48,-8.5));
#11426 = VECTOR('',#11427,1.);
#11427 = DIRECTION('',(0.,1.,0.));
#11428 = PCURVE('',#11401,#11429);
#11429 = DEFINITIONAL_REPRESENTATION('',(#11430),#11434);
#11430 = LINE('',#11431,#11432);
#11431 = CARTESIAN_POINT('',(0.,0.));
#11432 = VECTOR('',#11433,1.);
#11433 = DIRECTION('',(0.,-1.));
#11434 = ( GEOMETRIC_REPRESENTATION_CONTEXT(2) 
PARAMETRIC_REPRESENTATION_CONTEXT() REPRESENTATION_CONTEXT('2D SPACE',''
  ) );
#11435 = PCURVE('',#11321,#11436);
#11436 = DEFINITIONAL_REPRESENTATION('',(#11437),#11441);
#11437 = LINE('',#11438,#11439);
#11438 = CARTESIAN_POINT('',(0.64,0.));
#11439 = VECTOR('',#11440,1.);
#11440 = DIRECTION('',(0.,1.));
#11441 = ( GEOMETRIC_REPRESENTATION_CONTEXT(2) 
PARAMETRIC_REPRESENTATION_CONTEXT() REPRESENTATION_CONTEXT('2D SPACE',''
  ) );
#11442 = ORIENTED_EDGE('',*,*,#11443,.T.);
#11443 = EDGE_CURVE('',#11421,#11444,#11446,.T.);
#11444 = VERTEX_POINT('',#11445);
#11445 = CARTESIAN_POINT('',(0.32,-9.84,3.));
#11446 = SURFACE_CURVE('',#11447,(#11451,#11458),.PCURVE_S1.);
#11447 = LINE('',#11448,#11449);
#11448 = CARTESIAN_POINT('',(0.32,-9.84,-8.5));
#11449 = VECTOR('',#11450,1.);
#11450 = DIRECTION('',(0.,0.,1.));
#11451 = PCURVE('',#11401,#11452);
#11452 = DEFINITIONAL_REPRESENTATION('',(#11453),#11457);
#11453 = LINE('',#11454,#11455);
#11454 = CARTESIAN_POINT('',(0.,-0.64));
#11455 = VECTOR('',#11456,1.);
#11456 = DIRECTION('',(1.,0.));
#11457 = ( GEOMETRIC_REPRESENTATION_CONTEXT(2) 
PARAMETRIC_REPRESENTATION_CONTEXT() REPRESENTATION_CONTEXT('2D SPACE',''
  ) );
#11458 = PCURVE('',#11349,#11459);
#11459 = DEFINITIONAL_REPRESENTATION('',(#11460),#11464);
#11460 = LINE('',#11461,#11462);
#11461 = CARTESIAN_POINT('',(0.,0.64));
#11462 = VECTOR('',#11463,1.);
#11463 = DIRECTION('',(1.,0.));
#11464 = ( GEOMETRIC_REPRESENTATION_CONTEXT(2) 
PARAMETRIC_REPRESENTATION_CONTEXT() REPRESENTATION_CONTEXT('2D SPACE',''
  ) );
#11465 = ORIENTED_EDGE('',*,*,#11466,.F.);
#11466 = EDGE_CURVE('',#11393,#11444,#11467,.T.);
#11467 = SURFACE_CURVE('',#11468,(#11472,#11479),.PCURVE_S1.);
#11468 = LINE('',#11469,#11470);
#11469 = CARTESIAN_POINT('',(0.32,-10.48,3.));
#11470 = VECTOR('',#11471,1.);
#11471 = DIRECTION('',(0.,1.,0.));
#11472 = PCURVE('',#11401,#11473);
#11473 = DEFINITIONAL_REPRESENTATION('',(#11474),#11478);
#11474 = LINE('',#11475,#11476);
#11475 = CARTESIAN_POINT('',(11.5,0.));
#11476 = VECTOR('',#11477,1.);
#11477 = DIRECTION('',(0.,-1.));
#11478 = ( GEOMETRIC_REPRESENTATION_CONTEXT(2) 
PARAMETRIC_REPRESENTATION_CONTEXT() REPRESENTATION_CONTEXT('2D SPACE',''
  ) );
#11479 = PCURVE('',#11375,#11480);
#11480 = DEFINITIONAL_REPRESENTATION('',(#11481),#11485);
#11481 = LINE('',#11482,#11483);
#11482 = CARTESIAN_POINT('',(0.64,0.));
#11483 = VECTOR('',#11484,1.);
#11484 = DIRECTION('',(0.,1.));
#11485 = ( GEOMETRIC_REPRESENTATION_CONTEXT(2) 
PARAMETRIC_REPRESENTATION_CONTEXT() REPRESENTATION_CONTEXT('2D SPACE',''
  ) );
#11486 = ADVANCED_FACE('',(#11487),#11293,.F.);
#11487 = FACE_BOUND('',#11488,.F.);
#11488 = EDGE_LOOP('',(#11489,#11510,#11511,#11532));
#11489 = ORIENTED_EDGE('',*,*,#11490,.F.);
#11490 = EDGE_CURVE('',#11271,#11391,#11491,.T.);
#11491 = SURFACE_CURVE('',#11492,(#11496,#11503),.PCURVE_S1.);
#11492 = LINE('',#11493,#11494);
#11493 = CARTESIAN_POINT('',(-0.32,-10.48,-8.5));
#11494 = VECTOR('',#11495,1.);
#11495 = DIRECTION('',(1.,0.,0.));
#11496 = PCURVE('',#11293,#11497);
#11497 = DEFINITIONAL_REPRESENTATION('',(#11498),#11502);
#11498 = LINE('',#11499,#11500);
#11499 = CARTESIAN_POINT('',(0.,0.));
#11500 = VECTOR('',#11501,1.);
#11501 = DIRECTION('',(0.,1.));
#11502 = ( GEOMETRIC_REPRESENTATION_CONTEXT(2) 
PARAMETRIC_REPRESENTATION_CONTEXT() REPRESENTATION_CONTEXT('2D SPACE',''
  ) );
#11503 = PCURVE('',#11321,#11504);
#11504 = DEFINITIONAL_REPRESENTATION('',(#11505),#11509);
#11505 = LINE('',#11506,#11507);
#11506 = CARTESIAN_POINT('',(0.,0.));
#11507 = VECTOR('',#11508,1.);
#11508 = DIRECTION('',(1.,0.));
#11509 = ( GEOMETRIC_REPRESENTATION_CONTEXT(2) 
PARAMETRIC_REPRESENTATION_CONTEXT() REPRESENTATION_CONTEXT('2D SPACE',''
  ) );
#11510 = ORIENTED_EDGE('',*,*,#11270,.T.);
#11511 = ORIENTED_EDGE('',*,*,#11512,.T.);
#11512 = EDGE_CURVE('',#11273,#11393,#11513,.T.);
#11513 = SURFACE_CURVE('',#11514,(#11518,#11525),.PCURVE_S1.);
#11514 = LINE('',#11515,#11516);
#11515 = CARTESIAN_POINT('',(-0.32,-10.48,3.));
#11516 = VECTOR('',#11517,1.);
#11517 = DIRECTION('',(1.,0.,0.));
#11518 = PCURVE('',#11293,#11519);
#11519 = DEFINITIONAL_REPRESENTATION('',(#11520),#11524);
#11520 = LINE('',#11521,#11522);
#11521 = CARTESIAN_POINT('',(11.5,0.));
#11522 = VECTOR('',#11523,1.);
#11523 = DIRECTION('',(0.,1.));
#11524 = ( GEOMETRIC_REPRESENTATION_CONTEXT(2) 
PARAMETRIC_REPRESENTATION_CONTEXT() REPRESENTATION_CONTEXT('2D SPACE',''
  ) );
#11525 = PCURVE('',#11375,#11526);
#11526 = DEFINITIONAL_REPRESENTATION('',(#11527),#11531);
#11527 = LINE('',#11528,#11529);
#11528 = CARTESIAN_POINT('',(0.,0.));
#11529 = VECTOR('',#11530,1.);
#11530 = DIRECTION('',(1.,0.));
#11531 = ( GEOMETRIC_REPRESENTATION_CONTEXT(2) 
PARAMETRIC_REPRESENTATION_CONTEXT() REPRESENTATION_CONTEXT('2D SPACE',''
  ) );
#11532 = ORIENTED_EDGE('',*,*,#11390,.F.);
#11533 = ADVANCED_FACE('',(#11534),#11349,.T.);
#11534 = FACE_BOUND('',#11535,.T.);
#11535 = EDGE_LOOP('',(#11536,#11557,#11558,#11579));
#11536 = ORIENTED_EDGE('',*,*,#11537,.F.);
#11537 = EDGE_CURVE('',#11306,#11421,#11538,.T.);
#11538 = SURFACE_CURVE('',#11539,(#11543,#11550),.PCURVE_S1.);
#11539 = LINE('',#11540,#11541);
#11540 = CARTESIAN_POINT('',(-0.32,-9.84,-8.5));
#11541 = VECTOR('',#11542,1.);
#11542 = DIRECTION('',(1.,0.,0.));
#11543 = PCURVE('',#11349,#11544);
#11544 = DEFINITIONAL_REPRESENTATION('',(#11545),#11549);
#11545 = LINE('',#11546,#11547);
#11546 = CARTESIAN_POINT('',(0.,0.));
#11547 = VECTOR('',#11548,1.);
#11548 = DIRECTION('',(0.,1.));
#11549 = ( GEOMETRIC_REPRESENTATION_CONTEXT(2) 
PARAMETRIC_REPRESENTATION_CONTEXT() REPRESENTATION_CONTEXT('2D SPACE',''
  ) );
#11550 = PCURVE('',#11321,#11551);
#11551 = DEFINITIONAL_REPRESENTATION('',(#11552),#11556);
#11552 = LINE('',#11553,#11554);
#11553 = CARTESIAN_POINT('',(0.,0.64));
#11554 = VECTOR('',#11555,1.);
#11555 = DIRECTION('',(1.,0.));
#11556 = ( GEOMETRIC_REPRESENTATION_CONTEXT(2) 
PARAMETRIC_REPRESENTATION_CONTEXT() REPRESENTATION_CONTEXT('2D SPACE',''
  ) );
#11557 = ORIENTED_EDGE('',*,*,#11333,.T.);
#11558 = ORIENTED_EDGE('',*,*,#11559,.T.);
#11559 = EDGE_CURVE('',#11334,#11444,#11560,.T.);
#11560 = SURFACE_CURVE('',#11561,(#11565,#11572),.PCURVE_S1.);
#11561 = LINE('',#11562,#11563);
#11562 = CARTESIAN_POINT('',(-0.32,-9.84,3.));
#11563 = VECTOR('',#11564,1.);
#11564 = DIRECTION('',(1.,0.,0.));
#11565 = PCURVE('',#11349,#11566);
#11566 = DEFINITIONAL_REPRESENTATION('',(#11567),#11571);
#11567 = LINE('',#11568,#11569);
#11568 = CARTESIAN_POINT('',(11.5,0.));
#11569 = VECTOR('',#11570,1.);
#11570 = DIRECTION('',(0.,1.));
#11571 = ( GEOMETRIC_REPRESENTATION_CONTEXT(2) 
PARAMETRIC_REPRESENTATION_CONTEXT() REPRESENTATION_CONTEXT('2D SPACE',''
  ) );
#11572 = PCURVE('',#11375,#11573);
#11573 = DEFINITIONAL_REPRESENTATION('',(#11574),#11578);
#11574 = LINE('',#11575,#11576);
#11575 = CARTESIAN_POINT('',(0.,0.64));
#11576 = VECTOR('',#11577,1.);
#11577 = DIRECTION('',(1.,0.));
#11578 = ( GEOMETRIC_REPRESENTATION_CONTEXT(2) 
PARAMETRIC_REPRESENTATION_CONTEXT() REPRESENTATION_CONTEXT('2D SPACE',''
  ) );
#11579 = ORIENTED_EDGE('',*,*,#11443,.F.);
#11580 = ADVANCED_FACE('',(#11581),#11321,.F.);
#11581 = FACE_BOUND('',#11582,.F.);
#11582 = EDGE_LOOP('',(#11583,#11584,#11585,#11586));
#11583 = ORIENTED_EDGE('',*,*,#11305,.F.);
#11584 = ORIENTED_EDGE('',*,*,#11490,.T.);
#11585 = ORIENTED_EDGE('',*,*,#11420,.T.);
#11586 = ORIENTED_EDGE('',*,*,#11537,.F.);
#11587 = ADVANCED_FACE('',(#11588),#11375,.T.);
#11588 = FACE_BOUND('',#11589,.T.);
#11589 = EDGE_LOOP('',(#11590,#11591,#11592,#11593));
#11590 = ORIENTED_EDGE('',*,*,#11361,.F.);
#11591 = ORIENTED_EDGE('',*,*,#11512,.T.);
#11592 = ORIENTED_EDGE('',*,*,#11466,.T.);
#11593 = ORIENTED_EDGE('',*,*,#11559,.F.);
#11594 = MANIFOLD_SOLID_BREP('',#11595);
#11595 = CLOSED_SHELL('',(#11596,#11716,#11816,#11863,#11910,#11917));
#11596 = ADVANCED_FACE('',(#11597),#11611,.F.);
#11597 = FACE_BOUND('',#11598,.F.);
#11598 = EDGE_LOOP('',(#11599,#11634,#11662,#11690));
#11599 = ORIENTED_EDGE('',*,*,#11600,.F.);
#11600 = EDGE_CURVE('',#11601,#11603,#11605,.T.);
#11601 = VERTEX_POINT('',#11602);
#11602 = CARTESIAN_POINT('',(-0.32,-13.02,-8.5));
#11603 = VERTEX_POINT('',#11604);
#11604 = CARTESIAN_POINT('',(-0.32,-13.02,3.));
#11605 = SURFACE_CURVE('',#11606,(#11610,#11622),.PCURVE_S1.);
#11606 = LINE('',#11607,#11608);
#11607 = CARTESIAN_POINT('',(-0.32,-13.02,-8.5));
#11608 = VECTOR('',#11609,1.);
#11609 = DIRECTION('',(0.,0.,1.));
#11610 = PCURVE('',#11611,#11616);
#11611 = PLANE('',#11612);
#11612 = AXIS2_PLACEMENT_3D('',#11613,#11614,#11615);
#11613 = CARTESIAN_POINT('',(-0.32,-13.02,-8.5));
#11614 = DIRECTION('',(1.,0.,0.));
#11615 = DIRECTION('',(0.,0.,1.));
#11616 = DEFINITIONAL_REPRESENTATION('',(#11617),#11621);
#11617 = LINE('',#11618,#11619);
#11618 = CARTESIAN_POINT('',(0.,0.));
#11619 = VECTOR('',#11620,1.);
#11620 = DIRECTION('',(1.,0.));
#11621 = ( GEOMETRIC_REPRESENTATION_CONTEXT(2) 
PARAMETRIC_REPRESENTATION_CONTEXT() REPRESENTATION_CONTEXT('2D SPACE',''
  ) );
#11622 = PCURVE('',#11623,#11628);
#11623 = PLANE('',#11624);
#11624 = AXIS2_PLACEMENT_3D('',#11625,#11626,#11627);
#11625 = CARTESIAN_POINT('',(-0.32,-13.02,-8.5));
#11626 = DIRECTION('',(0.,1.,0.));
#11627 = DIRECTION('',(0.,0.,1.));
#11628 = DEFINITIONAL_REPRESENTATION('',(#11629),#11633);
#11629 = LINE('',#11630,#11631);
#11630 = CARTESIAN_POINT('',(0.,0.));
#11631 = VECTOR('',#11632,1.);
#11632 = DIRECTION('',(1.,0.));
#11633 = ( GEOMETRIC_REPRESENTATION_CONTEXT(2) 
PARAMETRIC_REPRESENTATION_CONTEXT() REPRESENTATION_CONTEXT('2D SPACE',''
  ) );
#11634 = ORIENTED_EDGE('',*,*,#11635,.T.);
#11635 = EDGE_CURVE('',#11601,#11636,#11638,.T.);
#11636 = VERTEX_POINT('',#11637);
#11637 = CARTESIAN_POINT('',(-0.32,-12.38,-8.5));
#11638 = SURFACE_CURVE('',#11639,(#11643,#11650),.PCURVE_S1.);
#11639 = LINE('',#11640,#11641);
#11640 = CARTESIAN_POINT('',(-0.32,-13.02,-8.5));
#11641 = VECTOR('',#11642,1.);
#11642 = DIRECTION('',(0.,1.,0.));
#11643 = PCURVE('',#11611,#11644);
#11644 = DEFINITIONAL_REPRESENTATION('',(#11645),#11649);
#11645 = LINE('',#11646,#11647);
#11646 = CARTESIAN_POINT('',(0.,0.));
#11647 = VECTOR('',#11648,1.);
#11648 = DIRECTION('',(0.,-1.));
#11649 = ( GEOMETRIC_REPRESENTATION_CONTEXT(2) 
PARAMETRIC_REPRESENTATION_CONTEXT() REPRESENTATION_CONTEXT('2D SPACE',''
  ) );
#11650 = PCURVE('',#11651,#11656);
#11651 = PLANE('',#11652);
#11652 = AXIS2_PLACEMENT_3D('',#11653,#11654,#11655);
#11653 = CARTESIAN_POINT('',(-0.32,-13.02,-8.5));
#11654 = DIRECTION('',(0.,0.,1.));
#11655 = DIRECTION('',(1.,0.,0.));
#11656 = DEFINITIONAL_REPRESENTATION('',(#11657),#11661);
#11657 = LINE('',#11658,#11659);
#11658 = CARTESIAN_POINT('',(0.,0.));
#11659 = VECTOR('',#11660,1.);
#11660 = DIRECTION('',(0.,1.));
#11661 = ( GEOMETRIC_REPRESENTATION_CONTEXT(2) 
PARAMETRIC_REPRESENTATION_CONTEXT() REPRESENTATION_CONTEXT('2D SPACE',''
  ) );
#11662 = ORIENTED_EDGE('',*,*,#11663,.T.);
#11663 = EDGE_CURVE('',#11636,#11664,#11666,.T.);
#11664 = VERTEX_POINT('',#11665);
#11665 = CARTESIAN_POINT('',(-0.32,-12.38,3.));
#11666 = SURFACE_CURVE('',#11667,(#11671,#11678),.PCURVE_S1.);
#11667 = LINE('',#11668,#11669);
#11668 = CARTESIAN_POINT('',(-0.32,-12.38,-8.5));
#11669 = VECTOR('',#11670,1.);
#11670 = DIRECTION('',(0.,0.,1.));
#11671 = PCURVE('',#11611,#11672);
#11672 = DEFINITIONAL_REPRESENTATION('',(#11673),#11677);
#11673 = LINE('',#11674,#11675);
#11674 = CARTESIAN_POINT('',(0.,-0.64));
#11675 = VECTOR('',#11676,1.);
#11676 = DIRECTION('',(1.,0.));
#11677 = ( GEOMETRIC_REPRESENTATION_CONTEXT(2) 
PARAMETRIC_REPRESENTATION_CONTEXT() REPRESENTATION_CONTEXT('2D SPACE',''
  ) );
#11678 = PCURVE('',#11679,#11684);
#11679 = PLANE('',#11680);
#11680 = AXIS2_PLACEMENT_3D('',#11681,#11682,#11683);
#11681 = CARTESIAN_POINT('',(-0.32,-12.38,-8.5));
#11682 = DIRECTION('',(0.,1.,0.));
#11683 = DIRECTION('',(0.,0.,1.));
#11684 = DEFINITIONAL_REPRESENTATION('',(#11685),#11689);
#11685 = LINE('',#11686,#11687);
#11686 = CARTESIAN_POINT('',(0.,0.));
#11687 = VECTOR('',#11688,1.);
#11688 = DIRECTION('',(1.,0.));
#11689 = ( GEOMETRIC_REPRESENTATION_CONTEXT(2) 
PARAMETRIC_REPRESENTATION_CONTEXT() REPRESENTATION_CONTEXT('2D SPACE',''
  ) );
#11690 = ORIENTED_EDGE('',*,*,#11691,.F.);
#11691 = EDGE_CURVE('',#11603,#11664,#11692,.T.);
#11692 = SURFACE_CURVE('',#11693,(#11697,#11704),.PCURVE_S1.);
#11693 = LINE('',#11694,#11695);
#11694 = CARTESIAN_POINT('',(-0.32,-13.02,3.));
#11695 = VECTOR('',#11696,1.);
#11696 = DIRECTION('',(0.,1.,0.));
#11697 = PCURVE('',#11611,#11698);
#11698 = DEFINITIONAL_REPRESENTATION('',(#11699),#11703);
#11699 = LINE('',#11700,#11701);
#11700 = CARTESIAN_POINT('',(11.5,0.));
#11701 = VECTOR('',#11702,1.);
#11702 = DIRECTION('',(0.,-1.));
#11703 = ( GEOMETRIC_REPRESENTATION_CONTEXT(2) 
PARAMETRIC_REPRESENTATION_CONTEXT() REPRESENTATION_CONTEXT('2D SPACE',''
  ) );
#11704 = PCURVE('',#11705,#11710);
#11705 = PLANE('',#11706);
#11706 = AXIS2_PLACEMENT_3D('',#11707,#11708,#11709);
#11707 = CARTESIAN_POINT('',(-0.32,-13.02,3.));
#11708 = DIRECTION('',(0.,0.,1.));
#11709 = DIRECTION('',(1.,0.,0.));
#11710 = DEFINITIONAL_REPRESENTATION('',(#11711),#11715);
#11711 = LINE('',#11712,#11713);
#11712 = CARTESIAN_POINT('',(0.,0.));
#11713 = VECTOR('',#11714,1.);
#11714 = DIRECTION('',(0.,1.));
#11715 = ( GEOMETRIC_REPRESENTATION_CONTEXT(2) 
PARAMETRIC_REPRESENTATION_CONTEXT() REPRESENTATION_CONTEXT('2D SPACE',''
  ) );
#11716 = ADVANCED_FACE('',(#11717),#11731,.T.);
#11717 = FACE_BOUND('',#11718,.T.);
#11718 = EDGE_LOOP('',(#11719,#11749,#11772,#11795));
#11719 = ORIENTED_EDGE('',*,*,#11720,.F.);
#11720 = EDGE_CURVE('',#11721,#11723,#11725,.T.);
#11721 = VERTEX_POINT('',#11722);
#11722 = CARTESIAN_POINT('',(0.32,-13.02,-8.5));
#11723 = VERTEX_POINT('',#11724);
#11724 = CARTESIAN_POINT('',(0.32,-13.02,3.));
#11725 = SURFACE_CURVE('',#11726,(#11730,#11742),.PCURVE_S1.);
#11726 = LINE('',#11727,#11728);
#11727 = CARTESIAN_POINT('',(0.32,-13.02,-8.5));
#11728 = VECTOR('',#11729,1.);
#11729 = DIRECTION('',(0.,0.,1.));
#11730 = PCURVE('',#11731,#11736);
#11731 = PLANE('',#11732);
#11732 = AXIS2_PLACEMENT_3D('',#11733,#11734,#11735);
#11733 = CARTESIAN_POINT('',(0.32,-13.02,-8.5));
#11734 = DIRECTION('',(1.,0.,0.));
#11735 = DIRECTION('',(0.,0.,1.));
#11736 = DEFINITIONAL_REPRESENTATION('',(#11737),#11741);
#11737 = LINE('',#11738,#11739);
#11738 = CARTESIAN_POINT('',(0.,0.));
#11739 = VECTOR('',#11740,1.);
#11740 = DIRECTION('',(1.,0.));
#11741 = ( GEOMETRIC_REPRESENTATION_CONTEXT(2) 
PARAMETRIC_REPRESENTATION_CONTEXT() REPRESENTATION_CONTEXT('2D SPACE',''
  ) );
#11742 = PCURVE('',#11623,#11743);
#11743 = DEFINITIONAL_REPRESENTATION('',(#11744),#11748);
#11744 = LINE('',#11745,#11746);
#11745 = CARTESIAN_POINT('',(0.,0.64));
#11746 = VECTOR('',#11747,1.);
#11747 = DIRECTION('',(1.,0.));
#11748 = ( GEOMETRIC_REPRESENTATION_CONTEXT(2) 
PARAMETRIC_REPRESENTATION_CONTEXT() REPRESENTATION_CONTEXT('2D SPACE',''
  ) );
#11749 = ORIENTED_EDGE('',*,*,#11750,.T.);
#11750 = EDGE_CURVE('',#11721,#11751,#11753,.T.);
#11751 = VERTEX_POINT('',#11752);
#11752 = CARTESIAN_POINT('',(0.32,-12.38,-8.5));
#11753 = SURFACE_CURVE('',#11754,(#11758,#11765),.PCURVE_S1.);
#11754 = LINE('',#11755,#11756);
#11755 = CARTESIAN_POINT('',(0.32,-13.02,-8.5));
#11756 = VECTOR('',#11757,1.);
#11757 = DIRECTION('',(0.,1.,0.));
#11758 = PCURVE('',#11731,#11759);
#11759 = DEFINITIONAL_REPRESENTATION('',(#11760),#11764);
#11760 = LINE('',#11761,#11762);
#11761 = CARTESIAN_POINT('',(0.,0.));
#11762 = VECTOR('',#11763,1.);
#11763 = DIRECTION('',(0.,-1.));
#11764 = ( GEOMETRIC_REPRESENTATION_CONTEXT(2) 
PARAMETRIC_REPRESENTATION_CONTEXT() REPRESENTATION_CONTEXT('2D SPACE',''
  ) );
#11765 = PCURVE('',#11651,#11766);
#11766 = DEFINITIONAL_REPRESENTATION('',(#11767),#11771);
#11767 = LINE('',#11768,#11769);
#11768 = CARTESIAN_POINT('',(0.64,0.));
#11769 = VECTOR('',#11770,1.);
#11770 = DIRECTION('',(0.,1.));
#11771 = ( GEOMETRIC_REPRESENTATION_CONTEXT(2) 
PARAMETRIC_REPRESENTATION_CONTEXT() REPRESENTATION_CONTEXT('2D SPACE',''
  ) );
#11772 = ORIENTED_EDGE('',*,*,#11773,.T.);
#11773 = EDGE_CURVE('',#11751,#11774,#11776,.T.);
#11774 = VERTEX_POINT('',#11775);
#11775 = CARTESIAN_POINT('',(0.32,-12.38,3.));
#11776 = SURFACE_CURVE('',#11777,(#11781,#11788),.PCURVE_S1.);
#11777 = LINE('',#11778,#11779);
#11778 = CARTESIAN_POINT('',(0.32,-12.38,-8.5));
#11779 = VECTOR('',#11780,1.);
#11780 = DIRECTION('',(0.,0.,1.));
#11781 = PCURVE('',#11731,#11782);
#11782 = DEFINITIONAL_REPRESENTATION('',(#11783),#11787);
#11783 = LINE('',#11784,#11785);
#11784 = CARTESIAN_POINT('',(0.,-0.64));
#11785 = VECTOR('',#11786,1.);
#11786 = DIRECTION('',(1.,0.));
#11787 = ( GEOMETRIC_REPRESENTATION_CONTEXT(2) 
PARAMETRIC_REPRESENTATION_CONTEXT() REPRESENTATION_CONTEXT('2D SPACE',''
  ) );
#11788 = PCURVE('',#11679,#11789);
#11789 = DEFINITIONAL_REPRESENTATION('',(#11790),#11794);
#11790 = LINE('',#11791,#11792);
#11791 = CARTESIAN_POINT('',(0.,0.64));
#11792 = VECTOR('',#11793,1.);
#11793 = DIRECTION('',(1.,0.));
#11794 = ( GEOMETRIC_REPRESENTATION_CONTEXT(2) 
PARAMETRIC_REPRESENTATION_CONTEXT() REPRESENTATION_CONTEXT('2D SPACE',''
  ) );
#11795 = ORIENTED_EDGE('',*,*,#11796,.F.);
#11796 = EDGE_CURVE('',#11723,#11774,#11797,.T.);
#11797 = SURFACE_CURVE('',#11798,(#11802,#11809),.PCURVE_S1.);
#11798 = LINE('',#11799,#11800);
#11799 = CARTESIAN_POINT('',(0.32,-13.02,3.));
#11800 = VECTOR('',#11801,1.);
#11801 = DIRECTION('',(0.,1.,0.));
#11802 = PCURVE('',#11731,#11803);
#11803 = DEFINITIONAL_REPRESENTATION('',(#11804),#11808);
#11804 = LINE('',#11805,#11806);
#11805 = CARTESIAN_POINT('',(11.5,0.));
#11806 = VECTOR('',#11807,1.);
#11807 = DIRECTION('',(0.,-1.));
#11808 = ( GEOMETRIC_REPRESENTATION_CONTEXT(2) 
PARAMETRIC_REPRESENTATION_CONTEXT() REPRESENTATION_CONTEXT('2D SPACE',''
  ) );
#11809 = PCURVE('',#11705,#11810);
#11810 = DEFINITIONAL_REPRESENTATION('',(#11811),#11815);
#11811 = LINE('',#11812,#11813);
#11812 = CARTESIAN_POINT('',(0.64,0.));
#11813 = VECTOR('',#11814,1.);
#11814 = DIRECTION('',(0.,1.));
#11815 = ( GEOMETRIC_REPRESENTATION_CONTEXT(2) 
PARAMETRIC_REPRESENTATION_CONTEXT() REPRESENTATION_CONTEXT('2D SPACE',''
  ) );
#11816 = ADVANCED_FACE('',(#11817),#11623,.F.);
#11817 = FACE_BOUND('',#11818,.F.);
#11818 = EDGE_LOOP('',(#11819,#11840,#11841,#11862));
#11819 = ORIENTED_EDGE('',*,*,#11820,.F.);
#11820 = EDGE_CURVE('',#11601,#11721,#11821,.T.);
#11821 = SURFACE_CURVE('',#11822,(#11826,#11833),.PCURVE_S1.);
#11822 = LINE('',#11823,#11824);
#11823 = CARTESIAN_POINT('',(-0.32,-13.02,-8.5));
#11824 = VECTOR('',#11825,1.);
#11825 = DIRECTION('',(1.,0.,0.));
#11826 = PCURVE('',#11623,#11827);
#11827 = DEFINITIONAL_REPRESENTATION('',(#11828),#11832);
#11828 = LINE('',#11829,#11830);
#11829 = CARTESIAN_POINT('',(0.,0.));
#11830 = VECTOR('',#11831,1.);
#11831 = DIRECTION('',(0.,1.));
#11832 = ( GEOMETRIC_REPRESENTATION_CONTEXT(2) 
PARAMETRIC_REPRESENTATION_CONTEXT() REPRESENTATION_CONTEXT('2D SPACE',''
  ) );
#11833 = PCURVE('',#11651,#11834);
#11834 = DEFINITIONAL_REPRESENTATION('',(#11835),#11839);
#11835 = LINE('',#11836,#11837);
#11836 = CARTESIAN_POINT('',(0.,0.));
#11837 = VECTOR('',#11838,1.);
#11838 = DIRECTION('',(1.,0.));
#11839 = ( GEOMETRIC_REPRESENTATION_CONTEXT(2) 
PARAMETRIC_REPRESENTATION_CONTEXT() REPRESENTATION_CONTEXT('2D SPACE',''
  ) );
#11840 = ORIENTED_EDGE('',*,*,#11600,.T.);
#11841 = ORIENTED_EDGE('',*,*,#11842,.T.);
#11842 = EDGE_CURVE('',#11603,#11723,#11843,.T.);
#11843 = SURFACE_CURVE('',#11844,(#11848,#11855),.PCURVE_S1.);
#11844 = LINE('',#11845,#11846);
#11845 = CARTESIAN_POINT('',(-0.32,-13.02,3.));
#11846 = VECTOR('',#11847,1.);
#11847 = DIRECTION('',(1.,0.,0.));
#11848 = PCURVE('',#11623,#11849);
#11849 = DEFINITIONAL_REPRESENTATION('',(#11850),#11854);
#11850 = LINE('',#11851,#11852);
#11851 = CARTESIAN_POINT('',(11.5,0.));
#11852 = VECTOR('',#11853,1.);
#11853 = DIRECTION('',(0.,1.));
#11854 = ( GEOMETRIC_REPRESENTATION_CONTEXT(2) 
PARAMETRIC_REPRESENTATION_CONTEXT() REPRESENTATION_CONTEXT('2D SPACE',''
  ) );
#11855 = PCURVE('',#11705,#11856);
#11856 = DEFINITIONAL_REPRESENTATION('',(#11857),#11861);
#11857 = LINE('',#11858,#11859);
#11858 = CARTESIAN_POINT('',(0.,0.));
#11859 = VECTOR('',#11860,1.);
#11860 = DIRECTION('',(1.,0.));
#11861 = ( GEOMETRIC_REPRESENTATION_CONTEXT(2) 
PARAMETRIC_REPRESENTATION_CONTEXT() REPRESENTATION_CONTEXT('2D SPACE',''
  ) );
#11862 = ORIENTED_EDGE('',*,*,#11720,.F.);
#11863 = ADVANCED_FACE('',(#11864),#11679,.T.);
#11864 = FACE_BOUND('',#11865,.T.);
#11865 = EDGE_LOOP('',(#11866,#11887,#11888,#11909));
#11866 = ORIENTED_EDGE('',*,*,#11867,.F.);
#11867 = EDGE_CURVE('',#11636,#11751,#11868,.T.);
#11868 = SURFACE_CURVE('',#11869,(#11873,#11880),.PCURVE_S1.);
#11869 = LINE('',#11870,#11871);
#11870 = CARTESIAN_POINT('',(-0.32,-12.38,-8.5));
#11871 = VECTOR('',#11872,1.);
#11872 = DIRECTION('',(1.,0.,0.));
#11873 = PCURVE('',#11679,#11874);
#11874 = DEFINITIONAL_REPRESENTATION('',(#11875),#11879);
#11875 = LINE('',#11876,#11877);
#11876 = CARTESIAN_POINT('',(0.,0.));
#11877 = VECTOR('',#11878,1.);
#11878 = DIRECTION('',(0.,1.));
#11879 = ( GEOMETRIC_REPRESENTATION_CONTEXT(2) 
PARAMETRIC_REPRESENTATION_CONTEXT() REPRESENTATION_CONTEXT('2D SPACE',''
  ) );
#11880 = PCURVE('',#11651,#11881);
#11881 = DEFINITIONAL_REPRESENTATION('',(#11882),#11886);
#11882 = LINE('',#11883,#11884);
#11883 = CARTESIAN_POINT('',(0.,0.64));
#11884 = VECTOR('',#11885,1.);
#11885 = DIRECTION('',(1.,0.));
#11886 = ( GEOMETRIC_REPRESENTATION_CONTEXT(2) 
PARAMETRIC_REPRESENTATION_CONTEXT() REPRESENTATION_CONTEXT('2D SPACE',''
  ) );
#11887 = ORIENTED_EDGE('',*,*,#11663,.T.);
#11888 = ORIENTED_EDGE('',*,*,#11889,.T.);
#11889 = EDGE_CURVE('',#11664,#11774,#11890,.T.);
#11890 = SURFACE_CURVE('',#11891,(#11895,#11902),.PCURVE_S1.);
#11891 = LINE('',#11892,#11893);
#11892 = CARTESIAN_POINT('',(-0.32,-12.38,3.));
#11893 = VECTOR('',#11894,1.);
#11894 = DIRECTION('',(1.,0.,0.));
#11895 = PCURVE('',#11679,#11896);
#11896 = DEFINITIONAL_REPRESENTATION('',(#11897),#11901);
#11897 = LINE('',#11898,#11899);
#11898 = CARTESIAN_POINT('',(11.5,0.));
#11899 = VECTOR('',#11900,1.);
#11900 = DIRECTION('',(0.,1.));
#11901 = ( GEOMETRIC_REPRESENTATION_CONTEXT(2) 
PARAMETRIC_REPRESENTATION_CONTEXT() REPRESENTATION_CONTEXT('2D SPACE',''
  ) );
#11902 = PCURVE('',#11705,#11903);
#11903 = DEFINITIONAL_REPRESENTATION('',(#11904),#11908);
#11904 = LINE('',#11905,#11906);
#11905 = CARTESIAN_POINT('',(0.,0.64));
#11906 = VECTOR('',#11907,1.);
#11907 = DIRECTION('',(1.,0.));
#11908 = ( GEOMETRIC_REPRESENTATION_CONTEXT(2) 
PARAMETRIC_REPRESENTATION_CONTEXT() REPRESENTATION_CONTEXT('2D SPACE',''
  ) );
#11909 = ORIENTED_EDGE('',*,*,#11773,.F.);
#11910 = ADVANCED_FACE('',(#11911),#11651,.F.);
#11911 = FACE_BOUND('',#11912,.F.);
#11912 = EDGE_LOOP('',(#11913,#11914,#11915,#11916));
#11913 = ORIENTED_EDGE('',*,*,#11635,.F.);
#11914 = ORIENTED_EDGE('',*,*,#11820,.T.);
#11915 = ORIENTED_EDGE('',*,*,#11750,.T.);
#11916 = ORIENTED_EDGE('',*,*,#11867,.F.);
#11917 = ADVANCED_FACE('',(#11918),#11705,.T.);
#11918 = FACE_BOUND('',#11919,.T.);
#11919 = EDGE_LOOP('',(#11920,#11921,#11922,#11923));
#11920 = ORIENTED_EDGE('',*,*,#11691,.F.);
#11921 = ORIENTED_EDGE('',*,*,#11842,.T.);
#11922 = ORIENTED_EDGE('',*,*,#11796,.T.);
#11923 = ORIENTED_EDGE('',*,*,#11889,.F.);
#11924 = MANIFOLD_SOLID_BREP('',#11925);
#11925 = CLOSED_SHELL('',(#11926,#12046,#12146,#12193,#12240,#12247));
#11926 = ADVANCED_FACE('',(#11927),#11941,.F.);
#11927 = FACE_BOUND('',#11928,.F.);
#11928 = EDGE_LOOP('',(#11929,#11964,#11992,#12020));
#11929 = ORIENTED_EDGE('',*,*,#11930,.F.);
#11930 = EDGE_CURVE('',#11931,#11933,#11935,.T.);
#11931 = VERTEX_POINT('',#11932);
#11932 = CARTESIAN_POINT('',(-0.32,-15.56,-8.5));
#11933 = VERTEX_POINT('',#11934);
#11934 = CARTESIAN_POINT('',(-0.32,-15.56,3.));
#11935 = SURFACE_CURVE('',#11936,(#11940,#11952),.PCURVE_S1.);
#11936 = LINE('',#11937,#11938);
#11937 = CARTESIAN_POINT('',(-0.32,-15.56,-8.5));
#11938 = VECTOR('',#11939,1.);
#11939 = DIRECTION('',(0.,0.,1.));
#11940 = PCURVE('',#11941,#11946);
#11941 = PLANE('',#11942);
#11942 = AXIS2_PLACEMENT_3D('',#11943,#11944,#11945);
#11943 = CARTESIAN_POINT('',(-0.32,-15.56,-8.5));
#11944 = DIRECTION('',(1.,0.,0.));
#11945 = DIRECTION('',(0.,0.,1.));
#11946 = DEFINITIONAL_REPRESENTATION('',(#11947),#11951);
#11947 = LINE('',#11948,#11949);
#11948 = CARTESIAN_POINT('',(0.,0.));
#11949 = VECTOR('',#11950,1.);
#11950 = DIRECTION('',(1.,0.));
#11951 = ( GEOMETRIC_REPRESENTATION_CONTEXT(2) 
PARAMETRIC_REPRESENTATION_CONTEXT() REPRESENTATION_CONTEXT('2D SPACE',''
  ) );
#11952 = PCURVE('',#11953,#11958);
#11953 = PLANE('',#11954);
#11954 = AXIS2_PLACEMENT_3D('',#11955,#11956,#11957);
#11955 = CARTESIAN_POINT('',(-0.32,-15.56,-8.5));
#11956 = DIRECTION('',(0.,1.,0.));
#11957 = DIRECTION('',(0.,0.,1.));
#11958 = DEFINITIONAL_REPRESENTATION('',(#11959),#11963);
#11959 = LINE('',#11960,#11961);
#11960 = CARTESIAN_POINT('',(0.,0.));
#11961 = VECTOR('',#11962,1.);
#11962 = DIRECTION('',(1.,0.));
#11963 = ( GEOMETRIC_REPRESENTATION_CONTEXT(2) 
PARAMETRIC_REPRESENTATION_CONTEXT() REPRESENTATION_CONTEXT('2D SPACE',''
  ) );
#11964 = ORIENTED_EDGE('',*,*,#11965,.T.);
#11965 = EDGE_CURVE('',#11931,#11966,#11968,.T.);
#11966 = VERTEX_POINT('',#11967);
#11967 = CARTESIAN_POINT('',(-0.32,-14.92,-8.5));
#11968 = SURFACE_CURVE('',#11969,(#11973,#11980),.PCURVE_S1.);
#11969 = LINE('',#11970,#11971);
#11970 = CARTESIAN_POINT('',(-0.32,-15.56,-8.5));
#11971 = VECTOR('',#11972,1.);
#11972 = DIRECTION('',(0.,1.,0.));
#11973 = PCURVE('',#11941,#11974);
#11974 = DEFINITIONAL_REPRESENTATION('',(#11975),#11979);
#11975 = LINE('',#11976,#11977);
#11976 = CARTESIAN_POINT('',(0.,0.));
#11977 = VECTOR('',#11978,1.);
#11978 = DIRECTION('',(0.,-1.));
#11979 = ( GEOMETRIC_REPRESENTATION_CONTEXT(2) 
PARAMETRIC_REPRESENTATION_CONTEXT() REPRESENTATION_CONTEXT('2D SPACE',''
  ) );
#11980 = PCURVE('',#11981,#11986);
#11981 = PLANE('',#11982);
#11982 = AXIS2_PLACEMENT_3D('',#11983,#11984,#11985);
#11983 = CARTESIAN_POINT('',(-0.32,-15.56,-8.5));
#11984 = DIRECTION('',(0.,0.,1.));
#11985 = DIRECTION('',(1.,0.,0.));
#11986 = DEFINITIONAL_REPRESENTATION('',(#11987),#11991);
#11987 = LINE('',#11988,#11989);
#11988 = CARTESIAN_POINT('',(0.,0.));
#11989 = VECTOR('',#11990,1.);
#11990 = DIRECTION('',(0.,1.));
#11991 = ( GEOMETRIC_REPRESENTATION_CONTEXT(2) 
PARAMETRIC_REPRESENTATION_CONTEXT() REPRESENTATION_CONTEXT('2D SPACE',''
  ) );
#11992 = ORIENTED_EDGE('',*,*,#11993,.T.);
#11993 = EDGE_CURVE('',#11966,#11994,#11996,.T.);
#11994 = VERTEX_POINT('',#11995);
#11995 = CARTESIAN_POINT('',(-0.32,-14.92,3.));
#11996 = SURFACE_CURVE('',#11997,(#12001,#12008),.PCURVE_S1.);
#11997 = LINE('',#11998,#11999);
#11998 = CARTESIAN_POINT('',(-0.32,-14.92,-8.5));
#11999 = VECTOR('',#12000,1.);
#12000 = DIRECTION('',(0.,0.,1.));
#12001 = PCURVE('',#11941,#12002);
#12002 = DEFINITIONAL_REPRESENTATION('',(#12003),#12007);
#12003 = LINE('',#12004,#12005);
#12004 = CARTESIAN_POINT('',(0.,-0.64));
#12005 = VECTOR('',#12006,1.);
#12006 = DIRECTION('',(1.,0.));
#12007 = ( GEOMETRIC_REPRESENTATION_CONTEXT(2) 
PARAMETRIC_REPRESENTATION_CONTEXT() REPRESENTATION_CONTEXT('2D SPACE',''
  ) );
#12008 = PCURVE('',#12009,#12014);
#12009 = PLANE('',#12010);
#12010 = AXIS2_PLACEMENT_3D('',#12011,#12012,#12013);
#12011 = CARTESIAN_POINT('',(-0.32,-14.92,-8.5));
#12012 = DIRECTION('',(0.,1.,0.));
#12013 = DIRECTION('',(0.,0.,1.));
#12014 = DEFINITIONAL_REPRESENTATION('',(#12015),#12019);
#12015 = LINE('',#12016,#12017);
#12016 = CARTESIAN_POINT('',(0.,0.));
#12017 = VECTOR('',#12018,1.);
#12018 = DIRECTION('',(1.,0.));
#12019 = ( GEOMETRIC_REPRESENTATION_CONTEXT(2) 
PARAMETRIC_REPRESENTATION_CONTEXT() REPRESENTATION_CONTEXT('2D SPACE',''
  ) );
#12020 = ORIENTED_EDGE('',*,*,#12021,.F.);
#12021 = EDGE_CURVE('',#11933,#11994,#12022,.T.);
#12022 = SURFACE_CURVE('',#12023,(#12027,#12034),.PCURVE_S1.);
#12023 = LINE('',#12024,#12025);
#12024 = CARTESIAN_POINT('',(-0.32,-15.56,3.));
#12025 = VECTOR('',#12026,1.);
#12026 = DIRECTION('',(0.,1.,0.));
#12027 = PCURVE('',#11941,#12028);
#12028 = DEFINITIONAL_REPRESENTATION('',(#12029),#12033);
#12029 = LINE('',#12030,#12031);
#12030 = CARTESIAN_POINT('',(11.5,0.));
#12031 = VECTOR('',#12032,1.);
#12032 = DIRECTION('',(0.,-1.));
#12033 = ( GEOMETRIC_REPRESENTATION_CONTEXT(2) 
PARAMETRIC_REPRESENTATION_CONTEXT() REPRESENTATION_CONTEXT('2D SPACE',''
  ) );
#12034 = PCURVE('',#12035,#12040);
#12035 = PLANE('',#12036);
#12036 = AXIS2_PLACEMENT_3D('',#12037,#12038,#12039);
#12037 = CARTESIAN_POINT('',(-0.32,-15.56,3.));
#12038 = DIRECTION('',(0.,0.,1.));
#12039 = DIRECTION('',(1.,0.,0.));
#12040 = DEFINITIONAL_REPRESENTATION('',(#12041),#12045);
#12041 = LINE('',#12042,#12043);
#12042 = CARTESIAN_POINT('',(0.,0.));
#12043 = VECTOR('',#12044,1.);
#12044 = DIRECTION('',(0.,1.));
#12045 = ( GEOMETRIC_REPRESENTATION_CONTEXT(2) 
PARAMETRIC_REPRESENTATION_CONTEXT() REPRESENTATION_CONTEXT('2D SPACE',''
  ) );
#12046 = ADVANCED_FACE('',(#12047),#12061,.T.);
#12047 = FACE_BOUND('',#12048,.T.);
#12048 = EDGE_LOOP('',(#12049,#12079,#12102,#12125));
#12049 = ORIENTED_EDGE('',*,*,#12050,.F.);
#12050 = EDGE_CURVE('',#12051,#12053,#12055,.T.);
#12051 = VERTEX_POINT('',#12052);
#12052 = CARTESIAN_POINT('',(0.32,-15.56,-8.5));
#12053 = VERTEX_POINT('',#12054);
#12054 = CARTESIAN_POINT('',(0.32,-15.56,3.));
#12055 = SURFACE_CURVE('',#12056,(#12060,#12072),.PCURVE_S1.);
#12056 = LINE('',#12057,#12058);
#12057 = CARTESIAN_POINT('',(0.32,-15.56,-8.5));
#12058 = VECTOR('',#12059,1.);
#12059 = DIRECTION('',(0.,0.,1.));
#12060 = PCURVE('',#12061,#12066);
#12061 = PLANE('',#12062);
#12062 = AXIS2_PLACEMENT_3D('',#12063,#12064,#12065);
#12063 = CARTESIAN_POINT('',(0.32,-15.56,-8.5));
#12064 = DIRECTION('',(1.,0.,0.));
#12065 = DIRECTION('',(0.,0.,1.));
#12066 = DEFINITIONAL_REPRESENTATION('',(#12067),#12071);
#12067 = LINE('',#12068,#12069);
#12068 = CARTESIAN_POINT('',(0.,0.));
#12069 = VECTOR('',#12070,1.);
#12070 = DIRECTION('',(1.,0.));
#12071 = ( GEOMETRIC_REPRESENTATION_CONTEXT(2) 
PARAMETRIC_REPRESENTATION_CONTEXT() REPRESENTATION_CONTEXT('2D SPACE',''
  ) );
#12072 = PCURVE('',#11953,#12073);
#12073 = DEFINITIONAL_REPRESENTATION('',(#12074),#12078);
#12074 = LINE('',#12075,#12076);
#12075 = CARTESIAN_POINT('',(0.,0.64));
#12076 = VECTOR('',#12077,1.);
#12077 = DIRECTION('',(1.,0.));
#12078 = ( GEOMETRIC_REPRESENTATION_CONTEXT(2) 
PARAMETRIC_REPRESENTATION_CONTEXT() REPRESENTATION_CONTEXT('2D SPACE',''
  ) );
#12079 = ORIENTED_EDGE('',*,*,#12080,.T.);
#12080 = EDGE_CURVE('',#12051,#12081,#12083,.T.);
#12081 = VERTEX_POINT('',#12082);
#12082 = CARTESIAN_POINT('',(0.32,-14.92,-8.5));
#12083 = SURFACE_CURVE('',#12084,(#12088,#12095),.PCURVE_S1.);
#12084 = LINE('',#12085,#12086);
#12085 = CARTESIAN_POINT('',(0.32,-15.56,-8.5));
#12086 = VECTOR('',#12087,1.);
#12087 = DIRECTION('',(0.,1.,0.));
#12088 = PCURVE('',#12061,#12089);
#12089 = DEFINITIONAL_REPRESENTATION('',(#12090),#12094);
#12090 = LINE('',#12091,#12092);
#12091 = CARTESIAN_POINT('',(0.,0.));
#12092 = VECTOR('',#12093,1.);
#12093 = DIRECTION('',(0.,-1.));
#12094 = ( GEOMETRIC_REPRESENTATION_CONTEXT(2) 
PARAMETRIC_REPRESENTATION_CONTEXT() REPRESENTATION_CONTEXT('2D SPACE',''
  ) );
#12095 = PCURVE('',#11981,#12096);
#12096 = DEFINITIONAL_REPRESENTATION('',(#12097),#12101);
#12097 = LINE('',#12098,#12099);
#12098 = CARTESIAN_POINT('',(0.64,0.));
#12099 = VECTOR('',#12100,1.);
#12100 = DIRECTION('',(0.,1.));
#12101 = ( GEOMETRIC_REPRESENTATION_CONTEXT(2) 
PARAMETRIC_REPRESENTATION_CONTEXT() REPRESENTATION_CONTEXT('2D SPACE',''
  ) );
#12102 = ORIENTED_EDGE('',*,*,#12103,.T.);
#12103 = EDGE_CURVE('',#12081,#12104,#12106,.T.);
#12104 = VERTEX_POINT('',#12105);
#12105 = CARTESIAN_POINT('',(0.32,-14.92,3.));
#12106 = SURFACE_CURVE('',#12107,(#12111,#12118),.PCURVE_S1.);
#12107 = LINE('',#12108,#12109);
#12108 = CARTESIAN_POINT('',(0.32,-14.92,-8.5));
#12109 = VECTOR('',#12110,1.);
#12110 = DIRECTION('',(0.,0.,1.));
#12111 = PCURVE('',#12061,#12112);
#12112 = DEFINITIONAL_REPRESENTATION('',(#12113),#12117);
#12113 = LINE('',#12114,#12115);
#12114 = CARTESIAN_POINT('',(0.,-0.64));
#12115 = VECTOR('',#12116,1.);
#12116 = DIRECTION('',(1.,0.));
#12117 = ( GEOMETRIC_REPRESENTATION_CONTEXT(2) 
PARAMETRIC_REPRESENTATION_CONTEXT() REPRESENTATION_CONTEXT('2D SPACE',''
  ) );
#12118 = PCURVE('',#12009,#12119);
#12119 = DEFINITIONAL_REPRESENTATION('',(#12120),#12124);
#12120 = LINE('',#12121,#12122);
#12121 = CARTESIAN_POINT('',(0.,0.64));
#12122 = VECTOR('',#12123,1.);
#12123 = DIRECTION('',(1.,0.));
#12124 = ( GEOMETRIC_REPRESENTATION_CONTEXT(2) 
PARAMETRIC_REPRESENTATION_CONTEXT() REPRESENTATION_CONTEXT('2D SPACE',''
  ) );
#12125 = ORIENTED_EDGE('',*,*,#12126,.F.);
#12126 = EDGE_CURVE('',#12053,#12104,#12127,.T.);
#12127 = SURFACE_CURVE('',#12128,(#12132,#12139),.PCURVE_S1.);
#12128 = LINE('',#12129,#12130);
#12129 = CARTESIAN_POINT('',(0.32,-15.56,3.));
#12130 = VECTOR('',#12131,1.);
#12131 = DIRECTION('',(0.,1.,0.));
#12132 = PCURVE('',#12061,#12133);
#12133 = DEFINITIONAL_REPRESENTATION('',(#12134),#12138);
#12134 = LINE('',#12135,#12136);
#12135 = CARTESIAN_POINT('',(11.5,0.));
#12136 = VECTOR('',#12137,1.);
#12137 = DIRECTION('',(0.,-1.));
#12138 = ( GEOMETRIC_REPRESENTATION_CONTEXT(2) 
PARAMETRIC_REPRESENTATION_CONTEXT() REPRESENTATION_CONTEXT('2D SPACE',''
  ) );
#12139 = PCURVE('',#12035,#12140);
#12140 = DEFINITIONAL_REPRESENTATION('',(#12141),#12145);
#12141 = LINE('',#12142,#12143);
#12142 = CARTESIAN_POINT('',(0.64,0.));
#12143 = VECTOR('',#12144,1.);
#12144 = DIRECTION('',(0.,1.));
#12145 = ( GEOMETRIC_REPRESENTATION_CONTEXT(2) 
PARAMETRIC_REPRESENTATION_CONTEXT() REPRESENTATION_CONTEXT('2D SPACE',''
  ) );
#12146 = ADVANCED_FACE('',(#12147),#11953,.F.);
#12147 = FACE_BOUND('',#12148,.F.);
#12148 = EDGE_LOOP('',(#12149,#12170,#12171,#12192));
#12149 = ORIENTED_EDGE('',*,*,#12150,.F.);
#12150 = EDGE_CURVE('',#11931,#12051,#12151,.T.);
#12151 = SURFACE_CURVE('',#12152,(#12156,#12163),.PCURVE_S1.);
#12152 = LINE('',#12153,#12154);
#12153 = CARTESIAN_POINT('',(-0.32,-15.56,-8.5));
#12154 = VECTOR('',#12155,1.);
#12155 = DIRECTION('',(1.,0.,0.));
#12156 = PCURVE('',#11953,#12157);
#12157 = DEFINITIONAL_REPRESENTATION('',(#12158),#12162);
#12158 = LINE('',#12159,#12160);
#12159 = CARTESIAN_POINT('',(0.,0.));
#12160 = VECTOR('',#12161,1.);
#12161 = DIRECTION('',(0.,1.));
#12162 = ( GEOMETRIC_REPRESENTATION_CONTEXT(2) 
PARAMETRIC_REPRESENTATION_CONTEXT() REPRESENTATION_CONTEXT('2D SPACE',''
  ) );
#12163 = PCURVE('',#11981,#12164);
#12164 = DEFINITIONAL_REPRESENTATION('',(#12165),#12169);
#12165 = LINE('',#12166,#12167);
#12166 = CARTESIAN_POINT('',(0.,0.));
#12167 = VECTOR('',#12168,1.);
#12168 = DIRECTION('',(1.,0.));
#12169 = ( GEOMETRIC_REPRESENTATION_CONTEXT(2) 
PARAMETRIC_REPRESENTATION_CONTEXT() REPRESENTATION_CONTEXT('2D SPACE',''
  ) );
#12170 = ORIENTED_EDGE('',*,*,#11930,.T.);
#12171 = ORIENTED_EDGE('',*,*,#12172,.T.);
#12172 = EDGE_CURVE('',#11933,#12053,#12173,.T.);
#12173 = SURFACE_CURVE('',#12174,(#12178,#12185),.PCURVE_S1.);
#12174 = LINE('',#12175,#12176);
#12175 = CARTESIAN_POINT('',(-0.32,-15.56,3.));
#12176 = VECTOR('',#12177,1.);
#12177 = DIRECTION('',(1.,0.,0.));
#12178 = PCURVE('',#11953,#12179);
#12179 = DEFINITIONAL_REPRESENTATION('',(#12180),#12184);
#12180 = LINE('',#12181,#12182);
#12181 = CARTESIAN_POINT('',(11.5,0.));
#12182 = VECTOR('',#12183,1.);
#12183 = DIRECTION('',(0.,1.));
#12184 = ( GEOMETRIC_REPRESENTATION_CONTEXT(2) 
PARAMETRIC_REPRESENTATION_CONTEXT() REPRESENTATION_CONTEXT('2D SPACE',''
  ) );
#12185 = PCURVE('',#12035,#12186);
#12186 = DEFINITIONAL_REPRESENTATION('',(#12187),#12191);
#12187 = LINE('',#12188,#12189);
#12188 = CARTESIAN_POINT('',(0.,0.));
#12189 = VECTOR('',#12190,1.);
#12190 = DIRECTION('',(1.,0.));
#12191 = ( GEOMETRIC_REPRESENTATION_CONTEXT(2) 
PARAMETRIC_REPRESENTATION_CONTEXT() REPRESENTATION_CONTEXT('2D SPACE',''
  ) );
#12192 = ORIENTED_EDGE('',*,*,#12050,.F.);
#12193 = ADVANCED_FACE('',(#12194),#12009,.T.);
#12194 = FACE_BOUND('',#12195,.T.);
#12195 = EDGE_LOOP('',(#12196,#12217,#12218,#12239));
#12196 = ORIENTED_EDGE('',*,*,#12197,.F.);
#12197 = EDGE_CURVE('',#11966,#12081,#12198,.T.);
#12198 = SURFACE_CURVE('',#12199,(#12203,#12210),.PCURVE_S1.);
#12199 = LINE('',#12200,#12201);
#12200 = CARTESIAN_POINT('',(-0.32,-14.92,-8.5));
#12201 = VECTOR('',#12202,1.);
#12202 = DIRECTION('',(1.,0.,0.));
#12203 = PCURVE('',#12009,#12204);
#12204 = DEFINITIONAL_REPRESENTATION('',(#12205),#12209);
#12205 = LINE('',#12206,#12207);
#12206 = CARTESIAN_POINT('',(0.,0.));
#12207 = VECTOR('',#12208,1.);
#12208 = DIRECTION('',(0.,1.));
#12209 = ( GEOMETRIC_REPRESENTATION_CONTEXT(2) 
PARAMETRIC_REPRESENTATION_CONTEXT() REPRESENTATION_CONTEXT('2D SPACE',''
  ) );
#12210 = PCURVE('',#11981,#12211);
#12211 = DEFINITIONAL_REPRESENTATION('',(#12212),#12216);
#12212 = LINE('',#12213,#12214);
#12213 = CARTESIAN_POINT('',(0.,0.64));
#12214 = VECTOR('',#12215,1.);
#12215 = DIRECTION('',(1.,0.));
#12216 = ( GEOMETRIC_REPRESENTATION_CONTEXT(2) 
PARAMETRIC_REPRESENTATION_CONTEXT() REPRESENTATION_CONTEXT('2D SPACE',''
  ) );
#12217 = ORIENTED_EDGE('',*,*,#11993,.T.);
#12218 = ORIENTED_EDGE('',*,*,#12219,.T.);
#12219 = EDGE_CURVE('',#11994,#12104,#12220,.T.);
#12220 = SURFACE_CURVE('',#12221,(#12225,#12232),.PCURVE_S1.);
#12221 = LINE('',#12222,#12223);
#12222 = CARTESIAN_POINT('',(-0.32,-14.92,3.));
#12223 = VECTOR('',#12224,1.);
#12224 = DIRECTION('',(1.,0.,0.));
#12225 = PCURVE('',#12009,#12226);
#12226 = DEFINITIONAL_REPRESENTATION('',(#12227),#12231);
#12227 = LINE('',#12228,#12229);
#12228 = CARTESIAN_POINT('',(11.5,0.));
#12229 = VECTOR('',#12230,1.);
#12230 = DIRECTION('',(0.,1.));
#12231 = ( GEOMETRIC_REPRESENTATION_CONTEXT(2) 
PARAMETRIC_REPRESENTATION_CONTEXT() REPRESENTATION_CONTEXT('2D SPACE',''
  ) );
#12232 = PCURVE('',#12035,#12233);
#12233 = DEFINITIONAL_REPRESENTATION('',(#12234),#12238);
#12234 = LINE('',#12235,#12236);
#12235 = CARTESIAN_POINT('',(0.,0.64));
#12236 = VECTOR('',#12237,1.);
#12237 = DIRECTION('',(1.,0.));
#12238 = ( GEOMETRIC_REPRESENTATION_CONTEXT(2) 
PARAMETRIC_REPRESENTATION_CONTEXT() REPRESENTATION_CONTEXT('2D SPACE',''
  ) );
#12239 = ORIENTED_EDGE('',*,*,#12103,.F.);
#12240 = ADVANCED_FACE('',(#12241),#11981,.F.);
#12241 = FACE_BOUND('',#12242,.F.);
#12242 = EDGE_LOOP('',(#12243,#12244,#12245,#12246));
#12243 = ORIENTED_EDGE('',*,*,#11965,.F.);
#12244 = ORIENTED_EDGE('',*,*,#12150,.T.);
#12245 = ORIENTED_EDGE('',*,*,#12080,.T.);
#12246 = ORIENTED_EDGE('',*,*,#12197,.F.);
#12247 = ADVANCED_FACE('',(#12248),#12035,.T.);
#12248 = FACE_BOUND('',#12249,.T.);
#12249 = EDGE_LOOP('',(#12250,#12251,#12252,#12253));
#12250 = ORIENTED_EDGE('',*,*,#12021,.F.);
#12251 = ORIENTED_EDGE('',*,*,#12172,.T.);
#12252 = ORIENTED_EDGE('',*,*,#12126,.T.);
#12253 = ORIENTED_EDGE('',*,*,#12219,.F.);
#12254 = MANIFOLD_SOLID_BREP('',#12255);
#12255 = CLOSED_SHELL('',(#12256,#12376,#12476,#12523,#12570,#12577));
#12256 = ADVANCED_FACE('',(#12257),#12271,.F.);
#12257 = FACE_BOUND('',#12258,.F.);
#12258 = EDGE_LOOP('',(#12259,#12294,#12322,#12350));
#12259 = ORIENTED_EDGE('',*,*,#12260,.F.);
#12260 = EDGE_CURVE('',#12261,#12263,#12265,.T.);
#12261 = VERTEX_POINT('',#12262);
#12262 = CARTESIAN_POINT('',(-0.32,-18.1,-8.5));
#12263 = VERTEX_POINT('',#12264);
#12264 = CARTESIAN_POINT('',(-0.32,-18.1,3.));
#12265 = SURFACE_CURVE('',#12266,(#12270,#12282),.PCURVE_S1.);
#12266 = LINE('',#12267,#12268);
#12267 = CARTESIAN_POINT('',(-0.32,-18.1,-8.5));
#12268 = VECTOR('',#12269,1.);
#12269 = DIRECTION('',(0.,0.,1.));
#12270 = PCURVE('',#12271,#12276);
#12271 = PLANE('',#12272);
#12272 = AXIS2_PLACEMENT_3D('',#12273,#12274,#12275);
#12273 = CARTESIAN_POINT('',(-0.32,-18.1,-8.5));
#12274 = DIRECTION('',(1.,0.,0.));
#12275 = DIRECTION('',(0.,0.,1.));
#12276 = DEFINITIONAL_REPRESENTATION('',(#12277),#12281);
#12277 = LINE('',#12278,#12279);
#12278 = CARTESIAN_POINT('',(0.,0.));
#12279 = VECTOR('',#12280,1.);
#12280 = DIRECTION('',(1.,0.));
#12281 = ( GEOMETRIC_REPRESENTATION_CONTEXT(2) 
PARAMETRIC_REPRESENTATION_CONTEXT() REPRESENTATION_CONTEXT('2D SPACE',''
  ) );
#12282 = PCURVE('',#12283,#12288);
#12283 = PLANE('',#12284);
#12284 = AXIS2_PLACEMENT_3D('',#12285,#12286,#12287);
#12285 = CARTESIAN_POINT('',(-0.32,-18.1,-8.5));
#12286 = DIRECTION('',(0.,1.,0.));
#12287 = DIRECTION('',(0.,0.,1.));
#12288 = DEFINITIONAL_REPRESENTATION('',(#12289),#12293);
#12289 = LINE('',#12290,#12291);
#12290 = CARTESIAN_POINT('',(0.,0.));
#12291 = VECTOR('',#12292,1.);
#12292 = DIRECTION('',(1.,0.));
#12293 = ( GEOMETRIC_REPRESENTATION_CONTEXT(2) 
PARAMETRIC_REPRESENTATION_CONTEXT() REPRESENTATION_CONTEXT('2D SPACE',''
  ) );
#12294 = ORIENTED_EDGE('',*,*,#12295,.T.);
#12295 = EDGE_CURVE('',#12261,#12296,#12298,.T.);
#12296 = VERTEX_POINT('',#12297);
#12297 = CARTESIAN_POINT('',(-0.32,-17.46,-8.5));
#12298 = SURFACE_CURVE('',#12299,(#12303,#12310),.PCURVE_S1.);
#12299 = LINE('',#12300,#12301);
#12300 = CARTESIAN_POINT('',(-0.32,-18.1,-8.5));
#12301 = VECTOR('',#12302,1.);
#12302 = DIRECTION('',(0.,1.,0.));
#12303 = PCURVE('',#12271,#12304);
#12304 = DEFINITIONAL_REPRESENTATION('',(#12305),#12309);
#12305 = LINE('',#12306,#12307);
#12306 = CARTESIAN_POINT('',(0.,0.));
#12307 = VECTOR('',#12308,1.);
#12308 = DIRECTION('',(0.,-1.));
#12309 = ( GEOMETRIC_REPRESENTATION_CONTEXT(2) 
PARAMETRIC_REPRESENTATION_CONTEXT() REPRESENTATION_CONTEXT('2D SPACE',''
  ) );
#12310 = PCURVE('',#12311,#12316);
#12311 = PLANE('',#12312);
#12312 = AXIS2_PLACEMENT_3D('',#12313,#12314,#12315);
#12313 = CARTESIAN_POINT('',(-0.32,-18.1,-8.5));
#12314 = DIRECTION('',(0.,0.,1.));
#12315 = DIRECTION('',(1.,0.,0.));
#12316 = DEFINITIONAL_REPRESENTATION('',(#12317),#12321);
#12317 = LINE('',#12318,#12319);
#12318 = CARTESIAN_POINT('',(0.,0.));
#12319 = VECTOR('',#12320,1.);
#12320 = DIRECTION('',(0.,1.));
#12321 = ( GEOMETRIC_REPRESENTATION_CONTEXT(2) 
PARAMETRIC_REPRESENTATION_CONTEXT() REPRESENTATION_CONTEXT('2D SPACE',''
  ) );
#12322 = ORIENTED_EDGE('',*,*,#12323,.T.);
#12323 = EDGE_CURVE('',#12296,#12324,#12326,.T.);
#12324 = VERTEX_POINT('',#12325);
#12325 = CARTESIAN_POINT('',(-0.32,-17.46,3.));
#12326 = SURFACE_CURVE('',#12327,(#12331,#12338),.PCURVE_S1.);
#12327 = LINE('',#12328,#12329);
#12328 = CARTESIAN_POINT('',(-0.32,-17.46,-8.5));
#12329 = VECTOR('',#12330,1.);
#12330 = DIRECTION('',(0.,0.,1.));
#12331 = PCURVE('',#12271,#12332);
#12332 = DEFINITIONAL_REPRESENTATION('',(#12333),#12337);
#12333 = LINE('',#12334,#12335);
#12334 = CARTESIAN_POINT('',(0.,-0.64));
#12335 = VECTOR('',#12336,1.);
#12336 = DIRECTION('',(1.,0.));
#12337 = ( GEOMETRIC_REPRESENTATION_CONTEXT(2) 
PARAMETRIC_REPRESENTATION_CONTEXT() REPRESENTATION_CONTEXT('2D SPACE',''
  ) );
#12338 = PCURVE('',#12339,#12344);
#12339 = PLANE('',#12340);
#12340 = AXIS2_PLACEMENT_3D('',#12341,#12342,#12343);
#12341 = CARTESIAN_POINT('',(-0.32,-17.46,-8.5));
#12342 = DIRECTION('',(0.,1.,0.));
#12343 = DIRECTION('',(0.,0.,1.));
#12344 = DEFINITIONAL_REPRESENTATION('',(#12345),#12349);
#12345 = LINE('',#12346,#12347);
#12346 = CARTESIAN_POINT('',(0.,0.));
#12347 = VECTOR('',#12348,1.);
#12348 = DIRECTION('',(1.,0.));
#12349 = ( GEOMETRIC_REPRESENTATION_CONTEXT(2) 
PARAMETRIC_REPRESENTATION_CONTEXT() REPRESENTATION_CONTEXT('2D SPACE',''
  ) );
#12350 = ORIENTED_EDGE('',*,*,#12351,.F.);
#12351 = EDGE_CURVE('',#12263,#12324,#12352,.T.);
#12352 = SURFACE_CURVE('',#12353,(#12357,#12364),.PCURVE_S1.);
#12353 = LINE('',#12354,#12355);
#12354 = CARTESIAN_POINT('',(-0.32,-18.1,3.));
#12355 = VECTOR('',#12356,1.);
#12356 = DIRECTION('',(0.,1.,0.));
#12357 = PCURVE('',#12271,#12358);
#12358 = DEFINITIONAL_REPRESENTATION('',(#12359),#12363);
#12359 = LINE('',#12360,#12361);
#12360 = CARTESIAN_POINT('',(11.5,0.));
#12361 = VECTOR('',#12362,1.);
#12362 = DIRECTION('',(0.,-1.));
#12363 = ( GEOMETRIC_REPRESENTATION_CONTEXT(2) 
PARAMETRIC_REPRESENTATION_CONTEXT() REPRESENTATION_CONTEXT('2D SPACE',''
  ) );
#12364 = PCURVE('',#12365,#12370);
#12365 = PLANE('',#12366);
#12366 = AXIS2_PLACEMENT_3D('',#12367,#12368,#12369);
#12367 = CARTESIAN_POINT('',(-0.32,-18.1,3.));
#12368 = DIRECTION('',(0.,0.,1.));
#12369 = DIRECTION('',(1.,0.,0.));
#12370 = DEFINITIONAL_REPRESENTATION('',(#12371),#12375);
#12371 = LINE('',#12372,#12373);
#12372 = CARTESIAN_POINT('',(0.,0.));
#12373 = VECTOR('',#12374,1.);
#12374 = DIRECTION('',(0.,1.));
#12375 = ( GEOMETRIC_REPRESENTATION_CONTEXT(2) 
PARAMETRIC_REPRESENTATION_CONTEXT() REPRESENTATION_CONTEXT('2D SPACE',''
  ) );
#12376 = ADVANCED_FACE('',(#12377),#12391,.T.);
#12377 = FACE_BOUND('',#12378,.T.);
#12378 = EDGE_LOOP('',(#12379,#12409,#12432,#12455));
#12379 = ORIENTED_EDGE('',*,*,#12380,.F.);
#12380 = EDGE_CURVE('',#12381,#12383,#12385,.T.);
#12381 = VERTEX_POINT('',#12382);
#12382 = CARTESIAN_POINT('',(0.32,-18.1,-8.5));
#12383 = VERTEX_POINT('',#12384);
#12384 = CARTESIAN_POINT('',(0.32,-18.1,3.));
#12385 = SURFACE_CURVE('',#12386,(#12390,#12402),.PCURVE_S1.);
#12386 = LINE('',#12387,#12388);
#12387 = CARTESIAN_POINT('',(0.32,-18.1,-8.5));
#12388 = VECTOR('',#12389,1.);
#12389 = DIRECTION('',(0.,0.,1.));
#12390 = PCURVE('',#12391,#12396);
#12391 = PLANE('',#12392);
#12392 = AXIS2_PLACEMENT_3D('',#12393,#12394,#12395);
#12393 = CARTESIAN_POINT('',(0.32,-18.1,-8.5));
#12394 = DIRECTION('',(1.,0.,0.));
#12395 = DIRECTION('',(0.,0.,1.));
#12396 = DEFINITIONAL_REPRESENTATION('',(#12397),#12401);
#12397 = LINE('',#12398,#12399);
#12398 = CARTESIAN_POINT('',(0.,0.));
#12399 = VECTOR('',#12400,1.);
#12400 = DIRECTION('',(1.,0.));
#12401 = ( GEOMETRIC_REPRESENTATION_CONTEXT(2) 
PARAMETRIC_REPRESENTATION_CONTEXT() REPRESENTATION_CONTEXT('2D SPACE',''
  ) );
#12402 = PCURVE('',#12283,#12403);
#12403 = DEFINITIONAL_REPRESENTATION('',(#12404),#12408);
#12404 = LINE('',#12405,#12406);
#12405 = CARTESIAN_POINT('',(0.,0.64));
#12406 = VECTOR('',#12407,1.);
#12407 = DIRECTION('',(1.,0.));
#12408 = ( GEOMETRIC_REPRESENTATION_CONTEXT(2) 
PARAMETRIC_REPRESENTATION_CONTEXT() REPRESENTATION_CONTEXT('2D SPACE',''
  ) );
#12409 = ORIENTED_EDGE('',*,*,#12410,.T.);
#12410 = EDGE_CURVE('',#12381,#12411,#12413,.T.);
#12411 = VERTEX_POINT('',#12412);
#12412 = CARTESIAN_POINT('',(0.32,-17.46,-8.5));
#12413 = SURFACE_CURVE('',#12414,(#12418,#12425),.PCURVE_S1.);
#12414 = LINE('',#12415,#12416);
#12415 = CARTESIAN_POINT('',(0.32,-18.1,-8.5));
#12416 = VECTOR('',#12417,1.);
#12417 = DIRECTION('',(0.,1.,0.));
#12418 = PCURVE('',#12391,#12419);
#12419 = DEFINITIONAL_REPRESENTATION('',(#12420),#12424);
#12420 = LINE('',#12421,#12422);
#12421 = CARTESIAN_POINT('',(0.,0.));
#12422 = VECTOR('',#12423,1.);
#12423 = DIRECTION('',(0.,-1.));
#12424 = ( GEOMETRIC_REPRESENTATION_CONTEXT(2) 
PARAMETRIC_REPRESENTATION_CONTEXT() REPRESENTATION_CONTEXT('2D SPACE',''
  ) );
#12425 = PCURVE('',#12311,#12426);
#12426 = DEFINITIONAL_REPRESENTATION('',(#12427),#12431);
#12427 = LINE('',#12428,#12429);
#12428 = CARTESIAN_POINT('',(0.64,0.));
#12429 = VECTOR('',#12430,1.);
#12430 = DIRECTION('',(0.,1.));
#12431 = ( GEOMETRIC_REPRESENTATION_CONTEXT(2) 
PARAMETRIC_REPRESENTATION_CONTEXT() REPRESENTATION_CONTEXT('2D SPACE',''
  ) );
#12432 = ORIENTED_EDGE('',*,*,#12433,.T.);
#12433 = EDGE_CURVE('',#12411,#12434,#12436,.T.);
#12434 = VERTEX_POINT('',#12435);
#12435 = CARTESIAN_POINT('',(0.32,-17.46,3.));
#12436 = SURFACE_CURVE('',#12437,(#12441,#12448),.PCURVE_S1.);
#12437 = LINE('',#12438,#12439);
#12438 = CARTESIAN_POINT('',(0.32,-17.46,-8.5));
#12439 = VECTOR('',#12440,1.);
#12440 = DIRECTION('',(0.,0.,1.));
#12441 = PCURVE('',#12391,#12442);
#12442 = DEFINITIONAL_REPRESENTATION('',(#12443),#12447);
#12443 = LINE('',#12444,#12445);
#12444 = CARTESIAN_POINT('',(0.,-0.64));
#12445 = VECTOR('',#12446,1.);
#12446 = DIRECTION('',(1.,0.));
#12447 = ( GEOMETRIC_REPRESENTATION_CONTEXT(2) 
PARAMETRIC_REPRESENTATION_CONTEXT() REPRESENTATION_CONTEXT('2D SPACE',''
  ) );
#12448 = PCURVE('',#12339,#12449);
#12449 = DEFINITIONAL_REPRESENTATION('',(#12450),#12454);
#12450 = LINE('',#12451,#12452);
#12451 = CARTESIAN_POINT('',(0.,0.64));
#12452 = VECTOR('',#12453,1.);
#12453 = DIRECTION('',(1.,0.));
#12454 = ( GEOMETRIC_REPRESENTATION_CONTEXT(2) 
PARAMETRIC_REPRESENTATION_CONTEXT() REPRESENTATION_CONTEXT('2D SPACE',''
  ) );
#12455 = ORIENTED_EDGE('',*,*,#12456,.F.);
#12456 = EDGE_CURVE('',#12383,#12434,#12457,.T.);
#12457 = SURFACE_CURVE('',#12458,(#12462,#12469),.PCURVE_S1.);
#12458 = LINE('',#12459,#12460);
#12459 = CARTESIAN_POINT('',(0.32,-18.1,3.));
#12460 = VECTOR('',#12461,1.);
#12461 = DIRECTION('',(0.,1.,0.));
#12462 = PCURVE('',#12391,#12463);
#12463 = DEFINITIONAL_REPRESENTATION('',(#12464),#12468);
#12464 = LINE('',#12465,#12466);
#12465 = CARTESIAN_POINT('',(11.5,0.));
#12466 = VECTOR('',#12467,1.);
#12467 = DIRECTION('',(0.,-1.));
#12468 = ( GEOMETRIC_REPRESENTATION_CONTEXT(2) 
PARAMETRIC_REPRESENTATION_CONTEXT() REPRESENTATION_CONTEXT('2D SPACE',''
  ) );
#12469 = PCURVE('',#12365,#12470);
#12470 = DEFINITIONAL_REPRESENTATION('',(#12471),#12475);
#12471 = LINE('',#12472,#12473);
#12472 = CARTESIAN_POINT('',(0.64,0.));
#12473 = VECTOR('',#12474,1.);
#12474 = DIRECTION('',(0.,1.));
#12475 = ( GEOMETRIC_REPRESENTATION_CONTEXT(2) 
PARAMETRIC_REPRESENTATION_CONTEXT() REPRESENTATION_CONTEXT('2D SPACE',''
  ) );
#12476 = ADVANCED_FACE('',(#12477),#12283,.F.);
#12477 = FACE_BOUND('',#12478,.F.);
#12478 = EDGE_LOOP('',(#12479,#12500,#12501,#12522));
#12479 = ORIENTED_EDGE('',*,*,#12480,.F.);
#12480 = EDGE_CURVE('',#12261,#12381,#12481,.T.);
#12481 = SURFACE_CURVE('',#12482,(#12486,#12493),.PCURVE_S1.);
#12482 = LINE('',#12483,#12484);
#12483 = CARTESIAN_POINT('',(-0.32,-18.1,-8.5));
#12484 = VECTOR('',#12485,1.);
#12485 = DIRECTION('',(1.,0.,0.));
#12486 = PCURVE('',#12283,#12487);
#12487 = DEFINITIONAL_REPRESENTATION('',(#12488),#12492);
#12488 = LINE('',#12489,#12490);
#12489 = CARTESIAN_POINT('',(0.,0.));
#12490 = VECTOR('',#12491,1.);
#12491 = DIRECTION('',(0.,1.));
#12492 = ( GEOMETRIC_REPRESENTATION_CONTEXT(2) 
PARAMETRIC_REPRESENTATION_CONTEXT() REPRESENTATION_CONTEXT('2D SPACE',''
  ) );
#12493 = PCURVE('',#12311,#12494);
#12494 = DEFINITIONAL_REPRESENTATION('',(#12495),#12499);
#12495 = LINE('',#12496,#12497);
#12496 = CARTESIAN_POINT('',(0.,0.));
#12497 = VECTOR('',#12498,1.);
#12498 = DIRECTION('',(1.,0.));
#12499 = ( GEOMETRIC_REPRESENTATION_CONTEXT(2) 
PARAMETRIC_REPRESENTATION_CONTEXT() REPRESENTATION_CONTEXT('2D SPACE',''
  ) );
#12500 = ORIENTED_EDGE('',*,*,#12260,.T.);
#12501 = ORIENTED_EDGE('',*,*,#12502,.T.);
#12502 = EDGE_CURVE('',#12263,#12383,#12503,.T.);
#12503 = SURFACE_CURVE('',#12504,(#12508,#12515),.PCURVE_S1.);
#12504 = LINE('',#12505,#12506);
#12505 = CARTESIAN_POINT('',(-0.32,-18.1,3.));
#12506 = VECTOR('',#12507,1.);
#12507 = DIRECTION('',(1.,0.,0.));
#12508 = PCURVE('',#12283,#12509);
#12509 = DEFINITIONAL_REPRESENTATION('',(#12510),#12514);
#12510 = LINE('',#12511,#12512);
#12511 = CARTESIAN_POINT('',(11.5,0.));
#12512 = VECTOR('',#12513,1.);
#12513 = DIRECTION('',(0.,1.));
#12514 = ( GEOMETRIC_REPRESENTATION_CONTEXT(2) 
PARAMETRIC_REPRESENTATION_CONTEXT() REPRESENTATION_CONTEXT('2D SPACE',''
  ) );
#12515 = PCURVE('',#12365,#12516);
#12516 = DEFINITIONAL_REPRESENTATION('',(#12517),#12521);
#12517 = LINE('',#12518,#12519);
#12518 = CARTESIAN_POINT('',(0.,0.));
#12519 = VECTOR('',#12520,1.);
#12520 = DIRECTION('',(1.,0.));
#12521 = ( GEOMETRIC_REPRESENTATION_CONTEXT(2) 
PARAMETRIC_REPRESENTATION_CONTEXT() REPRESENTATION_CONTEXT('2D SPACE',''
  ) );
#12522 = ORIENTED_EDGE('',*,*,#12380,.F.);
#12523 = ADVANCED_FACE('',(#12524),#12339,.T.);
#12524 = FACE_BOUND('',#12525,.T.);
#12525 = EDGE_LOOP('',(#12526,#12547,#12548,#12569));
#12526 = ORIENTED_EDGE('',*,*,#12527,.F.);
#12527 = EDGE_CURVE('',#12296,#12411,#12528,.T.);
#12528 = SURFACE_CURVE('',#12529,(#12533,#12540),.PCURVE_S1.);
#12529 = LINE('',#12530,#12531);
#12530 = CARTESIAN_POINT('',(-0.32,-17.46,-8.5));
#12531 = VECTOR('',#12532,1.);
#12532 = DIRECTION('',(1.,0.,0.));
#12533 = PCURVE('',#12339,#12534);
#12534 = DEFINITIONAL_REPRESENTATION('',(#12535),#12539);
#12535 = LINE('',#12536,#12537);
#12536 = CARTESIAN_POINT('',(0.,0.));
#12537 = VECTOR('',#12538,1.);
#12538 = DIRECTION('',(0.,1.));
#12539 = ( GEOMETRIC_REPRESENTATION_CONTEXT(2) 
PARAMETRIC_REPRESENTATION_CONTEXT() REPRESENTATION_CONTEXT('2D SPACE',''
  ) );
#12540 = PCURVE('',#12311,#12541);
#12541 = DEFINITIONAL_REPRESENTATION('',(#12542),#12546);
#12542 = LINE('',#12543,#12544);
#12543 = CARTESIAN_POINT('',(0.,0.64));
#12544 = VECTOR('',#12545,1.);
#12545 = DIRECTION('',(1.,0.));
#12546 = ( GEOMETRIC_REPRESENTATION_CONTEXT(2) 
PARAMETRIC_REPRESENTATION_CONTEXT() REPRESENTATION_CONTEXT('2D SPACE',''
  ) );
#12547 = ORIENTED_EDGE('',*,*,#12323,.T.);
#12548 = ORIENTED_EDGE('',*,*,#12549,.T.);
#12549 = EDGE_CURVE('',#12324,#12434,#12550,.T.);
#12550 = SURFACE_CURVE('',#12551,(#12555,#12562),.PCURVE_S1.);
#12551 = LINE('',#12552,#12553);
#12552 = CARTESIAN_POINT('',(-0.32,-17.46,3.));
#12553 = VECTOR('',#12554,1.);
#12554 = DIRECTION('',(1.,0.,0.));
#12555 = PCURVE('',#12339,#12556);
#12556 = DEFINITIONAL_REPRESENTATION('',(#12557),#12561);
#12557 = LINE('',#12558,#12559);
#12558 = CARTESIAN_POINT('',(11.5,0.));
#12559 = VECTOR('',#12560,1.);
#12560 = DIRECTION('',(0.,1.));
#12561 = ( GEOMETRIC_REPRESENTATION_CONTEXT(2) 
PARAMETRIC_REPRESENTATION_CONTEXT() REPRESENTATION_CONTEXT('2D SPACE',''
  ) );
#12562 = PCURVE('',#12365,#12563);
#12563 = DEFINITIONAL_REPRESENTATION('',(#12564),#12568);
#12564 = LINE('',#12565,#12566);
#12565 = CARTESIAN_POINT('',(0.,0.64));
#12566 = VECTOR('',#12567,1.);
#12567 = DIRECTION('',(1.,0.));
#12568 = ( GEOMETRIC_REPRESENTATION_CONTEXT(2) 
PARAMETRIC_REPRESENTATION_CONTEXT() REPRESENTATION_CONTEXT('2D SPACE',''
  ) );
#12569 = ORIENTED_EDGE('',*,*,#12433,.F.);
#12570 = ADVANCED_FACE('',(#12571),#12311,.F.);
#12571 = FACE_BOUND('',#12572,.F.);
#12572 = EDGE_LOOP('',(#12573,#12574,#12575,#12576));
#12573 = ORIENTED_EDGE('',*,*,#12295,.F.);
#12574 = ORIENTED_EDGE('',*,*,#12480,.T.);
#12575 = ORIENTED_EDGE('',*,*,#12410,.T.);
#12576 = ORIENTED_EDGE('',*,*,#12527,.F.);
#12577 = ADVANCED_FACE('',(#12578),#12365,.T.);
#12578 = FACE_BOUND('',#12579,.T.);
#12579 = EDGE_LOOP('',(#12580,#12581,#12582,#12583));
#12580 = ORIENTED_EDGE('',*,*,#12351,.F.);
#12581 = ORIENTED_EDGE('',*,*,#12502,.T.);
#12582 = ORIENTED_EDGE('',*,*,#12456,.T.);
#12583 = ORIENTED_EDGE('',*,*,#12549,.F.);
#12584 = MANIFOLD_SOLID_BREP('',#12585);
#12585 = CLOSED_SHELL('',(#12586,#12706,#12806,#12853,#12900,#12907));
#12586 = ADVANCED_FACE('',(#12587),#12601,.F.);
#12587 = FACE_BOUND('',#12588,.F.);
#12588 = EDGE_LOOP('',(#12589,#12624,#12652,#12680));
#12589 = ORIENTED_EDGE('',*,*,#12590,.F.);
#12590 = EDGE_CURVE('',#12591,#12593,#12595,.T.);
#12591 = VERTEX_POINT('',#12592);
#12592 = CARTESIAN_POINT('',(14.92,-0.32,-8.5));
#12593 = VERTEX_POINT('',#12594);
#12594 = CARTESIAN_POINT('',(14.92,-0.32,3.));
#12595 = SURFACE_CURVE('',#12596,(#12600,#12612),.PCURVE_S1.);
#12596 = LINE('',#12597,#12598);
#12597 = CARTESIAN_POINT('',(14.92,-0.32,-8.5));
#12598 = VECTOR('',#12599,1.);
#12599 = DIRECTION('',(0.,0.,1.));
#12600 = PCURVE('',#12601,#12606);
#12601 = PLANE('',#12602);
#12602 = AXIS2_PLACEMENT_3D('',#12603,#12604,#12605);
#12603 = CARTESIAN_POINT('',(14.92,-0.32,-8.5));
#12604 = DIRECTION('',(1.,0.,0.));
#12605 = DIRECTION('',(0.,0.,1.));
#12606 = DEFINITIONAL_REPRESENTATION('',(#12607),#12611);
#12607 = LINE('',#12608,#12609);
#12608 = CARTESIAN_POINT('',(0.,0.));
#12609 = VECTOR('',#12610,1.);
#12610 = DIRECTION('',(1.,0.));
#12611 = ( GEOMETRIC_REPRESENTATION_CONTEXT(2) 
PARAMETRIC_REPRESENTATION_CONTEXT() REPRESENTATION_CONTEXT('2D SPACE',''
  ) );
#12612 = PCURVE('',#12613,#12618);
#12613 = PLANE('',#12614);
#12614 = AXIS2_PLACEMENT_3D('',#12615,#12616,#12617);
#12615 = CARTESIAN_POINT('',(14.92,-0.32,-8.5));
#12616 = DIRECTION('',(0.,1.,0.));
#12617 = DIRECTION('',(0.,0.,1.));
#12618 = DEFINITIONAL_REPRESENTATION('',(#12619),#12623);
#12619 = LINE('',#12620,#12621);
#12620 = CARTESIAN_POINT('',(0.,0.));
#12621 = VECTOR('',#12622,1.);
#12622 = DIRECTION('',(1.,0.));
#12623 = ( GEOMETRIC_REPRESENTATION_CONTEXT(2) 
PARAMETRIC_REPRESENTATION_CONTEXT() REPRESENTATION_CONTEXT('2D SPACE',''
  ) );
#12624 = ORIENTED_EDGE('',*,*,#12625,.T.);
#12625 = EDGE_CURVE('',#12591,#12626,#12628,.T.);
#12626 = VERTEX_POINT('',#12627);
#12627 = CARTESIAN_POINT('',(14.92,0.32,-8.5));
#12628 = SURFACE_CURVE('',#12629,(#12633,#12640),.PCURVE_S1.);
#12629 = LINE('',#12630,#12631);
#12630 = CARTESIAN_POINT('',(14.92,-0.32,-8.5));
#12631 = VECTOR('',#12632,1.);
#12632 = DIRECTION('',(0.,1.,0.));
#12633 = PCURVE('',#12601,#12634);
#12634 = DEFINITIONAL_REPRESENTATION('',(#12635),#12639);
#12635 = LINE('',#12636,#12637);
#12636 = CARTESIAN_POINT('',(0.,0.));
#12637 = VECTOR('',#12638,1.);
#12638 = DIRECTION('',(0.,-1.));
#12639 = ( GEOMETRIC_REPRESENTATION_CONTEXT(2) 
PARAMETRIC_REPRESENTATION_CONTEXT() REPRESENTATION_CONTEXT('2D SPACE',''
  ) );
#12640 = PCURVE('',#12641,#12646);
#12641 = PLANE('',#12642);
#12642 = AXIS2_PLACEMENT_3D('',#12643,#12644,#12645);
#12643 = CARTESIAN_POINT('',(14.92,-0.32,-8.5));
#12644 = DIRECTION('',(0.,0.,1.));
#12645 = DIRECTION('',(1.,0.,0.));
#12646 = DEFINITIONAL_REPRESENTATION('',(#12647),#12651);
#12647 = LINE('',#12648,#12649);
#12648 = CARTESIAN_POINT('',(0.,0.));
#12649 = VECTOR('',#12650,1.);
#12650 = DIRECTION('',(0.,1.));
#12651 = ( GEOMETRIC_REPRESENTATION_CONTEXT(2) 
PARAMETRIC_REPRESENTATION_CONTEXT() REPRESENTATION_CONTEXT('2D SPACE',''
  ) );
#12652 = ORIENTED_EDGE('',*,*,#12653,.T.);
#12653 = EDGE_CURVE('',#12626,#12654,#12656,.T.);
#12654 = VERTEX_POINT('',#12655);
#12655 = CARTESIAN_POINT('',(14.92,0.32,3.));
#12656 = SURFACE_CURVE('',#12657,(#12661,#12668),.PCURVE_S1.);
#12657 = LINE('',#12658,#12659);
#12658 = CARTESIAN_POINT('',(14.92,0.32,-8.5));
#12659 = VECTOR('',#12660,1.);
#12660 = DIRECTION('',(0.,0.,1.));
#12661 = PCURVE('',#12601,#12662);
#12662 = DEFINITIONAL_REPRESENTATION('',(#12663),#12667);
#12663 = LINE('',#12664,#12665);
#12664 = CARTESIAN_POINT('',(0.,-0.64));
#12665 = VECTOR('',#12666,1.);
#12666 = DIRECTION('',(1.,0.));
#12667 = ( GEOMETRIC_REPRESENTATION_CONTEXT(2) 
PARAMETRIC_REPRESENTATION_CONTEXT() REPRESENTATION_CONTEXT('2D SPACE',''
  ) );
#12668 = PCURVE('',#12669,#12674);
#12669 = PLANE('',#12670);
#12670 = AXIS2_PLACEMENT_3D('',#12671,#12672,#12673);
#12671 = CARTESIAN_POINT('',(14.92,0.32,-8.5));
#12672 = DIRECTION('',(0.,1.,0.));
#12673 = DIRECTION('',(0.,0.,1.));
#12674 = DEFINITIONAL_REPRESENTATION('',(#12675),#12679);
#12675 = LINE('',#12676,#12677);
#12676 = CARTESIAN_POINT('',(0.,0.));
#12677 = VECTOR('',#12678,1.);
#12678 = DIRECTION('',(1.,0.));
#12679 = ( GEOMETRIC_REPRESENTATION_CONTEXT(2) 
PARAMETRIC_REPRESENTATION_CONTEXT() REPRESENTATION_CONTEXT('2D SPACE',''
  ) );
#12680 = ORIENTED_EDGE('',*,*,#12681,.F.);
#12681 = EDGE_CURVE('',#12593,#12654,#12682,.T.);
#12682 = SURFACE_CURVE('',#12683,(#12687,#12694),.PCURVE_S1.);
#12683 = LINE('',#12684,#12685);
#12684 = CARTESIAN_POINT('',(14.92,-0.32,3.));
#12685 = VECTOR('',#12686,1.);
#12686 = DIRECTION('',(0.,1.,0.));
#12687 = PCURVE('',#12601,#12688);
#12688 = DEFINITIONAL_REPRESENTATION('',(#12689),#12693);
#12689 = LINE('',#12690,#12691);
#12690 = CARTESIAN_POINT('',(11.5,0.));
#12691 = VECTOR('',#12692,1.);
#12692 = DIRECTION('',(0.,-1.));
#12693 = ( GEOMETRIC_REPRESENTATION_CONTEXT(2) 
PARAMETRIC_REPRESENTATION_CONTEXT() REPRESENTATION_CONTEXT('2D SPACE',''
  ) );
#12694 = PCURVE('',#12695,#12700);
#12695 = PLANE('',#12696);
#12696 = AXIS2_PLACEMENT_3D('',#12697,#12698,#12699);
#12697 = CARTESIAN_POINT('',(14.92,-0.32,3.));
#12698 = DIRECTION('',(0.,0.,1.));
#12699 = DIRECTION('',(1.,0.,0.));
#12700 = DEFINITIONAL_REPRESENTATION('',(#12701),#12705);
#12701 = LINE('',#12702,#12703);
#12702 = CARTESIAN_POINT('',(0.,0.));
#12703 = VECTOR('',#12704,1.);
#12704 = DIRECTION('',(0.,1.));
#12705 = ( GEOMETRIC_REPRESENTATION_CONTEXT(2) 
PARAMETRIC_REPRESENTATION_CONTEXT() REPRESENTATION_CONTEXT('2D SPACE',''
  ) );
#12706 = ADVANCED_FACE('',(#12707),#12721,.T.);
#12707 = FACE_BOUND('',#12708,.T.);
#12708 = EDGE_LOOP('',(#12709,#12739,#12762,#12785));
#12709 = ORIENTED_EDGE('',*,*,#12710,.F.);
#12710 = EDGE_CURVE('',#12711,#12713,#12715,.T.);
#12711 = VERTEX_POINT('',#12712);
#12712 = CARTESIAN_POINT('',(15.56,-0.32,-8.5));
#12713 = VERTEX_POINT('',#12714);
#12714 = CARTESIAN_POINT('',(15.56,-0.32,3.));
#12715 = SURFACE_CURVE('',#12716,(#12720,#12732),.PCURVE_S1.);
#12716 = LINE('',#12717,#12718);
#12717 = CARTESIAN_POINT('',(15.56,-0.32,-8.5));
#12718 = VECTOR('',#12719,1.);
#12719 = DIRECTION('',(0.,0.,1.));
#12720 = PCURVE('',#12721,#12726);
#12721 = PLANE('',#12722);
#12722 = AXIS2_PLACEMENT_3D('',#12723,#12724,#12725);
#12723 = CARTESIAN_POINT('',(15.56,-0.32,-8.5));
#12724 = DIRECTION('',(1.,0.,0.));
#12725 = DIRECTION('',(0.,0.,1.));
#12726 = DEFINITIONAL_REPRESENTATION('',(#12727),#12731);
#12727 = LINE('',#12728,#12729);
#12728 = CARTESIAN_POINT('',(0.,0.));
#12729 = VECTOR('',#12730,1.);
#12730 = DIRECTION('',(1.,0.));
#12731 = ( GEOMETRIC_REPRESENTATION_CONTEXT(2) 
PARAMETRIC_REPRESENTATION_CONTEXT() REPRESENTATION_CONTEXT('2D SPACE',''
  ) );
#12732 = PCURVE('',#12613,#12733);
#12733 = DEFINITIONAL_REPRESENTATION('',(#12734),#12738);
#12734 = LINE('',#12735,#12736);
#12735 = CARTESIAN_POINT('',(0.,0.64));
#12736 = VECTOR('',#12737,1.);
#12737 = DIRECTION('',(1.,0.));
#12738 = ( GEOMETRIC_REPRESENTATION_CONTEXT(2) 
PARAMETRIC_REPRESENTATION_CONTEXT() REPRESENTATION_CONTEXT('2D SPACE',''
  ) );
#12739 = ORIENTED_EDGE('',*,*,#12740,.T.);
#12740 = EDGE_CURVE('',#12711,#12741,#12743,.T.);
#12741 = VERTEX_POINT('',#12742);
#12742 = CARTESIAN_POINT('',(15.56,0.32,-8.5));
#12743 = SURFACE_CURVE('',#12744,(#12748,#12755),.PCURVE_S1.);
#12744 = LINE('',#12745,#12746);
#12745 = CARTESIAN_POINT('',(15.56,-0.32,-8.5));
#12746 = VECTOR('',#12747,1.);
#12747 = DIRECTION('',(0.,1.,0.));
#12748 = PCURVE('',#12721,#12749);
#12749 = DEFINITIONAL_REPRESENTATION('',(#12750),#12754);
#12750 = LINE('',#12751,#12752);
#12751 = CARTESIAN_POINT('',(0.,0.));
#12752 = VECTOR('',#12753,1.);
#12753 = DIRECTION('',(0.,-1.));
#12754 = ( GEOMETRIC_REPRESENTATION_CONTEXT(2) 
PARAMETRIC_REPRESENTATION_CONTEXT() REPRESENTATION_CONTEXT('2D SPACE',''
  ) );
#12755 = PCURVE('',#12641,#12756);
#12756 = DEFINITIONAL_REPRESENTATION('',(#12757),#12761);
#12757 = LINE('',#12758,#12759);
#12758 = CARTESIAN_POINT('',(0.64,0.));
#12759 = VECTOR('',#12760,1.);
#12760 = DIRECTION('',(0.,1.));
#12761 = ( GEOMETRIC_REPRESENTATION_CONTEXT(2) 
PARAMETRIC_REPRESENTATION_CONTEXT() REPRESENTATION_CONTEXT('2D SPACE',''
  ) );
#12762 = ORIENTED_EDGE('',*,*,#12763,.T.);
#12763 = EDGE_CURVE('',#12741,#12764,#12766,.T.);
#12764 = VERTEX_POINT('',#12765);
#12765 = CARTESIAN_POINT('',(15.56,0.32,3.));
#12766 = SURFACE_CURVE('',#12767,(#12771,#12778),.PCURVE_S1.);
#12767 = LINE('',#12768,#12769);
#12768 = CARTESIAN_POINT('',(15.56,0.32,-8.5));
#12769 = VECTOR('',#12770,1.);
#12770 = DIRECTION('',(0.,0.,1.));
#12771 = PCURVE('',#12721,#12772);
#12772 = DEFINITIONAL_REPRESENTATION('',(#12773),#12777);
#12773 = LINE('',#12774,#12775);
#12774 = CARTESIAN_POINT('',(0.,-0.64));
#12775 = VECTOR('',#12776,1.);
#12776 = DIRECTION('',(1.,0.));
#12777 = ( GEOMETRIC_REPRESENTATION_CONTEXT(2) 
PARAMETRIC_REPRESENTATION_CONTEXT() REPRESENTATION_CONTEXT('2D SPACE',''
  ) );
#12778 = PCURVE('',#12669,#12779);
#12779 = DEFINITIONAL_REPRESENTATION('',(#12780),#12784);
#12780 = LINE('',#12781,#12782);
#12781 = CARTESIAN_POINT('',(0.,0.64));
#12782 = VECTOR('',#12783,1.);
#12783 = DIRECTION('',(1.,0.));
#12784 = ( GEOMETRIC_REPRESENTATION_CONTEXT(2) 
PARAMETRIC_REPRESENTATION_CONTEXT() REPRESENTATION_CONTEXT('2D SPACE',''
  ) );
#12785 = ORIENTED_EDGE('',*,*,#12786,.F.);
#12786 = EDGE_CURVE('',#12713,#12764,#12787,.T.);
#12787 = SURFACE_CURVE('',#12788,(#12792,#12799),.PCURVE_S1.);
#12788 = LINE('',#12789,#12790);
#12789 = CARTESIAN_POINT('',(15.56,-0.32,3.));
#12790 = VECTOR('',#12791,1.);
#12791 = DIRECTION('',(0.,1.,0.));
#12792 = PCURVE('',#12721,#12793);
#12793 = DEFINITIONAL_REPRESENTATION('',(#12794),#12798);
#12794 = LINE('',#12795,#12796);
#12795 = CARTESIAN_POINT('',(11.5,0.));
#12796 = VECTOR('',#12797,1.);
#12797 = DIRECTION('',(0.,-1.));
#12798 = ( GEOMETRIC_REPRESENTATION_CONTEXT(2) 
PARAMETRIC_REPRESENTATION_CONTEXT() REPRESENTATION_CONTEXT('2D SPACE',''
  ) );
#12799 = PCURVE('',#12695,#12800);
#12800 = DEFINITIONAL_REPRESENTATION('',(#12801),#12805);
#12801 = LINE('',#12802,#12803);
#12802 = CARTESIAN_POINT('',(0.64,0.));
#12803 = VECTOR('',#12804,1.);
#12804 = DIRECTION('',(0.,1.));
#12805 = ( GEOMETRIC_REPRESENTATION_CONTEXT(2) 
PARAMETRIC_REPRESENTATION_CONTEXT() REPRESENTATION_CONTEXT('2D SPACE',''
  ) );
#12806 = ADVANCED_FACE('',(#12807),#12613,.F.);
#12807 = FACE_BOUND('',#12808,.F.);
#12808 = EDGE_LOOP('',(#12809,#12830,#12831,#12852));
#12809 = ORIENTED_EDGE('',*,*,#12810,.F.);
#12810 = EDGE_CURVE('',#12591,#12711,#12811,.T.);
#12811 = SURFACE_CURVE('',#12812,(#12816,#12823),.PCURVE_S1.);
#12812 = LINE('',#12813,#12814);
#12813 = CARTESIAN_POINT('',(14.92,-0.32,-8.5));
#12814 = VECTOR('',#12815,1.);
#12815 = DIRECTION('',(1.,0.,0.));
#12816 = PCURVE('',#12613,#12817);
#12817 = DEFINITIONAL_REPRESENTATION('',(#12818),#12822);
#12818 = LINE('',#12819,#12820);
#12819 = CARTESIAN_POINT('',(0.,0.));
#12820 = VECTOR('',#12821,1.);
#12821 = DIRECTION('',(0.,1.));
#12822 = ( GEOMETRIC_REPRESENTATION_CONTEXT(2) 
PARAMETRIC_REPRESENTATION_CONTEXT() REPRESENTATION_CONTEXT('2D SPACE',''
  ) );
#12823 = PCURVE('',#12641,#12824);
#12824 = DEFINITIONAL_REPRESENTATION('',(#12825),#12829);
#12825 = LINE('',#12826,#12827);
#12826 = CARTESIAN_POINT('',(0.,0.));
#12827 = VECTOR('',#12828,1.);
#12828 = DIRECTION('',(1.,0.));
#12829 = ( GEOMETRIC_REPRESENTATION_CONTEXT(2) 
PARAMETRIC_REPRESENTATION_CONTEXT() REPRESENTATION_CONTEXT('2D SPACE',''
  ) );
#12830 = ORIENTED_EDGE('',*,*,#12590,.T.);
#12831 = ORIENTED_EDGE('',*,*,#12832,.T.);
#12832 = EDGE_CURVE('',#12593,#12713,#12833,.T.);
#12833 = SURFACE_CURVE('',#12834,(#12838,#12845),.PCURVE_S1.);
#12834 = LINE('',#12835,#12836);
#12835 = CARTESIAN_POINT('',(14.92,-0.32,3.));
#12836 = VECTOR('',#12837,1.);
#12837 = DIRECTION('',(1.,0.,0.));
#12838 = PCURVE('',#12613,#12839);
#12839 = DEFINITIONAL_REPRESENTATION('',(#12840),#12844);
#12840 = LINE('',#12841,#12842);
#12841 = CARTESIAN_POINT('',(11.5,0.));
#12842 = VECTOR('',#12843,1.);
#12843 = DIRECTION('',(0.,1.));
#12844 = ( GEOMETRIC_REPRESENTATION_CONTEXT(2) 
PARAMETRIC_REPRESENTATION_CONTEXT() REPRESENTATION_CONTEXT('2D SPACE',''
  ) );
#12845 = PCURVE('',#12695,#12846);
#12846 = DEFINITIONAL_REPRESENTATION('',(#12847),#12851);
#12847 = LINE('',#12848,#12849);
#12848 = CARTESIAN_POINT('',(0.,0.));
#12849 = VECTOR('',#12850,1.);
#12850 = DIRECTION('',(1.,0.));
#12851 = ( GEOMETRIC_REPRESENTATION_CONTEXT(2) 
PARAMETRIC_REPRESENTATION_CONTEXT() REPRESENTATION_CONTEXT('2D SPACE',''
  ) );
#12852 = ORIENTED_EDGE('',*,*,#12710,.F.);
#12853 = ADVANCED_FACE('',(#12854),#12669,.T.);
#12854 = FACE_BOUND('',#12855,.T.);
#12855 = EDGE_LOOP('',(#12856,#12877,#12878,#12899));
#12856 = ORIENTED_EDGE('',*,*,#12857,.F.);
#12857 = EDGE_CURVE('',#12626,#12741,#12858,.T.);
#12858 = SURFACE_CURVE('',#12859,(#12863,#12870),.PCURVE_S1.);
#12859 = LINE('',#12860,#12861);
#12860 = CARTESIAN_POINT('',(14.92,0.32,-8.5));
#12861 = VECTOR('',#12862,1.);
#12862 = DIRECTION('',(1.,0.,0.));
#12863 = PCURVE('',#12669,#12864);
#12864 = DEFINITIONAL_REPRESENTATION('',(#12865),#12869);
#12865 = LINE('',#12866,#12867);
#12866 = CARTESIAN_POINT('',(0.,0.));
#12867 = VECTOR('',#12868,1.);
#12868 = DIRECTION('',(0.,1.));
#12869 = ( GEOMETRIC_REPRESENTATION_CONTEXT(2) 
PARAMETRIC_REPRESENTATION_CONTEXT() REPRESENTATION_CONTEXT('2D SPACE',''
  ) );
#12870 = PCURVE('',#12641,#12871);
#12871 = DEFINITIONAL_REPRESENTATION('',(#12872),#12876);
#12872 = LINE('',#12873,#12874);
#12873 = CARTESIAN_POINT('',(0.,0.64));
#12874 = VECTOR('',#12875,1.);
#12875 = DIRECTION('',(1.,0.));
#12876 = ( GEOMETRIC_REPRESENTATION_CONTEXT(2) 
PARAMETRIC_REPRESENTATION_CONTEXT() REPRESENTATION_CONTEXT('2D SPACE',''
  ) );
#12877 = ORIENTED_EDGE('',*,*,#12653,.T.);
#12878 = ORIENTED_EDGE('',*,*,#12879,.T.);
#12879 = EDGE_CURVE('',#12654,#12764,#12880,.T.);
#12880 = SURFACE_CURVE('',#12881,(#12885,#12892),.PCURVE_S1.);
#12881 = LINE('',#12882,#12883);
#12882 = CARTESIAN_POINT('',(14.92,0.32,3.));
#12883 = VECTOR('',#12884,1.);
#12884 = DIRECTION('',(1.,0.,0.));
#12885 = PCURVE('',#12669,#12886);
#12886 = DEFINITIONAL_REPRESENTATION('',(#12887),#12891);
#12887 = LINE('',#12888,#12889);
#12888 = CARTESIAN_POINT('',(11.5,0.));
#12889 = VECTOR('',#12890,1.);
#12890 = DIRECTION('',(0.,1.));
#12891 = ( GEOMETRIC_REPRESENTATION_CONTEXT(2) 
PARAMETRIC_REPRESENTATION_CONTEXT() REPRESENTATION_CONTEXT('2D SPACE',''
  ) );
#12892 = PCURVE('',#12695,#12893);
#12893 = DEFINITIONAL_REPRESENTATION('',(#12894),#12898);
#12894 = LINE('',#12895,#12896);
#12895 = CARTESIAN_POINT('',(0.,0.64));
#12896 = VECTOR('',#12897,1.);
#12897 = DIRECTION('',(1.,0.));
#12898 = ( GEOMETRIC_REPRESENTATION_CONTEXT(2) 
PARAMETRIC_REPRESENTATION_CONTEXT() REPRESENTATION_CONTEXT('2D SPACE',''
  ) );
#12899 = ORIENTED_EDGE('',*,*,#12763,.F.);
#12900 = ADVANCED_FACE('',(#12901),#12641,.F.);
#12901 = FACE_BOUND('',#12902,.F.);
#12902 = EDGE_LOOP('',(#12903,#12904,#12905,#12906));
#12903 = ORIENTED_EDGE('',*,*,#12625,.F.);
#12904 = ORIENTED_EDGE('',*,*,#12810,.T.);
#12905 = ORIENTED_EDGE('',*,*,#12740,.T.);
#12906 = ORIENTED_EDGE('',*,*,#12857,.F.);
#12907 = ADVANCED_FACE('',(#12908),#12695,.T.);
#12908 = FACE_BOUND('',#12909,.T.);
#12909 = EDGE_LOOP('',(#12910,#12911,#12912,#12913));
#12910 = ORIENTED_EDGE('',*,*,#12681,.F.);
#12911 = ORIENTED_EDGE('',*,*,#12832,.T.);
#12912 = ORIENTED_EDGE('',*,*,#12786,.T.);
#12913 = ORIENTED_EDGE('',*,*,#12879,.F.);
#12914 = MANIFOLD_SOLID_BREP('',#12915);
#12915 = CLOSED_SHELL('',(#12916,#13036,#13136,#13183,#13230,#13237));
#12916 = ADVANCED_FACE('',(#12917),#12931,.F.);
#12917 = FACE_BOUND('',#12918,.F.);
#12918 = EDGE_LOOP('',(#12919,#12954,#12982,#13010));
#12919 = ORIENTED_EDGE('',*,*,#12920,.F.);
#12920 = EDGE_CURVE('',#12921,#12923,#12925,.T.);
#12921 = VERTEX_POINT('',#12922);
#12922 = CARTESIAN_POINT('',(14.92,-2.86,-8.5));
#12923 = VERTEX_POINT('',#12924);
#12924 = CARTESIAN_POINT('',(14.92,-2.86,3.));
#12925 = SURFACE_CURVE('',#12926,(#12930,#12942),.PCURVE_S1.);
#12926 = LINE('',#12927,#12928);
#12927 = CARTESIAN_POINT('',(14.92,-2.86,-8.5));
#12928 = VECTOR('',#12929,1.);
#12929 = DIRECTION('',(0.,0.,1.));
#12930 = PCURVE('',#12931,#12936);
#12931 = PLANE('',#12932);
#12932 = AXIS2_PLACEMENT_3D('',#12933,#12934,#12935);
#12933 = CARTESIAN_POINT('',(14.92,-2.86,-8.5));
#12934 = DIRECTION('',(1.,0.,0.));
#12935 = DIRECTION('',(0.,0.,1.));
#12936 = DEFINITIONAL_REPRESENTATION('',(#12937),#12941);
#12937 = LINE('',#12938,#12939);
#12938 = CARTESIAN_POINT('',(0.,0.));
#12939 = VECTOR('',#12940,1.);
#12940 = DIRECTION('',(1.,0.));
#12941 = ( GEOMETRIC_REPRESENTATION_CONTEXT(2) 
PARAMETRIC_REPRESENTATION_CONTEXT() REPRESENTATION_CONTEXT('2D SPACE',''
  ) );
#12942 = PCURVE('',#12943,#12948);
#12943 = PLANE('',#12944);
#12944 = AXIS2_PLACEMENT_3D('',#12945,#12946,#12947);
#12945 = CARTESIAN_POINT('',(14.92,-2.86,-8.5));
#12946 = DIRECTION('',(0.,1.,0.));
#12947 = DIRECTION('',(0.,0.,1.));
#12948 = DEFINITIONAL_REPRESENTATION('',(#12949),#12953);
#12949 = LINE('',#12950,#12951);
#12950 = CARTESIAN_POINT('',(0.,0.));
#12951 = VECTOR('',#12952,1.);
#12952 = DIRECTION('',(1.,0.));
#12953 = ( GEOMETRIC_REPRESENTATION_CONTEXT(2) 
PARAMETRIC_REPRESENTATION_CONTEXT() REPRESENTATION_CONTEXT('2D SPACE',''
  ) );
#12954 = ORIENTED_EDGE('',*,*,#12955,.T.);
#12955 = EDGE_CURVE('',#12921,#12956,#12958,.T.);
#12956 = VERTEX_POINT('',#12957);
#12957 = CARTESIAN_POINT('',(14.92,-2.22,-8.5));
#12958 = SURFACE_CURVE('',#12959,(#12963,#12970),.PCURVE_S1.);
#12959 = LINE('',#12960,#12961);
#12960 = CARTESIAN_POINT('',(14.92,-2.86,-8.5));
#12961 = VECTOR('',#12962,1.);
#12962 = DIRECTION('',(0.,1.,0.));
#12963 = PCURVE('',#12931,#12964);
#12964 = DEFINITIONAL_REPRESENTATION('',(#12965),#12969);
#12965 = LINE('',#12966,#12967);
#12966 = CARTESIAN_POINT('',(0.,0.));
#12967 = VECTOR('',#12968,1.);
#12968 = DIRECTION('',(0.,-1.));
#12969 = ( GEOMETRIC_REPRESENTATION_CONTEXT(2) 
PARAMETRIC_REPRESENTATION_CONTEXT() REPRESENTATION_CONTEXT('2D SPACE',''
  ) );
#12970 = PCURVE('',#12971,#12976);
#12971 = PLANE('',#12972);
#12972 = AXIS2_PLACEMENT_3D('',#12973,#12974,#12975);
#12973 = CARTESIAN_POINT('',(14.92,-2.86,-8.5));
#12974 = DIRECTION('',(0.,0.,1.));
#12975 = DIRECTION('',(1.,0.,0.));
#12976 = DEFINITIONAL_REPRESENTATION('',(#12977),#12981);
#12977 = LINE('',#12978,#12979);
#12978 = CARTESIAN_POINT('',(0.,0.));
#12979 = VECTOR('',#12980,1.);
#12980 = DIRECTION('',(0.,1.));
#12981 = ( GEOMETRIC_REPRESENTATION_CONTEXT(2) 
PARAMETRIC_REPRESENTATION_CONTEXT() REPRESENTATION_CONTEXT('2D SPACE',''
  ) );
#12982 = ORIENTED_EDGE('',*,*,#12983,.T.);
#12983 = EDGE_CURVE('',#12956,#12984,#12986,.T.);
#12984 = VERTEX_POINT('',#12985);
#12985 = CARTESIAN_POINT('',(14.92,-2.22,3.));
#12986 = SURFACE_CURVE('',#12987,(#12991,#12998),.PCURVE_S1.);
#12987 = LINE('',#12988,#12989);
#12988 = CARTESIAN_POINT('',(14.92,-2.22,-8.5));
#12989 = VECTOR('',#12990,1.);
#12990 = DIRECTION('',(0.,0.,1.));
#12991 = PCURVE('',#12931,#12992);
#12992 = DEFINITIONAL_REPRESENTATION('',(#12993),#12997);
#12993 = LINE('',#12994,#12995);
#12994 = CARTESIAN_POINT('',(0.,-0.64));
#12995 = VECTOR('',#12996,1.);
#12996 = DIRECTION('',(1.,0.));
#12997 = ( GEOMETRIC_REPRESENTATION_CONTEXT(2) 
PARAMETRIC_REPRESENTATION_CONTEXT() REPRESENTATION_CONTEXT('2D SPACE',''
  ) );
#12998 = PCURVE('',#12999,#13004);
#12999 = PLANE('',#13000);
#13000 = AXIS2_PLACEMENT_3D('',#13001,#13002,#13003);
#13001 = CARTESIAN_POINT('',(14.92,-2.22,-8.5));
#13002 = DIRECTION('',(0.,1.,0.));
#13003 = DIRECTION('',(0.,0.,1.));
#13004 = DEFINITIONAL_REPRESENTATION('',(#13005),#13009);
#13005 = LINE('',#13006,#13007);
#13006 = CARTESIAN_POINT('',(0.,0.));
#13007 = VECTOR('',#13008,1.);
#13008 = DIRECTION('',(1.,0.));
#13009 = ( GEOMETRIC_REPRESENTATION_CONTEXT(2) 
PARAMETRIC_REPRESENTATION_CONTEXT() REPRESENTATION_CONTEXT('2D SPACE',''
  ) );
#13010 = ORIENTED_EDGE('',*,*,#13011,.F.);
#13011 = EDGE_CURVE('',#12923,#12984,#13012,.T.);
#13012 = SURFACE_CURVE('',#13013,(#13017,#13024),.PCURVE_S1.);
#13013 = LINE('',#13014,#13015);
#13014 = CARTESIAN_POINT('',(14.92,-2.86,3.));
#13015 = VECTOR('',#13016,1.);
#13016 = DIRECTION('',(0.,1.,0.));
#13017 = PCURVE('',#12931,#13018);
#13018 = DEFINITIONAL_REPRESENTATION('',(#13019),#13023);
#13019 = LINE('',#13020,#13021);
#13020 = CARTESIAN_POINT('',(11.5,0.));
#13021 = VECTOR('',#13022,1.);
#13022 = DIRECTION('',(0.,-1.));
#13023 = ( GEOMETRIC_REPRESENTATION_CONTEXT(2) 
PARAMETRIC_REPRESENTATION_CONTEXT() REPRESENTATION_CONTEXT('2D SPACE',''
  ) );
#13024 = PCURVE('',#13025,#13030);
#13025 = PLANE('',#13026);
#13026 = AXIS2_PLACEMENT_3D('',#13027,#13028,#13029);
#13027 = CARTESIAN_POINT('',(14.92,-2.86,3.));
#13028 = DIRECTION('',(0.,0.,1.));
#13029 = DIRECTION('',(1.,0.,0.));
#13030 = DEFINITIONAL_REPRESENTATION('',(#13031),#13035);
#13031 = LINE('',#13032,#13033);
#13032 = CARTESIAN_POINT('',(0.,0.));
#13033 = VECTOR('',#13034,1.);
#13034 = DIRECTION('',(0.,1.));
#13035 = ( GEOMETRIC_REPRESENTATION_CONTEXT(2) 
PARAMETRIC_REPRESENTATION_CONTEXT() REPRESENTATION_CONTEXT('2D SPACE',''
  ) );
#13036 = ADVANCED_FACE('',(#13037),#13051,.T.);
#13037 = FACE_BOUND('',#13038,.T.);
#13038 = EDGE_LOOP('',(#13039,#13069,#13092,#13115));
#13039 = ORIENTED_EDGE('',*,*,#13040,.F.);
#13040 = EDGE_CURVE('',#13041,#13043,#13045,.T.);
#13041 = VERTEX_POINT('',#13042);
#13042 = CARTESIAN_POINT('',(15.56,-2.86,-8.5));
#13043 = VERTEX_POINT('',#13044);
#13044 = CARTESIAN_POINT('',(15.56,-2.86,3.));
#13045 = SURFACE_CURVE('',#13046,(#13050,#13062),.PCURVE_S1.);
#13046 = LINE('',#13047,#13048);
#13047 = CARTESIAN_POINT('',(15.56,-2.86,-8.5));
#13048 = VECTOR('',#13049,1.);
#13049 = DIRECTION('',(0.,0.,1.));
#13050 = PCURVE('',#13051,#13056);
#13051 = PLANE('',#13052);
#13052 = AXIS2_PLACEMENT_3D('',#13053,#13054,#13055);
#13053 = CARTESIAN_POINT('',(15.56,-2.86,-8.5));
#13054 = DIRECTION('',(1.,0.,0.));
#13055 = DIRECTION('',(0.,0.,1.));
#13056 = DEFINITIONAL_REPRESENTATION('',(#13057),#13061);
#13057 = LINE('',#13058,#13059);
#13058 = CARTESIAN_POINT('',(0.,0.));
#13059 = VECTOR('',#13060,1.);
#13060 = DIRECTION('',(1.,0.));
#13061 = ( GEOMETRIC_REPRESENTATION_CONTEXT(2) 
PARAMETRIC_REPRESENTATION_CONTEXT() REPRESENTATION_CONTEXT('2D SPACE',''
  ) );
#13062 = PCURVE('',#12943,#13063);
#13063 = DEFINITIONAL_REPRESENTATION('',(#13064),#13068);
#13064 = LINE('',#13065,#13066);
#13065 = CARTESIAN_POINT('',(0.,0.64));
#13066 = VECTOR('',#13067,1.);
#13067 = DIRECTION('',(1.,0.));
#13068 = ( GEOMETRIC_REPRESENTATION_CONTEXT(2) 
PARAMETRIC_REPRESENTATION_CONTEXT() REPRESENTATION_CONTEXT('2D SPACE',''
  ) );
#13069 = ORIENTED_EDGE('',*,*,#13070,.T.);
#13070 = EDGE_CURVE('',#13041,#13071,#13073,.T.);
#13071 = VERTEX_POINT('',#13072);
#13072 = CARTESIAN_POINT('',(15.56,-2.22,-8.5));
#13073 = SURFACE_CURVE('',#13074,(#13078,#13085),.PCURVE_S1.);
#13074 = LINE('',#13075,#13076);
#13075 = CARTESIAN_POINT('',(15.56,-2.86,-8.5));
#13076 = VECTOR('',#13077,1.);
#13077 = DIRECTION('',(0.,1.,0.));
#13078 = PCURVE('',#13051,#13079);
#13079 = DEFINITIONAL_REPRESENTATION('',(#13080),#13084);
#13080 = LINE('',#13081,#13082);
#13081 = CARTESIAN_POINT('',(0.,0.));
#13082 = VECTOR('',#13083,1.);
#13083 = DIRECTION('',(0.,-1.));
#13084 = ( GEOMETRIC_REPRESENTATION_CONTEXT(2) 
PARAMETRIC_REPRESENTATION_CONTEXT() REPRESENTATION_CONTEXT('2D SPACE',''
  ) );
#13085 = PCURVE('',#12971,#13086);
#13086 = DEFINITIONAL_REPRESENTATION('',(#13087),#13091);
#13087 = LINE('',#13088,#13089);
#13088 = CARTESIAN_POINT('',(0.64,0.));
#13089 = VECTOR('',#13090,1.);
#13090 = DIRECTION('',(0.,1.));
#13091 = ( GEOMETRIC_REPRESENTATION_CONTEXT(2) 
PARAMETRIC_REPRESENTATION_CONTEXT() REPRESENTATION_CONTEXT('2D SPACE',''
  ) );
#13092 = ORIENTED_EDGE('',*,*,#13093,.T.);
#13093 = EDGE_CURVE('',#13071,#13094,#13096,.T.);
#13094 = VERTEX_POINT('',#13095);
#13095 = CARTESIAN_POINT('',(15.56,-2.22,3.));
#13096 = SURFACE_CURVE('',#13097,(#13101,#13108),.PCURVE_S1.);
#13097 = LINE('',#13098,#13099);
#13098 = CARTESIAN_POINT('',(15.56,-2.22,-8.5));
#13099 = VECTOR('',#13100,1.);
#13100 = DIRECTION('',(0.,0.,1.));
#13101 = PCURVE('',#13051,#13102);
#13102 = DEFINITIONAL_REPRESENTATION('',(#13103),#13107);
#13103 = LINE('',#13104,#13105);
#13104 = CARTESIAN_POINT('',(0.,-0.64));
#13105 = VECTOR('',#13106,1.);
#13106 = DIRECTION('',(1.,0.));
#13107 = ( GEOMETRIC_REPRESENTATION_CONTEXT(2) 
PARAMETRIC_REPRESENTATION_CONTEXT() REPRESENTATION_CONTEXT('2D SPACE',''
  ) );
#13108 = PCURVE('',#12999,#13109);
#13109 = DEFINITIONAL_REPRESENTATION('',(#13110),#13114);
#13110 = LINE('',#13111,#13112);
#13111 = CARTESIAN_POINT('',(0.,0.64));
#13112 = VECTOR('',#13113,1.);
#13113 = DIRECTION('',(1.,0.));
#13114 = ( GEOMETRIC_REPRESENTATION_CONTEXT(2) 
PARAMETRIC_REPRESENTATION_CONTEXT() REPRESENTATION_CONTEXT('2D SPACE',''
  ) );
#13115 = ORIENTED_EDGE('',*,*,#13116,.F.);
#13116 = EDGE_CURVE('',#13043,#13094,#13117,.T.);
#13117 = SURFACE_CURVE('',#13118,(#13122,#13129),.PCURVE_S1.);
#13118 = LINE('',#13119,#13120);
#13119 = CARTESIAN_POINT('',(15.56,-2.86,3.));
#13120 = VECTOR('',#13121,1.);
#13121 = DIRECTION('',(0.,1.,0.));
#13122 = PCURVE('',#13051,#13123);
#13123 = DEFINITIONAL_REPRESENTATION('',(#13124),#13128);
#13124 = LINE('',#13125,#13126);
#13125 = CARTESIAN_POINT('',(11.5,0.));
#13126 = VECTOR('',#13127,1.);
#13127 = DIRECTION('',(0.,-1.));
#13128 = ( GEOMETRIC_REPRESENTATION_CONTEXT(2) 
PARAMETRIC_REPRESENTATION_CONTEXT() REPRESENTATION_CONTEXT('2D SPACE',''
  ) );
#13129 = PCURVE('',#13025,#13130);
#13130 = DEFINITIONAL_REPRESENTATION('',(#13131),#13135);
#13131 = LINE('',#13132,#13133);
#13132 = CARTESIAN_POINT('',(0.64,0.));
#13133 = VECTOR('',#13134,1.);
#13134 = DIRECTION('',(0.,1.));
#13135 = ( GEOMETRIC_REPRESENTATION_CONTEXT(2) 
PARAMETRIC_REPRESENTATION_CONTEXT() REPRESENTATION_CONTEXT('2D SPACE',''
  ) );
#13136 = ADVANCED_FACE('',(#13137),#12943,.F.);
#13137 = FACE_BOUND('',#13138,.F.);
#13138 = EDGE_LOOP('',(#13139,#13160,#13161,#13182));
#13139 = ORIENTED_EDGE('',*,*,#13140,.F.);
#13140 = EDGE_CURVE('',#12921,#13041,#13141,.T.);
#13141 = SURFACE_CURVE('',#13142,(#13146,#13153),.PCURVE_S1.);
#13142 = LINE('',#13143,#13144);
#13143 = CARTESIAN_POINT('',(14.92,-2.86,-8.5));
#13144 = VECTOR('',#13145,1.);
#13145 = DIRECTION('',(1.,0.,0.));
#13146 = PCURVE('',#12943,#13147);
#13147 = DEFINITIONAL_REPRESENTATION('',(#13148),#13152);
#13148 = LINE('',#13149,#13150);
#13149 = CARTESIAN_POINT('',(0.,0.));
#13150 = VECTOR('',#13151,1.);
#13151 = DIRECTION('',(0.,1.));
#13152 = ( GEOMETRIC_REPRESENTATION_CONTEXT(2) 
PARAMETRIC_REPRESENTATION_CONTEXT() REPRESENTATION_CONTEXT('2D SPACE',''
  ) );
#13153 = PCURVE('',#12971,#13154);
#13154 = DEFINITIONAL_REPRESENTATION('',(#13155),#13159);
#13155 = LINE('',#13156,#13157);
#13156 = CARTESIAN_POINT('',(0.,0.));
#13157 = VECTOR('',#13158,1.);
#13158 = DIRECTION('',(1.,0.));
#13159 = ( GEOMETRIC_REPRESENTATION_CONTEXT(2) 
PARAMETRIC_REPRESENTATION_CONTEXT() REPRESENTATION_CONTEXT('2D SPACE',''
  ) );
#13160 = ORIENTED_EDGE('',*,*,#12920,.T.);
#13161 = ORIENTED_EDGE('',*,*,#13162,.T.);
#13162 = EDGE_CURVE('',#12923,#13043,#13163,.T.);
#13163 = SURFACE_CURVE('',#13164,(#13168,#13175),.PCURVE_S1.);
#13164 = LINE('',#13165,#13166);
#13165 = CARTESIAN_POINT('',(14.92,-2.86,3.));
#13166 = VECTOR('',#13167,1.);
#13167 = DIRECTION('',(1.,0.,0.));
#13168 = PCURVE('',#12943,#13169);
#13169 = DEFINITIONAL_REPRESENTATION('',(#13170),#13174);
#13170 = LINE('',#13171,#13172);
#13171 = CARTESIAN_POINT('',(11.5,0.));
#13172 = VECTOR('',#13173,1.);
#13173 = DIRECTION('',(0.,1.));
#13174 = ( GEOMETRIC_REPRESENTATION_CONTEXT(2) 
PARAMETRIC_REPRESENTATION_CONTEXT() REPRESENTATION_CONTEXT('2D SPACE',''
  ) );
#13175 = PCURVE('',#13025,#13176);
#13176 = DEFINITIONAL_REPRESENTATION('',(#13177),#13181);
#13177 = LINE('',#13178,#13179);
#13178 = CARTESIAN_POINT('',(0.,0.));
#13179 = VECTOR('',#13180,1.);
#13180 = DIRECTION('',(1.,0.));
#13181 = ( GEOMETRIC_REPRESENTATION_CONTEXT(2) 
PARAMETRIC_REPRESENTATION_CONTEXT() REPRESENTATION_CONTEXT('2D SPACE',''
  ) );
#13182 = ORIENTED_EDGE('',*,*,#13040,.F.);
#13183 = ADVANCED_FACE('',(#13184),#12999,.T.);
#13184 = FACE_BOUND('',#13185,.T.);
#13185 = EDGE_LOOP('',(#13186,#13207,#13208,#13229));
#13186 = ORIENTED_EDGE('',*,*,#13187,.F.);
#13187 = EDGE_CURVE('',#12956,#13071,#13188,.T.);
#13188 = SURFACE_CURVE('',#13189,(#13193,#13200),.PCURVE_S1.);
#13189 = LINE('',#13190,#13191);
#13190 = CARTESIAN_POINT('',(14.92,-2.22,-8.5));
#13191 = VECTOR('',#13192,1.);
#13192 = DIRECTION('',(1.,0.,0.));
#13193 = PCURVE('',#12999,#13194);
#13194 = DEFINITIONAL_REPRESENTATION('',(#13195),#13199);
#13195 = LINE('',#13196,#13197);
#13196 = CARTESIAN_POINT('',(0.,0.));
#13197 = VECTOR('',#13198,1.);
#13198 = DIRECTION('',(0.,1.));
#13199 = ( GEOMETRIC_REPRESENTATION_CONTEXT(2) 
PARAMETRIC_REPRESENTATION_CONTEXT() REPRESENTATION_CONTEXT('2D SPACE',''
  ) );
#13200 = PCURVE('',#12971,#13201);
#13201 = DEFINITIONAL_REPRESENTATION('',(#13202),#13206);
#13202 = LINE('',#13203,#13204);
#13203 = CARTESIAN_POINT('',(0.,0.64));
#13204 = VECTOR('',#13205,1.);
#13205 = DIRECTION('',(1.,0.));
#13206 = ( GEOMETRIC_REPRESENTATION_CONTEXT(2) 
PARAMETRIC_REPRESENTATION_CONTEXT() REPRESENTATION_CONTEXT('2D SPACE',''
  ) );
#13207 = ORIENTED_EDGE('',*,*,#12983,.T.);
#13208 = ORIENTED_EDGE('',*,*,#13209,.T.);
#13209 = EDGE_CURVE('',#12984,#13094,#13210,.T.);
#13210 = SURFACE_CURVE('',#13211,(#13215,#13222),.PCURVE_S1.);
#13211 = LINE('',#13212,#13213);
#13212 = CARTESIAN_POINT('',(14.92,-2.22,3.));
#13213 = VECTOR('',#13214,1.);
#13214 = DIRECTION('',(1.,0.,0.));
#13215 = PCURVE('',#12999,#13216);
#13216 = DEFINITIONAL_REPRESENTATION('',(#13217),#13221);
#13217 = LINE('',#13218,#13219);
#13218 = CARTESIAN_POINT('',(11.5,0.));
#13219 = VECTOR('',#13220,1.);
#13220 = DIRECTION('',(0.,1.));
#13221 = ( GEOMETRIC_REPRESENTATION_CONTEXT(2) 
PARAMETRIC_REPRESENTATION_CONTEXT() REPRESENTATION_CONTEXT('2D SPACE',''
  ) );
#13222 = PCURVE('',#13025,#13223);
#13223 = DEFINITIONAL_REPRESENTATION('',(#13224),#13228);
#13224 = LINE('',#13225,#13226);
#13225 = CARTESIAN_POINT('',(0.,0.64));
#13226 = VECTOR('',#13227,1.);
#13227 = DIRECTION('',(1.,0.));
#13228 = ( GEOMETRIC_REPRESENTATION_CONTEXT(2) 
PARAMETRIC_REPRESENTATION_CONTEXT() REPRESENTATION_CONTEXT('2D SPACE',''
  ) );
#13229 = ORIENTED_EDGE('',*,*,#13093,.F.);
#13230 = ADVANCED_FACE('',(#13231),#12971,.F.);
#13231 = FACE_BOUND('',#13232,.F.);
#13232 = EDGE_LOOP('',(#13233,#13234,#13235,#13236));
#13233 = ORIENTED_EDGE('',*,*,#12955,.F.);
#13234 = ORIENTED_EDGE('',*,*,#13140,.T.);
#13235 = ORIENTED_EDGE('',*,*,#13070,.T.);
#13236 = ORIENTED_EDGE('',*,*,#13187,.F.);
#13237 = ADVANCED_FACE('',(#13238),#13025,.T.);
#13238 = FACE_BOUND('',#13239,.T.);
#13239 = EDGE_LOOP('',(#13240,#13241,#13242,#13243));
#13240 = ORIENTED_EDGE('',*,*,#13011,.F.);
#13241 = ORIENTED_EDGE('',*,*,#13162,.T.);
#13242 = ORIENTED_EDGE('',*,*,#13116,.T.);
#13243 = ORIENTED_EDGE('',*,*,#13209,.F.);
#13244 = MANIFOLD_SOLID_BREP('',#13245);
#13245 = CLOSED_SHELL('',(#13246,#13366,#13466,#13513,#13560,#13567));
#13246 = ADVANCED_FACE('',(#13247),#13261,.F.);
#13247 = FACE_BOUND('',#13248,.F.);
#13248 = EDGE_LOOP('',(#13249,#13284,#13312,#13340));
#13249 = ORIENTED_EDGE('',*,*,#13250,.F.);
#13250 = EDGE_CURVE('',#13251,#13253,#13255,.T.);
#13251 = VERTEX_POINT('',#13252);
#13252 = CARTESIAN_POINT('',(14.92,-5.4,-8.5));
#13253 = VERTEX_POINT('',#13254);
#13254 = CARTESIAN_POINT('',(14.92,-5.4,3.));
#13255 = SURFACE_CURVE('',#13256,(#13260,#13272),.PCURVE_S1.);
#13256 = LINE('',#13257,#13258);
#13257 = CARTESIAN_POINT('',(14.92,-5.4,-8.5));
#13258 = VECTOR('',#13259,1.);
#13259 = DIRECTION('',(0.,0.,1.));
#13260 = PCURVE('',#13261,#13266);
#13261 = PLANE('',#13262);
#13262 = AXIS2_PLACEMENT_3D('',#13263,#13264,#13265);
#13263 = CARTESIAN_POINT('',(14.92,-5.4,-8.5));
#13264 = DIRECTION('',(1.,0.,0.));
#13265 = DIRECTION('',(0.,0.,1.));
#13266 = DEFINITIONAL_REPRESENTATION('',(#13267),#13271);
#13267 = LINE('',#13268,#13269);
#13268 = CARTESIAN_POINT('',(0.,0.));
#13269 = VECTOR('',#13270,1.);
#13270 = DIRECTION('',(1.,0.));
#13271 = ( GEOMETRIC_REPRESENTATION_CONTEXT(2) 
PARAMETRIC_REPRESENTATION_CONTEXT() REPRESENTATION_CONTEXT('2D SPACE',''
  ) );
#13272 = PCURVE('',#13273,#13278);
#13273 = PLANE('',#13274);
#13274 = AXIS2_PLACEMENT_3D('',#13275,#13276,#13277);
#13275 = CARTESIAN_POINT('',(14.92,-5.4,-8.5));
#13276 = DIRECTION('',(0.,1.,0.));
#13277 = DIRECTION('',(0.,0.,1.));
#13278 = DEFINITIONAL_REPRESENTATION('',(#13279),#13283);
#13279 = LINE('',#13280,#13281);
#13280 = CARTESIAN_POINT('',(0.,0.));
#13281 = VECTOR('',#13282,1.);
#13282 = DIRECTION('',(1.,0.));
#13283 = ( GEOMETRIC_REPRESENTATION_CONTEXT(2) 
PARAMETRIC_REPRESENTATION_CONTEXT() REPRESENTATION_CONTEXT('2D SPACE',''
  ) );
#13284 = ORIENTED_EDGE('',*,*,#13285,.T.);
#13285 = EDGE_CURVE('',#13251,#13286,#13288,.T.);
#13286 = VERTEX_POINT('',#13287);
#13287 = CARTESIAN_POINT('',(14.92,-4.76,-8.5));
#13288 = SURFACE_CURVE('',#13289,(#13293,#13300),.PCURVE_S1.);
#13289 = LINE('',#13290,#13291);
#13290 = CARTESIAN_POINT('',(14.92,-5.4,-8.5));
#13291 = VECTOR('',#13292,1.);
#13292 = DIRECTION('',(0.,1.,0.));
#13293 = PCURVE('',#13261,#13294);
#13294 = DEFINITIONAL_REPRESENTATION('',(#13295),#13299);
#13295 = LINE('',#13296,#13297);
#13296 = CARTESIAN_POINT('',(0.,0.));
#13297 = VECTOR('',#13298,1.);
#13298 = DIRECTION('',(0.,-1.));
#13299 = ( GEOMETRIC_REPRESENTATION_CONTEXT(2) 
PARAMETRIC_REPRESENTATION_CONTEXT() REPRESENTATION_CONTEXT('2D SPACE',''
  ) );
#13300 = PCURVE('',#13301,#13306);
#13301 = PLANE('',#13302);
#13302 = AXIS2_PLACEMENT_3D('',#13303,#13304,#13305);
#13303 = CARTESIAN_POINT('',(14.92,-5.4,-8.5));
#13304 = DIRECTION('',(0.,0.,1.));
#13305 = DIRECTION('',(1.,0.,0.));
#13306 = DEFINITIONAL_REPRESENTATION('',(#13307),#13311);
#13307 = LINE('',#13308,#13309);
#13308 = CARTESIAN_POINT('',(0.,0.));
#13309 = VECTOR('',#13310,1.);
#13310 = DIRECTION('',(0.,1.));
#13311 = ( GEOMETRIC_REPRESENTATION_CONTEXT(2) 
PARAMETRIC_REPRESENTATION_CONTEXT() REPRESENTATION_CONTEXT('2D SPACE',''
  ) );
#13312 = ORIENTED_EDGE('',*,*,#13313,.T.);
#13313 = EDGE_CURVE('',#13286,#13314,#13316,.T.);
#13314 = VERTEX_POINT('',#13315);
#13315 = CARTESIAN_POINT('',(14.92,-4.76,3.));
#13316 = SURFACE_CURVE('',#13317,(#13321,#13328),.PCURVE_S1.);
#13317 = LINE('',#13318,#13319);
#13318 = CARTESIAN_POINT('',(14.92,-4.76,-8.5));
#13319 = VECTOR('',#13320,1.);
#13320 = DIRECTION('',(0.,0.,1.));
#13321 = PCURVE('',#13261,#13322);
#13322 = DEFINITIONAL_REPRESENTATION('',(#13323),#13327);
#13323 = LINE('',#13324,#13325);
#13324 = CARTESIAN_POINT('',(0.,-0.64));
#13325 = VECTOR('',#13326,1.);
#13326 = DIRECTION('',(1.,0.));
#13327 = ( GEOMETRIC_REPRESENTATION_CONTEXT(2) 
PARAMETRIC_REPRESENTATION_CONTEXT() REPRESENTATION_CONTEXT('2D SPACE',''
  ) );
#13328 = PCURVE('',#13329,#13334);
#13329 = PLANE('',#13330);
#13330 = AXIS2_PLACEMENT_3D('',#13331,#13332,#13333);
#13331 = CARTESIAN_POINT('',(14.92,-4.76,-8.5));
#13332 = DIRECTION('',(0.,1.,0.));
#13333 = DIRECTION('',(0.,0.,1.));
#13334 = DEFINITIONAL_REPRESENTATION('',(#13335),#13339);
#13335 = LINE('',#13336,#13337);
#13336 = CARTESIAN_POINT('',(0.,0.));
#13337 = VECTOR('',#13338,1.);
#13338 = DIRECTION('',(1.,0.));
#13339 = ( GEOMETRIC_REPRESENTATION_CONTEXT(2) 
PARAMETRIC_REPRESENTATION_CONTEXT() REPRESENTATION_CONTEXT('2D SPACE',''
  ) );
#13340 = ORIENTED_EDGE('',*,*,#13341,.F.);
#13341 = EDGE_CURVE('',#13253,#13314,#13342,.T.);
#13342 = SURFACE_CURVE('',#13343,(#13347,#13354),.PCURVE_S1.);
#13343 = LINE('',#13344,#13345);
#13344 = CARTESIAN_POINT('',(14.92,-5.4,3.));
#13345 = VECTOR('',#13346,1.);
#13346 = DIRECTION('',(0.,1.,0.));
#13347 = PCURVE('',#13261,#13348);
#13348 = DEFINITIONAL_REPRESENTATION('',(#13349),#13353);
#13349 = LINE('',#13350,#13351);
#13350 = CARTESIAN_POINT('',(11.5,0.));
#13351 = VECTOR('',#13352,1.);
#13352 = DIRECTION('',(0.,-1.));
#13353 = ( GEOMETRIC_REPRESENTATION_CONTEXT(2) 
PARAMETRIC_REPRESENTATION_CONTEXT() REPRESENTATION_CONTEXT('2D SPACE',''
  ) );
#13354 = PCURVE('',#13355,#13360);
#13355 = PLANE('',#13356);
#13356 = AXIS2_PLACEMENT_3D('',#13357,#13358,#13359);
#13357 = CARTESIAN_POINT('',(14.92,-5.4,3.));
#13358 = DIRECTION('',(0.,0.,1.));
#13359 = DIRECTION('',(1.,0.,0.));
#13360 = DEFINITIONAL_REPRESENTATION('',(#13361),#13365);
#13361 = LINE('',#13362,#13363);
#13362 = CARTESIAN_POINT('',(0.,0.));
#13363 = VECTOR('',#13364,1.);
#13364 = DIRECTION('',(0.,1.));
#13365 = ( GEOMETRIC_REPRESENTATION_CONTEXT(2) 
PARAMETRIC_REPRESENTATION_CONTEXT() REPRESENTATION_CONTEXT('2D SPACE',''
  ) );
#13366 = ADVANCED_FACE('',(#13367),#13381,.T.);
#13367 = FACE_BOUND('',#13368,.T.);
#13368 = EDGE_LOOP('',(#13369,#13399,#13422,#13445));
#13369 = ORIENTED_EDGE('',*,*,#13370,.F.);
#13370 = EDGE_CURVE('',#13371,#13373,#13375,.T.);
#13371 = VERTEX_POINT('',#13372);
#13372 = CARTESIAN_POINT('',(15.56,-5.4,-8.5));
#13373 = VERTEX_POINT('',#13374);
#13374 = CARTESIAN_POINT('',(15.56,-5.4,3.));
#13375 = SURFACE_CURVE('',#13376,(#13380,#13392),.PCURVE_S1.);
#13376 = LINE('',#13377,#13378);
#13377 = CARTESIAN_POINT('',(15.56,-5.4,-8.5));
#13378 = VECTOR('',#13379,1.);
#13379 = DIRECTION('',(0.,0.,1.));
#13380 = PCURVE('',#13381,#13386);
#13381 = PLANE('',#13382);
#13382 = AXIS2_PLACEMENT_3D('',#13383,#13384,#13385);
#13383 = CARTESIAN_POINT('',(15.56,-5.4,-8.5));
#13384 = DIRECTION('',(1.,0.,0.));
#13385 = DIRECTION('',(0.,0.,1.));
#13386 = DEFINITIONAL_REPRESENTATION('',(#13387),#13391);
#13387 = LINE('',#13388,#13389);
#13388 = CARTESIAN_POINT('',(0.,0.));
#13389 = VECTOR('',#13390,1.);
#13390 = DIRECTION('',(1.,0.));
#13391 = ( GEOMETRIC_REPRESENTATION_CONTEXT(2) 
PARAMETRIC_REPRESENTATION_CONTEXT() REPRESENTATION_CONTEXT('2D SPACE',''
  ) );
#13392 = PCURVE('',#13273,#13393);
#13393 = DEFINITIONAL_REPRESENTATION('',(#13394),#13398);
#13394 = LINE('',#13395,#13396);
#13395 = CARTESIAN_POINT('',(0.,0.64));
#13396 = VECTOR('',#13397,1.);
#13397 = DIRECTION('',(1.,0.));
#13398 = ( GEOMETRIC_REPRESENTATION_CONTEXT(2) 
PARAMETRIC_REPRESENTATION_CONTEXT() REPRESENTATION_CONTEXT('2D SPACE',''
  ) );
#13399 = ORIENTED_EDGE('',*,*,#13400,.T.);
#13400 = EDGE_CURVE('',#13371,#13401,#13403,.T.);
#13401 = VERTEX_POINT('',#13402);
#13402 = CARTESIAN_POINT('',(15.56,-4.76,-8.5));
#13403 = SURFACE_CURVE('',#13404,(#13408,#13415),.PCURVE_S1.);
#13404 = LINE('',#13405,#13406);
#13405 = CARTESIAN_POINT('',(15.56,-5.4,-8.5));
#13406 = VECTOR('',#13407,1.);
#13407 = DIRECTION('',(0.,1.,0.));
#13408 = PCURVE('',#13381,#13409);
#13409 = DEFINITIONAL_REPRESENTATION('',(#13410),#13414);
#13410 = LINE('',#13411,#13412);
#13411 = CARTESIAN_POINT('',(0.,0.));
#13412 = VECTOR('',#13413,1.);
#13413 = DIRECTION('',(0.,-1.));
#13414 = ( GEOMETRIC_REPRESENTATION_CONTEXT(2) 
PARAMETRIC_REPRESENTATION_CONTEXT() REPRESENTATION_CONTEXT('2D SPACE',''
  ) );
#13415 = PCURVE('',#13301,#13416);
#13416 = DEFINITIONAL_REPRESENTATION('',(#13417),#13421);
#13417 = LINE('',#13418,#13419);
#13418 = CARTESIAN_POINT('',(0.64,0.));
#13419 = VECTOR('',#13420,1.);
#13420 = DIRECTION('',(0.,1.));
#13421 = ( GEOMETRIC_REPRESENTATION_CONTEXT(2) 
PARAMETRIC_REPRESENTATION_CONTEXT() REPRESENTATION_CONTEXT('2D SPACE',''
  ) );
#13422 = ORIENTED_EDGE('',*,*,#13423,.T.);
#13423 = EDGE_CURVE('',#13401,#13424,#13426,.T.);
#13424 = VERTEX_POINT('',#13425);
#13425 = CARTESIAN_POINT('',(15.56,-4.76,3.));
#13426 = SURFACE_CURVE('',#13427,(#13431,#13438),.PCURVE_S1.);
#13427 = LINE('',#13428,#13429);
#13428 = CARTESIAN_POINT('',(15.56,-4.76,-8.5));
#13429 = VECTOR('',#13430,1.);
#13430 = DIRECTION('',(0.,0.,1.));
#13431 = PCURVE('',#13381,#13432);
#13432 = DEFINITIONAL_REPRESENTATION('',(#13433),#13437);
#13433 = LINE('',#13434,#13435);
#13434 = CARTESIAN_POINT('',(0.,-0.64));
#13435 = VECTOR('',#13436,1.);
#13436 = DIRECTION('',(1.,0.));
#13437 = ( GEOMETRIC_REPRESENTATION_CONTEXT(2) 
PARAMETRIC_REPRESENTATION_CONTEXT() REPRESENTATION_CONTEXT('2D SPACE',''
  ) );
#13438 = PCURVE('',#13329,#13439);
#13439 = DEFINITIONAL_REPRESENTATION('',(#13440),#13444);
#13440 = LINE('',#13441,#13442);
#13441 = CARTESIAN_POINT('',(0.,0.64));
#13442 = VECTOR('',#13443,1.);
#13443 = DIRECTION('',(1.,0.));
#13444 = ( GEOMETRIC_REPRESENTATION_CONTEXT(2) 
PARAMETRIC_REPRESENTATION_CONTEXT() REPRESENTATION_CONTEXT('2D SPACE',''
  ) );
#13445 = ORIENTED_EDGE('',*,*,#13446,.F.);
#13446 = EDGE_CURVE('',#13373,#13424,#13447,.T.);
#13447 = SURFACE_CURVE('',#13448,(#13452,#13459),.PCURVE_S1.);
#13448 = LINE('',#13449,#13450);
#13449 = CARTESIAN_POINT('',(15.56,-5.4,3.));
#13450 = VECTOR('',#13451,1.);
#13451 = DIRECTION('',(0.,1.,0.));
#13452 = PCURVE('',#13381,#13453);
#13453 = DEFINITIONAL_REPRESENTATION('',(#13454),#13458);
#13454 = LINE('',#13455,#13456);
#13455 = CARTESIAN_POINT('',(11.5,0.));
#13456 = VECTOR('',#13457,1.);
#13457 = DIRECTION('',(0.,-1.));
#13458 = ( GEOMETRIC_REPRESENTATION_CONTEXT(2) 
PARAMETRIC_REPRESENTATION_CONTEXT() REPRESENTATION_CONTEXT('2D SPACE',''
  ) );
#13459 = PCURVE('',#13355,#13460);
#13460 = DEFINITIONAL_REPRESENTATION('',(#13461),#13465);
#13461 = LINE('',#13462,#13463);
#13462 = CARTESIAN_POINT('',(0.64,0.));
#13463 = VECTOR('',#13464,1.);
#13464 = DIRECTION('',(0.,1.));
#13465 = ( GEOMETRIC_REPRESENTATION_CONTEXT(2) 
PARAMETRIC_REPRESENTATION_CONTEXT() REPRESENTATION_CONTEXT('2D SPACE',''
  ) );
#13466 = ADVANCED_FACE('',(#13467),#13273,.F.);
#13467 = FACE_BOUND('',#13468,.F.);
#13468 = EDGE_LOOP('',(#13469,#13490,#13491,#13512));
#13469 = ORIENTED_EDGE('',*,*,#13470,.F.);
#13470 = EDGE_CURVE('',#13251,#13371,#13471,.T.);
#13471 = SURFACE_CURVE('',#13472,(#13476,#13483),.PCURVE_S1.);
#13472 = LINE('',#13473,#13474);
#13473 = CARTESIAN_POINT('',(14.92,-5.4,-8.5));
#13474 = VECTOR('',#13475,1.);
#13475 = DIRECTION('',(1.,0.,0.));
#13476 = PCURVE('',#13273,#13477);
#13477 = DEFINITIONAL_REPRESENTATION('',(#13478),#13482);
#13478 = LINE('',#13479,#13480);
#13479 = CARTESIAN_POINT('',(0.,0.));
#13480 = VECTOR('',#13481,1.);
#13481 = DIRECTION('',(0.,1.));
#13482 = ( GEOMETRIC_REPRESENTATION_CONTEXT(2) 
PARAMETRIC_REPRESENTATION_CONTEXT() REPRESENTATION_CONTEXT('2D SPACE',''
  ) );
#13483 = PCURVE('',#13301,#13484);
#13484 = DEFINITIONAL_REPRESENTATION('',(#13485),#13489);
#13485 = LINE('',#13486,#13487);
#13486 = CARTESIAN_POINT('',(0.,0.));
#13487 = VECTOR('',#13488,1.);
#13488 = DIRECTION('',(1.,0.));
#13489 = ( GEOMETRIC_REPRESENTATION_CONTEXT(2) 
PARAMETRIC_REPRESENTATION_CONTEXT() REPRESENTATION_CONTEXT('2D SPACE',''
  ) );
#13490 = ORIENTED_EDGE('',*,*,#13250,.T.);
#13491 = ORIENTED_EDGE('',*,*,#13492,.T.);
#13492 = EDGE_CURVE('',#13253,#13373,#13493,.T.);
#13493 = SURFACE_CURVE('',#13494,(#13498,#13505),.PCURVE_S1.);
#13494 = LINE('',#13495,#13496);
#13495 = CARTESIAN_POINT('',(14.92,-5.4,3.));
#13496 = VECTOR('',#13497,1.);
#13497 = DIRECTION('',(1.,0.,0.));
#13498 = PCURVE('',#13273,#13499);
#13499 = DEFINITIONAL_REPRESENTATION('',(#13500),#13504);
#13500 = LINE('',#13501,#13502);
#13501 = CARTESIAN_POINT('',(11.5,0.));
#13502 = VECTOR('',#13503,1.);
#13503 = DIRECTION('',(0.,1.));
#13504 = ( GEOMETRIC_REPRESENTATION_CONTEXT(2) 
PARAMETRIC_REPRESENTATION_CONTEXT() REPRESENTATION_CONTEXT('2D SPACE',''
  ) );
#13505 = PCURVE('',#13355,#13506);
#13506 = DEFINITIONAL_REPRESENTATION('',(#13507),#13511);
#13507 = LINE('',#13508,#13509);
#13508 = CARTESIAN_POINT('',(0.,0.));
#13509 = VECTOR('',#13510,1.);
#13510 = DIRECTION('',(1.,0.));
#13511 = ( GEOMETRIC_REPRESENTATION_CONTEXT(2) 
PARAMETRIC_REPRESENTATION_CONTEXT() REPRESENTATION_CONTEXT('2D SPACE',''
  ) );
#13512 = ORIENTED_EDGE('',*,*,#13370,.F.);
#13513 = ADVANCED_FACE('',(#13514),#13329,.T.);
#13514 = FACE_BOUND('',#13515,.T.);
#13515 = EDGE_LOOP('',(#13516,#13537,#13538,#13559));
#13516 = ORIENTED_EDGE('',*,*,#13517,.F.);
#13517 = EDGE_CURVE('',#13286,#13401,#13518,.T.);
#13518 = SURFACE_CURVE('',#13519,(#13523,#13530),.PCURVE_S1.);
#13519 = LINE('',#13520,#13521);
#13520 = CARTESIAN_POINT('',(14.92,-4.76,-8.5));
#13521 = VECTOR('',#13522,1.);
#13522 = DIRECTION('',(1.,0.,0.));
#13523 = PCURVE('',#13329,#13524);
#13524 = DEFINITIONAL_REPRESENTATION('',(#13525),#13529);
#13525 = LINE('',#13526,#13527);
#13526 = CARTESIAN_POINT('',(0.,0.));
#13527 = VECTOR('',#13528,1.);
#13528 = DIRECTION('',(0.,1.));
#13529 = ( GEOMETRIC_REPRESENTATION_CONTEXT(2) 
PARAMETRIC_REPRESENTATION_CONTEXT() REPRESENTATION_CONTEXT('2D SPACE',''
  ) );
#13530 = PCURVE('',#13301,#13531);
#13531 = DEFINITIONAL_REPRESENTATION('',(#13532),#13536);
#13532 = LINE('',#13533,#13534);
#13533 = CARTESIAN_POINT('',(0.,0.64));
#13534 = VECTOR('',#13535,1.);
#13535 = DIRECTION('',(1.,0.));
#13536 = ( GEOMETRIC_REPRESENTATION_CONTEXT(2) 
PARAMETRIC_REPRESENTATION_CONTEXT() REPRESENTATION_CONTEXT('2D SPACE',''
  ) );
#13537 = ORIENTED_EDGE('',*,*,#13313,.T.);
#13538 = ORIENTED_EDGE('',*,*,#13539,.T.);
#13539 = EDGE_CURVE('',#13314,#13424,#13540,.T.);
#13540 = SURFACE_CURVE('',#13541,(#13545,#13552),.PCURVE_S1.);
#13541 = LINE('',#13542,#13543);
#13542 = CARTESIAN_POINT('',(14.92,-4.76,3.));
#13543 = VECTOR('',#13544,1.);
#13544 = DIRECTION('',(1.,0.,0.));
#13545 = PCURVE('',#13329,#13546);
#13546 = DEFINITIONAL_REPRESENTATION('',(#13547),#13551);
#13547 = LINE('',#13548,#13549);
#13548 = CARTESIAN_POINT('',(11.5,0.));
#13549 = VECTOR('',#13550,1.);
#13550 = DIRECTION('',(0.,1.));
#13551 = ( GEOMETRIC_REPRESENTATION_CONTEXT(2) 
PARAMETRIC_REPRESENTATION_CONTEXT() REPRESENTATION_CONTEXT('2D SPACE',''
  ) );
#13552 = PCURVE('',#13355,#13553);
#13553 = DEFINITIONAL_REPRESENTATION('',(#13554),#13558);
#13554 = LINE('',#13555,#13556);
#13555 = CARTESIAN_POINT('',(0.,0.64));
#13556 = VECTOR('',#13557,1.);
#13557 = DIRECTION('',(1.,0.));
#13558 = ( GEOMETRIC_REPRESENTATION_CONTEXT(2) 
PARAMETRIC_REPRESENTATION_CONTEXT() REPRESENTATION_CONTEXT('2D SPACE',''
  ) );
#13559 = ORIENTED_EDGE('',*,*,#13423,.F.);
#13560 = ADVANCED_FACE('',(#13561),#13301,.F.);
#13561 = FACE_BOUND('',#13562,.F.);
#13562 = EDGE_LOOP('',(#13563,#13564,#13565,#13566));
#13563 = ORIENTED_EDGE('',*,*,#13285,.F.);
#13564 = ORIENTED_EDGE('',*,*,#13470,.T.);
#13565 = ORIENTED_EDGE('',*,*,#13400,.T.);
#13566 = ORIENTED_EDGE('',*,*,#13517,.F.);
#13567 = ADVANCED_FACE('',(#13568),#13355,.T.);
#13568 = FACE_BOUND('',#13569,.T.);
#13569 = EDGE_LOOP('',(#13570,#13571,#13572,#13573));
#13570 = ORIENTED_EDGE('',*,*,#13341,.F.);
#13571 = ORIENTED_EDGE('',*,*,#13492,.T.);
#13572 = ORIENTED_EDGE('',*,*,#13446,.T.);
#13573 = ORIENTED_EDGE('',*,*,#13539,.F.);
#13574 = MANIFOLD_SOLID_BREP('',#13575);
#13575 = CLOSED_SHELL('',(#13576,#13696,#13796,#13843,#13890,#13897));
#13576 = ADVANCED_FACE('',(#13577),#13591,.F.);
#13577 = FACE_BOUND('',#13578,.F.);
#13578 = EDGE_LOOP('',(#13579,#13614,#13642,#13670));
#13579 = ORIENTED_EDGE('',*,*,#13580,.F.);
#13580 = EDGE_CURVE('',#13581,#13583,#13585,.T.);
#13581 = VERTEX_POINT('',#13582);
#13582 = CARTESIAN_POINT('',(14.92,-7.94,-8.5));
#13583 = VERTEX_POINT('',#13584);
#13584 = CARTESIAN_POINT('',(14.92,-7.94,3.));
#13585 = SURFACE_CURVE('',#13586,(#13590,#13602),.PCURVE_S1.);
#13586 = LINE('',#13587,#13588);
#13587 = CARTESIAN_POINT('',(14.92,-7.94,-8.5));
#13588 = VECTOR('',#13589,1.);
#13589 = DIRECTION('',(0.,0.,1.));
#13590 = PCURVE('',#13591,#13596);
#13591 = PLANE('',#13592);
#13592 = AXIS2_PLACEMENT_3D('',#13593,#13594,#13595);
#13593 = CARTESIAN_POINT('',(14.92,-7.94,-8.5));
#13594 = DIRECTION('',(1.,0.,0.));
#13595 = DIRECTION('',(0.,0.,1.));
#13596 = DEFINITIONAL_REPRESENTATION('',(#13597),#13601);
#13597 = LINE('',#13598,#13599);
#13598 = CARTESIAN_POINT('',(0.,0.));
#13599 = VECTOR('',#13600,1.);
#13600 = DIRECTION('',(1.,0.));
#13601 = ( GEOMETRIC_REPRESENTATION_CONTEXT(2) 
PARAMETRIC_REPRESENTATION_CONTEXT() REPRESENTATION_CONTEXT('2D SPACE',''
  ) );
#13602 = PCURVE('',#13603,#13608);
#13603 = PLANE('',#13604);
#13604 = AXIS2_PLACEMENT_3D('',#13605,#13606,#13607);
#13605 = CARTESIAN_POINT('',(14.92,-7.94,-8.5));
#13606 = DIRECTION('',(0.,1.,0.));
#13607 = DIRECTION('',(0.,0.,1.));
#13608 = DEFINITIONAL_REPRESENTATION('',(#13609),#13613);
#13609 = LINE('',#13610,#13611);
#13610 = CARTESIAN_POINT('',(0.,0.));
#13611 = VECTOR('',#13612,1.);
#13612 = DIRECTION('',(1.,0.));
#13613 = ( GEOMETRIC_REPRESENTATION_CONTEXT(2) 
PARAMETRIC_REPRESENTATION_CONTEXT() REPRESENTATION_CONTEXT('2D SPACE',''
  ) );
#13614 = ORIENTED_EDGE('',*,*,#13615,.T.);
#13615 = EDGE_CURVE('',#13581,#13616,#13618,.T.);
#13616 = VERTEX_POINT('',#13617);
#13617 = CARTESIAN_POINT('',(14.92,-7.3,-8.5));
#13618 = SURFACE_CURVE('',#13619,(#13623,#13630),.PCURVE_S1.);
#13619 = LINE('',#13620,#13621);
#13620 = CARTESIAN_POINT('',(14.92,-7.94,-8.5));
#13621 = VECTOR('',#13622,1.);
#13622 = DIRECTION('',(0.,1.,0.));
#13623 = PCURVE('',#13591,#13624);
#13624 = DEFINITIONAL_REPRESENTATION('',(#13625),#13629);
#13625 = LINE('',#13626,#13627);
#13626 = CARTESIAN_POINT('',(0.,0.));
#13627 = VECTOR('',#13628,1.);
#13628 = DIRECTION('',(0.,-1.));
#13629 = ( GEOMETRIC_REPRESENTATION_CONTEXT(2) 
PARAMETRIC_REPRESENTATION_CONTEXT() REPRESENTATION_CONTEXT('2D SPACE',''
  ) );
#13630 = PCURVE('',#13631,#13636);
#13631 = PLANE('',#13632);
#13632 = AXIS2_PLACEMENT_3D('',#13633,#13634,#13635);
#13633 = CARTESIAN_POINT('',(14.92,-7.94,-8.5));
#13634 = DIRECTION('',(0.,0.,1.));
#13635 = DIRECTION('',(1.,0.,0.));
#13636 = DEFINITIONAL_REPRESENTATION('',(#13637),#13641);
#13637 = LINE('',#13638,#13639);
#13638 = CARTESIAN_POINT('',(0.,0.));
#13639 = VECTOR('',#13640,1.);
#13640 = DIRECTION('',(0.,1.));
#13641 = ( GEOMETRIC_REPRESENTATION_CONTEXT(2) 
PARAMETRIC_REPRESENTATION_CONTEXT() REPRESENTATION_CONTEXT('2D SPACE',''
  ) );
#13642 = ORIENTED_EDGE('',*,*,#13643,.T.);
#13643 = EDGE_CURVE('',#13616,#13644,#13646,.T.);
#13644 = VERTEX_POINT('',#13645);
#13645 = CARTESIAN_POINT('',(14.92,-7.3,3.));
#13646 = SURFACE_CURVE('',#13647,(#13651,#13658),.PCURVE_S1.);
#13647 = LINE('',#13648,#13649);
#13648 = CARTESIAN_POINT('',(14.92,-7.3,-8.5));
#13649 = VECTOR('',#13650,1.);
#13650 = DIRECTION('',(0.,0.,1.));
#13651 = PCURVE('',#13591,#13652);
#13652 = DEFINITIONAL_REPRESENTATION('',(#13653),#13657);
#13653 = LINE('',#13654,#13655);
#13654 = CARTESIAN_POINT('',(0.,-0.64));
#13655 = VECTOR('',#13656,1.);
#13656 = DIRECTION('',(1.,0.));
#13657 = ( GEOMETRIC_REPRESENTATION_CONTEXT(2) 
PARAMETRIC_REPRESENTATION_CONTEXT() REPRESENTATION_CONTEXT('2D SPACE',''
  ) );
#13658 = PCURVE('',#13659,#13664);
#13659 = PLANE('',#13660);
#13660 = AXIS2_PLACEMENT_3D('',#13661,#13662,#13663);
#13661 = CARTESIAN_POINT('',(14.92,-7.3,-8.5));
#13662 = DIRECTION('',(0.,1.,0.));
#13663 = DIRECTION('',(0.,0.,1.));
#13664 = DEFINITIONAL_REPRESENTATION('',(#13665),#13669);
#13665 = LINE('',#13666,#13667);
#13666 = CARTESIAN_POINT('',(0.,0.));
#13667 = VECTOR('',#13668,1.);
#13668 = DIRECTION('',(1.,0.));
#13669 = ( GEOMETRIC_REPRESENTATION_CONTEXT(2) 
PARAMETRIC_REPRESENTATION_CONTEXT() REPRESENTATION_CONTEXT('2D SPACE',''
  ) );
#13670 = ORIENTED_EDGE('',*,*,#13671,.F.);
#13671 = EDGE_CURVE('',#13583,#13644,#13672,.T.);
#13672 = SURFACE_CURVE('',#13673,(#13677,#13684),.PCURVE_S1.);
#13673 = LINE('',#13674,#13675);
#13674 = CARTESIAN_POINT('',(14.92,-7.94,3.));
#13675 = VECTOR('',#13676,1.);
#13676 = DIRECTION('',(0.,1.,0.));
#13677 = PCURVE('',#13591,#13678);
#13678 = DEFINITIONAL_REPRESENTATION('',(#13679),#13683);
#13679 = LINE('',#13680,#13681);
#13680 = CARTESIAN_POINT('',(11.5,0.));
#13681 = VECTOR('',#13682,1.);
#13682 = DIRECTION('',(0.,-1.));
#13683 = ( GEOMETRIC_REPRESENTATION_CONTEXT(2) 
PARAMETRIC_REPRESENTATION_CONTEXT() REPRESENTATION_CONTEXT('2D SPACE',''
  ) );
#13684 = PCURVE('',#13685,#13690);
#13685 = PLANE('',#13686);
#13686 = AXIS2_PLACEMENT_3D('',#13687,#13688,#13689);
#13687 = CARTESIAN_POINT('',(14.92,-7.94,3.));
#13688 = DIRECTION('',(0.,0.,1.));
#13689 = DIRECTION('',(1.,0.,0.));
#13690 = DEFINITIONAL_REPRESENTATION('',(#13691),#13695);
#13691 = LINE('',#13692,#13693);
#13692 = CARTESIAN_POINT('',(0.,0.));
#13693 = VECTOR('',#13694,1.);
#13694 = DIRECTION('',(0.,1.));
#13695 = ( GEOMETRIC_REPRESENTATION_CONTEXT(2) 
PARAMETRIC_REPRESENTATION_CONTEXT() REPRESENTATION_CONTEXT('2D SPACE',''
  ) );
#13696 = ADVANCED_FACE('',(#13697),#13711,.T.);
#13697 = FACE_BOUND('',#13698,.T.);
#13698 = EDGE_LOOP('',(#13699,#13729,#13752,#13775));
#13699 = ORIENTED_EDGE('',*,*,#13700,.F.);
#13700 = EDGE_CURVE('',#13701,#13703,#13705,.T.);
#13701 = VERTEX_POINT('',#13702);
#13702 = CARTESIAN_POINT('',(15.56,-7.94,-8.5));
#13703 = VERTEX_POINT('',#13704);
#13704 = CARTESIAN_POINT('',(15.56,-7.94,3.));
#13705 = SURFACE_CURVE('',#13706,(#13710,#13722),.PCURVE_S1.);
#13706 = LINE('',#13707,#13708);
#13707 = CARTESIAN_POINT('',(15.56,-7.94,-8.5));
#13708 = VECTOR('',#13709,1.);
#13709 = DIRECTION('',(0.,0.,1.));
#13710 = PCURVE('',#13711,#13716);
#13711 = PLANE('',#13712);
#13712 = AXIS2_PLACEMENT_3D('',#13713,#13714,#13715);
#13713 = CARTESIAN_POINT('',(15.56,-7.94,-8.5));
#13714 = DIRECTION('',(1.,0.,0.));
#13715 = DIRECTION('',(0.,0.,1.));
#13716 = DEFINITIONAL_REPRESENTATION('',(#13717),#13721);
#13717 = LINE('',#13718,#13719);
#13718 = CARTESIAN_POINT('',(0.,0.));
#13719 = VECTOR('',#13720,1.);
#13720 = DIRECTION('',(1.,0.));
#13721 = ( GEOMETRIC_REPRESENTATION_CONTEXT(2) 
PARAMETRIC_REPRESENTATION_CONTEXT() REPRESENTATION_CONTEXT('2D SPACE',''
  ) );
#13722 = PCURVE('',#13603,#13723);
#13723 = DEFINITIONAL_REPRESENTATION('',(#13724),#13728);
#13724 = LINE('',#13725,#13726);
#13725 = CARTESIAN_POINT('',(0.,0.64));
#13726 = VECTOR('',#13727,1.);
#13727 = DIRECTION('',(1.,0.));
#13728 = ( GEOMETRIC_REPRESENTATION_CONTEXT(2) 
PARAMETRIC_REPRESENTATION_CONTEXT() REPRESENTATION_CONTEXT('2D SPACE',''
  ) );
#13729 = ORIENTED_EDGE('',*,*,#13730,.T.);
#13730 = EDGE_CURVE('',#13701,#13731,#13733,.T.);
#13731 = VERTEX_POINT('',#13732);
#13732 = CARTESIAN_POINT('',(15.56,-7.3,-8.5));
#13733 = SURFACE_CURVE('',#13734,(#13738,#13745),.PCURVE_S1.);
#13734 = LINE('',#13735,#13736);
#13735 = CARTESIAN_POINT('',(15.56,-7.94,-8.5));
#13736 = VECTOR('',#13737,1.);
#13737 = DIRECTION('',(0.,1.,0.));
#13738 = PCURVE('',#13711,#13739);
#13739 = DEFINITIONAL_REPRESENTATION('',(#13740),#13744);
#13740 = LINE('',#13741,#13742);
#13741 = CARTESIAN_POINT('',(0.,0.));
#13742 = VECTOR('',#13743,1.);
#13743 = DIRECTION('',(0.,-1.));
#13744 = ( GEOMETRIC_REPRESENTATION_CONTEXT(2) 
PARAMETRIC_REPRESENTATION_CONTEXT() REPRESENTATION_CONTEXT('2D SPACE',''
  ) );
#13745 = PCURVE('',#13631,#13746);
#13746 = DEFINITIONAL_REPRESENTATION('',(#13747),#13751);
#13747 = LINE('',#13748,#13749);
#13748 = CARTESIAN_POINT('',(0.64,0.));
#13749 = VECTOR('',#13750,1.);
#13750 = DIRECTION('',(0.,1.));
#13751 = ( GEOMETRIC_REPRESENTATION_CONTEXT(2) 
PARAMETRIC_REPRESENTATION_CONTEXT() REPRESENTATION_CONTEXT('2D SPACE',''
  ) );
#13752 = ORIENTED_EDGE('',*,*,#13753,.T.);
#13753 = EDGE_CURVE('',#13731,#13754,#13756,.T.);
#13754 = VERTEX_POINT('',#13755);
#13755 = CARTESIAN_POINT('',(15.56,-7.3,3.));
#13756 = SURFACE_CURVE('',#13757,(#13761,#13768),.PCURVE_S1.);
#13757 = LINE('',#13758,#13759);
#13758 = CARTESIAN_POINT('',(15.56,-7.3,-8.5));
#13759 = VECTOR('',#13760,1.);
#13760 = DIRECTION('',(0.,0.,1.));
#13761 = PCURVE('',#13711,#13762);
#13762 = DEFINITIONAL_REPRESENTATION('',(#13763),#13767);
#13763 = LINE('',#13764,#13765);
#13764 = CARTESIAN_POINT('',(0.,-0.64));
#13765 = VECTOR('',#13766,1.);
#13766 = DIRECTION('',(1.,0.));
#13767 = ( GEOMETRIC_REPRESENTATION_CONTEXT(2) 
PARAMETRIC_REPRESENTATION_CONTEXT() REPRESENTATION_CONTEXT('2D SPACE',''
  ) );
#13768 = PCURVE('',#13659,#13769);
#13769 = DEFINITIONAL_REPRESENTATION('',(#13770),#13774);
#13770 = LINE('',#13771,#13772);
#13771 = CARTESIAN_POINT('',(0.,0.64));
#13772 = VECTOR('',#13773,1.);
#13773 = DIRECTION('',(1.,0.));
#13774 = ( GEOMETRIC_REPRESENTATION_CONTEXT(2) 
PARAMETRIC_REPRESENTATION_CONTEXT() REPRESENTATION_CONTEXT('2D SPACE',''
  ) );
#13775 = ORIENTED_EDGE('',*,*,#13776,.F.);
#13776 = EDGE_CURVE('',#13703,#13754,#13777,.T.);
#13777 = SURFACE_CURVE('',#13778,(#13782,#13789),.PCURVE_S1.);
#13778 = LINE('',#13779,#13780);
#13779 = CARTESIAN_POINT('',(15.56,-7.94,3.));
#13780 = VECTOR('',#13781,1.);
#13781 = DIRECTION('',(0.,1.,0.));
#13782 = PCURVE('',#13711,#13783);
#13783 = DEFINITIONAL_REPRESENTATION('',(#13784),#13788);
#13784 = LINE('',#13785,#13786);
#13785 = CARTESIAN_POINT('',(11.5,0.));
#13786 = VECTOR('',#13787,1.);
#13787 = DIRECTION('',(0.,-1.));
#13788 = ( GEOMETRIC_REPRESENTATION_CONTEXT(2) 
PARAMETRIC_REPRESENTATION_CONTEXT() REPRESENTATION_CONTEXT('2D SPACE',''
  ) );
#13789 = PCURVE('',#13685,#13790);
#13790 = DEFINITIONAL_REPRESENTATION('',(#13791),#13795);
#13791 = LINE('',#13792,#13793);
#13792 = CARTESIAN_POINT('',(0.64,0.));
#13793 = VECTOR('',#13794,1.);
#13794 = DIRECTION('',(0.,1.));
#13795 = ( GEOMETRIC_REPRESENTATION_CONTEXT(2) 
PARAMETRIC_REPRESENTATION_CONTEXT() REPRESENTATION_CONTEXT('2D SPACE',''
  ) );
#13796 = ADVANCED_FACE('',(#13797),#13603,.F.);
#13797 = FACE_BOUND('',#13798,.F.);
#13798 = EDGE_LOOP('',(#13799,#13820,#13821,#13842));
#13799 = ORIENTED_EDGE('',*,*,#13800,.F.);
#13800 = EDGE_CURVE('',#13581,#13701,#13801,.T.);
#13801 = SURFACE_CURVE('',#13802,(#13806,#13813),.PCURVE_S1.);
#13802 = LINE('',#13803,#13804);
#13803 = CARTESIAN_POINT('',(14.92,-7.94,-8.5));
#13804 = VECTOR('',#13805,1.);
#13805 = DIRECTION('',(1.,0.,0.));
#13806 = PCURVE('',#13603,#13807);
#13807 = DEFINITIONAL_REPRESENTATION('',(#13808),#13812);
#13808 = LINE('',#13809,#13810);
#13809 = CARTESIAN_POINT('',(0.,0.));
#13810 = VECTOR('',#13811,1.);
#13811 = DIRECTION('',(0.,1.));
#13812 = ( GEOMETRIC_REPRESENTATION_CONTEXT(2) 
PARAMETRIC_REPRESENTATION_CONTEXT() REPRESENTATION_CONTEXT('2D SPACE',''
  ) );
#13813 = PCURVE('',#13631,#13814);
#13814 = DEFINITIONAL_REPRESENTATION('',(#13815),#13819);
#13815 = LINE('',#13816,#13817);
#13816 = CARTESIAN_POINT('',(0.,0.));
#13817 = VECTOR('',#13818,1.);
#13818 = DIRECTION('',(1.,0.));
#13819 = ( GEOMETRIC_REPRESENTATION_CONTEXT(2) 
PARAMETRIC_REPRESENTATION_CONTEXT() REPRESENTATION_CONTEXT('2D SPACE',''
  ) );
#13820 = ORIENTED_EDGE('',*,*,#13580,.T.);
#13821 = ORIENTED_EDGE('',*,*,#13822,.T.);
#13822 = EDGE_CURVE('',#13583,#13703,#13823,.T.);
#13823 = SURFACE_CURVE('',#13824,(#13828,#13835),.PCURVE_S1.);
#13824 = LINE('',#13825,#13826);
#13825 = CARTESIAN_POINT('',(14.92,-7.94,3.));
#13826 = VECTOR('',#13827,1.);
#13827 = DIRECTION('',(1.,0.,0.));
#13828 = PCURVE('',#13603,#13829);
#13829 = DEFINITIONAL_REPRESENTATION('',(#13830),#13834);
#13830 = LINE('',#13831,#13832);
#13831 = CARTESIAN_POINT('',(11.5,0.));
#13832 = VECTOR('',#13833,1.);
#13833 = DIRECTION('',(0.,1.));
#13834 = ( GEOMETRIC_REPRESENTATION_CONTEXT(2) 
PARAMETRIC_REPRESENTATION_CONTEXT() REPRESENTATION_CONTEXT('2D SPACE',''
  ) );
#13835 = PCURVE('',#13685,#13836);
#13836 = DEFINITIONAL_REPRESENTATION('',(#13837),#13841);
#13837 = LINE('',#13838,#13839);
#13838 = CARTESIAN_POINT('',(0.,0.));
#13839 = VECTOR('',#13840,1.);
#13840 = DIRECTION('',(1.,0.));
#13841 = ( GEOMETRIC_REPRESENTATION_CONTEXT(2) 
PARAMETRIC_REPRESENTATION_CONTEXT() REPRESENTATION_CONTEXT('2D SPACE',''
  ) );
#13842 = ORIENTED_EDGE('',*,*,#13700,.F.);
#13843 = ADVANCED_FACE('',(#13844),#13659,.T.);
#13844 = FACE_BOUND('',#13845,.T.);
#13845 = EDGE_LOOP('',(#13846,#13867,#13868,#13889));
#13846 = ORIENTED_EDGE('',*,*,#13847,.F.);
#13847 = EDGE_CURVE('',#13616,#13731,#13848,.T.);
#13848 = SURFACE_CURVE('',#13849,(#13853,#13860),.PCURVE_S1.);
#13849 = LINE('',#13850,#13851);
#13850 = CARTESIAN_POINT('',(14.92,-7.3,-8.5));
#13851 = VECTOR('',#13852,1.);
#13852 = DIRECTION('',(1.,0.,0.));
#13853 = PCURVE('',#13659,#13854);
#13854 = DEFINITIONAL_REPRESENTATION('',(#13855),#13859);
#13855 = LINE('',#13856,#13857);
#13856 = CARTESIAN_POINT('',(0.,0.));
#13857 = VECTOR('',#13858,1.);
#13858 = DIRECTION('',(0.,1.));
#13859 = ( GEOMETRIC_REPRESENTATION_CONTEXT(2) 
PARAMETRIC_REPRESENTATION_CONTEXT() REPRESENTATION_CONTEXT('2D SPACE',''
  ) );
#13860 = PCURVE('',#13631,#13861);
#13861 = DEFINITIONAL_REPRESENTATION('',(#13862),#13866);
#13862 = LINE('',#13863,#13864);
#13863 = CARTESIAN_POINT('',(0.,0.64));
#13864 = VECTOR('',#13865,1.);
#13865 = DIRECTION('',(1.,0.));
#13866 = ( GEOMETRIC_REPRESENTATION_CONTEXT(2) 
PARAMETRIC_REPRESENTATION_CONTEXT() REPRESENTATION_CONTEXT('2D SPACE',''
  ) );
#13867 = ORIENTED_EDGE('',*,*,#13643,.T.);
#13868 = ORIENTED_EDGE('',*,*,#13869,.T.);
#13869 = EDGE_CURVE('',#13644,#13754,#13870,.T.);
#13870 = SURFACE_CURVE('',#13871,(#13875,#13882),.PCURVE_S1.);
#13871 = LINE('',#13872,#13873);
#13872 = CARTESIAN_POINT('',(14.92,-7.3,3.));
#13873 = VECTOR('',#13874,1.);
#13874 = DIRECTION('',(1.,0.,0.));
#13875 = PCURVE('',#13659,#13876);
#13876 = DEFINITIONAL_REPRESENTATION('',(#13877),#13881);
#13877 = LINE('',#13878,#13879);
#13878 = CARTESIAN_POINT('',(11.5,0.));
#13879 = VECTOR('',#13880,1.);
#13880 = DIRECTION('',(0.,1.));
#13881 = ( GEOMETRIC_REPRESENTATION_CONTEXT(2) 
PARAMETRIC_REPRESENTATION_CONTEXT() REPRESENTATION_CONTEXT('2D SPACE',''
  ) );
#13882 = PCURVE('',#13685,#13883);
#13883 = DEFINITIONAL_REPRESENTATION('',(#13884),#13888);
#13884 = LINE('',#13885,#13886);
#13885 = CARTESIAN_POINT('',(0.,0.64));
#13886 = VECTOR('',#13887,1.);
#13887 = DIRECTION('',(1.,0.));
#13888 = ( GEOMETRIC_REPRESENTATION_CONTEXT(2) 
PARAMETRIC_REPRESENTATION_CONTEXT() REPRESENTATION_CONTEXT('2D SPACE',''
  ) );
#13889 = ORIENTED_EDGE('',*,*,#13753,.F.);
#13890 = ADVANCED_FACE('',(#13891),#13631,.F.);
#13891 = FACE_BOUND('',#13892,.F.);
#13892 = EDGE_LOOP('',(#13893,#13894,#13895,#13896));
#13893 = ORIENTED_EDGE('',*,*,#13615,.F.);
#13894 = ORIENTED_EDGE('',*,*,#13800,.T.);
#13895 = ORIENTED_EDGE('',*,*,#13730,.T.);
#13896 = ORIENTED_EDGE('',*,*,#13847,.F.);
#13897 = ADVANCED_FACE('',(#13898),#13685,.T.);
#13898 = FACE_BOUND('',#13899,.T.);
#13899 = EDGE_LOOP('',(#13900,#13901,#13902,#13903));
#13900 = ORIENTED_EDGE('',*,*,#13671,.F.);
#13901 = ORIENTED_EDGE('',*,*,#13822,.T.);
#13902 = ORIENTED_EDGE('',*,*,#13776,.T.);
#13903 = ORIENTED_EDGE('',*,*,#13869,.F.);
#13904 = MANIFOLD_SOLID_BREP('',#13905);
#13905 = CLOSED_SHELL('',(#13906,#14026,#14126,#14173,#14220,#14227));
#13906 = ADVANCED_FACE('',(#13907),#13921,.F.);
#13907 = FACE_BOUND('',#13908,.F.);
#13908 = EDGE_LOOP('',(#13909,#13944,#13972,#14000));
#13909 = ORIENTED_EDGE('',*,*,#13910,.F.);
#13910 = EDGE_CURVE('',#13911,#13913,#13915,.T.);
#13911 = VERTEX_POINT('',#13912);
#13912 = CARTESIAN_POINT('',(14.92,-10.48,-8.5));
#13913 = VERTEX_POINT('',#13914);
#13914 = CARTESIAN_POINT('',(14.92,-10.48,3.));
#13915 = SURFACE_CURVE('',#13916,(#13920,#13932),.PCURVE_S1.);
#13916 = LINE('',#13917,#13918);
#13917 = CARTESIAN_POINT('',(14.92,-10.48,-8.5));
#13918 = VECTOR('',#13919,1.);
#13919 = DIRECTION('',(0.,0.,1.));
#13920 = PCURVE('',#13921,#13926);
#13921 = PLANE('',#13922);
#13922 = AXIS2_PLACEMENT_3D('',#13923,#13924,#13925);
#13923 = CARTESIAN_POINT('',(14.92,-10.48,-8.5));
#13924 = DIRECTION('',(1.,0.,0.));
#13925 = DIRECTION('',(0.,0.,1.));
#13926 = DEFINITIONAL_REPRESENTATION('',(#13927),#13931);
#13927 = LINE('',#13928,#13929);
#13928 = CARTESIAN_POINT('',(0.,0.));
#13929 = VECTOR('',#13930,1.);
#13930 = DIRECTION('',(1.,0.));
#13931 = ( GEOMETRIC_REPRESENTATION_CONTEXT(2) 
PARAMETRIC_REPRESENTATION_CONTEXT() REPRESENTATION_CONTEXT('2D SPACE',''
  ) );
#13932 = PCURVE('',#13933,#13938);
#13933 = PLANE('',#13934);
#13934 = AXIS2_PLACEMENT_3D('',#13935,#13936,#13937);
#13935 = CARTESIAN_POINT('',(14.92,-10.48,-8.5));
#13936 = DIRECTION('',(0.,1.,0.));
#13937 = DIRECTION('',(0.,0.,1.));
#13938 = DEFINITIONAL_REPRESENTATION('',(#13939),#13943);
#13939 = LINE('',#13940,#13941);
#13940 = CARTESIAN_POINT('',(0.,0.));
#13941 = VECTOR('',#13942,1.);
#13942 = DIRECTION('',(1.,0.));
#13943 = ( GEOMETRIC_REPRESENTATION_CONTEXT(2) 
PARAMETRIC_REPRESENTATION_CONTEXT() REPRESENTATION_CONTEXT('2D SPACE',''
  ) );
#13944 = ORIENTED_EDGE('',*,*,#13945,.T.);
#13945 = EDGE_CURVE('',#13911,#13946,#13948,.T.);
#13946 = VERTEX_POINT('',#13947);
#13947 = CARTESIAN_POINT('',(14.92,-9.84,-8.5));
#13948 = SURFACE_CURVE('',#13949,(#13953,#13960),.PCURVE_S1.);
#13949 = LINE('',#13950,#13951);
#13950 = CARTESIAN_POINT('',(14.92,-10.48,-8.5));
#13951 = VECTOR('',#13952,1.);
#13952 = DIRECTION('',(0.,1.,0.));
#13953 = PCURVE('',#13921,#13954);
#13954 = DEFINITIONAL_REPRESENTATION('',(#13955),#13959);
#13955 = LINE('',#13956,#13957);
#13956 = CARTESIAN_POINT('',(0.,0.));
#13957 = VECTOR('',#13958,1.);
#13958 = DIRECTION('',(0.,-1.));
#13959 = ( GEOMETRIC_REPRESENTATION_CONTEXT(2) 
PARAMETRIC_REPRESENTATION_CONTEXT() REPRESENTATION_CONTEXT('2D SPACE',''
  ) );
#13960 = PCURVE('',#13961,#13966);
#13961 = PLANE('',#13962);
#13962 = AXIS2_PLACEMENT_3D('',#13963,#13964,#13965);
#13963 = CARTESIAN_POINT('',(14.92,-10.48,-8.5));
#13964 = DIRECTION('',(0.,0.,1.));
#13965 = DIRECTION('',(1.,0.,0.));
#13966 = DEFINITIONAL_REPRESENTATION('',(#13967),#13971);
#13967 = LINE('',#13968,#13969);
#13968 = CARTESIAN_POINT('',(0.,0.));
#13969 = VECTOR('',#13970,1.);
#13970 = DIRECTION('',(0.,1.));
#13971 = ( GEOMETRIC_REPRESENTATION_CONTEXT(2) 
PARAMETRIC_REPRESENTATION_CONTEXT() REPRESENTATION_CONTEXT('2D SPACE',''
  ) );
#13972 = ORIENTED_EDGE('',*,*,#13973,.T.);
#13973 = EDGE_CURVE('',#13946,#13974,#13976,.T.);
#13974 = VERTEX_POINT('',#13975);
#13975 = CARTESIAN_POINT('',(14.92,-9.84,3.));
#13976 = SURFACE_CURVE('',#13977,(#13981,#13988),.PCURVE_S1.);
#13977 = LINE('',#13978,#13979);
#13978 = CARTESIAN_POINT('',(14.92,-9.84,-8.5));
#13979 = VECTOR('',#13980,1.);
#13980 = DIRECTION('',(0.,0.,1.));
#13981 = PCURVE('',#13921,#13982);
#13982 = DEFINITIONAL_REPRESENTATION('',(#13983),#13987);
#13983 = LINE('',#13984,#13985);
#13984 = CARTESIAN_POINT('',(0.,-0.64));
#13985 = VECTOR('',#13986,1.);
#13986 = DIRECTION('',(1.,0.));
#13987 = ( GEOMETRIC_REPRESENTATION_CONTEXT(2) 
PARAMETRIC_REPRESENTATION_CONTEXT() REPRESENTATION_CONTEXT('2D SPACE',''
  ) );
#13988 = PCURVE('',#13989,#13994);
#13989 = PLANE('',#13990);
#13990 = AXIS2_PLACEMENT_3D('',#13991,#13992,#13993);
#13991 = CARTESIAN_POINT('',(14.92,-9.84,-8.5));
#13992 = DIRECTION('',(0.,1.,0.));
#13993 = DIRECTION('',(0.,0.,1.));
#13994 = DEFINITIONAL_REPRESENTATION('',(#13995),#13999);
#13995 = LINE('',#13996,#13997);
#13996 = CARTESIAN_POINT('',(0.,0.));
#13997 = VECTOR('',#13998,1.);
#13998 = DIRECTION('',(1.,0.));
#13999 = ( GEOMETRIC_REPRESENTATION_CONTEXT(2) 
PARAMETRIC_REPRESENTATION_CONTEXT() REPRESENTATION_CONTEXT('2D SPACE',''
  ) );
#14000 = ORIENTED_EDGE('',*,*,#14001,.F.);
#14001 = EDGE_CURVE('',#13913,#13974,#14002,.T.);
#14002 = SURFACE_CURVE('',#14003,(#14007,#14014),.PCURVE_S1.);
#14003 = LINE('',#14004,#14005);
#14004 = CARTESIAN_POINT('',(14.92,-10.48,3.));
#14005 = VECTOR('',#14006,1.);
#14006 = DIRECTION('',(0.,1.,0.));
#14007 = PCURVE('',#13921,#14008);
#14008 = DEFINITIONAL_REPRESENTATION('',(#14009),#14013);
#14009 = LINE('',#14010,#14011);
#14010 = CARTESIAN_POINT('',(11.5,0.));
#14011 = VECTOR('',#14012,1.);
#14012 = DIRECTION('',(0.,-1.));
#14013 = ( GEOMETRIC_REPRESENTATION_CONTEXT(2) 
PARAMETRIC_REPRESENTATION_CONTEXT() REPRESENTATION_CONTEXT('2D SPACE',''
  ) );
#14014 = PCURVE('',#14015,#14020);
#14015 = PLANE('',#14016);
#14016 = AXIS2_PLACEMENT_3D('',#14017,#14018,#14019);
#14017 = CARTESIAN_POINT('',(14.92,-10.48,3.));
#14018 = DIRECTION('',(0.,0.,1.));
#14019 = DIRECTION('',(1.,0.,0.));
#14020 = DEFINITIONAL_REPRESENTATION('',(#14021),#14025);
#14021 = LINE('',#14022,#14023);
#14022 = CARTESIAN_POINT('',(0.,0.));
#14023 = VECTOR('',#14024,1.);
#14024 = DIRECTION('',(0.,1.));
#14025 = ( GEOMETRIC_REPRESENTATION_CONTEXT(2) 
PARAMETRIC_REPRESENTATION_CONTEXT() REPRESENTATION_CONTEXT('2D SPACE',''
  ) );
#14026 = ADVANCED_FACE('',(#14027),#14041,.T.);
#14027 = FACE_BOUND('',#14028,.T.);
#14028 = EDGE_LOOP('',(#14029,#14059,#14082,#14105));
#14029 = ORIENTED_EDGE('',*,*,#14030,.F.);
#14030 = EDGE_CURVE('',#14031,#14033,#14035,.T.);
#14031 = VERTEX_POINT('',#14032);
#14032 = CARTESIAN_POINT('',(15.56,-10.48,-8.5));
#14033 = VERTEX_POINT('',#14034);
#14034 = CARTESIAN_POINT('',(15.56,-10.48,3.));
#14035 = SURFACE_CURVE('',#14036,(#14040,#14052),.PCURVE_S1.);
#14036 = LINE('',#14037,#14038);
#14037 = CARTESIAN_POINT('',(15.56,-10.48,-8.5));
#14038 = VECTOR('',#14039,1.);
#14039 = DIRECTION('',(0.,0.,1.));
#14040 = PCURVE('',#14041,#14046);
#14041 = PLANE('',#14042);
#14042 = AXIS2_PLACEMENT_3D('',#14043,#14044,#14045);
#14043 = CARTESIAN_POINT('',(15.56,-10.48,-8.5));
#14044 = DIRECTION('',(1.,0.,0.));
#14045 = DIRECTION('',(0.,0.,1.));
#14046 = DEFINITIONAL_REPRESENTATION('',(#14047),#14051);
#14047 = LINE('',#14048,#14049);
#14048 = CARTESIAN_POINT('',(0.,0.));
#14049 = VECTOR('',#14050,1.);
#14050 = DIRECTION('',(1.,0.));
#14051 = ( GEOMETRIC_REPRESENTATION_CONTEXT(2) 
PARAMETRIC_REPRESENTATION_CONTEXT() REPRESENTATION_CONTEXT('2D SPACE',''
  ) );
#14052 = PCURVE('',#13933,#14053);
#14053 = DEFINITIONAL_REPRESENTATION('',(#14054),#14058);
#14054 = LINE('',#14055,#14056);
#14055 = CARTESIAN_POINT('',(0.,0.64));
#14056 = VECTOR('',#14057,1.);
#14057 = DIRECTION('',(1.,0.));
#14058 = ( GEOMETRIC_REPRESENTATION_CONTEXT(2) 
PARAMETRIC_REPRESENTATION_CONTEXT() REPRESENTATION_CONTEXT('2D SPACE',''
  ) );
#14059 = ORIENTED_EDGE('',*,*,#14060,.T.);
#14060 = EDGE_CURVE('',#14031,#14061,#14063,.T.);
#14061 = VERTEX_POINT('',#14062);
#14062 = CARTESIAN_POINT('',(15.56,-9.84,-8.5));
#14063 = SURFACE_CURVE('',#14064,(#14068,#14075),.PCURVE_S1.);
#14064 = LINE('',#14065,#14066);
#14065 = CARTESIAN_POINT('',(15.56,-10.48,-8.5));
#14066 = VECTOR('',#14067,1.);
#14067 = DIRECTION('',(0.,1.,0.));
#14068 = PCURVE('',#14041,#14069);
#14069 = DEFINITIONAL_REPRESENTATION('',(#14070),#14074);
#14070 = LINE('',#14071,#14072);
#14071 = CARTESIAN_POINT('',(0.,0.));
#14072 = VECTOR('',#14073,1.);
#14073 = DIRECTION('',(0.,-1.));
#14074 = ( GEOMETRIC_REPRESENTATION_CONTEXT(2) 
PARAMETRIC_REPRESENTATION_CONTEXT() REPRESENTATION_CONTEXT('2D SPACE',''
  ) );
#14075 = PCURVE('',#13961,#14076);
#14076 = DEFINITIONAL_REPRESENTATION('',(#14077),#14081);
#14077 = LINE('',#14078,#14079);
#14078 = CARTESIAN_POINT('',(0.64,0.));
#14079 = VECTOR('',#14080,1.);
#14080 = DIRECTION('',(0.,1.));
#14081 = ( GEOMETRIC_REPRESENTATION_CONTEXT(2) 
PARAMETRIC_REPRESENTATION_CONTEXT() REPRESENTATION_CONTEXT('2D SPACE',''
  ) );
#14082 = ORIENTED_EDGE('',*,*,#14083,.T.);
#14083 = EDGE_CURVE('',#14061,#14084,#14086,.T.);
#14084 = VERTEX_POINT('',#14085);
#14085 = CARTESIAN_POINT('',(15.56,-9.84,3.));
#14086 = SURFACE_CURVE('',#14087,(#14091,#14098),.PCURVE_S1.);
#14087 = LINE('',#14088,#14089);
#14088 = CARTESIAN_POINT('',(15.56,-9.84,-8.5));
#14089 = VECTOR('',#14090,1.);
#14090 = DIRECTION('',(0.,0.,1.));
#14091 = PCURVE('',#14041,#14092);
#14092 = DEFINITIONAL_REPRESENTATION('',(#14093),#14097);
#14093 = LINE('',#14094,#14095);
#14094 = CARTESIAN_POINT('',(0.,-0.64));
#14095 = VECTOR('',#14096,1.);
#14096 = DIRECTION('',(1.,0.));
#14097 = ( GEOMETRIC_REPRESENTATION_CONTEXT(2) 
PARAMETRIC_REPRESENTATION_CONTEXT() REPRESENTATION_CONTEXT('2D SPACE',''
  ) );
#14098 = PCURVE('',#13989,#14099);
#14099 = DEFINITIONAL_REPRESENTATION('',(#14100),#14104);
#14100 = LINE('',#14101,#14102);
#14101 = CARTESIAN_POINT('',(0.,0.64));
#14102 = VECTOR('',#14103,1.);
#14103 = DIRECTION('',(1.,0.));
#14104 = ( GEOMETRIC_REPRESENTATION_CONTEXT(2) 
PARAMETRIC_REPRESENTATION_CONTEXT() REPRESENTATION_CONTEXT('2D SPACE',''
  ) );
#14105 = ORIENTED_EDGE('',*,*,#14106,.F.);
#14106 = EDGE_CURVE('',#14033,#14084,#14107,.T.);
#14107 = SURFACE_CURVE('',#14108,(#14112,#14119),.PCURVE_S1.);
#14108 = LINE('',#14109,#14110);
#14109 = CARTESIAN_POINT('',(15.56,-10.48,3.));
#14110 = VECTOR('',#14111,1.);
#14111 = DIRECTION('',(0.,1.,0.));
#14112 = PCURVE('',#14041,#14113);
#14113 = DEFINITIONAL_REPRESENTATION('',(#14114),#14118);
#14114 = LINE('',#14115,#14116);
#14115 = CARTESIAN_POINT('',(11.5,0.));
#14116 = VECTOR('',#14117,1.);
#14117 = DIRECTION('',(0.,-1.));
#14118 = ( GEOMETRIC_REPRESENTATION_CONTEXT(2) 
PARAMETRIC_REPRESENTATION_CONTEXT() REPRESENTATION_CONTEXT('2D SPACE',''
  ) );
#14119 = PCURVE('',#14015,#14120);
#14120 = DEFINITIONAL_REPRESENTATION('',(#14121),#14125);
#14121 = LINE('',#14122,#14123);
#14122 = CARTESIAN_POINT('',(0.64,0.));
#14123 = VECTOR('',#14124,1.);
#14124 = DIRECTION('',(0.,1.));
#14125 = ( GEOMETRIC_REPRESENTATION_CONTEXT(2) 
PARAMETRIC_REPRESENTATION_CONTEXT() REPRESENTATION_CONTEXT('2D SPACE',''
  ) );
#14126 = ADVANCED_FACE('',(#14127),#13933,.F.);
#14127 = FACE_BOUND('',#14128,.F.);
#14128 = EDGE_LOOP('',(#14129,#14150,#14151,#14172));
#14129 = ORIENTED_EDGE('',*,*,#14130,.F.);
#14130 = EDGE_CURVE('',#13911,#14031,#14131,.T.);
#14131 = SURFACE_CURVE('',#14132,(#14136,#14143),.PCURVE_S1.);
#14132 = LINE('',#14133,#14134);
#14133 = CARTESIAN_POINT('',(14.92,-10.48,-8.5));
#14134 = VECTOR('',#14135,1.);
#14135 = DIRECTION('',(1.,0.,0.));
#14136 = PCURVE('',#13933,#14137);
#14137 = DEFINITIONAL_REPRESENTATION('',(#14138),#14142);
#14138 = LINE('',#14139,#14140);
#14139 = CARTESIAN_POINT('',(0.,0.));
#14140 = VECTOR('',#14141,1.);
#14141 = DIRECTION('',(0.,1.));
#14142 = ( GEOMETRIC_REPRESENTATION_CONTEXT(2) 
PARAMETRIC_REPRESENTATION_CONTEXT() REPRESENTATION_CONTEXT('2D SPACE',''
  ) );
#14143 = PCURVE('',#13961,#14144);
#14144 = DEFINITIONAL_REPRESENTATION('',(#14145),#14149);
#14145 = LINE('',#14146,#14147);
#14146 = CARTESIAN_POINT('',(0.,0.));
#14147 = VECTOR('',#14148,1.);
#14148 = DIRECTION('',(1.,0.));
#14149 = ( GEOMETRIC_REPRESENTATION_CONTEXT(2) 
PARAMETRIC_REPRESENTATION_CONTEXT() REPRESENTATION_CONTEXT('2D SPACE',''
  ) );
#14150 = ORIENTED_EDGE('',*,*,#13910,.T.);
#14151 = ORIENTED_EDGE('',*,*,#14152,.T.);
#14152 = EDGE_CURVE('',#13913,#14033,#14153,.T.);
#14153 = SURFACE_CURVE('',#14154,(#14158,#14165),.PCURVE_S1.);
#14154 = LINE('',#14155,#14156);
#14155 = CARTESIAN_POINT('',(14.92,-10.48,3.));
#14156 = VECTOR('',#14157,1.);
#14157 = DIRECTION('',(1.,0.,0.));
#14158 = PCURVE('',#13933,#14159);
#14159 = DEFINITIONAL_REPRESENTATION('',(#14160),#14164);
#14160 = LINE('',#14161,#14162);
#14161 = CARTESIAN_POINT('',(11.5,0.));
#14162 = VECTOR('',#14163,1.);
#14163 = DIRECTION('',(0.,1.));
#14164 = ( GEOMETRIC_REPRESENTATION_CONTEXT(2) 
PARAMETRIC_REPRESENTATION_CONTEXT() REPRESENTATION_CONTEXT('2D SPACE',''
  ) );
#14165 = PCURVE('',#14015,#14166);
#14166 = DEFINITIONAL_REPRESENTATION('',(#14167),#14171);
#14167 = LINE('',#14168,#14169);
#14168 = CARTESIAN_POINT('',(0.,0.));
#14169 = VECTOR('',#14170,1.);
#14170 = DIRECTION('',(1.,0.));
#14171 = ( GEOMETRIC_REPRESENTATION_CONTEXT(2) 
PARAMETRIC_REPRESENTATION_CONTEXT() REPRESENTATION_CONTEXT('2D SPACE',''
  ) );
#14172 = ORIENTED_EDGE('',*,*,#14030,.F.);
#14173 = ADVANCED_FACE('',(#14174),#13989,.T.);
#14174 = FACE_BOUND('',#14175,.T.);
#14175 = EDGE_LOOP('',(#14176,#14197,#14198,#14219));
#14176 = ORIENTED_EDGE('',*,*,#14177,.F.);
#14177 = EDGE_CURVE('',#13946,#14061,#14178,.T.);
#14178 = SURFACE_CURVE('',#14179,(#14183,#14190),.PCURVE_S1.);
#14179 = LINE('',#14180,#14181);
#14180 = CARTESIAN_POINT('',(14.92,-9.84,-8.5));
#14181 = VECTOR('',#14182,1.);
#14182 = DIRECTION('',(1.,0.,0.));
#14183 = PCURVE('',#13989,#14184);
#14184 = DEFINITIONAL_REPRESENTATION('',(#14185),#14189);
#14185 = LINE('',#14186,#14187);
#14186 = CARTESIAN_POINT('',(0.,0.));
#14187 = VECTOR('',#14188,1.);
#14188 = DIRECTION('',(0.,1.));
#14189 = ( GEOMETRIC_REPRESENTATION_CONTEXT(2) 
PARAMETRIC_REPRESENTATION_CONTEXT() REPRESENTATION_CONTEXT('2D SPACE',''
  ) );
#14190 = PCURVE('',#13961,#14191);
#14191 = DEFINITIONAL_REPRESENTATION('',(#14192),#14196);
#14192 = LINE('',#14193,#14194);
#14193 = CARTESIAN_POINT('',(0.,0.64));
#14194 = VECTOR('',#14195,1.);
#14195 = DIRECTION('',(1.,0.));
#14196 = ( GEOMETRIC_REPRESENTATION_CONTEXT(2) 
PARAMETRIC_REPRESENTATION_CONTEXT() REPRESENTATION_CONTEXT('2D SPACE',''
  ) );
#14197 = ORIENTED_EDGE('',*,*,#13973,.T.);
#14198 = ORIENTED_EDGE('',*,*,#14199,.T.);
#14199 = EDGE_CURVE('',#13974,#14084,#14200,.T.);
#14200 = SURFACE_CURVE('',#14201,(#14205,#14212),.PCURVE_S1.);
#14201 = LINE('',#14202,#14203);
#14202 = CARTESIAN_POINT('',(14.92,-9.84,3.));
#14203 = VECTOR('',#14204,1.);
#14204 = DIRECTION('',(1.,0.,0.));
#14205 = PCURVE('',#13989,#14206);
#14206 = DEFINITIONAL_REPRESENTATION('',(#14207),#14211);
#14207 = LINE('',#14208,#14209);
#14208 = CARTESIAN_POINT('',(11.5,0.));
#14209 = VECTOR('',#14210,1.);
#14210 = DIRECTION('',(0.,1.));
#14211 = ( GEOMETRIC_REPRESENTATION_CONTEXT(2) 
PARAMETRIC_REPRESENTATION_CONTEXT() REPRESENTATION_CONTEXT('2D SPACE',''
  ) );
#14212 = PCURVE('',#14015,#14213);
#14213 = DEFINITIONAL_REPRESENTATION('',(#14214),#14218);
#14214 = LINE('',#14215,#14216);
#14215 = CARTESIAN_POINT('',(0.,0.64));
#14216 = VECTOR('',#14217,1.);
#14217 = DIRECTION('',(1.,0.));
#14218 = ( GEOMETRIC_REPRESENTATION_CONTEXT(2) 
PARAMETRIC_REPRESENTATION_CONTEXT() REPRESENTATION_CONTEXT('2D SPACE',''
  ) );
#14219 = ORIENTED_EDGE('',*,*,#14083,.F.);
#14220 = ADVANCED_FACE('',(#14221),#13961,.F.);
#14221 = FACE_BOUND('',#14222,.F.);
#14222 = EDGE_LOOP('',(#14223,#14224,#14225,#14226));
#14223 = ORIENTED_EDGE('',*,*,#13945,.F.);
#14224 = ORIENTED_EDGE('',*,*,#14130,.T.);
#14225 = ORIENTED_EDGE('',*,*,#14060,.T.);
#14226 = ORIENTED_EDGE('',*,*,#14177,.F.);
#14227 = ADVANCED_FACE('',(#14228),#14015,.T.);
#14228 = FACE_BOUND('',#14229,.T.);
#14229 = EDGE_LOOP('',(#14230,#14231,#14232,#14233));
#14230 = ORIENTED_EDGE('',*,*,#14001,.F.);
#14231 = ORIENTED_EDGE('',*,*,#14152,.T.);
#14232 = ORIENTED_EDGE('',*,*,#14106,.T.);
#14233 = ORIENTED_EDGE('',*,*,#14199,.F.);
#14234 = MANIFOLD_SOLID_BREP('',#14235);
#14235 = CLOSED_SHELL('',(#14236,#14356,#14456,#14503,#14550,#14557));
#14236 = ADVANCED_FACE('',(#14237),#14251,.F.);
#14237 = FACE_BOUND('',#14238,.F.);
#14238 = EDGE_LOOP('',(#14239,#14274,#14302,#14330));
#14239 = ORIENTED_EDGE('',*,*,#14240,.F.);
#14240 = EDGE_CURVE('',#14241,#14243,#14245,.T.);
#14241 = VERTEX_POINT('',#14242);
#14242 = CARTESIAN_POINT('',(14.92,-13.02,-8.5));
#14243 = VERTEX_POINT('',#14244);
#14244 = CARTESIAN_POINT('',(14.92,-13.02,3.));
#14245 = SURFACE_CURVE('',#14246,(#14250,#14262),.PCURVE_S1.);
#14246 = LINE('',#14247,#14248);
#14247 = CARTESIAN_POINT('',(14.92,-13.02,-8.5));
#14248 = VECTOR('',#14249,1.);
#14249 = DIRECTION('',(0.,0.,1.));
#14250 = PCURVE('',#14251,#14256);
#14251 = PLANE('',#14252);
#14252 = AXIS2_PLACEMENT_3D('',#14253,#14254,#14255);
#14253 = CARTESIAN_POINT('',(14.92,-13.02,-8.5));
#14254 = DIRECTION('',(1.,0.,0.));
#14255 = DIRECTION('',(0.,0.,1.));
#14256 = DEFINITIONAL_REPRESENTATION('',(#14257),#14261);
#14257 = LINE('',#14258,#14259);
#14258 = CARTESIAN_POINT('',(0.,0.));
#14259 = VECTOR('',#14260,1.);
#14260 = DIRECTION('',(1.,0.));
#14261 = ( GEOMETRIC_REPRESENTATION_CONTEXT(2) 
PARAMETRIC_REPRESENTATION_CONTEXT() REPRESENTATION_CONTEXT('2D SPACE',''
  ) );
#14262 = PCURVE('',#14263,#14268);
#14263 = PLANE('',#14264);
#14264 = AXIS2_PLACEMENT_3D('',#14265,#14266,#14267);
#14265 = CARTESIAN_POINT('',(14.92,-13.02,-8.5));
#14266 = DIRECTION('',(0.,1.,0.));
#14267 = DIRECTION('',(0.,0.,1.));
#14268 = DEFINITIONAL_REPRESENTATION('',(#14269),#14273);
#14269 = LINE('',#14270,#14271);
#14270 = CARTESIAN_POINT('',(0.,0.));
#14271 = VECTOR('',#14272,1.);
#14272 = DIRECTION('',(1.,0.));
#14273 = ( GEOMETRIC_REPRESENTATION_CONTEXT(2) 
PARAMETRIC_REPRESENTATION_CONTEXT() REPRESENTATION_CONTEXT('2D SPACE',''
  ) );
#14274 = ORIENTED_EDGE('',*,*,#14275,.T.);
#14275 = EDGE_CURVE('',#14241,#14276,#14278,.T.);
#14276 = VERTEX_POINT('',#14277);
#14277 = CARTESIAN_POINT('',(14.92,-12.38,-8.5));
#14278 = SURFACE_CURVE('',#14279,(#14283,#14290),.PCURVE_S1.);
#14279 = LINE('',#14280,#14281);
#14280 = CARTESIAN_POINT('',(14.92,-13.02,-8.5));
#14281 = VECTOR('',#14282,1.);
#14282 = DIRECTION('',(0.,1.,0.));
#14283 = PCURVE('',#14251,#14284);
#14284 = DEFINITIONAL_REPRESENTATION('',(#14285),#14289);
#14285 = LINE('',#14286,#14287);
#14286 = CARTESIAN_POINT('',(0.,0.));
#14287 = VECTOR('',#14288,1.);
#14288 = DIRECTION('',(0.,-1.));
#14289 = ( GEOMETRIC_REPRESENTATION_CONTEXT(2) 
PARAMETRIC_REPRESENTATION_CONTEXT() REPRESENTATION_CONTEXT('2D SPACE',''
  ) );
#14290 = PCURVE('',#14291,#14296);
#14291 = PLANE('',#14292);
#14292 = AXIS2_PLACEMENT_3D('',#14293,#14294,#14295);
#14293 = CARTESIAN_POINT('',(14.92,-13.02,-8.5));
#14294 = DIRECTION('',(0.,0.,1.));
#14295 = DIRECTION('',(1.,0.,0.));
#14296 = DEFINITIONAL_REPRESENTATION('',(#14297),#14301);
#14297 = LINE('',#14298,#14299);
#14298 = CARTESIAN_POINT('',(0.,0.));
#14299 = VECTOR('',#14300,1.);
#14300 = DIRECTION('',(0.,1.));
#14301 = ( GEOMETRIC_REPRESENTATION_CONTEXT(2) 
PARAMETRIC_REPRESENTATION_CONTEXT() REPRESENTATION_CONTEXT('2D SPACE',''
  ) );
#14302 = ORIENTED_EDGE('',*,*,#14303,.T.);
#14303 = EDGE_CURVE('',#14276,#14304,#14306,.T.);
#14304 = VERTEX_POINT('',#14305);
#14305 = CARTESIAN_POINT('',(14.92,-12.38,3.));
#14306 = SURFACE_CURVE('',#14307,(#14311,#14318),.PCURVE_S1.);
#14307 = LINE('',#14308,#14309);
#14308 = CARTESIAN_POINT('',(14.92,-12.38,-8.5));
#14309 = VECTOR('',#14310,1.);
#14310 = DIRECTION('',(0.,0.,1.));
#14311 = PCURVE('',#14251,#14312);
#14312 = DEFINITIONAL_REPRESENTATION('',(#14313),#14317);
#14313 = LINE('',#14314,#14315);
#14314 = CARTESIAN_POINT('',(0.,-0.64));
#14315 = VECTOR('',#14316,1.);
#14316 = DIRECTION('',(1.,0.));
#14317 = ( GEOMETRIC_REPRESENTATION_CONTEXT(2) 
PARAMETRIC_REPRESENTATION_CONTEXT() REPRESENTATION_CONTEXT('2D SPACE',''
  ) );
#14318 = PCURVE('',#14319,#14324);
#14319 = PLANE('',#14320);
#14320 = AXIS2_PLACEMENT_3D('',#14321,#14322,#14323);
#14321 = CARTESIAN_POINT('',(14.92,-12.38,-8.5));
#14322 = DIRECTION('',(0.,1.,0.));
#14323 = DIRECTION('',(0.,0.,1.));
#14324 = DEFINITIONAL_REPRESENTATION('',(#14325),#14329);
#14325 = LINE('',#14326,#14327);
#14326 = CARTESIAN_POINT('',(0.,0.));
#14327 = VECTOR('',#14328,1.);
#14328 = DIRECTION('',(1.,0.));
#14329 = ( GEOMETRIC_REPRESENTATION_CONTEXT(2) 
PARAMETRIC_REPRESENTATION_CONTEXT() REPRESENTATION_CONTEXT('2D SPACE',''
  ) );
#14330 = ORIENTED_EDGE('',*,*,#14331,.F.);
#14331 = EDGE_CURVE('',#14243,#14304,#14332,.T.);
#14332 = SURFACE_CURVE('',#14333,(#14337,#14344),.PCURVE_S1.);
#14333 = LINE('',#14334,#14335);
#14334 = CARTESIAN_POINT('',(14.92,-13.02,3.));
#14335 = VECTOR('',#14336,1.);
#14336 = DIRECTION('',(0.,1.,0.));
#14337 = PCURVE('',#14251,#14338);
#14338 = DEFINITIONAL_REPRESENTATION('',(#14339),#14343);
#14339 = LINE('',#14340,#14341);
#14340 = CARTESIAN_POINT('',(11.5,0.));
#14341 = VECTOR('',#14342,1.);
#14342 = DIRECTION('',(0.,-1.));
#14343 = ( GEOMETRIC_REPRESENTATION_CONTEXT(2) 
PARAMETRIC_REPRESENTATION_CONTEXT() REPRESENTATION_CONTEXT('2D SPACE',''
  ) );
#14344 = PCURVE('',#14345,#14350);
#14345 = PLANE('',#14346);
#14346 = AXIS2_PLACEMENT_3D('',#14347,#14348,#14349);
#14347 = CARTESIAN_POINT('',(14.92,-13.02,3.));
#14348 = DIRECTION('',(0.,0.,1.));
#14349 = DIRECTION('',(1.,0.,0.));
#14350 = DEFINITIONAL_REPRESENTATION('',(#14351),#14355);
#14351 = LINE('',#14352,#14353);
#14352 = CARTESIAN_POINT('',(0.,0.));
#14353 = VECTOR('',#14354,1.);
#14354 = DIRECTION('',(0.,1.));
#14355 = ( GEOMETRIC_REPRESENTATION_CONTEXT(2) 
PARAMETRIC_REPRESENTATION_CONTEXT() REPRESENTATION_CONTEXT('2D SPACE',''
  ) );
#14356 = ADVANCED_FACE('',(#14357),#14371,.T.);
#14357 = FACE_BOUND('',#14358,.T.);
#14358 = EDGE_LOOP('',(#14359,#14389,#14412,#14435));
#14359 = ORIENTED_EDGE('',*,*,#14360,.F.);
#14360 = EDGE_CURVE('',#14361,#14363,#14365,.T.);
#14361 = VERTEX_POINT('',#14362);
#14362 = CARTESIAN_POINT('',(15.56,-13.02,-8.5));
#14363 = VERTEX_POINT('',#14364);
#14364 = CARTESIAN_POINT('',(15.56,-13.02,3.));
#14365 = SURFACE_CURVE('',#14366,(#14370,#14382),.PCURVE_S1.);
#14366 = LINE('',#14367,#14368);
#14367 = CARTESIAN_POINT('',(15.56,-13.02,-8.5));
#14368 = VECTOR('',#14369,1.);
#14369 = DIRECTION('',(0.,0.,1.));
#14370 = PCURVE('',#14371,#14376);
#14371 = PLANE('',#14372);
#14372 = AXIS2_PLACEMENT_3D('',#14373,#14374,#14375);
#14373 = CARTESIAN_POINT('',(15.56,-13.02,-8.5));
#14374 = DIRECTION('',(1.,0.,0.));
#14375 = DIRECTION('',(0.,0.,1.));
#14376 = DEFINITIONAL_REPRESENTATION('',(#14377),#14381);
#14377 = LINE('',#14378,#14379);
#14378 = CARTESIAN_POINT('',(0.,0.));
#14379 = VECTOR('',#14380,1.);
#14380 = DIRECTION('',(1.,0.));
#14381 = ( GEOMETRIC_REPRESENTATION_CONTEXT(2) 
PARAMETRIC_REPRESENTATION_CONTEXT() REPRESENTATION_CONTEXT('2D SPACE',''
  ) );
#14382 = PCURVE('',#14263,#14383);
#14383 = DEFINITIONAL_REPRESENTATION('',(#14384),#14388);
#14384 = LINE('',#14385,#14386);
#14385 = CARTESIAN_POINT('',(0.,0.64));
#14386 = VECTOR('',#14387,1.);
#14387 = DIRECTION('',(1.,0.));
#14388 = ( GEOMETRIC_REPRESENTATION_CONTEXT(2) 
PARAMETRIC_REPRESENTATION_CONTEXT() REPRESENTATION_CONTEXT('2D SPACE',''
  ) );
#14389 = ORIENTED_EDGE('',*,*,#14390,.T.);
#14390 = EDGE_CURVE('',#14361,#14391,#14393,.T.);
#14391 = VERTEX_POINT('',#14392);
#14392 = CARTESIAN_POINT('',(15.56,-12.38,-8.5));
#14393 = SURFACE_CURVE('',#14394,(#14398,#14405),.PCURVE_S1.);
#14394 = LINE('',#14395,#14396);
#14395 = CARTESIAN_POINT('',(15.56,-13.02,-8.5));
#14396 = VECTOR('',#14397,1.);
#14397 = DIRECTION('',(0.,1.,0.));
#14398 = PCURVE('',#14371,#14399);
#14399 = DEFINITIONAL_REPRESENTATION('',(#14400),#14404);
#14400 = LINE('',#14401,#14402);
#14401 = CARTESIAN_POINT('',(0.,0.));
#14402 = VECTOR('',#14403,1.);
#14403 = DIRECTION('',(0.,-1.));
#14404 = ( GEOMETRIC_REPRESENTATION_CONTEXT(2) 
PARAMETRIC_REPRESENTATION_CONTEXT() REPRESENTATION_CONTEXT('2D SPACE',''
  ) );
#14405 = PCURVE('',#14291,#14406);
#14406 = DEFINITIONAL_REPRESENTATION('',(#14407),#14411);
#14407 = LINE('',#14408,#14409);
#14408 = CARTESIAN_POINT('',(0.64,0.));
#14409 = VECTOR('',#14410,1.);
#14410 = DIRECTION('',(0.,1.));
#14411 = ( GEOMETRIC_REPRESENTATION_CONTEXT(2) 
PARAMETRIC_REPRESENTATION_CONTEXT() REPRESENTATION_CONTEXT('2D SPACE',''
  ) );
#14412 = ORIENTED_EDGE('',*,*,#14413,.T.);
#14413 = EDGE_CURVE('',#14391,#14414,#14416,.T.);
#14414 = VERTEX_POINT('',#14415);
#14415 = CARTESIAN_POINT('',(15.56,-12.38,3.));
#14416 = SURFACE_CURVE('',#14417,(#14421,#14428),.PCURVE_S1.);
#14417 = LINE('',#14418,#14419);
#14418 = CARTESIAN_POINT('',(15.56,-12.38,-8.5));
#14419 = VECTOR('',#14420,1.);
#14420 = DIRECTION('',(0.,0.,1.));
#14421 = PCURVE('',#14371,#14422);
#14422 = DEFINITIONAL_REPRESENTATION('',(#14423),#14427);
#14423 = LINE('',#14424,#14425);
#14424 = CARTESIAN_POINT('',(0.,-0.64));
#14425 = VECTOR('',#14426,1.);
#14426 = DIRECTION('',(1.,0.));
#14427 = ( GEOMETRIC_REPRESENTATION_CONTEXT(2) 
PARAMETRIC_REPRESENTATION_CONTEXT() REPRESENTATION_CONTEXT('2D SPACE',''
  ) );
#14428 = PCURVE('',#14319,#14429);
#14429 = DEFINITIONAL_REPRESENTATION('',(#14430),#14434);
#14430 = LINE('',#14431,#14432);
#14431 = CARTESIAN_POINT('',(0.,0.64));
#14432 = VECTOR('',#14433,1.);
#14433 = DIRECTION('',(1.,0.));
#14434 = ( GEOMETRIC_REPRESENTATION_CONTEXT(2) 
PARAMETRIC_REPRESENTATION_CONTEXT() REPRESENTATION_CONTEXT('2D SPACE',''
  ) );
#14435 = ORIENTED_EDGE('',*,*,#14436,.F.);
#14436 = EDGE_CURVE('',#14363,#14414,#14437,.T.);
#14437 = SURFACE_CURVE('',#14438,(#14442,#14449),.PCURVE_S1.);
#14438 = LINE('',#14439,#14440);
#14439 = CARTESIAN_POINT('',(15.56,-13.02,3.));
#14440 = VECTOR('',#14441,1.);
#14441 = DIRECTION('',(0.,1.,0.));
#14442 = PCURVE('',#14371,#14443);
#14443 = DEFINITIONAL_REPRESENTATION('',(#14444),#14448);
#14444 = LINE('',#14445,#14446);
#14445 = CARTESIAN_POINT('',(11.5,0.));
#14446 = VECTOR('',#14447,1.);
#14447 = DIRECTION('',(0.,-1.));
#14448 = ( GEOMETRIC_REPRESENTATION_CONTEXT(2) 
PARAMETRIC_REPRESENTATION_CONTEXT() REPRESENTATION_CONTEXT('2D SPACE',''
  ) );
#14449 = PCURVE('',#14345,#14450);
#14450 = DEFINITIONAL_REPRESENTATION('',(#14451),#14455);
#14451 = LINE('',#14452,#14453);
#14452 = CARTESIAN_POINT('',(0.64,0.));
#14453 = VECTOR('',#14454,1.);
#14454 = DIRECTION('',(0.,1.));
#14455 = ( GEOMETRIC_REPRESENTATION_CONTEXT(2) 
PARAMETRIC_REPRESENTATION_CONTEXT() REPRESENTATION_CONTEXT('2D SPACE',''
  ) );
#14456 = ADVANCED_FACE('',(#14457),#14263,.F.);
#14457 = FACE_BOUND('',#14458,.F.);
#14458 = EDGE_LOOP('',(#14459,#14480,#14481,#14502));
#14459 = ORIENTED_EDGE('',*,*,#14460,.F.);
#14460 = EDGE_CURVE('',#14241,#14361,#14461,.T.);
#14461 = SURFACE_CURVE('',#14462,(#14466,#14473),.PCURVE_S1.);
#14462 = LINE('',#14463,#14464);
#14463 = CARTESIAN_POINT('',(14.92,-13.02,-8.5));
#14464 = VECTOR('',#14465,1.);
#14465 = DIRECTION('',(1.,0.,0.));
#14466 = PCURVE('',#14263,#14467);
#14467 = DEFINITIONAL_REPRESENTATION('',(#14468),#14472);
#14468 = LINE('',#14469,#14470);
#14469 = CARTESIAN_POINT('',(0.,0.));
#14470 = VECTOR('',#14471,1.);
#14471 = DIRECTION('',(0.,1.));
#14472 = ( GEOMETRIC_REPRESENTATION_CONTEXT(2) 
PARAMETRIC_REPRESENTATION_CONTEXT() REPRESENTATION_CONTEXT('2D SPACE',''
  ) );
#14473 = PCURVE('',#14291,#14474);
#14474 = DEFINITIONAL_REPRESENTATION('',(#14475),#14479);
#14475 = LINE('',#14476,#14477);
#14476 = CARTESIAN_POINT('',(0.,0.));
#14477 = VECTOR('',#14478,1.);
#14478 = DIRECTION('',(1.,0.));
#14479 = ( GEOMETRIC_REPRESENTATION_CONTEXT(2) 
PARAMETRIC_REPRESENTATION_CONTEXT() REPRESENTATION_CONTEXT('2D SPACE',''
  ) );
#14480 = ORIENTED_EDGE('',*,*,#14240,.T.);
#14481 = ORIENTED_EDGE('',*,*,#14482,.T.);
#14482 = EDGE_CURVE('',#14243,#14363,#14483,.T.);
#14483 = SURFACE_CURVE('',#14484,(#14488,#14495),.PCURVE_S1.);
#14484 = LINE('',#14485,#14486);
#14485 = CARTESIAN_POINT('',(14.92,-13.02,3.));
#14486 = VECTOR('',#14487,1.);
#14487 = DIRECTION('',(1.,0.,0.));
#14488 = PCURVE('',#14263,#14489);
#14489 = DEFINITIONAL_REPRESENTATION('',(#14490),#14494);
#14490 = LINE('',#14491,#14492);
#14491 = CARTESIAN_POINT('',(11.5,0.));
#14492 = VECTOR('',#14493,1.);
#14493 = DIRECTION('',(0.,1.));
#14494 = ( GEOMETRIC_REPRESENTATION_CONTEXT(2) 
PARAMETRIC_REPRESENTATION_CONTEXT() REPRESENTATION_CONTEXT('2D SPACE',''
  ) );
#14495 = PCURVE('',#14345,#14496);
#14496 = DEFINITIONAL_REPRESENTATION('',(#14497),#14501);
#14497 = LINE('',#14498,#14499);
#14498 = CARTESIAN_POINT('',(0.,0.));
#14499 = VECTOR('',#14500,1.);
#14500 = DIRECTION('',(1.,0.));
#14501 = ( GEOMETRIC_REPRESENTATION_CONTEXT(2) 
PARAMETRIC_REPRESENTATION_CONTEXT() REPRESENTATION_CONTEXT('2D SPACE',''
  ) );
#14502 = ORIENTED_EDGE('',*,*,#14360,.F.);
#14503 = ADVANCED_FACE('',(#14504),#14319,.T.);
#14504 = FACE_BOUND('',#14505,.T.);
#14505 = EDGE_LOOP('',(#14506,#14527,#14528,#14549));
#14506 = ORIENTED_EDGE('',*,*,#14507,.F.);
#14507 = EDGE_CURVE('',#14276,#14391,#14508,.T.);
#14508 = SURFACE_CURVE('',#14509,(#14513,#14520),.PCURVE_S1.);
#14509 = LINE('',#14510,#14511);
#14510 = CARTESIAN_POINT('',(14.92,-12.38,-8.5));
#14511 = VECTOR('',#14512,1.);
#14512 = DIRECTION('',(1.,0.,0.));
#14513 = PCURVE('',#14319,#14514);
#14514 = DEFINITIONAL_REPRESENTATION('',(#14515),#14519);
#14515 = LINE('',#14516,#14517);
#14516 = CARTESIAN_POINT('',(0.,0.));
#14517 = VECTOR('',#14518,1.);
#14518 = DIRECTION('',(0.,1.));
#14519 = ( GEOMETRIC_REPRESENTATION_CONTEXT(2) 
PARAMETRIC_REPRESENTATION_CONTEXT() REPRESENTATION_CONTEXT('2D SPACE',''
  ) );
#14520 = PCURVE('',#14291,#14521);
#14521 = DEFINITIONAL_REPRESENTATION('',(#14522),#14526);
#14522 = LINE('',#14523,#14524);
#14523 = CARTESIAN_POINT('',(0.,0.64));
#14524 = VECTOR('',#14525,1.);
#14525 = DIRECTION('',(1.,0.));
#14526 = ( GEOMETRIC_REPRESENTATION_CONTEXT(2) 
PARAMETRIC_REPRESENTATION_CONTEXT() REPRESENTATION_CONTEXT('2D SPACE',''
  ) );
#14527 = ORIENTED_EDGE('',*,*,#14303,.T.);
#14528 = ORIENTED_EDGE('',*,*,#14529,.T.);
#14529 = EDGE_CURVE('',#14304,#14414,#14530,.T.);
#14530 = SURFACE_CURVE('',#14531,(#14535,#14542),.PCURVE_S1.);
#14531 = LINE('',#14532,#14533);
#14532 = CARTESIAN_POINT('',(14.92,-12.38,3.));
#14533 = VECTOR('',#14534,1.);
#14534 = DIRECTION('',(1.,0.,0.));
#14535 = PCURVE('',#14319,#14536);
#14536 = DEFINITIONAL_REPRESENTATION('',(#14537),#14541);
#14537 = LINE('',#14538,#14539);
#14538 = CARTESIAN_POINT('',(11.5,0.));
#14539 = VECTOR('',#14540,1.);
#14540 = DIRECTION('',(0.,1.));
#14541 = ( GEOMETRIC_REPRESENTATION_CONTEXT(2) 
PARAMETRIC_REPRESENTATION_CONTEXT() REPRESENTATION_CONTEXT('2D SPACE',''
  ) );
#14542 = PCURVE('',#14345,#14543);
#14543 = DEFINITIONAL_REPRESENTATION('',(#14544),#14548);
#14544 = LINE('',#14545,#14546);
#14545 = CARTESIAN_POINT('',(0.,0.64));
#14546 = VECTOR('',#14547,1.);
#14547 = DIRECTION('',(1.,0.));
#14548 = ( GEOMETRIC_REPRESENTATION_CONTEXT(2) 
PARAMETRIC_REPRESENTATION_CONTEXT() REPRESENTATION_CONTEXT('2D SPACE',''
  ) );
#14549 = ORIENTED_EDGE('',*,*,#14413,.F.);
#14550 = ADVANCED_FACE('',(#14551),#14291,.F.);
#14551 = FACE_BOUND('',#14552,.F.);
#14552 = EDGE_LOOP('',(#14553,#14554,#14555,#14556));
#14553 = ORIENTED_EDGE('',*,*,#14275,.F.);
#14554 = ORIENTED_EDGE('',*,*,#14460,.T.);
#14555 = ORIENTED_EDGE('',*,*,#14390,.T.);
#14556 = ORIENTED_EDGE('',*,*,#14507,.F.);
#14557 = ADVANCED_FACE('',(#14558),#14345,.T.);
#14558 = FACE_BOUND('',#14559,.T.);
#14559 = EDGE_LOOP('',(#14560,#14561,#14562,#14563));
#14560 = ORIENTED_EDGE('',*,*,#14331,.F.);
#14561 = ORIENTED_EDGE('',*,*,#14482,.T.);
#14562 = ORIENTED_EDGE('',*,*,#14436,.T.);
#14563 = ORIENTED_EDGE('',*,*,#14529,.F.);
#14564 = MANIFOLD_SOLID_BREP('',#14565);
#14565 = CLOSED_SHELL('',(#14566,#14686,#14786,#14833,#14880,#14887));
#14566 = ADVANCED_FACE('',(#14567),#14581,.F.);
#14567 = FACE_BOUND('',#14568,.F.);
#14568 = EDGE_LOOP('',(#14569,#14604,#14632,#14660));
#14569 = ORIENTED_EDGE('',*,*,#14570,.F.);
#14570 = EDGE_CURVE('',#14571,#14573,#14575,.T.);
#14571 = VERTEX_POINT('',#14572);
#14572 = CARTESIAN_POINT('',(14.92,-15.56,-8.5));
#14573 = VERTEX_POINT('',#14574);
#14574 = CARTESIAN_POINT('',(14.92,-15.56,3.));
#14575 = SURFACE_CURVE('',#14576,(#14580,#14592),.PCURVE_S1.);
#14576 = LINE('',#14577,#14578);
#14577 = CARTESIAN_POINT('',(14.92,-15.56,-8.5));
#14578 = VECTOR('',#14579,1.);
#14579 = DIRECTION('',(0.,0.,1.));
#14580 = PCURVE('',#14581,#14586);
#14581 = PLANE('',#14582);
#14582 = AXIS2_PLACEMENT_3D('',#14583,#14584,#14585);
#14583 = CARTESIAN_POINT('',(14.92,-15.56,-8.5));
#14584 = DIRECTION('',(1.,0.,0.));
#14585 = DIRECTION('',(0.,0.,1.));
#14586 = DEFINITIONAL_REPRESENTATION('',(#14587),#14591);
#14587 = LINE('',#14588,#14589);
#14588 = CARTESIAN_POINT('',(0.,0.));
#14589 = VECTOR('',#14590,1.);
#14590 = DIRECTION('',(1.,0.));
#14591 = ( GEOMETRIC_REPRESENTATION_CONTEXT(2) 
PARAMETRIC_REPRESENTATION_CONTEXT() REPRESENTATION_CONTEXT('2D SPACE',''
  ) );
#14592 = PCURVE('',#14593,#14598);
#14593 = PLANE('',#14594);
#14594 = AXIS2_PLACEMENT_3D('',#14595,#14596,#14597);
#14595 = CARTESIAN_POINT('',(14.92,-15.56,-8.5));
#14596 = DIRECTION('',(0.,1.,0.));
#14597 = DIRECTION('',(0.,0.,1.));
#14598 = DEFINITIONAL_REPRESENTATION('',(#14599),#14603);
#14599 = LINE('',#14600,#14601);
#14600 = CARTESIAN_POINT('',(0.,0.));
#14601 = VECTOR('',#14602,1.);
#14602 = DIRECTION('',(1.,0.));
#14603 = ( GEOMETRIC_REPRESENTATION_CONTEXT(2) 
PARAMETRIC_REPRESENTATION_CONTEXT() REPRESENTATION_CONTEXT('2D SPACE',''
  ) );
#14604 = ORIENTED_EDGE('',*,*,#14605,.T.);
#14605 = EDGE_CURVE('',#14571,#14606,#14608,.T.);
#14606 = VERTEX_POINT('',#14607);
#14607 = CARTESIAN_POINT('',(14.92,-14.92,-8.5));
#14608 = SURFACE_CURVE('',#14609,(#14613,#14620),.PCURVE_S1.);
#14609 = LINE('',#14610,#14611);
#14610 = CARTESIAN_POINT('',(14.92,-15.56,-8.5));
#14611 = VECTOR('',#14612,1.);
#14612 = DIRECTION('',(0.,1.,0.));
#14613 = PCURVE('',#14581,#14614);
#14614 = DEFINITIONAL_REPRESENTATION('',(#14615),#14619);
#14615 = LINE('',#14616,#14617);
#14616 = CARTESIAN_POINT('',(0.,0.));
#14617 = VECTOR('',#14618,1.);
#14618 = DIRECTION('',(0.,-1.));
#14619 = ( GEOMETRIC_REPRESENTATION_CONTEXT(2) 
PARAMETRIC_REPRESENTATION_CONTEXT() REPRESENTATION_CONTEXT('2D SPACE',''
  ) );
#14620 = PCURVE('',#14621,#14626);
#14621 = PLANE('',#14622);
#14622 = AXIS2_PLACEMENT_3D('',#14623,#14624,#14625);
#14623 = CARTESIAN_POINT('',(14.92,-15.56,-8.5));
#14624 = DIRECTION('',(0.,0.,1.));
#14625 = DIRECTION('',(1.,0.,0.));
#14626 = DEFINITIONAL_REPRESENTATION('',(#14627),#14631);
#14627 = LINE('',#14628,#14629);
#14628 = CARTESIAN_POINT('',(0.,0.));
#14629 = VECTOR('',#14630,1.);
#14630 = DIRECTION('',(0.,1.));
#14631 = ( GEOMETRIC_REPRESENTATION_CONTEXT(2) 
PARAMETRIC_REPRESENTATION_CONTEXT() REPRESENTATION_CONTEXT('2D SPACE',''
  ) );
#14632 = ORIENTED_EDGE('',*,*,#14633,.T.);
#14633 = EDGE_CURVE('',#14606,#14634,#14636,.T.);
#14634 = VERTEX_POINT('',#14635);
#14635 = CARTESIAN_POINT('',(14.92,-14.92,3.));
#14636 = SURFACE_CURVE('',#14637,(#14641,#14648),.PCURVE_S1.);
#14637 = LINE('',#14638,#14639);
#14638 = CARTESIAN_POINT('',(14.92,-14.92,-8.5));
#14639 = VECTOR('',#14640,1.);
#14640 = DIRECTION('',(0.,0.,1.));
#14641 = PCURVE('',#14581,#14642);
#14642 = DEFINITIONAL_REPRESENTATION('',(#14643),#14647);
#14643 = LINE('',#14644,#14645);
#14644 = CARTESIAN_POINT('',(0.,-0.64));
#14645 = VECTOR('',#14646,1.);
#14646 = DIRECTION('',(1.,0.));
#14647 = ( GEOMETRIC_REPRESENTATION_CONTEXT(2) 
PARAMETRIC_REPRESENTATION_CONTEXT() REPRESENTATION_CONTEXT('2D SPACE',''
  ) );
#14648 = PCURVE('',#14649,#14654);
#14649 = PLANE('',#14650);
#14650 = AXIS2_PLACEMENT_3D('',#14651,#14652,#14653);
#14651 = CARTESIAN_POINT('',(14.92,-14.92,-8.5));
#14652 = DIRECTION('',(0.,1.,0.));
#14653 = DIRECTION('',(0.,0.,1.));
#14654 = DEFINITIONAL_REPRESENTATION('',(#14655),#14659);
#14655 = LINE('',#14656,#14657);
#14656 = CARTESIAN_POINT('',(0.,0.));
#14657 = VECTOR('',#14658,1.);
#14658 = DIRECTION('',(1.,0.));
#14659 = ( GEOMETRIC_REPRESENTATION_CONTEXT(2) 
PARAMETRIC_REPRESENTATION_CONTEXT() REPRESENTATION_CONTEXT('2D SPACE',''
  ) );
#14660 = ORIENTED_EDGE('',*,*,#14661,.F.);
#14661 = EDGE_CURVE('',#14573,#14634,#14662,.T.);
#14662 = SURFACE_CURVE('',#14663,(#14667,#14674),.PCURVE_S1.);
#14663 = LINE('',#14664,#14665);
#14664 = CARTESIAN_POINT('',(14.92,-15.56,3.));
#14665 = VECTOR('',#14666,1.);
#14666 = DIRECTION('',(0.,1.,0.));
#14667 = PCURVE('',#14581,#14668);
#14668 = DEFINITIONAL_REPRESENTATION('',(#14669),#14673);
#14669 = LINE('',#14670,#14671);
#14670 = CARTESIAN_POINT('',(11.5,0.));
#14671 = VECTOR('',#14672,1.);
#14672 = DIRECTION('',(0.,-1.));
#14673 = ( GEOMETRIC_REPRESENTATION_CONTEXT(2) 
PARAMETRIC_REPRESENTATION_CONTEXT() REPRESENTATION_CONTEXT('2D SPACE',''
  ) );
#14674 = PCURVE('',#14675,#14680);
#14675 = PLANE('',#14676);
#14676 = AXIS2_PLACEMENT_3D('',#14677,#14678,#14679);
#14677 = CARTESIAN_POINT('',(14.92,-15.56,3.));
#14678 = DIRECTION('',(0.,0.,1.));
#14679 = DIRECTION('',(1.,0.,0.));
#14680 = DEFINITIONAL_REPRESENTATION('',(#14681),#14685);
#14681 = LINE('',#14682,#14683);
#14682 = CARTESIAN_POINT('',(0.,0.));
#14683 = VECTOR('',#14684,1.);
#14684 = DIRECTION('',(0.,1.));
#14685 = ( GEOMETRIC_REPRESENTATION_CONTEXT(2) 
PARAMETRIC_REPRESENTATION_CONTEXT() REPRESENTATION_CONTEXT('2D SPACE',''
  ) );
#14686 = ADVANCED_FACE('',(#14687),#14701,.T.);
#14687 = FACE_BOUND('',#14688,.T.);
#14688 = EDGE_LOOP('',(#14689,#14719,#14742,#14765));
#14689 = ORIENTED_EDGE('',*,*,#14690,.F.);
#14690 = EDGE_CURVE('',#14691,#14693,#14695,.T.);
#14691 = VERTEX_POINT('',#14692);
#14692 = CARTESIAN_POINT('',(15.56,-15.56,-8.5));
#14693 = VERTEX_POINT('',#14694);
#14694 = CARTESIAN_POINT('',(15.56,-15.56,3.));
#14695 = SURFACE_CURVE('',#14696,(#14700,#14712),.PCURVE_S1.);
#14696 = LINE('',#14697,#14698);
#14697 = CARTESIAN_POINT('',(15.56,-15.56,-8.5));
#14698 = VECTOR('',#14699,1.);
#14699 = DIRECTION('',(0.,0.,1.));
#14700 = PCURVE('',#14701,#14706);
#14701 = PLANE('',#14702);
#14702 = AXIS2_PLACEMENT_3D('',#14703,#14704,#14705);
#14703 = CARTESIAN_POINT('',(15.56,-15.56,-8.5));
#14704 = DIRECTION('',(1.,0.,0.));
#14705 = DIRECTION('',(0.,0.,1.));
#14706 = DEFINITIONAL_REPRESENTATION('',(#14707),#14711);
#14707 = LINE('',#14708,#14709);
#14708 = CARTESIAN_POINT('',(0.,0.));
#14709 = VECTOR('',#14710,1.);
#14710 = DIRECTION('',(1.,0.));
#14711 = ( GEOMETRIC_REPRESENTATION_CONTEXT(2) 
PARAMETRIC_REPRESENTATION_CONTEXT() REPRESENTATION_CONTEXT('2D SPACE',''
  ) );
#14712 = PCURVE('',#14593,#14713);
#14713 = DEFINITIONAL_REPRESENTATION('',(#14714),#14718);
#14714 = LINE('',#14715,#14716);
#14715 = CARTESIAN_POINT('',(0.,0.64));
#14716 = VECTOR('',#14717,1.);
#14717 = DIRECTION('',(1.,0.));
#14718 = ( GEOMETRIC_REPRESENTATION_CONTEXT(2) 
PARAMETRIC_REPRESENTATION_CONTEXT() REPRESENTATION_CONTEXT('2D SPACE',''
  ) );
#14719 = ORIENTED_EDGE('',*,*,#14720,.T.);
#14720 = EDGE_CURVE('',#14691,#14721,#14723,.T.);
#14721 = VERTEX_POINT('',#14722);
#14722 = CARTESIAN_POINT('',(15.56,-14.92,-8.5));
#14723 = SURFACE_CURVE('',#14724,(#14728,#14735),.PCURVE_S1.);
#14724 = LINE('',#14725,#14726);
#14725 = CARTESIAN_POINT('',(15.56,-15.56,-8.5));
#14726 = VECTOR('',#14727,1.);
#14727 = DIRECTION('',(0.,1.,0.));
#14728 = PCURVE('',#14701,#14729);
#14729 = DEFINITIONAL_REPRESENTATION('',(#14730),#14734);
#14730 = LINE('',#14731,#14732);
#14731 = CARTESIAN_POINT('',(0.,0.));
#14732 = VECTOR('',#14733,1.);
#14733 = DIRECTION('',(0.,-1.));
#14734 = ( GEOMETRIC_REPRESENTATION_CONTEXT(2) 
PARAMETRIC_REPRESENTATION_CONTEXT() REPRESENTATION_CONTEXT('2D SPACE',''
  ) );
#14735 = PCURVE('',#14621,#14736);
#14736 = DEFINITIONAL_REPRESENTATION('',(#14737),#14741);
#14737 = LINE('',#14738,#14739);
#14738 = CARTESIAN_POINT('',(0.64,0.));
#14739 = VECTOR('',#14740,1.);
#14740 = DIRECTION('',(0.,1.));
#14741 = ( GEOMETRIC_REPRESENTATION_CONTEXT(2) 
PARAMETRIC_REPRESENTATION_CONTEXT() REPRESENTATION_CONTEXT('2D SPACE',''
  ) );
#14742 = ORIENTED_EDGE('',*,*,#14743,.T.);
#14743 = EDGE_CURVE('',#14721,#14744,#14746,.T.);
#14744 = VERTEX_POINT('',#14745);
#14745 = CARTESIAN_POINT('',(15.56,-14.92,3.));
#14746 = SURFACE_CURVE('',#14747,(#14751,#14758),.PCURVE_S1.);
#14747 = LINE('',#14748,#14749);
#14748 = CARTESIAN_POINT('',(15.56,-14.92,-8.5));
#14749 = VECTOR('',#14750,1.);
#14750 = DIRECTION('',(0.,0.,1.));
#14751 = PCURVE('',#14701,#14752);
#14752 = DEFINITIONAL_REPRESENTATION('',(#14753),#14757);
#14753 = LINE('',#14754,#14755);
#14754 = CARTESIAN_POINT('',(0.,-0.64));
#14755 = VECTOR('',#14756,1.);
#14756 = DIRECTION('',(1.,0.));
#14757 = ( GEOMETRIC_REPRESENTATION_CONTEXT(2) 
PARAMETRIC_REPRESENTATION_CONTEXT() REPRESENTATION_CONTEXT('2D SPACE',''
  ) );
#14758 = PCURVE('',#14649,#14759);
#14759 = DEFINITIONAL_REPRESENTATION('',(#14760),#14764);
#14760 = LINE('',#14761,#14762);
#14761 = CARTESIAN_POINT('',(0.,0.64));
#14762 = VECTOR('',#14763,1.);
#14763 = DIRECTION('',(1.,0.));
#14764 = ( GEOMETRIC_REPRESENTATION_CONTEXT(2) 
PARAMETRIC_REPRESENTATION_CONTEXT() REPRESENTATION_CONTEXT('2D SPACE',''
  ) );
#14765 = ORIENTED_EDGE('',*,*,#14766,.F.);
#14766 = EDGE_CURVE('',#14693,#14744,#14767,.T.);
#14767 = SURFACE_CURVE('',#14768,(#14772,#14779),.PCURVE_S1.);
#14768 = LINE('',#14769,#14770);
#14769 = CARTESIAN_POINT('',(15.56,-15.56,3.));
#14770 = VECTOR('',#14771,1.);
#14771 = DIRECTION('',(0.,1.,0.));
#14772 = PCURVE('',#14701,#14773);
#14773 = DEFINITIONAL_REPRESENTATION('',(#14774),#14778);
#14774 = LINE('',#14775,#14776);
#14775 = CARTESIAN_POINT('',(11.5,0.));
#14776 = VECTOR('',#14777,1.);
#14777 = DIRECTION('',(0.,-1.));
#14778 = ( GEOMETRIC_REPRESENTATION_CONTEXT(2) 
PARAMETRIC_REPRESENTATION_CONTEXT() REPRESENTATION_CONTEXT('2D SPACE',''
  ) );
#14779 = PCURVE('',#14675,#14780);
#14780 = DEFINITIONAL_REPRESENTATION('',(#14781),#14785);
#14781 = LINE('',#14782,#14783);
#14782 = CARTESIAN_POINT('',(0.64,0.));
#14783 = VECTOR('',#14784,1.);
#14784 = DIRECTION('',(0.,1.));
#14785 = ( GEOMETRIC_REPRESENTATION_CONTEXT(2) 
PARAMETRIC_REPRESENTATION_CONTEXT() REPRESENTATION_CONTEXT('2D SPACE',''
  ) );
#14786 = ADVANCED_FACE('',(#14787),#14593,.F.);
#14787 = FACE_BOUND('',#14788,.F.);
#14788 = EDGE_LOOP('',(#14789,#14810,#14811,#14832));
#14789 = ORIENTED_EDGE('',*,*,#14790,.F.);
#14790 = EDGE_CURVE('',#14571,#14691,#14791,.T.);
#14791 = SURFACE_CURVE('',#14792,(#14796,#14803),.PCURVE_S1.);
#14792 = LINE('',#14793,#14794);
#14793 = CARTESIAN_POINT('',(14.92,-15.56,-8.5));
#14794 = VECTOR('',#14795,1.);
#14795 = DIRECTION('',(1.,0.,0.));
#14796 = PCURVE('',#14593,#14797);
#14797 = DEFINITIONAL_REPRESENTATION('',(#14798),#14802);
#14798 = LINE('',#14799,#14800);
#14799 = CARTESIAN_POINT('',(0.,0.));
#14800 = VECTOR('',#14801,1.);
#14801 = DIRECTION('',(0.,1.));
#14802 = ( GEOMETRIC_REPRESENTATION_CONTEXT(2) 
PARAMETRIC_REPRESENTATION_CONTEXT() REPRESENTATION_CONTEXT('2D SPACE',''
  ) );
#14803 = PCURVE('',#14621,#14804);
#14804 = DEFINITIONAL_REPRESENTATION('',(#14805),#14809);
#14805 = LINE('',#14806,#14807);
#14806 = CARTESIAN_POINT('',(0.,0.));
#14807 = VECTOR('',#14808,1.);
#14808 = DIRECTION('',(1.,0.));
#14809 = ( GEOMETRIC_REPRESENTATION_CONTEXT(2) 
PARAMETRIC_REPRESENTATION_CONTEXT() REPRESENTATION_CONTEXT('2D SPACE',''
  ) );
#14810 = ORIENTED_EDGE('',*,*,#14570,.T.);
#14811 = ORIENTED_EDGE('',*,*,#14812,.T.);
#14812 = EDGE_CURVE('',#14573,#14693,#14813,.T.);
#14813 = SURFACE_CURVE('',#14814,(#14818,#14825),.PCURVE_S1.);
#14814 = LINE('',#14815,#14816);
#14815 = CARTESIAN_POINT('',(14.92,-15.56,3.));
#14816 = VECTOR('',#14817,1.);
#14817 = DIRECTION('',(1.,0.,0.));
#14818 = PCURVE('',#14593,#14819);
#14819 = DEFINITIONAL_REPRESENTATION('',(#14820),#14824);
#14820 = LINE('',#14821,#14822);
#14821 = CARTESIAN_POINT('',(11.5,0.));
#14822 = VECTOR('',#14823,1.);
#14823 = DIRECTION('',(0.,1.));
#14824 = ( GEOMETRIC_REPRESENTATION_CONTEXT(2) 
PARAMETRIC_REPRESENTATION_CONTEXT() REPRESENTATION_CONTEXT('2D SPACE',''
  ) );
#14825 = PCURVE('',#14675,#14826);
#14826 = DEFINITIONAL_REPRESENTATION('',(#14827),#14831);
#14827 = LINE('',#14828,#14829);
#14828 = CARTESIAN_POINT('',(0.,0.));
#14829 = VECTOR('',#14830,1.);
#14830 = DIRECTION('',(1.,0.));
#14831 = ( GEOMETRIC_REPRESENTATION_CONTEXT(2) 
PARAMETRIC_REPRESENTATION_CONTEXT() REPRESENTATION_CONTEXT('2D SPACE',''
  ) );
#14832 = ORIENTED_EDGE('',*,*,#14690,.F.);
#14833 = ADVANCED_FACE('',(#14834),#14649,.T.);
#14834 = FACE_BOUND('',#14835,.T.);
#14835 = EDGE_LOOP('',(#14836,#14857,#14858,#14879));
#14836 = ORIENTED_EDGE('',*,*,#14837,.F.);
#14837 = EDGE_CURVE('',#14606,#14721,#14838,.T.);
#14838 = SURFACE_CURVE('',#14839,(#14843,#14850),.PCURVE_S1.);
#14839 = LINE('',#14840,#14841);
#14840 = CARTESIAN_POINT('',(14.92,-14.92,-8.5));
#14841 = VECTOR('',#14842,1.);
#14842 = DIRECTION('',(1.,0.,0.));
#14843 = PCURVE('',#14649,#14844);
#14844 = DEFINITIONAL_REPRESENTATION('',(#14845),#14849);
#14845 = LINE('',#14846,#14847);
#14846 = CARTESIAN_POINT('',(0.,0.));
#14847 = VECTOR('',#14848,1.);
#14848 = DIRECTION('',(0.,1.));
#14849 = ( GEOMETRIC_REPRESENTATION_CONTEXT(2) 
PARAMETRIC_REPRESENTATION_CONTEXT() REPRESENTATION_CONTEXT('2D SPACE',''
  ) );
#14850 = PCURVE('',#14621,#14851);
#14851 = DEFINITIONAL_REPRESENTATION('',(#14852),#14856);
#14852 = LINE('',#14853,#14854);
#14853 = CARTESIAN_POINT('',(0.,0.64));
#14854 = VECTOR('',#14855,1.);
#14855 = DIRECTION('',(1.,0.));
#14856 = ( GEOMETRIC_REPRESENTATION_CONTEXT(2) 
PARAMETRIC_REPRESENTATION_CONTEXT() REPRESENTATION_CONTEXT('2D SPACE',''
  ) );
#14857 = ORIENTED_EDGE('',*,*,#14633,.T.);
#14858 = ORIENTED_EDGE('',*,*,#14859,.T.);
#14859 = EDGE_CURVE('',#14634,#14744,#14860,.T.);
#14860 = SURFACE_CURVE('',#14861,(#14865,#14872),.PCURVE_S1.);
#14861 = LINE('',#14862,#14863);
#14862 = CARTESIAN_POINT('',(14.92,-14.92,3.));
#14863 = VECTOR('',#14864,1.);
#14864 = DIRECTION('',(1.,0.,0.));
#14865 = PCURVE('',#14649,#14866);
#14866 = DEFINITIONAL_REPRESENTATION('',(#14867),#14871);
#14867 = LINE('',#14868,#14869);
#14868 = CARTESIAN_POINT('',(11.5,0.));
#14869 = VECTOR('',#14870,1.);
#14870 = DIRECTION('',(0.,1.));
#14871 = ( GEOMETRIC_REPRESENTATION_CONTEXT(2) 
PARAMETRIC_REPRESENTATION_CONTEXT() REPRESENTATION_CONTEXT('2D SPACE',''
  ) );
#14872 = PCURVE('',#14675,#14873);
#14873 = DEFINITIONAL_REPRESENTATION('',(#14874),#14878);
#14874 = LINE('',#14875,#14876);
#14875 = CARTESIAN_POINT('',(0.,0.64));
#14876 = VECTOR('',#14877,1.);
#14877 = DIRECTION('',(1.,0.));
#14878 = ( GEOMETRIC_REPRESENTATION_CONTEXT(2) 
PARAMETRIC_REPRESENTATION_CONTEXT() REPRESENTATION_CONTEXT('2D SPACE',''
  ) );
#14879 = ORIENTED_EDGE('',*,*,#14743,.F.);
#14880 = ADVANCED_FACE('',(#14881),#14621,.F.);
#14881 = FACE_BOUND('',#14882,.F.);
#14882 = EDGE_LOOP('',(#14883,#14884,#14885,#14886));
#14883 = ORIENTED_EDGE('',*,*,#14605,.F.);
#14884 = ORIENTED_EDGE('',*,*,#14790,.T.);
#14885 = ORIENTED_EDGE('',*,*,#14720,.T.);
#14886 = ORIENTED_EDGE('',*,*,#14837,.F.);
#14887 = ADVANCED_FACE('',(#14888),#14675,.T.);
#14888 = FACE_BOUND('',#14889,.T.);
#14889 = EDGE_LOOP('',(#14890,#14891,#14892,#14893));
#14890 = ORIENTED_EDGE('',*,*,#14661,.F.);
#14891 = ORIENTED_EDGE('',*,*,#14812,.T.);
#14892 = ORIENTED_EDGE('',*,*,#14766,.T.);
#14893 = ORIENTED_EDGE('',*,*,#14859,.F.);
#14894 = MANIFOLD_SOLID_BREP('',#14895);
#14895 = CLOSED_SHELL('',(#14896,#15016,#15116,#15163,#15210,#15217));
#14896 = ADVANCED_FACE('',(#14897),#14911,.F.);
#14897 = FACE_BOUND('',#14898,.F.);
#14898 = EDGE_LOOP('',(#14899,#14934,#14962,#14990));
#14899 = ORIENTED_EDGE('',*,*,#14900,.F.);
#14900 = EDGE_CURVE('',#14901,#14903,#14905,.T.);
#14901 = VERTEX_POINT('',#14902);
#14902 = CARTESIAN_POINT('',(14.92,-18.1,-8.5));
#14903 = VERTEX_POINT('',#14904);
#14904 = CARTESIAN_POINT('',(14.92,-18.1,3.));
#14905 = SURFACE_CURVE('',#14906,(#14910,#14922),.PCURVE_S1.);
#14906 = LINE('',#14907,#14908);
#14907 = CARTESIAN_POINT('',(14.92,-18.1,-8.5));
#14908 = VECTOR('',#14909,1.);
#14909 = DIRECTION('',(0.,0.,1.));
#14910 = PCURVE('',#14911,#14916);
#14911 = PLANE('',#14912);
#14912 = AXIS2_PLACEMENT_3D('',#14913,#14914,#14915);
#14913 = CARTESIAN_POINT('',(14.92,-18.1,-8.5));
#14914 = DIRECTION('',(1.,0.,0.));
#14915 = DIRECTION('',(0.,0.,1.));
#14916 = DEFINITIONAL_REPRESENTATION('',(#14917),#14921);
#14917 = LINE('',#14918,#14919);
#14918 = CARTESIAN_POINT('',(0.,0.));
#14919 = VECTOR('',#14920,1.);
#14920 = DIRECTION('',(1.,0.));
#14921 = ( GEOMETRIC_REPRESENTATION_CONTEXT(2) 
PARAMETRIC_REPRESENTATION_CONTEXT() REPRESENTATION_CONTEXT('2D SPACE',''
  ) );
#14922 = PCURVE('',#14923,#14928);
#14923 = PLANE('',#14924);
#14924 = AXIS2_PLACEMENT_3D('',#14925,#14926,#14927);
#14925 = CARTESIAN_POINT('',(14.92,-18.1,-8.5));
#14926 = DIRECTION('',(0.,1.,0.));
#14927 = DIRECTION('',(0.,0.,1.));
#14928 = DEFINITIONAL_REPRESENTATION('',(#14929),#14933);
#14929 = LINE('',#14930,#14931);
#14930 = CARTESIAN_POINT('',(0.,0.));
#14931 = VECTOR('',#14932,1.);
#14932 = DIRECTION('',(1.,0.));
#14933 = ( GEOMETRIC_REPRESENTATION_CONTEXT(2) 
PARAMETRIC_REPRESENTATION_CONTEXT() REPRESENTATION_CONTEXT('2D SPACE',''
  ) );
#14934 = ORIENTED_EDGE('',*,*,#14935,.T.);
#14935 = EDGE_CURVE('',#14901,#14936,#14938,.T.);
#14936 = VERTEX_POINT('',#14937);
#14937 = CARTESIAN_POINT('',(14.92,-17.46,-8.5));
#14938 = SURFACE_CURVE('',#14939,(#14943,#14950),.PCURVE_S1.);
#14939 = LINE('',#14940,#14941);
#14940 = CARTESIAN_POINT('',(14.92,-18.1,-8.5));
#14941 = VECTOR('',#14942,1.);
#14942 = DIRECTION('',(0.,1.,0.));
#14943 = PCURVE('',#14911,#14944);
#14944 = DEFINITIONAL_REPRESENTATION('',(#14945),#14949);
#14945 = LINE('',#14946,#14947);
#14946 = CARTESIAN_POINT('',(0.,0.));
#14947 = VECTOR('',#14948,1.);
#14948 = DIRECTION('',(0.,-1.));
#14949 = ( GEOMETRIC_REPRESENTATION_CONTEXT(2) 
PARAMETRIC_REPRESENTATION_CONTEXT() REPRESENTATION_CONTEXT('2D SPACE',''
  ) );
#14950 = PCURVE('',#14951,#14956);
#14951 = PLANE('',#14952);
#14952 = AXIS2_PLACEMENT_3D('',#14953,#14954,#14955);
#14953 = CARTESIAN_POINT('',(14.92,-18.1,-8.5));
#14954 = DIRECTION('',(0.,0.,1.));
#14955 = DIRECTION('',(1.,0.,0.));
#14956 = DEFINITIONAL_REPRESENTATION('',(#14957),#14961);
#14957 = LINE('',#14958,#14959);
#14958 = CARTESIAN_POINT('',(0.,0.));
#14959 = VECTOR('',#14960,1.);
#14960 = DIRECTION('',(0.,1.));
#14961 = ( GEOMETRIC_REPRESENTATION_CONTEXT(2) 
PARAMETRIC_REPRESENTATION_CONTEXT() REPRESENTATION_CONTEXT('2D SPACE',''
  ) );
#14962 = ORIENTED_EDGE('',*,*,#14963,.T.);
#14963 = EDGE_CURVE('',#14936,#14964,#14966,.T.);
#14964 = VERTEX_POINT('',#14965);
#14965 = CARTESIAN_POINT('',(14.92,-17.46,3.));
#14966 = SURFACE_CURVE('',#14967,(#14971,#14978),.PCURVE_S1.);
#14967 = LINE('',#14968,#14969);
#14968 = CARTESIAN_POINT('',(14.92,-17.46,-8.5));
#14969 = VECTOR('',#14970,1.);
#14970 = DIRECTION('',(0.,0.,1.));
#14971 = PCURVE('',#14911,#14972);
#14972 = DEFINITIONAL_REPRESENTATION('',(#14973),#14977);
#14973 = LINE('',#14974,#14975);
#14974 = CARTESIAN_POINT('',(0.,-0.64));
#14975 = VECTOR('',#14976,1.);
#14976 = DIRECTION('',(1.,0.));
#14977 = ( GEOMETRIC_REPRESENTATION_CONTEXT(2) 
PARAMETRIC_REPRESENTATION_CONTEXT() REPRESENTATION_CONTEXT('2D SPACE',''
  ) );
#14978 = PCURVE('',#14979,#14984);
#14979 = PLANE('',#14980);
#14980 = AXIS2_PLACEMENT_3D('',#14981,#14982,#14983);
#14981 = CARTESIAN_POINT('',(14.92,-17.46,-8.5));
#14982 = DIRECTION('',(0.,1.,0.));
#14983 = DIRECTION('',(0.,0.,1.));
#14984 = DEFINITIONAL_REPRESENTATION('',(#14985),#14989);
#14985 = LINE('',#14986,#14987);
#14986 = CARTESIAN_POINT('',(0.,0.));
#14987 = VECTOR('',#14988,1.);
#14988 = DIRECTION('',(1.,0.));
#14989 = ( GEOMETRIC_REPRESENTATION_CONTEXT(2) 
PARAMETRIC_REPRESENTATION_CONTEXT() REPRESENTATION_CONTEXT('2D SPACE',''
  ) );
#14990 = ORIENTED_EDGE('',*,*,#14991,.F.);
#14991 = EDGE_CURVE('',#14903,#14964,#14992,.T.);
#14992 = SURFACE_CURVE('',#14993,(#14997,#15004),.PCURVE_S1.);
#14993 = LINE('',#14994,#14995);
#14994 = CARTESIAN_POINT('',(14.92,-18.1,3.));
#14995 = VECTOR('',#14996,1.);
#14996 = DIRECTION('',(0.,1.,0.));
#14997 = PCURVE('',#14911,#14998);
#14998 = DEFINITIONAL_REPRESENTATION('',(#14999),#15003);
#14999 = LINE('',#15000,#15001);
#15000 = CARTESIAN_POINT('',(11.5,0.));
#15001 = VECTOR('',#15002,1.);
#15002 = DIRECTION('',(0.,-1.));
#15003 = ( GEOMETRIC_REPRESENTATION_CONTEXT(2) 
PARAMETRIC_REPRESENTATION_CONTEXT() REPRESENTATION_CONTEXT('2D SPACE',''
  ) );
#15004 = PCURVE('',#15005,#15010);
#15005 = PLANE('',#15006);
#15006 = AXIS2_PLACEMENT_3D('',#15007,#15008,#15009);
#15007 = CARTESIAN_POINT('',(14.92,-18.1,3.));
#15008 = DIRECTION('',(0.,0.,1.));
#15009 = DIRECTION('',(1.,0.,0.));
#15010 = DEFINITIONAL_REPRESENTATION('',(#15011),#15015);
#15011 = LINE('',#15012,#15013);
#15012 = CARTESIAN_POINT('',(0.,0.));
#15013 = VECTOR('',#15014,1.);
#15014 = DIRECTION('',(0.,1.));
#15015 = ( GEOMETRIC_REPRESENTATION_CONTEXT(2) 
PARAMETRIC_REPRESENTATION_CONTEXT() REPRESENTATION_CONTEXT('2D SPACE',''
  ) );
#15016 = ADVANCED_FACE('',(#15017),#15031,.T.);
#15017 = FACE_BOUND('',#15018,.T.);
#15018 = EDGE_LOOP('',(#15019,#15049,#15072,#15095));
#15019 = ORIENTED_EDGE('',*,*,#15020,.F.);
#15020 = EDGE_CURVE('',#15021,#15023,#15025,.T.);
#15021 = VERTEX_POINT('',#15022);
#15022 = CARTESIAN_POINT('',(15.56,-18.1,-8.5));
#15023 = VERTEX_POINT('',#15024);
#15024 = CARTESIAN_POINT('',(15.56,-18.1,3.));
#15025 = SURFACE_CURVE('',#15026,(#15030,#15042),.PCURVE_S1.);
#15026 = LINE('',#15027,#15028);
#15027 = CARTESIAN_POINT('',(15.56,-18.1,-8.5));
#15028 = VECTOR('',#15029,1.);
#15029 = DIRECTION('',(0.,0.,1.));
#15030 = PCURVE('',#15031,#15036);
#15031 = PLANE('',#15032);
#15032 = AXIS2_PLACEMENT_3D('',#15033,#15034,#15035);
#15033 = CARTESIAN_POINT('',(15.56,-18.1,-8.5));
#15034 = DIRECTION('',(1.,0.,0.));
#15035 = DIRECTION('',(0.,0.,1.));
#15036 = DEFINITIONAL_REPRESENTATION('',(#15037),#15041);
#15037 = LINE('',#15038,#15039);
#15038 = CARTESIAN_POINT('',(0.,0.));
#15039 = VECTOR('',#15040,1.);
#15040 = DIRECTION('',(1.,0.));
#15041 = ( GEOMETRIC_REPRESENTATION_CONTEXT(2) 
PARAMETRIC_REPRESENTATION_CONTEXT() REPRESENTATION_CONTEXT('2D SPACE',''
  ) );
#15042 = PCURVE('',#14923,#15043);
#15043 = DEFINITIONAL_REPRESENTATION('',(#15044),#15048);
#15044 = LINE('',#15045,#15046);
#15045 = CARTESIAN_POINT('',(0.,0.64));
#15046 = VECTOR('',#15047,1.);
#15047 = DIRECTION('',(1.,0.));
#15048 = ( GEOMETRIC_REPRESENTATION_CONTEXT(2) 
PARAMETRIC_REPRESENTATION_CONTEXT() REPRESENTATION_CONTEXT('2D SPACE',''
  ) );
#15049 = ORIENTED_EDGE('',*,*,#15050,.T.);
#15050 = EDGE_CURVE('',#15021,#15051,#15053,.T.);
#15051 = VERTEX_POINT('',#15052);
#15052 = CARTESIAN_POINT('',(15.56,-17.46,-8.5));
#15053 = SURFACE_CURVE('',#15054,(#15058,#15065),.PCURVE_S1.);
#15054 = LINE('',#15055,#15056);
#15055 = CARTESIAN_POINT('',(15.56,-18.1,-8.5));
#15056 = VECTOR('',#15057,1.);
#15057 = DIRECTION('',(0.,1.,0.));
#15058 = PCURVE('',#15031,#15059);
#15059 = DEFINITIONAL_REPRESENTATION('',(#15060),#15064);
#15060 = LINE('',#15061,#15062);
#15061 = CARTESIAN_POINT('',(0.,0.));
#15062 = VECTOR('',#15063,1.);
#15063 = DIRECTION('',(0.,-1.));
#15064 = ( GEOMETRIC_REPRESENTATION_CONTEXT(2) 
PARAMETRIC_REPRESENTATION_CONTEXT() REPRESENTATION_CONTEXT('2D SPACE',''
  ) );
#15065 = PCURVE('',#14951,#15066);
#15066 = DEFINITIONAL_REPRESENTATION('',(#15067),#15071);
#15067 = LINE('',#15068,#15069);
#15068 = CARTESIAN_POINT('',(0.64,0.));
#15069 = VECTOR('',#15070,1.);
#15070 = DIRECTION('',(0.,1.));
#15071 = ( GEOMETRIC_REPRESENTATION_CONTEXT(2) 
PARAMETRIC_REPRESENTATION_CONTEXT() REPRESENTATION_CONTEXT('2D SPACE',''
  ) );
#15072 = ORIENTED_EDGE('',*,*,#15073,.T.);
#15073 = EDGE_CURVE('',#15051,#15074,#15076,.T.);
#15074 = VERTEX_POINT('',#15075);
#15075 = CARTESIAN_POINT('',(15.56,-17.46,3.));
#15076 = SURFACE_CURVE('',#15077,(#15081,#15088),.PCURVE_S1.);
#15077 = LINE('',#15078,#15079);
#15078 = CARTESIAN_POINT('',(15.56,-17.46,-8.5));
#15079 = VECTOR('',#15080,1.);
#15080 = DIRECTION('',(0.,0.,1.));
#15081 = PCURVE('',#15031,#15082);
#15082 = DEFINITIONAL_REPRESENTATION('',(#15083),#15087);
#15083 = LINE('',#15084,#15085);
#15084 = CARTESIAN_POINT('',(0.,-0.64));
#15085 = VECTOR('',#15086,1.);
#15086 = DIRECTION('',(1.,0.));
#15087 = ( GEOMETRIC_REPRESENTATION_CONTEXT(2) 
PARAMETRIC_REPRESENTATION_CONTEXT() REPRESENTATION_CONTEXT('2D SPACE',''
  ) );
#15088 = PCURVE('',#14979,#15089);
#15089 = DEFINITIONAL_REPRESENTATION('',(#15090),#15094);
#15090 = LINE('',#15091,#15092);
#15091 = CARTESIAN_POINT('',(0.,0.64));
#15092 = VECTOR('',#15093,1.);
#15093 = DIRECTION('',(1.,0.));
#15094 = ( GEOMETRIC_REPRESENTATION_CONTEXT(2) 
PARAMETRIC_REPRESENTATION_CONTEXT() REPRESENTATION_CONTEXT('2D SPACE',''
  ) );
#15095 = ORIENTED_EDGE('',*,*,#15096,.F.);
#15096 = EDGE_CURVE('',#15023,#15074,#15097,.T.);
#15097 = SURFACE_CURVE('',#15098,(#15102,#15109),.PCURVE_S1.);
#15098 = LINE('',#15099,#15100);
#15099 = CARTESIAN_POINT('',(15.56,-18.1,3.));
#15100 = VECTOR('',#15101,1.);
#15101 = DIRECTION('',(0.,1.,0.));
#15102 = PCURVE('',#15031,#15103);
#15103 = DEFINITIONAL_REPRESENTATION('',(#15104),#15108);
#15104 = LINE('',#15105,#15106);
#15105 = CARTESIAN_POINT('',(11.5,0.));
#15106 = VECTOR('',#15107,1.);
#15107 = DIRECTION('',(0.,-1.));
#15108 = ( GEOMETRIC_REPRESENTATION_CONTEXT(2) 
PARAMETRIC_REPRESENTATION_CONTEXT() REPRESENTATION_CONTEXT('2D SPACE',''
  ) );
#15109 = PCURVE('',#15005,#15110);
#15110 = DEFINITIONAL_REPRESENTATION('',(#15111),#15115);
#15111 = LINE('',#15112,#15113);
#15112 = CARTESIAN_POINT('',(0.64,0.));
#15113 = VECTOR('',#15114,1.);
#15114 = DIRECTION('',(0.,1.));
#15115 = ( GEOMETRIC_REPRESENTATION_CONTEXT(2) 
PARAMETRIC_REPRESENTATION_CONTEXT() REPRESENTATION_CONTEXT('2D SPACE',''
  ) );
#15116 = ADVANCED_FACE('',(#15117),#14923,.F.);
#15117 = FACE_BOUND('',#15118,.F.);
#15118 = EDGE_LOOP('',(#15119,#15140,#15141,#15162));
#15119 = ORIENTED_EDGE('',*,*,#15120,.F.);
#15120 = EDGE_CURVE('',#14901,#15021,#15121,.T.);
#15121 = SURFACE_CURVE('',#15122,(#15126,#15133),.PCURVE_S1.);
#15122 = LINE('',#15123,#15124);
#15123 = CARTESIAN_POINT('',(14.92,-18.1,-8.5));
#15124 = VECTOR('',#15125,1.);
#15125 = DIRECTION('',(1.,0.,0.));
#15126 = PCURVE('',#14923,#15127);
#15127 = DEFINITIONAL_REPRESENTATION('',(#15128),#15132);
#15128 = LINE('',#15129,#15130);
#15129 = CARTESIAN_POINT('',(0.,0.));
#15130 = VECTOR('',#15131,1.);
#15131 = DIRECTION('',(0.,1.));
#15132 = ( GEOMETRIC_REPRESENTATION_CONTEXT(2) 
PARAMETRIC_REPRESENTATION_CONTEXT() REPRESENTATION_CONTEXT('2D SPACE',''
  ) );
#15133 = PCURVE('',#14951,#15134);
#15134 = DEFINITIONAL_REPRESENTATION('',(#15135),#15139);
#15135 = LINE('',#15136,#15137);
#15136 = CARTESIAN_POINT('',(0.,0.));
#15137 = VECTOR('',#15138,1.);
#15138 = DIRECTION('',(1.,0.));
#15139 = ( GEOMETRIC_REPRESENTATION_CONTEXT(2) 
PARAMETRIC_REPRESENTATION_CONTEXT() REPRESENTATION_CONTEXT('2D SPACE',''
  ) );
#15140 = ORIENTED_EDGE('',*,*,#14900,.T.);
#15141 = ORIENTED_EDGE('',*,*,#15142,.T.);
#15142 = EDGE_CURVE('',#14903,#15023,#15143,.T.);
#15143 = SURFACE_CURVE('',#15144,(#15148,#15155),.PCURVE_S1.);
#15144 = LINE('',#15145,#15146);
#15145 = CARTESIAN_POINT('',(14.92,-18.1,3.));
#15146 = VECTOR('',#15147,1.);
#15147 = DIRECTION('',(1.,0.,0.));
#15148 = PCURVE('',#14923,#15149);
#15149 = DEFINITIONAL_REPRESENTATION('',(#15150),#15154);
#15150 = LINE('',#15151,#15152);
#15151 = CARTESIAN_POINT('',(11.5,0.));
#15152 = VECTOR('',#15153,1.);
#15153 = DIRECTION('',(0.,1.));
#15154 = ( GEOMETRIC_REPRESENTATION_CONTEXT(2) 
PARAMETRIC_REPRESENTATION_CONTEXT() REPRESENTATION_CONTEXT('2D SPACE',''
  ) );
#15155 = PCURVE('',#15005,#15156);
#15156 = DEFINITIONAL_REPRESENTATION('',(#15157),#15161);
#15157 = LINE('',#15158,#15159);
#15158 = CARTESIAN_POINT('',(0.,0.));
#15159 = VECTOR('',#15160,1.);
#15160 = DIRECTION('',(1.,0.));
#15161 = ( GEOMETRIC_REPRESENTATION_CONTEXT(2) 
PARAMETRIC_REPRESENTATION_CONTEXT() REPRESENTATION_CONTEXT('2D SPACE',''
  ) );
#15162 = ORIENTED_EDGE('',*,*,#15020,.F.);
#15163 = ADVANCED_FACE('',(#15164),#14979,.T.);
#15164 = FACE_BOUND('',#15165,.T.);
#15165 = EDGE_LOOP('',(#15166,#15187,#15188,#15209));
#15166 = ORIENTED_EDGE('',*,*,#15167,.F.);
#15167 = EDGE_CURVE('',#14936,#15051,#15168,.T.);
#15168 = SURFACE_CURVE('',#15169,(#15173,#15180),.PCURVE_S1.);
#15169 = LINE('',#15170,#15171);
#15170 = CARTESIAN_POINT('',(14.92,-17.46,-8.5));
#15171 = VECTOR('',#15172,1.);
#15172 = DIRECTION('',(1.,0.,0.));
#15173 = PCURVE('',#14979,#15174);
#15174 = DEFINITIONAL_REPRESENTATION('',(#15175),#15179);
#15175 = LINE('',#15176,#15177);
#15176 = CARTESIAN_POINT('',(0.,0.));
#15177 = VECTOR('',#15178,1.);
#15178 = DIRECTION('',(0.,1.));
#15179 = ( GEOMETRIC_REPRESENTATION_CONTEXT(2) 
PARAMETRIC_REPRESENTATION_CONTEXT() REPRESENTATION_CONTEXT('2D SPACE',''
  ) );
#15180 = PCURVE('',#14951,#15181);
#15181 = DEFINITIONAL_REPRESENTATION('',(#15182),#15186);
#15182 = LINE('',#15183,#15184);
#15183 = CARTESIAN_POINT('',(0.,0.64));
#15184 = VECTOR('',#15185,1.);
#15185 = DIRECTION('',(1.,0.));
#15186 = ( GEOMETRIC_REPRESENTATION_CONTEXT(2) 
PARAMETRIC_REPRESENTATION_CONTEXT() REPRESENTATION_CONTEXT('2D SPACE',''
  ) );
#15187 = ORIENTED_EDGE('',*,*,#14963,.T.);
#15188 = ORIENTED_EDGE('',*,*,#15189,.T.);
#15189 = EDGE_CURVE('',#14964,#15074,#15190,.T.);
#15190 = SURFACE_CURVE('',#15191,(#15195,#15202),.PCURVE_S1.);
#15191 = LINE('',#15192,#15193);
#15192 = CARTESIAN_POINT('',(14.92,-17.46,3.));
#15193 = VECTOR('',#15194,1.);
#15194 = DIRECTION('',(1.,0.,0.));
#15195 = PCURVE('',#14979,#15196);
#15196 = DEFINITIONAL_REPRESENTATION('',(#15197),#15201);
#15197 = LINE('',#15198,#15199);
#15198 = CARTESIAN_POINT('',(11.5,0.));
#15199 = VECTOR('',#15200,1.);
#15200 = DIRECTION('',(0.,1.));
#15201 = ( GEOMETRIC_REPRESENTATION_CONTEXT(2) 
PARAMETRIC_REPRESENTATION_CONTEXT() REPRESENTATION_CONTEXT('2D SPACE',''
  ) );
#15202 = PCURVE('',#15005,#15203);
#15203 = DEFINITIONAL_REPRESENTATION('',(#15204),#15208);
#15204 = LINE('',#15205,#15206);
#15205 = CARTESIAN_POINT('',(0.,0.64));
#15206 = VECTOR('',#15207,1.);
#15207 = DIRECTION('',(1.,0.));
#15208 = ( GEOMETRIC_REPRESENTATION_CONTEXT(2) 
PARAMETRIC_REPRESENTATION_CONTEXT() REPRESENTATION_CONTEXT('2D SPACE',''
  ) );
#15209 = ORIENTED_EDGE('',*,*,#15073,.F.);
#15210 = ADVANCED_FACE('',(#15211),#14951,.F.);
#15211 = FACE_BOUND('',#15212,.F.);
#15212 = EDGE_LOOP('',(#15213,#15214,#15215,#15216));
#15213 = ORIENTED_EDGE('',*,*,#14935,.F.);
#15214 = ORIENTED_EDGE('',*,*,#15120,.T.);
#15215 = ORIENTED_EDGE('',*,*,#15050,.T.);
#15216 = ORIENTED_EDGE('',*,*,#15167,.F.);
#15217 = ADVANCED_FACE('',(#15218),#15005,.T.);
#15218 = FACE_BOUND('',#15219,.T.);
#15219 = EDGE_LOOP('',(#15220,#15221,#15222,#15223));
#15220 = ORIENTED_EDGE('',*,*,#14991,.F.);
#15221 = ORIENTED_EDGE('',*,*,#15142,.T.);
#15222 = ORIENTED_EDGE('',*,*,#15096,.T.);
#15223 = ORIENTED_EDGE('',*,*,#15189,.F.);
#15224 = ( GEOMETRIC_REPRESENTATION_CONTEXT(3) 
GLOBAL_UNCERTAINTY_ASSIGNED_CONTEXT((#15228)) 
GLOBAL_UNIT_ASSIGNED_CONTEXT((#15225,#15226,#15227)) 
REPRESENTATION_CONTEXT('Context #1',
  '3D Context with UNIT and UNCERTAINTY') );
#15225 = ( LENGTH_UNIT() NAMED_UNIT(*) SI_UNIT(.MILLI.,.METRE.) );
#15226 = ( NAMED_UNIT(*) PLANE_ANGLE_UNIT() SI_UNIT($,.RADIAN.) );
#15227 = ( NAMED_UNIT(*) SI_UNIT($,.STERADIAN.) SOLID_ANGLE_UNIT() );
#15228 = UNCERTAINTY_MEASURE_WITH_UNIT(LENGTH_MEASURE(1.E-07),#15225,
  'distance_accuracy_value','confusion accuracy');
#15229 = CONTEXT_DEPENDENT_SHAPE_REPRESENTATION(#15230,#15232);
#15230 = ( REPRESENTATION_RELATIONSHIP('','',#9943,#10) 
REPRESENTATION_RELATIONSHIP_WITH_TRANSFORMATION(#15231) 
SHAPE_REPRESENTATION_RELATIONSHIP() );
#15231 = ITEM_DEFINED_TRANSFORMATION('','',#11,#67);
#15232 = PRODUCT_DEFINITION_SHAPE('Placement','Placement of an item',
  #15233);
#15233 = NEXT_ASSEMBLY_USAGE_OCCURRENCE('25','pins_13','',#5,#9938,$);
#15234 = PRODUCT_RELATED_PRODUCT_CATEGORY('part',$,(#9940));
#15235 = MECHANICAL_DESIGN_GEOMETRIC_PRESENTATION_REPRESENTATION('',(
    #15236),#6220);
#15236 = STYLED_ITEM('color',(#15237),#5554);
#15237 = PRESENTATION_STYLE_ASSIGNMENT((#15238));
#15238 = SURFACE_STYLE_USAGE(.BOTH.,#15239);
#15239 = SURFACE_SIDE_STYLE('',(#15240));
#15240 = SURFACE_STYLE_FILL_AREA(#15241);
#15241 = FILL_AREA_STYLE('',(#15242));
#15242 = FILL_AREA_STYLE_COLOUR('',#15243);
#15243 = COLOUR_RGB('',0.750000000934,0.760000013601,0.78000000177);
#15244 = MECHANICAL_DESIGN_GEOMETRIC_PRESENTATION_REPRESENTATION('',(
    #15245),#5535);
#15245 = STYLED_ITEM('color',(#15246),#85);
#15246 = PRESENTATION_STYLE_ASSIGNMENT((#15247));
#15247 = SURFACE_STYLE_USAGE(.BOTH.,#15248);
#15248 = SURFACE_SIDE_STYLE('',(#15249));
#15249 = SURFACE_STYLE_FILL_AREA(#15250);
#15250 = FILL_AREA_STYLE('',(#15251));
#15251 = FILL_AREA_STYLE_COLOUR('',#15252);
#15252 = COLOUR_RGB('',0.120000001395,0.120000001395,0.120000001395);
#15253 = MECHANICAL_DESIGN_GEOMETRIC_PRESENTATION_REPRESENTATION('',(
    #15254),#6569);
#15254 = STYLED_ITEM('color',(#15255),#6239);
#15255 = PRESENTATION_STYLE_ASSIGNMENT((#15256));
#15256 = SURFACE_STYLE_USAGE(.BOTH.,#15257);
#15257 = SURFACE_SIDE_STYLE('',(#15258));
#15258 = SURFACE_STYLE_FILL_AREA(#15259);
#15259 = FILL_AREA_STYLE('',(#15260));
#15260 = FILL_AREA_STYLE_COLOUR('',#15243);
#15261 = MECHANICAL_DESIGN_GEOMETRIC_PRESENTATION_REPRESENTATION('',(
    #15262),#7850);
#15262 = STYLED_ITEM('color',(#15263),#7520);
#15263 = PRESENTATION_STYLE_ASSIGNMENT((#15264));
#15264 = SURFACE_STYLE_USAGE(.BOTH.,#15265);
#15265 = SURFACE_SIDE_STYLE('',(#15266));
#15266 = SURFACE_STYLE_FILL_AREA(#15267);
#15267 = FILL_AREA_STYLE('',(#15268));
#15268 = FILL_AREA_STYLE_COLOUR('',#15243);
#15269 = MECHANICAL_DESIGN_GEOMETRIC_PRESENTATION_REPRESENTATION('',(
    #15270),#8199);
#15270 = STYLED_ITEM('color',(#15271),#7869);
#15271 = PRESENTATION_STYLE_ASSIGNMENT((#15272));
#15272 = SURFACE_STYLE_USAGE(.BOTH.,#15273);
#15273 = SURFACE_SIDE_STYLE('',(#15274));
#15274 = SURFACE_STYLE_FILL_AREA(#15275);
#15275 = FILL_AREA_STYLE('',(#15276));
#15276 = FILL_AREA_STYLE_COLOUR('',#15277);
#15277 = COLOUR_RGB('',0.149999997808,0.149999997808,0.170000001676);
#15278 = MECHANICAL_DESIGN_GEOMETRIC_PRESENTATION_REPRESENTATION('',(
    #15279),#7035);
#15279 = STYLED_ITEM('color',(#15280),#6705);
#15280 = PRESENTATION_STYLE_ASSIGNMENT((#15281));
#15281 = SURFACE_STYLE_USAGE(.BOTH.,#15282);
#15282 = SURFACE_SIDE_STYLE('',(#15283));
#15283 = SURFACE_STYLE_FILL_AREA(#15284);
#15284 = FILL_AREA_STYLE('',(#15285));
#15285 = FILL_AREA_STYLE_COLOUR('',#15243);
#15286 = MECHANICAL_DESIGN_GEOMETRIC_PRESENTATION_REPRESENTATION('',(
    #15287),#8548);
#15287 = STYLED_ITEM('color',(#15288),#8218);
#15288 = PRESENTATION_STYLE_ASSIGNMENT((#15289));
#15289 = SURFACE_STYLE_USAGE(.BOTH.,#15290);
#15290 = SURFACE_SIDE_STYLE('',(#15291));
#15291 = SURFACE_STYLE_FILL_AREA(#15292);
#15292 = FILL_AREA_STYLE('',(#15293));
#15293 = FILL_AREA_STYLE_COLOUR('',#15294);
#15294 = COLOUR_RGB('',0.850000012718,0.819999987296,0.750000000934);
#15295 = MECHANICAL_DESIGN_GEOMETRIC_PRESENTATION_REPRESENTATION('',(
    #15296,#15303,#15310,#15317,#15324,#15331,#15338,#15345,#15352,
    #15359,#15366,#15373,#15380,#15387,#15394,#15401),#15224);
#15296 = STYLED_ITEM('color',(#15297),#9944);
#15297 = PRESENTATION_STYLE_ASSIGNMENT((#15298));
#15298 = SURFACE_STYLE_USAGE(.BOTH.,#15299);
#15299 = SURFACE_SIDE_STYLE('',(#15300));
#15300 = SURFACE_STYLE_FILL_AREA(#15301);
#15301 = FILL_AREA_STYLE('',(#15302));
#15302 = FILL_AREA_STYLE_COLOUR('',#15243);
#15303 = STYLED_ITEM('color',(#15304),#10274);
#15304 = PRESENTATION_STYLE_ASSIGNMENT((#15305));
#15305 = SURFACE_STYLE_USAGE(.BOTH.,#15306);
#15306 = SURFACE_SIDE_STYLE('',(#15307));
#15307 = SURFACE_STYLE_FILL_AREA(#15308);
#15308 = FILL_AREA_STYLE('',(#15309));
#15309 = FILL_AREA_STYLE_COLOUR('',#15243);
#15310 = STYLED_ITEM('color',(#15311),#10604);
#15311 = PRESENTATION_STYLE_ASSIGNMENT((#15312));
#15312 = SURFACE_STYLE_USAGE(.BOTH.,#15313);
#15313 = SURFACE_SIDE_STYLE('',(#15314));
#15314 = SURFACE_STYLE_FILL_AREA(#15315);
#15315 = FILL_AREA_STYLE('',(#15316));
#15316 = FILL_AREA_STYLE_COLOUR('',#15243);
#15317 = STYLED_ITEM('color',(#15318),#10934);
#15318 = PRESENTATION_STYLE_ASSIGNMENT((#15319));
#15319 = SURFACE_STYLE_USAGE(.BOTH.,#15320);
#15320 = SURFACE_SIDE_STYLE('',(#15321));
#15321 = SURFACE_STYLE_FILL_AREA(#15322);
#15322 = FILL_AREA_STYLE('',(#15323));
#15323 = FILL_AREA_STYLE_COLOUR('',#15243);
#15324 = STYLED_ITEM('color',(#15325),#11264);
#15325 = PRESENTATION_STYLE_ASSIGNMENT((#15326));
#15326 = SURFACE_STYLE_USAGE(.BOTH.,#15327);
#15327 = SURFACE_SIDE_STYLE('',(#15328));
#15328 = SURFACE_STYLE_FILL_AREA(#15329);
#15329 = FILL_AREA_STYLE('',(#15330));
#15330 = FILL_AREA_STYLE_COLOUR('',#15243);
#15331 = STYLED_ITEM('color',(#15332),#11594);
#15332 = PRESENTATION_STYLE_ASSIGNMENT((#15333));
#15333 = SURFACE_STYLE_USAGE(.BOTH.,#15334);
#15334 = SURFACE_SIDE_STYLE('',(#15335));
#15335 = SURFACE_STYLE_FILL_AREA(#15336);
#15336 = FILL_AREA_STYLE('',(#15337));
#15337 = FILL_AREA_STYLE_COLOUR('',#15243);
#15338 = STYLED_ITEM('color',(#15339),#11924);
#15339 = PRESENTATION_STYLE_ASSIGNMENT((#15340));
#15340 = SURFACE_STYLE_USAGE(.BOTH.,#15341);
#15341 = SURFACE_SIDE_STYLE('',(#15342));
#15342 = SURFACE_STYLE_FILL_AREA(#15343);
#15343 = FILL_AREA_STYLE('',(#15344));
#15344 = FILL_AREA_STYLE_COLOUR('',#15243);
#15345 = STYLED_ITEM('color',(#15346),#12254);
#15346 = PRESENTATION_STYLE_ASSIGNMENT((#15347));
#15347 = SURFACE_STYLE_USAGE(.BOTH.,#15348);
#15348 = SURFACE_SIDE_STYLE('',(#15349));
#15349 = SURFACE_STYLE_FILL_AREA(#15350);
#15350 = FILL_AREA_STYLE('',(#15351));
#15351 = FILL_AREA_STYLE_COLOUR('',#15243);
#15352 = STYLED_ITEM('color',(#15353),#12584);
#15353 = PRESENTATION_STYLE_ASSIGNMENT((#15354));
#15354 = SURFACE_STYLE_USAGE(.BOTH.,#15355);
#15355 = SURFACE_SIDE_STYLE('',(#15356));
#15356 = SURFACE_STYLE_FILL_AREA(#15357);
#15357 = FILL_AREA_STYLE('',(#15358));
#15358 = FILL_AREA_STYLE_COLOUR('',#15243);
#15359 = STYLED_ITEM('color',(#15360),#12914);
#15360 = PRESENTATION_STYLE_ASSIGNMENT((#15361));
#15361 = SURFACE_STYLE_USAGE(.BOTH.,#15362);
#15362 = SURFACE_SIDE_STYLE('',(#15363));
#15363 = SURFACE_STYLE_FILL_AREA(#15364);
#15364 = FILL_AREA_STYLE('',(#15365));
#15365 = FILL_AREA_STYLE_COLOUR('',#15243);
#15366 = STYLED_ITEM('color',(#15367),#13244);
#15367 = PRESENTATION_STYLE_ASSIGNMENT((#15368));
#15368 = SURFACE_STYLE_USAGE(.BOTH.,#15369);
#15369 = SURFACE_SIDE_STYLE('',(#15370));
#15370 = SURFACE_STYLE_FILL_AREA(#15371);
#15371 = FILL_AREA_STYLE('',(#15372));
#15372 = FILL_AREA_STYLE_COLOUR('',#15243);
#15373 = STYLED_ITEM('color',(#15374),#13574);
#15374 = PRESENTATION_STYLE_ASSIGNMENT((#15375));
#15375 = SURFACE_STYLE_USAGE(.BOTH.,#15376);
#15376 = SURFACE_SIDE_STYLE('',(#15377));
#15377 = SURFACE_STYLE_FILL_AREA(#15378);
#15378 = FILL_AREA_STYLE('',(#15379));
#15379 = FILL_AREA_STYLE_COLOUR('',#15243);
#15380 = STYLED_ITEM('color',(#15381),#13904);
#15381 = PRESENTATION_STYLE_ASSIGNMENT((#15382));
#15382 = SURFACE_STYLE_USAGE(.BOTH.,#15383);
#15383 = SURFACE_SIDE_STYLE('',(#15384));
#15384 = SURFACE_STYLE_FILL_AREA(#15385);
#15385 = FILL_AREA_STYLE('',(#15386));
#15386 = FILL_AREA_STYLE_COLOUR('',#15243);
#15387 = STYLED_ITEM('color',(#15388),#14234);
#15388 = PRESENTATION_STYLE_ASSIGNMENT((#15389));
#15389 = SURFACE_STYLE_USAGE(.BOTH.,#15390);
#15390 = SURFACE_SIDE_STYLE('',(#15391));
#15391 = SURFACE_STYLE_FILL_AREA(#15392);
#15392 = FILL_AREA_STYLE('',(#15393));
#15393 = FILL_AREA_STYLE_COLOUR('',#15243);
#15394 = STYLED_ITEM('color',(#15395),#14564);
#15395 = PRESENTATION_STYLE_ASSIGNMENT((#15396));
#15396 = SURFACE_STYLE_USAGE(.BOTH.,#15397);
#15397 = SURFACE_SIDE_STYLE('',(#15398));
#15398 = SURFACE_STYLE_FILL_AREA(#15399);
#15399 = FILL_AREA_STYLE('',(#15400));
#15400 = FILL_AREA_STYLE_COLOUR('',#15243);
#15401 = STYLED_ITEM('color',(#15402),#14894);
#15402 = PRESENTATION_STYLE_ASSIGNMENT((#15403));
#15403 = SURFACE_STYLE_USAGE(.BOTH.,#15404);
#15404 = SURFACE_SIDE_STYLE('',(#15405));
#15405 = SURFACE_STYLE_FILL_AREA(#15406);
#15406 = FILL_AREA_STYLE('',(#15407));
#15407 = FILL_AREA_STYLE_COLOUR('',#15243);
#15408 = MECHANICAL_DESIGN_GEOMETRIC_PRESENTATION_REPRESENTATION('',(
    #15409,#15417),#9925);
#15409 = STYLED_ITEM('color',(#15410),#9265);
#15410 = PRESENTATION_STYLE_ASSIGNMENT((#15411));
#15411 = SURFACE_STYLE_USAGE(.BOTH.,#15412);
#15412 = SURFACE_SIDE_STYLE('',(#15413));
#15413 = SURFACE_STYLE_FILL_AREA(#15414);
#15414 = FILL_AREA_STYLE('',(#15415));
#15415 = FILL_AREA_STYLE_COLOUR('',#15416);
#15416 = COLOUR_RGB('',7.999999887273E-02,7.999999887273E-02,
  7.999999887273E-02);
#15417 = STYLED_ITEM('color',(#15418),#9595);
#15418 = PRESENTATION_STYLE_ASSIGNMENT((#15419));
#15419 = SURFACE_STYLE_USAGE(.BOTH.,#15420);
#15420 = SURFACE_SIDE_STYLE('',(#15421));
#15421 = SURFACE_STYLE_FILL_AREA(#15422);
#15422 = FILL_AREA_STYLE('',(#15423));
#15423 = FILL_AREA_STYLE_COLOUR('',#15416);
#15424 = MECHANICAL_DESIGN_GEOMETRIC_PRESENTATION_REPRESENTATION('',(
    #15425),#6686);
#15425 = STYLED_ITEM('color',(#15426),#6588);
#15426 = PRESENTATION_STYLE_ASSIGNMENT((#15427));
#15427 = SURFACE_STYLE_USAGE(.BOTH.,#15428);
#15428 = SURFACE_SIDE_STYLE('',(#15429));
#15429 = SURFACE_STYLE_FILL_AREA(#15430);
#15430 = FILL_AREA_STYLE('',(#15431));
#15431 = FILL_AREA_STYLE_COLOUR('',#15416);
#15432 = MECHANICAL_DESIGN_GEOMETRIC_PRESENTATION_REPRESENTATION('',(
    #15433),#9246);
#15433 = STYLED_ITEM('color',(#15434),#8916);
#15434 = PRESENTATION_STYLE_ASSIGNMENT((#15435));
#15435 = SURFACE_STYLE_USAGE(.BOTH.,#15436);
#15436 = SURFACE_SIDE_STYLE('',(#15437));
#15437 = SURFACE_STYLE_FILL_AREA(#15438);
#15438 = FILL_AREA_STYLE('',(#15439));
#15439 = FILL_AREA_STYLE_COLOUR('',#15294);
#15440 = MECHANICAL_DESIGN_GEOMETRIC_PRESENTATION_REPRESENTATION('',(
    #15441),#7152);
#15441 = STYLED_ITEM('color',(#15442),#7054);
#15442 = PRESENTATION_STYLE_ASSIGNMENT((#15443));
#15443 = SURFACE_STYLE_USAGE(.BOTH.,#15444);
#15444 = SURFACE_SIDE_STYLE('',(#15445));
#15445 = SURFACE_STYLE_FILL_AREA(#15446);
#15446 = FILL_AREA_STYLE('',(#15447));
#15447 = FILL_AREA_STYLE_COLOUR('',#15416);
#15448 = MECHANICAL_DESIGN_GEOMETRIC_PRESENTATION_REPRESENTATION('',(
    #15449),#8897);
#15449 = STYLED_ITEM('color',(#15450),#8567);
#15450 = PRESENTATION_STYLE_ASSIGNMENT((#15451));
#15451 = SURFACE_STYLE_USAGE(.BOTH.,#15452);
#15452 = SURFACE_SIDE_STYLE('',(#15453));
#15453 = SURFACE_STYLE_FILL_AREA(#15454);
#15454 = FILL_AREA_STYLE('',(#15455));
#15455 = FILL_AREA_STYLE_COLOUR('',#15294);
#15456 = MECHANICAL_DESIGN_GEOMETRIC_PRESENTATION_REPRESENTATION('',(
    #15457),#7501);
#15457 = STYLED_ITEM('color',(#15458),#7171);
#15458 = PRESENTATION_STYLE_ASSIGNMENT((#15459));
#15459 = SURFACE_STYLE_USAGE(.BOTH.,#15460);
#15460 = SURFACE_SIDE_STYLE('',(#15461));
#15461 = SURFACE_STYLE_FILL_AREA(#15462);
#15462 = FILL_AREA_STYLE('',(#15463));
#15463 = FILL_AREA_STYLE_COLOUR('',#15277);
ENDSEC;
END-ISO-10303-21;
