ISO-10303-21;
HEADER;
FILE_DESCRIPTION(('Open CASCADE Model'),'2;1');
FILE_NAME('Open CASCADE Shape Model','2026-09-05T10:58:38',('Author'),(
    'Open CASCADE'),'Open CASCADE STEP processor 7.9','Open CASCADE 7.9'
  ,'Unknown');
FILE_SCHEMA(('AUTOMOTIVE_DESIGN { 1 0 10303 214 1 1 1 1 }'));
ENDSEC;
DATA;
#1 = APPLICATION_PROTOCOL_DEFINITION('international standard',
  'automotive_design',2000,#2);
#2 = APPLICATION_CONTEXT(
  'core data for automotive mechanical design processes');
#3 = SHAPE_DEFINITION_REPRESENTATION(#4,#10);
#4 = PRODUCT_DEFINITION_SHAPE('','',#5);
#5 = PRODUCT_DEFINITION('design','',#6,#9);
#6 = PRODUCT_DEFINITION_FORMATION('','',#7);
#7 = PRODUCT('sx1278-ra02-pigtail','sx1278-ra02-pigtail','',(#8));
#8 = PRODUCT_CONTEXT('',#2,'mechanical');
#9 = PRODUCT_DEFINITION_CONTEXT('part definition',#2,'design');
#10 = SHAPE_REPRESENTATION('',(#11,#15,#19,#23,#27,#31),#35);
#11 = AXIS2_PLACEMENT_3D('',#12,#13,#14);
#12 = CARTESIAN_POINT('',(0.,0.,0.));
#13 = DIRECTION('',(0.,0.,1.));
#14 = DIRECTION('',(1.,0.,-0.));
#15 = AXIS2_PLACEMENT_3D('',#16,#17,#18);
#16 = CARTESIAN_POINT('',(0.,0.,0.));
#17 = DIRECTION('',(0.,0.,1.));
#18 = DIRECTION('',(1.,0.,-0.));
#19 = AXIS2_PLACEMENT_3D('',#20,#21,#22);
#20 = CARTESIAN_POINT('',(0.,0.,0.));
#21 = DIRECTION('',(0.,0.,1.));
#22 = DIRECTION('',(1.,0.,-0.));
#23 = AXIS2_PLACEMENT_3D('',#24,#25,#26);
#24 = CARTESIAN_POINT('',(0.,0.,0.));
#25 = DIRECTION('',(0.,0.,1.));
#26 = DIRECTION('',(1.,0.,-0.));
#27 = AXIS2_PLACEMENT_3D('',#28,#29,#30);
#28 = CARTESIAN_POINT('',(0.,0.,0.));
#29 = DIRECTION('',(0.,0.,1.));
#30 = DIRECTION('',(1.,0.,-0.));
#31 = AXIS2_PLACEMENT_3D('',#32,#33,#34);
#32 = CARTESIAN_POINT('',(0.,0.,0.));
#33 = DIRECTION('',(0.,0.,1.));
#34 = DIRECTION('',(1.,0.,-0.));
#35 = ( GEOMETRIC_REPRESENTATION_CONTEXT(3) 
GLOBAL_UNCERTAINTY_ASSIGNED_CONTEXT((#39)) GLOBAL_UNIT_ASSIGNED_CONTEXT(
(#36,#37,#38)) REPRESENTATION_CONTEXT('Context #1',
  '3D Context with UNIT and UNCERTAINTY') );
#36 = ( LENGTH_UNIT() NAMED_UNIT(*) SI_UNIT(.MILLI.,.METRE.) );
#37 = ( NAMED_UNIT(*) PLANE_ANGLE_UNIT() SI_UNIT($,.RADIAN.) );
#38 = ( NAMED_UNIT(*) SI_UNIT($,.STERADIAN.) SOLID_ANGLE_UNIT() );
#39 = UNCERTAINTY_MEASURE_WITH_UNIT(LENGTH_MEASURE(2.E-06),#36,
  'distance_accuracy_value','confusion accuracy');
#40 = PRODUCT_RELATED_PRODUCT_CATEGORY('part',$,(#7));
#41 = SHAPE_DEFINITION_REPRESENTATION(#42,#48);
#42 = PRODUCT_DEFINITION_SHAPE('','',#43);
#43 = PRODUCT_DEFINITION('design','',#44,#47);
#44 = PRODUCT_DEFINITION_FORMATION('','',#45);
#45 = PRODUCT('ufl_plug_0','ufl_plug_0','',(#46));
#46 = PRODUCT_CONTEXT('',#2,'mechanical');
#47 = PRODUCT_DEFINITION_CONTEXT('part definition',#2,'design');
#48 = ADVANCED_BREP_SHAPE_REPRESENTATION('',(#11,#49),#147);
#49 = MANIFOLD_SOLID_BREP('',#50);
#50 = CLOSED_SHELL('',(#51,#139,#143));
#51 = ADVANCED_FACE('',(#52),#66,.T.);
#52 = FACE_BOUND('',#53,.F.);
#53 = EDGE_LOOP('',(#54,#84,#111,#112));
#54 = ORIENTED_EDGE('',*,*,#55,.T.);
#55 = EDGE_CURVE('',#56,#58,#60,.T.);
#56 = VERTEX_POINT('',#57);
#57 = CARTESIAN_POINT('',(11.86,-19.7,3.65));
#58 = VERTEX_POINT('',#59);
#59 = CARTESIAN_POINT('',(11.86,-19.7,5.35));
#60 = SEAM_CURVE('',#61,(#65,#77),.PCURVE_S1.);
#61 = LINE('',#62,#63);
#62 = CARTESIAN_POINT('',(11.86,-19.7,3.65));
#63 = VECTOR('',#64,1.);
#64 = DIRECTION('',(0.,0.,1.));
#65 = PCURVE('',#66,#71);
#66 = CYLINDRICAL_SURFACE('',#67,1.6);
#67 = AXIS2_PLACEMENT_3D('',#68,#69,#70);
#68 = CARTESIAN_POINT('',(10.26,-19.7,3.65));
#69 = DIRECTION('',(-0.,-0.,-1.));
#70 = DIRECTION('',(1.,0.,0.));
#71 = DEFINITIONAL_REPRESENTATION('',(#72),#76);
#72 = LINE('',#73,#74);
#73 = CARTESIAN_POINT('',(-0.,0.));
#74 = VECTOR('',#75,1.);
#75 = DIRECTION('',(-0.,-1.));
#76 = ( GEOMETRIC_REPRESENTATION_CONTEXT(2) 
PARAMETRIC_REPRESENTATION_CONTEXT() REPRESENTATION_CONTEXT('2D SPACE',''
  ) );
#77 = PCURVE('',#66,#78);
#78 = DEFINITIONAL_REPRESENTATION('',(#79),#83);
#79 = LINE('',#80,#81);
#80 = CARTESIAN_POINT('',(-6.28318530718,0.));
#81 = VECTOR('',#82,1.);
#82 = DIRECTION('',(-0.,-1.));
#83 = ( GEOMETRIC_REPRESENTATION_CONTEXT(2) 
PARAMETRIC_REPRESENTATION_CONTEXT() REPRESENTATION_CONTEXT('2D SPACE',''
  ) );
#84 = ORIENTED_EDGE('',*,*,#85,.T.);
#85 = EDGE_CURVE('',#58,#58,#86,.T.);
#86 = SURFACE_CURVE('',#87,(#92,#99),.PCURVE_S1.);
#87 = CIRCLE('',#88,1.6);
#88 = AXIS2_PLACEMENT_3D('',#89,#90,#91);
#89 = CARTESIAN_POINT('',(10.26,-19.7,5.35));
#90 = DIRECTION('',(0.,0.,1.));
#91 = DIRECTION('',(1.,0.,0.));
#92 = PCURVE('',#66,#93);
#93 = DEFINITIONAL_REPRESENTATION('',(#94),#98);
#94 = LINE('',#95,#96);
#95 = CARTESIAN_POINT('',(-0.,-1.7));
#96 = VECTOR('',#97,1.);
#97 = DIRECTION('',(-1.,0.));
#98 = ( GEOMETRIC_REPRESENTATION_CONTEXT(2) 
PARAMETRIC_REPRESENTATION_CONTEXT() REPRESENTATION_CONTEXT('2D SPACE',''
  ) );
#99 = PCURVE('',#100,#105);
#100 = PLANE('',#101);
#101 = AXIS2_PLACEMENT_3D('',#102,#103,#104);
#102 = CARTESIAN_POINT('',(10.26,-19.7,5.35));
#103 = DIRECTION('',(0.,0.,1.));
#104 = DIRECTION('',(1.,0.,-0.));
#105 = DEFINITIONAL_REPRESENTATION('',(#106),#110);
#106 = CIRCLE('',#107,1.6);
#107 = AXIS2_PLACEMENT_2D('',#108,#109);
#108 = CARTESIAN_POINT('',(0.,0.));
#109 = DIRECTION('',(1.,0.));
#110 = ( GEOMETRIC_REPRESENTATION_CONTEXT(2) 
PARAMETRIC_REPRESENTATION_CONTEXT() REPRESENTATION_CONTEXT('2D SPACE',''
  ) );
#111 = ORIENTED_EDGE('',*,*,#55,.F.);
#112 = ORIENTED_EDGE('',*,*,#113,.F.);
#113 = EDGE_CURVE('',#56,#56,#114,.T.);
#114 = SURFACE_CURVE('',#115,(#120,#127),.PCURVE_S1.);
#115 = CIRCLE('',#116,1.6);
#116 = AXIS2_PLACEMENT_3D('',#117,#118,#119);
#117 = CARTESIAN_POINT('',(10.26,-19.7,3.65));
#118 = DIRECTION('',(0.,0.,1.));
#119 = DIRECTION('',(1.,0.,0.));
#120 = PCURVE('',#66,#121);
#121 = DEFINITIONAL_REPRESENTATION('',(#122),#126);
#122 = LINE('',#123,#124);
#123 = CARTESIAN_POINT('',(-0.,0.));
#124 = VECTOR('',#125,1.);
#125 = DIRECTION('',(-1.,0.));
#126 = ( GEOMETRIC_REPRESENTATION_CONTEXT(2) 
PARAMETRIC_REPRESENTATION_CONTEXT() REPRESENTATION_CONTEXT('2D SPACE',''
  ) );
#127 = PCURVE('',#128,#133);
#128 = PLANE('',#129);
#129 = AXIS2_PLACEMENT_3D('',#130,#131,#132);
#130 = CARTESIAN_POINT('',(10.26,-19.7,3.65));
#131 = DIRECTION('',(0.,0.,1.));
#132 = DIRECTION('',(1.,0.,-0.));
#133 = DEFINITIONAL_REPRESENTATION('',(#134),#138);
#134 = CIRCLE('',#135,1.6);
#135 = AXIS2_PLACEMENT_2D('',#136,#137);
#136 = CARTESIAN_POINT('',(0.,0.));
#137 = DIRECTION('',(1.,0.));
#138 = ( GEOMETRIC_REPRESENTATION_CONTEXT(2) 
PARAMETRIC_REPRESENTATION_CONTEXT() REPRESENTATION_CONTEXT('2D SPACE',''
  ) );
#139 = ADVANCED_FACE('',(#140),#128,.F.);
#140 = FACE_BOUND('',#141,.F.);
#141 = EDGE_LOOP('',(#142));
#142 = ORIENTED_EDGE('',*,*,#113,.T.);
#143 = ADVANCED_FACE('',(#144),#100,.T.);
#144 = FACE_BOUND('',#145,.T.);
#145 = EDGE_LOOP('',(#146));
#146 = ORIENTED_EDGE('',*,*,#85,.T.);
#147 = ( GEOMETRIC_REPRESENTATION_CONTEXT(3) 
GLOBAL_UNCERTAINTY_ASSIGNED_CONTEXT((#151)) GLOBAL_UNIT_ASSIGNED_CONTEXT
((#148,#149,#150)) REPRESENTATION_CONTEXT('Context #1',
  '3D Context with UNIT and UNCERTAINTY') );
#148 = ( LENGTH_UNIT() NAMED_UNIT(*) SI_UNIT(.MILLI.,.METRE.) );
#149 = ( NAMED_UNIT(*) PLANE_ANGLE_UNIT() SI_UNIT($,.RADIAN.) );
#150 = ( NAMED_UNIT(*) SI_UNIT($,.STERADIAN.) SOLID_ANGLE_UNIT() );
#151 = UNCERTAINTY_MEASURE_WITH_UNIT(LENGTH_MEASURE(1.E-07),#148,
  'distance_accuracy_value','confusion accuracy');
#152 = CONTEXT_DEPENDENT_SHAPE_REPRESENTATION(#153,#155);
#153 = ( REPRESENTATION_RELATIONSHIP('','',#48,#10) 
REPRESENTATION_RELATIONSHIP_WITH_TRANSFORMATION(#154) 
SHAPE_REPRESENTATION_RELATIONSHIP() );
#154 = ITEM_DEFINED_TRANSFORMATION('','',#11,#15);
#155 = PRODUCT_DEFINITION_SHAPE('Placement','Placement of an item',#156
  );
#156 = NEXT_ASSEMBLY_USAGE_OCCURRENCE('76','ufl_plug_0','',#5,#43,$);
#157 = PRODUCT_RELATED_PRODUCT_CATEGORY('part',$,(#45));
#158 = SHAPE_DEFINITION_REPRESENTATION(#159,#165);
#159 = PRODUCT_DEFINITION_SHAPE('','',#160);
#160 = PRODUCT_DEFINITION('design','',#161,#164);
#161 = PRODUCT_DEFINITION_FORMATION('','',#162);
#162 = PRODUCT('cable_1','cable_1','',(#163));
#163 = PRODUCT_CONTEXT('',#2,'mechanical');
#164 = PRODUCT_DEFINITION_CONTEXT('part definition',#2,'design');
#165 = ADVANCED_BREP_SHAPE_REPRESENTATION('',(#11,#166),#1335);
#166 = MANIFOLD_SOLID_BREP('',#167);
#167 = CLOSED_SHELL('',(#168,#1327,#1331));
#168 = ADVANCED_FACE('',(#169),#313,.T.);
#169 = FACE_BOUND('',#170,.T.);
#170 = EDGE_LOOP('',(#171,#1258,#1292,#1293));
#171 = ORIENTED_EDGE('',*,*,#172,.T.);
#172 = EDGE_CURVE('',#173,#175,#177,.T.);
#173 = VERTEX_POINT('',#174);
#174 = CARTESIAN_POINT('',(10.26,-19.7,3.985));
#175 = VERTEX_POINT('',#176);
#176 = CARTESIAN_POINT('',(3.306187409508,-23.2,0.544269920303));
#177 = SEAM_CURVE('',#178,(#312,#1251),.PCURVE_S1.);
#178 = ( BOUNDED_CURVE() B_SPLINE_CURVE(11,(#179,#180,#181,#182,#183,
    #184,#185,#186,#187,#188,#189,#190,#191,#192,#193,#194,#195,#196,
    #197,#198,#199,#200,#201,#202,#203,#204,#205,#206,#207,#208,#209,
    #210,#211,#212,#213,#214,#215,#216,#217,#218,#219,#220,#221,#222,
    #223,#224,#225,#226,#227,#228,#229,#230,#231,#232,#233,#234,#235,
    #236,#237,#238,#239,#240,#241,#242,#243,#244,#245,#246,#247,#248,
    #249,#250,#251,#252,#253,#254,#255,#256,#257,#258,#259,#260,#261,
    #262,#263,#264,#265,#266,#267,#268,#269,#270,#271,#272,#273,#274,
    #275,#276,#277,#278,#279,#280,#281,#282,#283,#284,#285,#286,#287,
    #288,#289,#290,#291,#292,#293,#294,#295,#296,#297,#298,#299,#300,
    #301,#302,#303,#304,#305,#306,#307,#308,#309,#310,#311),
.UNSPECIFIED.,.F.,.F.) B_SPLINE_CURVE_WITH_KNOTS((12,9,9,9,9,9,9,11,9,11
    ,9,9,9,9,12),(0.,0.875357070001,1.094196337501,1.203615971251,
    1.313035605001,1.531874872501,1.750714140001,3.501428280002,
    5.389217992868,7.277007705733,7.426093461256,7.57517921678,
7.873350727827,8.469693749921,9.662379794108),.UNSPECIFIED.) CURVE() 
GEOMETRIC_REPRESENTATION_ITEM() RATIONAL_B_SPLINE_CURVE((1.669078461068,
    1.669078461068,1.669078461068,1.669078461068,1.669078461069,
    1.669078461068,1.669078461069,1.669078461068,1.669078461068,
    1.669078461068,1.669078461068,1.669078461068,1.669078461068,
    1.669078461068,1.669078461068,1.669078461068,1.669078461068,
    1.669078461068,1.669078461068,1.669078461068,1.669078461068,
    1.669078461069,1.669078461067,1.66907846107,1.669078461067,
    1.669078461069,1.669078461068,1.669078461068,1.669078461068,
    1.669078461068,1.669078461069,1.669078461067,1.66907846107,
    1.669078461066,1.669078461069,1.669078461068,1.669078461068,
    1.669078461068,1.669078461068,1.669078461068,1.669078461068,
    1.669078461068,1.669078461068,1.669078461069,1.669078461068,
    1.669078461068,1.669078461068,1.669078461068,1.669078461068,
    1.669078461069,1.669078461067,1.669078461069,1.669078461068,
    1.669078461068,1.669078461068,1.669078461068,1.669078461068,
    1.669078461068,1.669078461069,1.669078461068,1.669078461069,
    1.669078461068,1.669078461068,1.669078461068,1.669078461068,
    1.669078461068,1.669078461068,1.669078461069,1.669078461066,
    1.669078461071,1.669078461065,1.669078461071,1.669078461066,
    1.669078461069,1.669078461068,1.669078461069,1.669078461068,
    1.669078461069,1.669078461066,1.669078461071,1.669078461065,
    1.66907846107,1.669078461067,1.669078461069,1.669078461068,
    1.669078461068,1.669078461068,1.669078461068,1.669078461068,
    1.669078461068,1.669078461069,1.669078461068,1.669078461069,
    1.669078461068,1.669078461068,1.669078461068,1.669078461068,
    1.669078461068,1.669078461068,1.669078461068,1.669078461068,
    1.669078461068,1.669078461068,1.669078461068,1.669078461068,
    1.669078461068,1.669078461068,1.669078461068,1.669078461068,
    1.669078461068,1.669078461069,1.669078461068,1.669078461068,
    1.669078461068,1.669078461068,1.669078461068,1.669078461069,
    1.669078461067,1.669078461069,1.669078461068,1.669078461068,
    1.669078461068,1.669078461068,1.669078461069,1.669078461067,
    1.66907846107,1.669078461066,1.669078461071,1.669078461067,
    1.669078461069,1.669078461068,1.669078461068,1.669078461068)) 
REPRESENTATION_ITEM('') );
#179 = CARTESIAN_POINT('',(10.26,-19.7,3.985));
#180 = CARTESIAN_POINT('',(10.126912894272,-19.70252179112,3.985));
#181 = CARTESIAN_POINT('',(9.99777319951,-19.7043896402,3.985898883197)
  );
#182 = CARTESIAN_POINT('',(9.872479113529,-19.70569457135,3.98757726266)
  );
#183 = CARTESIAN_POINT('',(9.750918302908,-19.70683498495,3.990104728938
    ));
#184 = CARTESIAN_POINT('',(9.632993629855,-19.7078356463,3.993288540477)
  );
#185 = CARTESIAN_POINT('',(9.51860392537,-19.70882398596,3.996963857279)
  );
#186 = CARTESIAN_POINT('',(9.407630982375,-19.7103613876,4.001201574625)
  );
#187 = CARTESIAN_POINT('',(9.299948489569,-19.71319500623,4.006134981535
    ));
#188 = CARTESIAN_POINT('',(9.195433173656,-19.71786352807,4.011631636121
    ));
#189 = CARTESIAN_POINT('',(9.068545412506,-19.7273568058,4.019044613269)
  );
#190 = CARTESIAN_POINT('',(8.945749511844,-19.75037376252,4.030284597659
    ));
#191 = CARTESIAN_POINT('',(8.921348343244,-19.75560932248,4.03272608217)
  );
#192 = CARTESIAN_POINT('',(8.897097075576,-19.76159148938,4.035388659274
    ));
#193 = CARTESIAN_POINT('',(8.872987400512,-19.76846325497,4.038334279424
    ));
#194 = CARTESIAN_POINT('',(8.849010354899,-19.77640474143,4.041662530259
    ));
#195 = CARTESIAN_POINT('',(8.825154601618,-19.78564898119,4.045501055175
    ));
#196 = CARTESIAN_POINT('',(8.801404893403,-19.79650886169,4.050014081834
    ));
#197 = CARTESIAN_POINT('',(8.777742164635,-19.80941919736,4.055460043695
    ));
#198 = CARTESIAN_POINT('',(8.742348961891,-19.83278723801,4.06576389457)
  );
#199 = CARTESIAN_POINT('',(8.707078542404,-19.86415079469,4.081454850816
    ));
#200 = CARTESIAN_POINT('',(8.695333814054,-19.87560078133,4.087400797965
    ));
#201 = CARTESIAN_POINT('',(8.683600523818,-19.88818032655,4.094231646697
    ));
#202 = CARTESIAN_POINT('',(8.671879245345,-19.90202999111,4.102147014623
    ));
#203 = CARTESIAN_POINT('',(8.660172413425,-19.91730123917,4.111394259352
    ));
#204 = CARTESIAN_POINT('',(8.648485978396,-19.93416434852,4.122308297893
    ));
#205 = CARTESIAN_POINT('',(8.636832716259,-19.9527982967,4.135357010431)
  );
#206 = CARTESIAN_POINT('',(8.625237843243,-19.97334112217,4.151175389153
    ));
#207 = CARTESIAN_POINT('',(8.602257323935,-20.01821739772,4.189967796165
    ));
#208 = CARTESIAN_POINT('',(8.580012866089,-20.0692414851,4.246841284934)
  );
#209 = CARTESIAN_POINT('',(8.569148885184,-20.09599670364,4.280734572639
    ));
#210 = CARTESIAN_POINT('',(8.558679134001,-20.12294905623,4.321122411082
    ));
#211 = CARTESIAN_POINT('',(8.548698259428,-20.14945614895,4.368848656336
    ));
#212 = CARTESIAN_POINT('',(8.539432159975,-20.17321698828,4.424892870508
    ));
#213 = CARTESIAN_POINT('',(8.531122554548,-20.19051492926,4.48865378144)
  );
#214 = CARTESIAN_POINT('',(8.523763953576,-20.19858602807,4.556425957856
    ));
#215 = CARTESIAN_POINT('',(8.517061466323,-20.19740162157,4.622999321862
    ));
#216 = CARTESIAN_POINT('',(8.498066462784,-20.17157972693,4.811339508434
    ));
#217 = CARTESIAN_POINT('',(8.480254865068,-20.09609332892,4.950298118904
    ));
#218 = CARTESIAN_POINT('',(8.466959488022,-20.03928424796,5.007334986079
    ));
#219 = CARTESIAN_POINT('',(8.451266366385,-19.99899089385,5.041908983979
    ));
#220 = CARTESIAN_POINT('',(8.435057639328,-19.96251915754,5.07050464593)
  );
#221 = CARTESIAN_POINT('',(8.418150716612,-19.9308761828,5.091271373026)
  );
#222 = CARTESIAN_POINT('',(8.400389980321,-19.90658821677,5.104834607529
    ));
#223 = CARTESIAN_POINT('',(8.382596206319,-19.88381132249,5.117998979647
    ));
#224 = CARTESIAN_POINT('',(8.364410638701,-19.86482841501,5.127490451586
    ));
#225 = CARTESIAN_POINT('',(8.327735456416,-19.83132255155,5.143538217944
    ));
#226 = CARTESIAN_POINT('',(8.290563731029,-19.80561526021,5.154367420384
    ));
#227 = CARTESIAN_POINT('',(8.271906334609,-19.79428533879,5.158884039394
    ));
#228 = CARTESIAN_POINT('',(8.253212445841,-19.78417187922,5.16275642962)
  );
#229 = CARTESIAN_POINT('',(8.234504977383,-19.77505344137,5.166137828908
    ));
#230 = CARTESIAN_POINT('',(8.215799042287,-19.76676773744,5.169122041006
    ));
#231 = CARTESIAN_POINT('',(8.197105180245,-19.75919112612,5.171773208715
    ));
#232 = CARTESIAN_POINT('',(8.178431481011,-19.75222427092,5.174144278777
    ));
#233 = CARTESIAN_POINT('',(8.159784604951,-19.74578396264,5.176284158425
    ));
#234 = CARTESIAN_POINT('',(7.992250467257,-19.69193825237,5.193828805554
    ));
#235 = CARTESIAN_POINT('',(7.827504654313,-19.67102883586,5.197327268848
    ));
#236 = CARTESIAN_POINT('',(7.684751470604,-19.65181632632,5.201168288908
    ));
#237 = CARTESIAN_POINT('',(7.542913270828,-19.64556332036,5.195662971587
    ));
#238 = CARTESIAN_POINT('',(7.402396911746,-19.64072740189,5.188038388289
    ));
#239 = CARTESIAN_POINT('',(7.261698088016,-19.64197991676,5.174112690532
    ));
#240 = CARTESIAN_POINT('',(7.12023011751,-19.65347790536,5.150449661163)
  );
#241 = CARTESIAN_POINT('',(6.979468567509,-19.67003215212,5.120381073542
    ));
#242 = CARTESIAN_POINT('',(6.839677559067,-19.69615387644,5.08058252545)
  );
#243 = CARTESIAN_POINT('',(6.701188672493,-19.73035503888,5.03212136611)
  );
#244 = CARTESIAN_POINT('',(6.563660729945,-19.77294832477,4.974742253823
    ));
#245 = CARTESIAN_POINT('',(6.421184505965,-19.83608991618,4.912655103615
    ));
#246 = CARTESIAN_POINT('',(6.284261921852,-19.91037556085,4.841221722396
    ));
#247 = CARTESIAN_POINT('',(6.152423276923,-19.99466000668,4.76140569737)
  );
#248 = CARTESIAN_POINT('',(6.025793292464,-20.0881662562,4.673356443697)
  );
#249 = CARTESIAN_POINT('',(5.904583845801,-20.19034629483,4.577399403879
    ));
#250 = CARTESIAN_POINT('',(5.789579899679,-20.30070991226,4.473559289658
    ));
#251 = CARTESIAN_POINT('',(5.68226947835,-20.4183376342,4.361068714115)
  );
#252 = CARTESIAN_POINT('',(5.584094212069,-20.54116872581,4.238606486071
    ));
#253 = CARTESIAN_POINT('',(5.495122641926,-20.66553017368,4.105301763194
    ));
#254 = CARTESIAN_POINT('',(5.33142565261,-20.90796482028,3.818362606136)
  );
#255 = CARTESIAN_POINT('',(5.186214165655,-21.12675292095,3.498917138731
    ));
#256 = CARTESIAN_POINT('',(5.115824780713,-21.22728238831,3.332917606362
    ));
#257 = CARTESIAN_POINT('',(5.044274623716,-21.31750563401,3.164207382735
    ));
#258 = CARTESIAN_POINT('',(4.970136550527,-21.39831331666,2.995648085876
    ));
#259 = CARTESIAN_POINT('',(4.893876487484,-21.47140552621,2.828690575948
    ));
#260 = CARTESIAN_POINT('',(4.816760933633,-21.53771190007,2.663618075053
    ));
#261 = CARTESIAN_POINT('',(4.739957930431,-21.5969283759,2.500137151046)
  );
#262 = CARTESIAN_POINT('',(4.664346163136,-21.64823105282,2.337878678167
    ));
#263 = CARTESIAN_POINT('',(4.590832473193,-21.6911144494,2.176534524107)
  );
#264 = CARTESIAN_POINT('',(4.520263675907,-21.72418826423,2.015519350181
    ));
#265 = CARTESIAN_POINT('',(4.505089058607,-21.73046778095,2.00901275352)
  );
#266 = CARTESIAN_POINT('',(4.489077265673,-21.7367769711,2.003059711828)
  );
#267 = CARTESIAN_POINT('',(4.472088708641,-21.74310217401,1.997727484921
    ));
#268 = CARTESIAN_POINT('',(4.453931830679,-21.74941154078,1.993105225945
    ));
#269 = CARTESIAN_POINT('',(4.434391408719,-21.75565383165,1.989289465115
    ));
#270 = CARTESIAN_POINT('',(4.413214154125,-21.7617493317,1.986389302233)
  );
#271 = CARTESIAN_POINT('',(4.390075807365,-21.76756831466,1.984538172148
    ));
#272 = CARTESIAN_POINT('',(4.364553922101,-21.77289248432,1.983899047191
    ));
#273 = CARTESIAN_POINT('',(4.336130534209,-21.7773548233,1.984649940751)
  );
#274 = CARTESIAN_POINT('',(4.272367288045,-21.78335173427,1.989223211341
    ));
#275 = CARTESIAN_POINT('',(4.192929197785,-21.77967656744,2.000019973477
    ));
#276 = CARTESIAN_POINT('',(4.148791102935,-21.77453550404,2.007028935879
    ));
#277 = CARTESIAN_POINT('',(4.100127370386,-21.76446878471,2.015346811443
    ));
#278 = CARTESIAN_POINT('',(4.046686572014,-21.74854763952,2.024888632284
    ));
#279 = CARTESIAN_POINT('',(3.989047929849,-21.72423211671,2.034807034696
    ));
#280 = CARTESIAN_POINT('',(3.929951682416,-21.68898031056,2.043166737784
    ));
#281 = CARTESIAN_POINT('',(3.874100159744,-21.64368444563,2.047775165815
    ));
#282 = CARTESIAN_POINT('',(3.825577600402,-21.59284238511,2.047515703252
    ));
#283 = CARTESIAN_POINT('',(3.70332312096,-21.43461423343,2.033731863874)
  );
#284 = CARTESIAN_POINT('',(3.649352099242,-21.28446606787,1.986972977249
    ));
#285 = CARTESIAN_POINT('',(3.641794619782,-21.21040453629,1.94675448457)
  );
#286 = CARTESIAN_POINT('',(3.636521608306,-21.16917284031,1.911987420431
    ));
#287 = CARTESIAN_POINT('',(3.630017678019,-21.12569477537,1.87704040301)
  );
#288 = CARTESIAN_POINT('',(3.629480449349,-21.10478803862,1.84352560148)
  );
#289 = CARTESIAN_POINT('',(3.623854050382,-21.08196206596,1.811815308414
    ));
#290 = CARTESIAN_POINT('',(3.620357885442,-21.06805997071,1.780570568454
    ));
#291 = CARTESIAN_POINT('',(3.615508124391,-21.05692790503,1.750233884216
    ));
#292 = CARTESIAN_POINT('',(3.599754006883,-21.03338625681,1.660829989083
    ));
#293 = CARTESIAN_POINT('',(3.579598810502,-21.03316912497,1.575309788272
    ));
#294 = CARTESIAN_POINT('',(3.564515772707,-21.03915211853,1.518958461094
    ));
#295 = CARTESIAN_POINT('',(3.548375105267,-21.05035352413,1.462825694687
    ));
#296 = CARTESIAN_POINT('',(3.531579817026,-21.06658825997,1.40676431778)
  );
#297 = CARTESIAN_POINT('',(3.514385321628,-21.08773411279,1.350840753782
    ));
#298 = CARTESIAN_POINT('',(3.497057024173,-21.11378463595,1.295327095097
    ));
#299 = CARTESIAN_POINT('',(3.479930725218,-21.14487890298,1.240667338182
    ));
#300 = CARTESIAN_POINT('',(3.463325160239,-21.18106270426,1.187382584008
    ));
#301 = CARTESIAN_POINT('',(3.415615900607,-21.30395796106,1.033071451729
    ));
#302 = CARTESIAN_POINT('',(3.375793526557,-21.46802733641,0.898665569887
    ));
#303 = CARTESIAN_POINT('',(3.354056864896,-21.59390137959,0.820855739236
    ));
#304 = CARTESIAN_POINT('',(3.337338690821,-21.73277702128,0.756055521315
    ));
#305 = CARTESIAN_POINT('',(3.324517514025,-21.88449264018,0.701653236197
    ));
#306 = CARTESIAN_POINT('',(3.314745251212,-22.05133095997,0.655533936106
    ));
#307 = CARTESIAN_POINT('',(3.307862991255,-22.23607526592,0.617470979066
    ));
#308 = CARTESIAN_POINT('',(3.30377387927,-22.44108187031,0.587520555105)
  );
#309 = CARTESIAN_POINT('',(3.30213037967,-22.66851102047,0.565099064892)
  );
#310 = CARTESIAN_POINT('',(3.302961431817,-22.92077237695,0.550625403315
    ));
#311 = CARTESIAN_POINT('',(3.306187409508,-23.2,0.544269920303));
#312 = PCURVE('',#313,#1245);
#313 = ( BOUNDED_SURFACE() B_SPLINE_SURFACE(6,11,(
    (#314,#315,#316,#317,#318,#319,#320,#321,#322,#323,#324,#325,#326
      ,#327,#328,#329,#330,#331,#332,#333,#334,#335,#336,#337,#338,#339
      ,#340,#341,#342,#343,#344,#345,#346,#347,#348,#349,#350,#351,#352
      ,#353,#354,#355,#356,#357,#358,#359,#360,#361,#362,#363,#364,#365
      ,#366,#367,#368,#369,#370,#371,#372,#373,#374,#375,#376,#377,#378
      ,#379,#380,#381,#382,#383,#384,#385,#386,#387,#388,#389,#390,#391
      ,#392,#393,#394,#395,#396,#397,#398,#399,#400,#401,#402,#403,#404
      ,#405,#406,#407,#408,#409,#410,#411,#412,#413,#414,#415,#416,#417
      ,#418,#419,#420,#421,#422,#423,#424,#425,#426,#427,#428,#429,#430
      ,#431,#432,#433,#434,#435,#436,#437,#438,#439,#440,#441,#442,#443
      ,#444,#445,#446)
    ,(#447,#448,#449,#450,#451,#452,#453,#454,#455,#456,#457,#458,#459
      ,#460,#461,#462,#463,#464,#465,#466,#467,#468,#469,#470,#471,#472
      ,#473,#474,#475,#476,#477,#478,#479,#480,#481,#482,#483,#484,#485
      ,#486,#487,#488,#489,#490,#491,#492,#493,#494,#495,#496,#497,#498
      ,#499,#500,#501,#502,#503,#504,#505,#506,#507,#508,#509,#510,#511
      ,#512,#513,#514,#515,#516,#517,#518,#519,#520,#521,#522,#523,#524
      ,#525,#526,#527,#528,#529,#530,#531,#532,#533,#534,#535,#536,#537
      ,#538,#539,#540,#541,#542,#543,#544,#545,#546,#547,#548,#549,#550
      ,#551,#552,#553,#554,#555,#556,#557,#558,#559,#560,#561,#562,#563
      ,#564,#565,#566,#567,#568,#569,#570,#571,#572,#573,#574,#575,#576
      ,#577,#578,#579)
    ,(#580,#581,#582,#583,#584,#585,#586,#587,#588,#589,#590,#591,#592
      ,#593,#594,#595,#596,#597,#598,#599,#600,#601,#602,#603,#604,#605
      ,#606,#607,#608,#609,#610,#611,#612,#613,#614,#615,#616,#617,#618
      ,#619,#620,#621,#622,#623,#624,#625,#626,#627,#628,#629,#630,#631
      ,#632,#633,#634,#635,#636,#637,#638,#639,#640,#641,#642,#643,#644
      ,#645,#646,#647,#648,#649,#650,#651,#652,#653,#654,#655,#656,#657
      ,#658,#659,#660,#661,#662,#663,#664,#665,#666,#667,#668,#669,#670
      ,#671,#672,#673,#674,#675,#676,#677,#678,#679,#680,#681,#682,#683
      ,#684,#685,#686,#687,#688,#689,#690,#691,#692,#693,#694,#695,#696
      ,#697,#698,#699,#700,#701,#702,#703,#704,#705,#706,#707,#708,#709
      ,#710,#711,#712)
    ,(#713,#714,#715,#716,#717,#718,#719,#720,#721,#722,#723,#724,#725
      ,#726,#727,#728,#729,#730,#731,#732,#733,#734,#735,#736,#737,#738
      ,#739,#740,#741,#742,#743,#744,#745,#746,#747,#748,#749,#750,#751
      ,#752,#753,#754,#755,#756,#757,#758,#759,#760,#761,#762,#763,#764
      ,#765,#766,#767,#768,#769,#770,#771,#772,#773,#774,#775,#776,#777
      ,#778,#779,#780,#781,#782,#783,#784,#785,#786,#787,#788,#789,#790
      ,#791,#792,#793,#794,#795,#796,#797,#798,#799,#800,#801,#802,#803
      ,#804,#805,#806,#807,#808,#809,#810,#811,#812,#813,#814,#815,#816
      ,#817,#818,#819,#820,#821,#822,#823,#824,#825,#826,#827,#828,#829
      ,#830,#831,#832,#833,#834,#835,#836,#837,#838,#839,#840,#841,#842
      ,#843,#844,#845)
    ,(#846,#847,#848,#849,#850,#851,#852,#853,#854,#855,#856,#857,#858
      ,#859,#860,#861,#862,#863,#864,#865,#866,#867,#868,#869,#870,#871
      ,#872,#873,#874,#875,#876,#877,#878,#879,#880,#881,#882,#883,#884
      ,#885,#886,#887,#888,#889,#890,#891,#892,#893,#894,#895,#896,#897
      ,#898,#899,#900,#901,#902,#903,#904,#905,#906,#907,#908,#909,#910
      ,#911,#912,#913,#914,#915,#916,#917,#918,#919,#920,#921,#922,#923
      ,#924,#925,#926,#927,#928,#929,#930,#931,#932,#933,#934,#935,#936
      ,#937,#938,#939,#940,#941,#942,#943,#944,#945,#946,#947,#948,#949
      ,#950,#951,#952,#953,#954,#955,#956,#957,#958,#959,#960,#961,#962
      ,#963,#964,#965,#966,#967,#968,#969,#970,#971,#972,#973,#974,#975
      ,#976,#977,#978)
    ,(#979,#980,#981,#982,#983,#984,#985,#986,#987,#988,#989,#990,#991
      ,#992,#993,#994,#995,#996,#997,#998,#999,#1000,#1001,#1002,#1003
      ,#1004,#1005,#1006,#1007,#1008,#1009,#1010,#1011,#1012,#1013,#1014
      ,#1015,#1016,#1017,#1018,#1019,#1020,#1021,#1022,#1023,#1024,#1025
      ,#1026,#1027,#1028,#1029,#1030,#1031,#1032,#1033,#1034,#1035,#1036
      ,#1037,#1038,#1039,#1040,#1041,#1042,#1043,#1044,#1045,#1046,#1047
      ,#1048,#1049,#1050,#1051,#1052,#1053,#1054,#1055,#1056,#1057,#1058
      ,#1059,#1060,#1061,#1062,#1063,#1064,#1065,#1066,#1067,#1068,#1069
      ,#1070,#1071,#1072,#1073,#1074,#1075,#1076,#1077,#1078,#1079,#1080
      ,#1081,#1082,#1083,#1084,#1085,#1086,#1087,#1088,#1089,#1090,#1091
      ,#1092,#1093,#1094,#1095,#1096,#1097,#1098,#1099,#1100,#1101,#1102
      ,#1103,#1104,#1105,#1106,#1107,#1108,#1109,#1110,#1111)
    ,(#1112,#1113,#1114,#1115,#1116,#1117,#1118,#1119,#1120,#1121,#1122
      ,#1123,#1124,#1125,#1126,#1127,#1128,#1129,#1130,#1131,#1132,#1133
      ,#1134,#1135,#1136,#1137,#1138,#1139,#1140,#1141,#1142,#1143,#1144
      ,#1145,#1146,#1147,#1148,#1149,#1150,#1151,#1152,#1153,#1154,#1155
      ,#1156,#1157,#1158,#1159,#1160,#1161,#1162,#1163,#1164,#1165,#1166
      ,#1167,#1168,#1169,#1170,#1171,#1172,#1173,#1174,#1175,#1176,#1177
      ,#1178,#1179,#1180,#1181,#1182,#1183,#1184,#1185,#1186,#1187,#1188
      ,#1189,#1190,#1191,#1192,#1193,#1194,#1195,#1196,#1197,#1198,#1199
      ,#1200,#1201,#1202,#1203,#1204,#1205,#1206,#1207,#1208,#1209,#1210
      ,#1211,#1212,#1213,#1214,#1215,#1216,#1217,#1218,#1219,#1220,#1221
      ,#1222,#1223,#1224,#1225,#1226,#1227,#1228,#1229,#1230,#1231,#1232
      ,#1233,#1234,#1235,#1236,#1237,#1238,#1239,#1240,#1241,#1242,#1243
,#1244
    )),.UNSPECIFIED.,.T.,.F.,.F.) B_SPLINE_SURFACE_WITH_KNOTS((1,6,6,1),
  (12,9,9,9,9,9,9,11,9,11,9,9,9,9,12),(-6.28318530718,0.,6.28318530718,
    12.566370614359),(0.,0.875357070001,1.094196337501,1.203615971251,
    1.313035605001,1.531874872501,1.750714140001,3.501428280002,
    5.389217992868,7.277007705733,7.426093461256,7.57517921678,
    7.873350727827,8.469693749921,9.662379794108),.UNSPECIFIED.) 
GEOMETRIC_REPRESENTATION_ITEM() RATIONAL_B_SPLINE_SURFACE((
    (1.669078461068,1.669078461068,1.669078461068,1.669078461068
      ,1.669078461069,1.669078461068,1.669078461069,1.669078461068
      ,1.669078461068,1.669078461068,1.669078461068,1.669078461068
      ,1.669078461068,1.669078461068,1.669078461068,1.669078461068
      ,1.669078461068,1.669078461068,1.669078461068,1.669078461068
      ,1.669078461068,1.669078461069,1.669078461067,1.66907846107
      ,1.669078461067,1.669078461069,1.669078461068,1.669078461068
      ,1.669078461068,1.669078461068,1.669078461069,1.669078461067
      ,1.66907846107,1.669078461066,1.669078461069,1.669078461068
      ,1.669078461068,1.669078461068,1.669078461068,1.669078461068
      ,1.669078461068,1.669078461068,1.669078461068,1.669078461069
      ,1.669078461068,1.669078461068,1.669078461068,1.669078461068
      ,1.669078461068,1.669078461069,1.669078461067,1.669078461069
      ,1.669078461068,1.669078461068,1.669078461068,1.669078461068
      ,1.669078461068,1.669078461068,1.669078461069,1.669078461068
      ,1.669078461069,1.669078461068,1.669078461068,1.669078461068
      ,1.669078461068,1.669078461068,1.669078461068,1.669078461069
      ,1.669078461066,1.669078461071,1.669078461065,1.669078461071
      ,1.669078461066,1.669078461069,1.669078461068,1.669078461069
      ,1.669078461068,1.669078461069,1.669078461066,1.669078461071
      ,1.669078461065,1.66907846107,1.669078461067,1.669078461069
      ,1.669078461068,1.669078461068,1.669078461068,1.669078461068
      ,1.669078461068,1.669078461068,1.669078461069,1.669078461068
      ,1.669078461069,1.669078461068,1.669078461068,1.669078461068
      ,1.669078461068,1.669078461068,1.669078461068,1.669078461068
      ,1.669078461068,1.669078461068,1.669078461068,1.669078461068
      ,1.669078461068,1.669078461068,1.669078461068,1.669078461068
      ,1.669078461068,1.669078461068,1.669078461069,1.669078461068
      ,1.669078461068,1.669078461068,1.669078461068,1.669078461068
      ,1.669078461069,1.669078461067,1.669078461069,1.669078461068
      ,1.669078461068,1.669078461068,1.669078461068,1.669078461069
      ,1.669078461067,1.66907846107,1.669078461066,1.669078461071
      ,1.669078461067,1.669078461069,1.669078461068,1.669078461068
      ,1.669078461068)
    ,(1.03672962321,1.03672962321,1.03672962321,1.036729623209
      ,1.03672962321,1.036729623209,1.03672962321,1.03672962321
      ,1.03672962321,1.03672962321,1.03672962321,1.03672962321
      ,1.036729623209,1.03672962321,1.036729623209,1.03672962321
      ,1.036729623209,1.03672962321,1.036729623209,1.03672962321
      ,1.03672962321,1.03672962321,1.036729623208,1.036729623211
      ,1.036729623208,1.036729623211,1.036729623209,1.03672962321
      ,1.03672962321,1.03672962321,1.03672962321,1.036729623209
      ,1.03672962321,1.036729623209,1.03672962321,1.036729623209
      ,1.03672962321,1.03672962321,1.03672962321,1.03672962321
      ,1.03672962321,1.03672962321,1.03672962321,1.03672962321
      ,1.03672962321,1.03672962321,1.03672962321,1.03672962321
      ,1.03672962321,1.03672962321,1.036729623209,1.03672962321
      ,1.036729623209,1.03672962321,1.03672962321,1.03672962321
      ,1.03672962321,1.036729623209,1.03672962321,1.036729623209
      ,1.03672962321,1.036729623209,1.03672962321,1.03672962321
      ,1.03672962321,1.03672962321,1.03672962321,1.03672962321
      ,1.036729623209,1.036729623211,1.036729623207,1.036729623212
      ,1.036729623208,1.03672962321,1.036729623209,1.03672962321
      ,1.036729623209,1.036729623211,1.036729623208,1.036729623212
      ,1.036729623207,1.036729623212,1.036729623208,1.03672962321
      ,1.03672962321,1.03672962321,1.03672962321,1.03672962321
      ,1.036729623209,1.03672962321,1.036729623209,1.03672962321
      ,1.036729623209,1.03672962321,1.03672962321,1.03672962321
      ,1.03672962321,1.03672962321,1.03672962321,1.03672962321
      ,1.03672962321,1.03672962321,1.03672962321,1.03672962321
      ,1.03672962321,1.03672962321,1.036729623209,1.03672962321
      ,1.036729623209,1.03672962321,1.03672962321,1.03672962321
      ,1.03672962321,1.03672962321,1.03672962321,1.036729623209
      ,1.036729623211,1.036729623208,1.036729623211,1.036729623209
      ,1.03672962321,1.03672962321,1.03672962321,1.03672962321
      ,1.036729623209,1.036729623211,1.036729623208,1.036729623211
      ,1.036729623208,1.03672962321,1.036729623209,1.03672962321
      ,1.03672962321)
    ,(1.038346699848,1.038346699847,1.038346699848,1.038346699847
      ,1.038346699848,1.038346699847,1.038346699848,1.038346699847
      ,1.038346699848,1.038346699847,1.038346699848,1.038346699848
      ,1.038346699847,1.038346699848,1.038346699847,1.038346699848
      ,1.038346699847,1.038346699848,1.038346699847,1.038346699848
      ,1.038346699847,1.038346699848,1.038346699847,1.038346699848
      ,1.038346699847,1.038346699848,1.038346699847,1.038346699848
      ,1.038346699848,1.038346699847,1.038346699848,1.038346699847
      ,1.038346699848,1.038346699847,1.038346699848,1.038346699847
      ,1.038346699848,1.038346699847,1.038346699847,1.038346699848
      ,1.038346699847,1.038346699848,1.038346699847,1.038346699848
      ,1.038346699847,1.038346699848,1.038346699847,1.038346699848
      ,1.038346699847,1.038346699848,1.038346699847,1.038346699848
      ,1.038346699847,1.038346699848,1.038346699847,1.038346699847
      ,1.038346699848,1.038346699847,1.038346699848,1.038346699847
      ,1.038346699848,1.038346699847,1.038346699848,1.038346699847
      ,1.038346699848,1.038346699848,1.038346699847,1.038346699848
      ,1.038346699846,1.038346699849,1.038346699845,1.03834669985
      ,1.038346699846,1.038346699848,1.038346699847,1.038346699848
      ,1.038346699847,1.038346699848,1.038346699846,1.03834669985
      ,1.038346699845,1.038346699849,1.038346699847,1.038346699848
      ,1.038346699847,1.038346699848,1.038346699848,1.038346699847
      ,1.038346699848,1.038346699847,1.038346699848,1.038346699847
      ,1.038346699848,1.038346699847,1.038346699848,1.038346699847
      ,1.038346699848,1.038346699847,1.038346699848,1.038346699847
      ,1.038346699848,1.038346699847,1.038346699848,1.038346699847
      ,1.038346699848,1.038346699847,1.038346699848,1.038346699847
      ,1.038346699848,1.038346699847,1.038346699848,1.038346699847
      ,1.038346699848,1.038346699847,1.038346699848,1.038346699847
      ,1.038346699848,1.038346699847,1.038346699848,1.038346699847
      ,1.038346699848,1.038346699848,1.038346699847,1.038346699848
      ,1.038346699847,1.038346699848,1.038346699846,1.038346699849
      ,1.038346699847,1.038346699848,1.038346699847,1.038346699848
      ,1.038346699848)
    ,(0.853534330196,0.853534330196,0.853534330196,0.853534330196
      ,0.853534330196,0.853534330196,0.853534330196,0.853534330196
      ,0.853534330196,0.853534330196,0.853534330196,0.853534330196
      ,0.853534330196,0.853534330196,0.853534330196,0.853534330196
      ,0.853534330196,0.853534330196,0.853534330196,0.853534330196
      ,0.853534330196,0.853534330197,0.853534330195,0.853534330197
      ,0.853534330195,0.853534330197,0.853534330196,0.853534330196
      ,0.853534330196,0.853534330196,0.853534330196,0.853534330196
      ,0.853534330197,0.853534330196,0.853534330197,0.853534330196
      ,0.853534330196,0.853534330196,0.853534330196,0.853534330196
      ,0.853534330196,0.853534330196,0.853534330196,0.853534330196
      ,0.853534330196,0.853534330196,0.853534330196,0.853534330196
      ,0.853534330196,0.853534330197,0.853534330196,0.853534330197
      ,0.853534330196,0.853534330196,0.853534330196,0.853534330196
      ,0.853534330196,0.853534330196,0.853534330197,0.853534330196
      ,0.853534330197,0.853534330196,0.853534330196,0.853534330196
      ,0.853534330196,0.853534330196,0.853534330196,0.853534330196
      ,0.853534330195,0.853534330197,0.853534330195,0.853534330198
      ,0.853534330195,0.853534330197,0.853534330196,0.853534330196
      ,0.853534330196,0.853534330197,0.853534330195,0.853534330198
      ,0.853534330195,0.853534330197,0.853534330196,0.853534330196
      ,0.853534330196,0.853534330196,0.853534330196,0.853534330196
      ,0.853534330196,0.853534330196,0.853534330196,0.853534330196
      ,0.853534330196,0.853534330196,0.853534330196,0.853534330196
      ,0.853534330196,0.853534330196,0.853534330196,0.853534330196
      ,0.853534330196,0.853534330196,0.853534330196,0.853534330196
      ,0.853534330196,0.853534330196,0.853534330196,0.853534330196
      ,0.853534330196,0.853534330196,0.853534330196,0.853534330196
      ,0.853534330196,0.853534330196,0.853534330196,0.853534330196
      ,0.853534330197,0.853534330195,0.853534330197,0.853534330196
      ,0.853534330196,0.853534330196,0.853534330196,0.853534330196
      ,0.853534330196,0.853534330197,0.853534330195,0.853534330198
      ,0.853534330195,0.853534330197,0.853534330196,0.853534330196
      ,0.853534330196)
    ,(1.038346699848,1.038346699847,1.038346699848,1.038346699847
      ,1.038346699848,1.038346699847,1.038346699848,1.038346699847
      ,1.038346699848,1.038346699847,1.038346699848,1.038346699848
      ,1.038346699847,1.038346699848,1.038346699847,1.038346699848
      ,1.038346699847,1.038346699848,1.038346699847,1.038346699848
      ,1.038346699847,1.038346699848,1.038346699847,1.038346699848
      ,1.038346699847,1.038346699848,1.038346699847,1.038346699848
      ,1.038346699848,1.038346699847,1.038346699848,1.038346699847
      ,1.038346699848,1.038346699847,1.038346699848,1.038346699847
      ,1.038346699848,1.038346699847,1.038346699848,1.038346699848
      ,1.038346699847,1.038346699848,1.038346699847,1.038346699848
      ,1.038346699847,1.038346699848,1.038346699847,1.038346699848
      ,1.038346699847,1.038346699848,1.038346699847,1.038346699848
      ,1.038346699847,1.038346699848,1.038346699848,1.038346699847
      ,1.038346699848,1.038346699847,1.038346699848,1.038346699847
      ,1.038346699848,1.038346699847,1.038346699848,1.038346699847
      ,1.038346699848,1.038346699848,1.038346699847,1.038346699848
      ,1.038346699846,1.038346699849,1.038346699845,1.03834669985
      ,1.038346699846,1.038346699848,1.038346699847,1.038346699848
      ,1.038346699847,1.038346699848,1.038346699846,1.03834669985
      ,1.038346699845,1.038346699849,1.038346699846,1.038346699848
      ,1.038346699847,1.038346699848,1.038346699848,1.038346699847
      ,1.038346699848,1.038346699847,1.038346699848,1.038346699847
      ,1.038346699848,1.038346699847,1.038346699848,1.038346699847
      ,1.038346699848,1.038346699847,1.038346699848,1.038346699847
      ,1.038346699848,1.038346699848,1.038346699847,1.038346699848
      ,1.038346699847,1.038346699848,1.038346699847,1.038346699848
      ,1.038346699847,1.038346699847,1.038346699848,1.038346699847
      ,1.038346699848,1.038346699847,1.038346699848,1.038346699847
      ,1.038346699848,1.038346699847,1.038346699848,1.038346699847
      ,1.038346699848,1.038346699848,1.038346699847,1.038346699848
      ,1.038346699847,1.038346699849,1.038346699846,1.038346699849
      ,1.038346699846,1.038346699848,1.038346699847,1.038346699848
      ,1.038346699848)
    ,(1.03672962321,1.03672962321,1.03672962321,1.036729623209
      ,1.03672962321,1.036729623209,1.03672962321,1.036729623209
      ,1.03672962321,1.03672962321,1.03672962321,1.03672962321
      ,1.03672962321,1.03672962321,1.036729623209,1.03672962321
      ,1.036729623209,1.03672962321,1.03672962321,1.03672962321
      ,1.03672962321,1.03672962321,1.036729623209,1.036729623211
      ,1.036729623208,1.03672962321,1.036729623209,1.03672962321
      ,1.03672962321,1.03672962321,1.03672962321,1.03672962321
      ,1.03672962321,1.036729623209,1.03672962321,1.03672962321
      ,1.03672962321,1.03672962321,1.03672962321,1.03672962321
      ,1.036729623209,1.03672962321,1.036729623209,1.03672962321
      ,1.036729623209,1.03672962321,1.03672962321,1.03672962321
      ,1.036729623209,1.03672962321,1.036729623209,1.03672962321
      ,1.036729623209,1.03672962321,1.03672962321,1.03672962321
      ,1.03672962321,1.036729623209,1.03672962321,1.036729623209
      ,1.03672962321,1.036729623209,1.03672962321,1.03672962321
      ,1.03672962321,1.03672962321,1.03672962321,1.03672962321
      ,1.036729623209,1.036729623211,1.036729623208,1.036729623211
      ,1.036729623208,1.03672962321,1.036729623209,1.03672962321
      ,1.036729623209,1.036729623211,1.036729623208,1.036729623212
      ,1.036729623207,1.036729623212,1.036729623208,1.03672962321
      ,1.03672962321,1.03672962321,1.03672962321,1.03672962321
      ,1.036729623209,1.03672962321,1.036729623209,1.03672962321
      ,1.036729623209,1.03672962321,1.03672962321,1.03672962321
      ,1.03672962321,1.03672962321,1.036729623209,1.03672962321
      ,1.036729623209,1.03672962321,1.036729623209,1.03672962321
      ,1.03672962321,1.03672962321,1.036729623209,1.03672962321
      ,1.036729623209,1.03672962321,1.03672962321,1.03672962321
      ,1.03672962321,1.03672962321,1.03672962321,1.036729623209
      ,1.036729623211,1.036729623208,1.036729623211,1.036729623209
      ,1.03672962321,1.03672962321,1.03672962321,1.03672962321
      ,1.036729623209,1.036729623211,1.036729623208,1.036729623211
      ,1.036729623209,1.03672962321,1.036729623209,1.03672962321
      ,1.03672962321)
    ,(1.669078461068,1.669078461068,1.669078461068,1.669078461068
      ,1.669078461069,1.669078461068,1.669078461069,1.669078461068
      ,1.669078461068,1.669078461068,1.669078461068,1.669078461068
      ,1.669078461068,1.669078461068,1.669078461068,1.669078461068
      ,1.669078461068,1.669078461068,1.669078461068,1.669078461068
      ,1.669078461068,1.669078461069,1.669078461067,1.66907846107
      ,1.669078461067,1.669078461069,1.669078461068,1.669078461068
      ,1.669078461068,1.669078461068,1.669078461069,1.669078461067
      ,1.66907846107,1.669078461066,1.669078461069,1.669078461068
      ,1.669078461068,1.669078461068,1.669078461068,1.669078461068
      ,1.669078461068,1.669078461068,1.669078461068,1.669078461069
      ,1.669078461068,1.669078461068,1.669078461068,1.669078461068
      ,1.669078461068,1.669078461069,1.669078461067,1.669078461069
      ,1.669078461068,1.669078461068,1.669078461068,1.669078461068
      ,1.669078461068,1.669078461068,1.669078461069,1.669078461068
      ,1.669078461069,1.669078461068,1.669078461068,1.669078461068
      ,1.669078461068,1.669078461068,1.669078461068,1.669078461069
      ,1.669078461066,1.669078461071,1.669078461065,1.669078461071
      ,1.669078461066,1.669078461069,1.669078461068,1.669078461069
      ,1.669078461068,1.669078461069,1.669078461066,1.669078461071
      ,1.669078461065,1.66907846107,1.669078461067,1.669078461069
      ,1.669078461068,1.669078461068,1.669078461068,1.669078461068
      ,1.669078461068,1.669078461068,1.669078461069,1.669078461068
      ,1.669078461069,1.669078461068,1.669078461068,1.669078461068
      ,1.669078461068,1.669078461068,1.669078461068,1.669078461068
      ,1.669078461068,1.669078461068,1.669078461068,1.669078461068
      ,1.669078461068,1.669078461068,1.669078461068,1.669078461068
      ,1.669078461068,1.669078461068,1.669078461069,1.669078461068
      ,1.669078461068,1.669078461068,1.669078461068,1.669078461068
      ,1.669078461069,1.669078461067,1.669078461069,1.669078461068
      ,1.669078461068,1.669078461068,1.669078461068,1.669078461069
      ,1.669078461067,1.66907846107,1.669078461066,1.669078461071
      ,1.669078461067,1.669078461069,1.669078461068,1.669078461068
,1.669078461068))) REPRESENTATION_ITEM('') SURFACE() );
#314 = CARTESIAN_POINT('',(10.26,-19.7,3.985));
#315 = CARTESIAN_POINT('',(10.126912894272,-19.70252179112,3.985));
#316 = CARTESIAN_POINT('',(9.99777319951,-19.7043896402,3.985898883197)
  );
#317 = CARTESIAN_POINT('',(9.872479113529,-19.70569457135,3.98757726266)
  );
#318 = CARTESIAN_POINT('',(9.750918302908,-19.70683498495,3.990104728938
    ));
#319 = CARTESIAN_POINT('',(9.632993629855,-19.7078356463,3.993288540477)
  );
#320 = CARTESIAN_POINT('',(9.51860392537,-19.70882398596,3.996963857279)
  );
#321 = CARTESIAN_POINT('',(9.407630982375,-19.7103613876,4.001201574625)
  );
#322 = CARTESIAN_POINT('',(9.299948489569,-19.71319500623,4.006134981535
    ));
#323 = CARTESIAN_POINT('',(9.195433173656,-19.71786352807,4.011631636121
    ));
#324 = CARTESIAN_POINT('',(9.068545412506,-19.7273568058,4.019044613269)
  );
#325 = CARTESIAN_POINT('',(8.945749511844,-19.75037376252,4.030284597659
    ));
#326 = CARTESIAN_POINT('',(8.921348343244,-19.75560932248,4.03272608217)
  );
#327 = CARTESIAN_POINT('',(8.897097075576,-19.76159148938,4.035388659274
    ));
#328 = CARTESIAN_POINT('',(8.872987400512,-19.76846325497,4.038334279424
    ));
#329 = CARTESIAN_POINT('',(8.849010354899,-19.77640474143,4.041662530259
    ));
#330 = CARTESIAN_POINT('',(8.825154601618,-19.78564898119,4.045501055175
    ));
#331 = CARTESIAN_POINT('',(8.801404893403,-19.79650886169,4.050014081834
    ));
#332 = CARTESIAN_POINT('',(8.777742164635,-19.80941919736,4.055460043695
    ));
#333 = CARTESIAN_POINT('',(8.742348961891,-19.83278723801,4.06576389457)
  );
#334 = CARTESIAN_POINT('',(8.707078542404,-19.86415079469,4.081454850816
    ));
#335 = CARTESIAN_POINT('',(8.695333814054,-19.87560078133,4.087400797965
    ));
#336 = CARTESIAN_POINT('',(8.683600523818,-19.88818032655,4.094231646697
    ));
#337 = CARTESIAN_POINT('',(8.671879245345,-19.90202999111,4.102147014623
    ));
#338 = CARTESIAN_POINT('',(8.660172413425,-19.91730123917,4.111394259352
    ));
#339 = CARTESIAN_POINT('',(8.648485978396,-19.93416434852,4.122308297893
    ));
#340 = CARTESIAN_POINT('',(8.636832716259,-19.9527982967,4.135357010431)
  );
#341 = CARTESIAN_POINT('',(8.625237843243,-19.97334112217,4.151175389153
    ));
#342 = CARTESIAN_POINT('',(8.602257323935,-20.01821739772,4.189967796165
    ));
#343 = CARTESIAN_POINT('',(8.580012866089,-20.0692414851,4.246841284934)
  );
#344 = CARTESIAN_POINT('',(8.569148885184,-20.09599670364,4.280734572639
    ));
#345 = CARTESIAN_POINT('',(8.558679134001,-20.12294905623,4.321122411082
    ));
#346 = CARTESIAN_POINT('',(8.548698259428,-20.14945614895,4.368848656336
    ));
#347 = CARTESIAN_POINT('',(8.539432159975,-20.17321698828,4.424892870508
    ));
#348 = CARTESIAN_POINT('',(8.531122554548,-20.19051492926,4.48865378144)
  );
#349 = CARTESIAN_POINT('',(8.523763953576,-20.19858602807,4.556425957856
    ));
#350 = CARTESIAN_POINT('',(8.517061466323,-20.19740162157,4.622999321862
    ));
#351 = CARTESIAN_POINT('',(8.498066462784,-20.17157972693,4.811339508434
    ));
#352 = CARTESIAN_POINT('',(8.480254865068,-20.09609332892,4.950298118904
    ));
#353 = CARTESIAN_POINT('',(8.466959488022,-20.03928424796,5.007334986079
    ));
#354 = CARTESIAN_POINT('',(8.451266366385,-19.99899089385,5.041908983979
    ));
#355 = CARTESIAN_POINT('',(8.435057639328,-19.96251915754,5.07050464593)
  );
#356 = CARTESIAN_POINT('',(8.418150716612,-19.9308761828,5.091271373026)
  );
#357 = CARTESIAN_POINT('',(8.400389980321,-19.90658821677,5.104834607529
    ));
#358 = CARTESIAN_POINT('',(8.382596206319,-19.88381132249,5.117998979647
    ));
#359 = CARTESIAN_POINT('',(8.364410638701,-19.86482841501,5.127490451586
    ));
#360 = CARTESIAN_POINT('',(8.327735456416,-19.83132255155,5.143538217944
    ));
#361 = CARTESIAN_POINT('',(8.290563731029,-19.80561526021,5.154367420384
    ));
#362 = CARTESIAN_POINT('',(8.271906334609,-19.79428533879,5.158884039394
    ));
#363 = CARTESIAN_POINT('',(8.253212445841,-19.78417187922,5.16275642962)
  );
#364 = CARTESIAN_POINT('',(8.234504977383,-19.77505344137,5.166137828908
    ));
#365 = CARTESIAN_POINT('',(8.215799042287,-19.76676773744,5.169122041006
    ));
#366 = CARTESIAN_POINT('',(8.197105180245,-19.75919112612,5.171773208715
    ));
#367 = CARTESIAN_POINT('',(8.178431481011,-19.75222427092,5.174144278777
    ));
#368 = CARTESIAN_POINT('',(8.159784604951,-19.74578396264,5.176284158425
    ));
#369 = CARTESIAN_POINT('',(7.992250467257,-19.69193825237,5.193828805554
    ));
#370 = CARTESIAN_POINT('',(7.827504654313,-19.67102883586,5.197327268848
    ));
#371 = CARTESIAN_POINT('',(7.684751470604,-19.65181632632,5.201168288908
    ));
#372 = CARTESIAN_POINT('',(7.542913270828,-19.64556332036,5.195662971587
    ));
#373 = CARTESIAN_POINT('',(7.402396911746,-19.64072740189,5.188038388289
    ));
#374 = CARTESIAN_POINT('',(7.261698088016,-19.64197991676,5.174112690532
    ));
#375 = CARTESIAN_POINT('',(7.12023011751,-19.65347790536,5.150449661163)
  );
#376 = CARTESIAN_POINT('',(6.979468567509,-19.67003215212,5.120381073542
    ));
#377 = CARTESIAN_POINT('',(6.839677559067,-19.69615387644,5.08058252545)
  );
#378 = CARTESIAN_POINT('',(6.701188672493,-19.73035503888,5.03212136611)
  );
#379 = CARTESIAN_POINT('',(6.563660729945,-19.77294832477,4.974742253823
    ));
#380 = CARTESIAN_POINT('',(6.421184505965,-19.83608991618,4.912655103615
    ));
#381 = CARTESIAN_POINT('',(6.284261921852,-19.91037556085,4.841221722396
    ));
#382 = CARTESIAN_POINT('',(6.152423276923,-19.99466000668,4.76140569737)
  );
#383 = CARTESIAN_POINT('',(6.025793292464,-20.0881662562,4.673356443697)
  );
#384 = CARTESIAN_POINT('',(5.904583845801,-20.19034629483,4.577399403879
    ));
#385 = CARTESIAN_POINT('',(5.789579899679,-20.30070991226,4.473559289658
    ));
#386 = CARTESIAN_POINT('',(5.68226947835,-20.4183376342,4.361068714115)
  );
#387 = CARTESIAN_POINT('',(5.584094212069,-20.54116872581,4.238606486071
    ));
#388 = CARTESIAN_POINT('',(5.495122641926,-20.66553017368,4.105301763194
    ));
#389 = CARTESIAN_POINT('',(5.33142565261,-20.90796482028,3.818362606136)
  );
#390 = CARTESIAN_POINT('',(5.186214165655,-21.12675292095,3.498917138731
    ));
#391 = CARTESIAN_POINT('',(5.115824780713,-21.22728238831,3.332917606362
    ));
#392 = CARTESIAN_POINT('',(5.044274623716,-21.31750563401,3.164207382735
    ));
#393 = CARTESIAN_POINT('',(4.970136550527,-21.39831331666,2.995648085876
    ));
#394 = CARTESIAN_POINT('',(4.893876487484,-21.47140552621,2.828690575948
    ));
#395 = CARTESIAN_POINT('',(4.816760933633,-21.53771190007,2.663618075053
    ));
#396 = CARTESIAN_POINT('',(4.739957930431,-21.5969283759,2.500137151046)
  );
#397 = CARTESIAN_POINT('',(4.664346163136,-21.64823105282,2.337878678167
    ));
#398 = CARTESIAN_POINT('',(4.590832473193,-21.6911144494,2.176534524107)
  );
#399 = CARTESIAN_POINT('',(4.520263675907,-21.72418826423,2.015519350181
    ));
#400 = CARTESIAN_POINT('',(4.505089058607,-21.73046778095,2.00901275352)
  );
#401 = CARTESIAN_POINT('',(4.489077265673,-21.7367769711,2.003059711828)
  );
#402 = CARTESIAN_POINT('',(4.472088708641,-21.74310217401,1.997727484921
    ));
#403 = CARTESIAN_POINT('',(4.453931830679,-21.74941154078,1.993105225945
    ));
#404 = CARTESIAN_POINT('',(4.434391408719,-21.75565383165,1.989289465115
    ));
#405 = CARTESIAN_POINT('',(4.413214154125,-21.7617493317,1.986389302233)
  );
#406 = CARTESIAN_POINT('',(4.390075807365,-21.76756831466,1.984538172148
    ));
#407 = CARTESIAN_POINT('',(4.364553922101,-21.77289248432,1.983899047191
    ));
#408 = CARTESIAN_POINT('',(4.336130534209,-21.7773548233,1.984649940751)
  );
#409 = CARTESIAN_POINT('',(4.272367288045,-21.78335173427,1.989223211341
    ));
#410 = CARTESIAN_POINT('',(4.192929197785,-21.77967656744,2.000019973477
    ));
#411 = CARTESIAN_POINT('',(4.148791102935,-21.77453550404,2.007028935879
    ));
#412 = CARTESIAN_POINT('',(4.100127370386,-21.76446878471,2.015346811443
    ));
#413 = CARTESIAN_POINT('',(4.046686572014,-21.74854763952,2.024888632284
    ));
#414 = CARTESIAN_POINT('',(3.989047929849,-21.72423211671,2.034807034696
    ));
#415 = CARTESIAN_POINT('',(3.929951682416,-21.68898031056,2.043166737784
    ));
#416 = CARTESIAN_POINT('',(3.874100159744,-21.64368444563,2.047775165815
    ));
#417 = CARTESIAN_POINT('',(3.825577600402,-21.59284238511,2.047515703252
    ));
#418 = CARTESIAN_POINT('',(3.70332312096,-21.43461423343,2.033731863874)
  );
#419 = CARTESIAN_POINT('',(3.649352099242,-21.28446606787,1.986972977249
    ));
#420 = CARTESIAN_POINT('',(3.641794619782,-21.21040453629,1.94675448457)
  );
#421 = CARTESIAN_POINT('',(3.636521608306,-21.16917284031,1.911987420431
    ));
#422 = CARTESIAN_POINT('',(3.630017678019,-21.12569477537,1.87704040301)
  );
#423 = CARTESIAN_POINT('',(3.629480449349,-21.10478803862,1.84352560148)
  );
#424 = CARTESIAN_POINT('',(3.623854050382,-21.08196206596,1.811815308414
    ));
#425 = CARTESIAN_POINT('',(3.620357885442,-21.06805997071,1.780570568454
    ));
#426 = CARTESIAN_POINT('',(3.615508124391,-21.05692790503,1.750233884216
    ));
#427 = CARTESIAN_POINT('',(3.599754006883,-21.03338625681,1.660829989083
    ));
#428 = CARTESIAN_POINT('',(3.579598810502,-21.03316912497,1.575309788272
    ));
#429 = CARTESIAN_POINT('',(3.564515772707,-21.03915211853,1.518958461094
    ));
#430 = CARTESIAN_POINT('',(3.548375105267,-21.05035352413,1.462825694687
    ));
#431 = CARTESIAN_POINT('',(3.531579817026,-21.06658825997,1.40676431778)
  );
#432 = CARTESIAN_POINT('',(3.514385321628,-21.08773411279,1.350840753782
    ));
#433 = CARTESIAN_POINT('',(3.497057024173,-21.11378463595,1.295327095097
    ));
#434 = CARTESIAN_POINT('',(3.479930725218,-21.14487890298,1.240667338182
    ));
#435 = CARTESIAN_POINT('',(3.463325160239,-21.18106270426,1.187382584008
    ));
#436 = CARTESIAN_POINT('',(3.415615900607,-21.30395796106,1.033071451729
    ));
#437 = CARTESIAN_POINT('',(3.375793526557,-21.46802733641,0.898665569887
    ));
#438 = CARTESIAN_POINT('',(3.354056864896,-21.59390137959,0.820855739236
    ));
#439 = CARTESIAN_POINT('',(3.337338690821,-21.73277702128,0.756055521315
    ));
#440 = CARTESIAN_POINT('',(3.324517514025,-21.88449264018,0.701653236197
    ));
#441 = CARTESIAN_POINT('',(3.314745251212,-22.05133095997,0.655533936106
    ));
#442 = CARTESIAN_POINT('',(3.307862991255,-22.23607526592,0.617470979066
    ));
#443 = CARTESIAN_POINT('',(3.30377387927,-22.44108187031,0.587520555105)
  );
#444 = CARTESIAN_POINT('',(3.30213037967,-22.66851102047,0.565099064892)
  );
#445 = CARTESIAN_POINT('',(3.302961431817,-22.92077237695,0.550625403315
    ));
#446 = CARTESIAN_POINT('',(3.306187409508,-23.2,0.544269920303));
#447 = CARTESIAN_POINT('',(10.26,-20.63877183769,3.985));
#448 = CARTESIAN_POINT('',(10.12063634211,-20.64129362882,3.989190064589
    ));
#449 = CARTESIAN_POINT('',(9.98536909814,-20.64309474505,3.994860570632)
  );
#450 = CARTESIAN_POINT('',(9.854123877848,-20.64432926148,4.0019061196)
  );
#451 = CARTESIAN_POINT('',(9.726871266103,-20.64514735048,4.010918390273
    ));
#452 = CARTESIAN_POINT('',(9.603532956223,-20.64575849417,4.021604912821
    ));
#453 = CARTESIAN_POINT('',(9.484043368682,-20.64642952703,4.033869503765
    ));
#454 = CARTESIAN_POINT('',(9.368393669251,-20.64747339961,4.048569730678
    ));
#455 = CARTESIAN_POINT('',(9.256596136624,-20.64928698375,4.066932033196
    ));
#456 = CARTESIAN_POINT('',(9.148617865456,-20.65249866913,4.089570384506
    ));
#457 = CARTESIAN_POINT('',(9.018400317193,-20.65973649559,4.125131947836
    ));
#458 = CARTESIAN_POINT('',(8.894855512511,-20.67458413648,4.187554531365
    ));
#459 = CARTESIAN_POINT('',(8.870422383407,-20.67788078846,4.201302992383
    ));
#460 = CARTESIAN_POINT('',(8.846272176879,-20.68157192421,4.216530809345
    ));
#461 = CARTESIAN_POINT('',(8.822418733813,-20.68569666233,4.233535000824
    ));
#462 = CARTESIAN_POINT('',(8.798883401292,-20.69026905483,4.252711730424
    ));
#463 = CARTESIAN_POINT('',(8.775693611649,-20.69530987875,4.274573043195
    ));
#464 = CARTESIAN_POINT('',(8.75288493278,-20.7008596169,4.299800159361)
  );
#465 = CARTESIAN_POINT('',(8.730512238199,-20.70692519982,4.329370684455
    ));
#466 = CARTESIAN_POINT('',(8.697757348518,-20.71650702156,4.382510300011
    ));
#467 = CARTESIAN_POINT('',(8.666640046562,-20.72518941792,4.454303208451
    ));
#468 = CARTESIAN_POINT('',(8.656472682988,-20.72789691858,4.480600846742
    ));
#469 = CARTESIAN_POINT('',(8.646543428794,-20.73027164707,4.509656020897
    ));
#470 = CARTESIAN_POINT('',(8.636890895882,-20.73212362075,4.541900496106
    ));
#471 = CARTESIAN_POINT('',(8.627562484333,-20.73319461083,4.577831585546
    ));
#472 = CARTESIAN_POINT('',(8.618621706219,-20.73310002529,4.618064850726
    ));
#473 = CARTESIAN_POINT('',(8.610156161763,-20.73124337402,4.663362364845
    ));
#474 = CARTESIAN_POINT('',(8.602282711337,-20.7267096111,4.714584051588)
  );
#475 = CARTESIAN_POINT('',(8.588010062755,-20.70957768705,4.830435172184
    ));
#476 = CARTESIAN_POINT('',(8.577335512974,-20.66861637621,4.974459808322
    ));
#477 = CARTESIAN_POINT('',(8.573060274949,-20.64032850321,5.053956313008
    ));
#478 = CARTESIAN_POINT('',(8.570013330309,-20.60145718818,5.140227461986
    ));
#479 = CARTESIAN_POINT('',(8.56833314819,-20.54995488774,5.233042436072)
  );
#480 = CARTESIAN_POINT('',(8.568150586658,-20.4818786468,5.329546112579)
  );
#481 = CARTESIAN_POINT('',(8.569283583018,-20.39448347813,5.422958726092
    ));
#482 = CARTESIAN_POINT('',(8.571007275169,-20.29113534124,5.505003018186
    ));
#483 = CARTESIAN_POINT('',(8.572376835621,-20.18045164265,5.570457846437
    ));
#484 = CARTESIAN_POINT('',(8.574111079494,-19.84484644028,5.718470944731
    ));
#485 = CARTESIAN_POINT('',(8.566264640225,-19.54113216729,5.734810154632
    ));
#486 = CARTESIAN_POINT('',(8.554578777259,-19.39118547437,5.699553574756
    ));
#487 = CARTESIAN_POINT('',(8.539222445471,-19.29512039727,5.669455900604
    ));
#488 = CARTESIAN_POINT('',(8.522923030028,-19.21279374739,5.639767119102
    ));
#489 = CARTESIAN_POINT('',(8.505358944342,-19.14828850686,5.610323180131
    ));
#490 = CARTESIAN_POINT('',(8.486684669571,-19.10310819852,5.585945699227
    ));
#491 = CARTESIAN_POINT('',(8.468013700992,-19.06007274968,5.56366788108)
  );
#492 = CARTESIAN_POINT('',(8.448793676617,-19.02691232422,5.544034287366
    ));
#493 = CARTESIAN_POINT('',(8.409984335738,-18.96986719937,5.509227309613
    ));
#494 = CARTESIAN_POINT('',(8.37051694452,-18.92915356322,5.482113733837)
  );
#495 = CARTESIAN_POINT('',(8.35068012137,-18.91177356062,5.470173353804)
  );
#496 = CARTESIAN_POINT('',(8.330776319369,-18.89663757363,5.459587942546
    ));
#497 = CARTESIAN_POINT('',(8.310825248165,-18.88326604582,5.450138964373
    ));
#498 = CARTESIAN_POINT('',(8.290837060625,-18.87133762625,5.441647211688
    ));
#499 = CARTESIAN_POINT('',(8.270817320005,-18.8606191067,5.433968254506)
  );
#500 = CARTESIAN_POINT('',(8.250770052093,-18.85092033419,5.42698691486)
  );
#501 = CARTESIAN_POINT('',(8.230698882255,-18.84207409884,5.420610766025
    ));
#502 = CARTESIAN_POINT('',(8.049865258948,-18.76887618196,5.367977781329
    ));
#503 = CARTESIAN_POINT('',(7.86717839565,-18.74681958991,5.352419493664)
  );
#504 = CARTESIAN_POINT('',(7.703159833701,-18.72000068465,5.333908646918
    ));
#505 = CARTESIAN_POINT('',(7.534157757646,-18.71521185688,5.321619489077
    ));
#506 = CARTESIAN_POINT('',(7.360320957894,-18.70770267604,5.301385275716
    ));
#507 = CARTESIAN_POINT('',(7.179901382986,-18.70796228552,5.274362589254
    ));
#508 = CARTESIAN_POINT('',(6.99358996605,-18.72482746916,5.240660169745)
  );
#509 = CARTESIAN_POINT('',(6.805930416077,-18.74663678474,5.192387885393
    ));
#510 = CARTESIAN_POINT('',(6.620317946951,-18.78255716883,5.134040821505
    ));
#511 = CARTESIAN_POINT('',(6.439068494588,-18.82834139492,5.064840323581
    ));
#512 = CARTESIAN_POINT('',(6.263008678117,-18.88369186695,4.985871459548
    ));
#513 = CARTESIAN_POINT('',(6.068491380072,-18.96448781511,4.928546108584
    ));
#514 = CARTESIAN_POINT('',(5.886280892643,-19.05796516984,4.866418349278
    ));
#515 = CARTESIAN_POINT('',(5.713133147765,-19.16252926379,4.80194339172)
  );
#516 = CARTESIAN_POINT('',(5.547132239979,-19.2786657595,4.736122706138)
  );
#517 = CARTESIAN_POINT('',(5.386777728966,-19.40676503957,4.669871059685
    ));
#518 = CARTESIAN_POINT('',(5.231716412409,-19.54800151751,4.603996557009
    ));
#519 = CARTESIAN_POINT('',(5.083446735869,-19.70465248056,4.538347052865
    ));
#520 = CARTESIAN_POINT('',(4.945060429229,-19.87839539725,4.470814828079
    ));
#521 = CARTESIAN_POINT('',(4.819822381895,-20.06727694285,4.397029943265
    ));
#522 = CARTESIAN_POINT('',(4.598430001766,-20.46112569079,4.22639247223)
  );
#523 = CARTESIAN_POINT('',(4.427714599246,-20.85823066494,4.001314009068
    ));
#524 = CARTESIAN_POINT('',(4.353570094204,-21.05049106242,3.872750808489
    ));
#525 = CARTESIAN_POINT('',(4.285615135145,-21.22782154873,3.728538573588
    ));
#526 = CARTESIAN_POINT('',(4.21872986446,-21.38667420041,3.572120892058)
  );
#527 = CARTESIAN_POINT('',(4.149685417463,-21.52779863059,3.407595118386
    ));
#528 = CARTESIAN_POINT('',(4.077564774689,-21.65322991568,3.237512594708
    ));
#529 = CARTESIAN_POINT('',(4.002938797496,-21.76418447392,3.06233937086)
  );
#530 = CARTESIAN_POINT('',(3.926522663491,-21.86092499946,2.881558217218
    ));
#531 = CARTESIAN_POINT('',(3.848441603144,-21.94358899631,2.694928125265
    ));
#532 = CARTESIAN_POINT('',(3.769638524162,-22.01090889641,2.500952892392
    ));
#533 = CARTESIAN_POINT('',(3.746388466687,-22.00138202602,2.491295274899
    ));
#534 = CARTESIAN_POINT('',(3.722064130895,-21.99015163567,2.482111871293
    ));
#535 = CARTESIAN_POINT('',(3.696532670614,-21.97695413181,2.473416302395
    ));
#536 = CARTESIAN_POINT('',(3.669628988121,-21.9614157625,2.465214839355)
  );
#537 = CARTESIAN_POINT('',(3.641190221007,-21.94310334715,2.457499653792
    ));
#538 = CARTESIAN_POINT('',(3.611053010929,-21.92149035872,2.450242960142
    ));
#539 = CARTESIAN_POINT('',(3.579048438939,-21.89587872436,2.443382966184
    ));
#540 = CARTESIAN_POINT('',(3.545029512328,-21.86531671085,2.43679254776)
  );
#541 = CARTESIAN_POINT('',(3.508966087645,-21.82855326086,2.430221563681
    ));
#542 = CARTESIAN_POINT('',(3.433318141994,-21.73958503149,2.416185889935
    ));
#543 = CARTESIAN_POINT('',(3.354357976729,-21.61317789281,2.39708244569)
  );
#544 = CARTESIAN_POINT('',(3.314831445024,-21.53896078093,2.385515961129
    ));
#545 = CARTESIAN_POINT('',(3.277619310629,-21.45217463779,2.37041395397)
  );
#546 = CARTESIAN_POINT('',(3.243856115089,-21.35158819103,2.350930144682
    ));
#547 = CARTESIAN_POINT('',(3.218094528056,-21.23612852433,2.32453512657)
  );
#548 = CARTESIAN_POINT('',(3.20738371655,-21.10867162224,2.288271149103)
  );
#549 = CARTESIAN_POINT('',(3.215792693136,-20.97858302991,2.242022098629
    ));
#550 = CARTESIAN_POINT('',(3.241168835733,-20.85714809618,2.189176279298
    ));
#551 = CARTESIAN_POINT('',(3.353021287438,-20.53053550453,2.020718851664
    ));
#552 = CARTESIAN_POINT('',(3.531641848867,-20.33542568531,1.846075629913
    ));
#553 = CARTESIAN_POINT('',(3.643870141045,-20.27939922474,1.74799569265)
  );
#554 = CARTESIAN_POINT('',(3.708645664338,-20.25551243951,1.679380817764
    ));
#555 = CARTESIAN_POINT('',(3.775470223919,-20.2276777244,1.607872483476)
  );
#556 = CARTESIAN_POINT('',(3.814822909362,-20.23007648557,1.555311816203
    ));
#557 = CARTESIAN_POINT('',(3.851357439481,-20.2218221336,1.500734268099)
  );
#558 = CARTESIAN_POINT('',(3.876928603646,-20.22530627313,1.452885435404
    ));
#559 = CARTESIAN_POINT('',(3.896970230126,-20.22899568442,1.406590527714
    ));
#560 = CARTESIAN_POINT('',(3.941674194743,-20.24731807983,1.27311989468)
  );
#561 = CARTESIAN_POINT('',(3.94945848994,-20.28105628178,1.149785184731)
  );
#562 = CARTESIAN_POINT('',(3.945717075632,-20.30771170588,1.067667000988
    ));
#563 = CARTESIAN_POINT('',(3.935857452567,-20.33918156958,0.9844886684)
  );
#564 = CARTESIAN_POINT('',(3.921466488224,-20.37642687725,0.899914381353
    ));
#565 = CARTESIAN_POINT('',(3.903945248271,-20.42013466061,0.814002526873
    ));
#566 = CARTESIAN_POINT('',(3.884535145651,-20.47090807389,0.727403425121
    ));
#567 = CARTESIAN_POINT('',(3.864204963179,-20.52927447298,0.641390821802
    ));
#568 = CARTESIAN_POINT('',(3.843763121291,-20.59527133024,0.557466480901
    ));
#569 = CARTESIAN_POINT('',(3.784621187813,-20.81371421679,0.31551405024)
  );
#570 = CARTESIAN_POINT('',(3.736393437688,-21.08650112035,0.111945893209
    ));
#571 = CARTESIAN_POINT('',(3.713276647465,-21.2861392411,
    1.112512232739E-03));
#572 = CARTESIAN_POINT('',(3.699920369714,-21.49115845566,
    -8.201776755754E-02));
#573 = CARTESIAN_POINT('',(3.693254446166,-21.69833395405,-0.14550936111
    ));
#574 = CARTESIAN_POINT('',(3.690958748428,-21.91120783547,
    -0.196039909799));
#575 = CARTESIAN_POINT('',(3.692629497318,-22.13458860775,
    -0.234947968973));
#576 = CARTESIAN_POINT('',(3.698029762887,-22.37201023406,
    -0.262779707792));
#577 = CARTESIAN_POINT('',(3.706220423642,-22.62644399124,
    -0.281901131025));
#578 = CARTESIAN_POINT('',(3.717308066163,-22.90149981111,
    -0.291841018696));
#579 = CARTESIAN_POINT('',(3.731093952643,-23.2,-0.292836400814));
#580 = CARTESIAN_POINT('',(10.26,-20.77356349653,5.14581972766));
#581 = CARTESIAN_POINT('',(10.126764496863,-20.77090414626,
    5.150611414212));
#582 = CARTESIAN_POINT('',(9.997549290203,-20.76689882005,5.156894783295
    ));
#583 = CARTESIAN_POINT('',(9.872254424219,-20.76168690553,5.164644396954
    ));
#584 = CARTESIAN_POINT('',(9.750854524939,-20.75472767382,5.174216585707
    ));
#585 = CARTESIAN_POINT('',(9.633234904824,-20.74636952069,5.185533223118
    ));
#586 = CARTESIAN_POINT('',(9.519304292066,-20.73680075727,5.198679321232
    ));
#587 = CARTESIAN_POINT('',(9.409073759693,-20.7253085465,5.214312408466)
  );
#588 = CARTESIAN_POINT('',(9.302596339303,-20.71086767236,5.23337469946)
  );
#589 = CARTESIAN_POINT('',(9.199866712825,-20.69317592059,5.256692114016
    ));
#590 = CARTESIAN_POINT('',(9.07626492859,-20.66589094513,5.293498534172)
  );
#591 = CARTESIAN_POINT('',(8.960463134099,-20.61681626191,5.353030075613
    ));
#592 = CARTESIAN_POINT('',(8.937633696663,-20.60595776641,5.365970666499
    ));
#593 = CARTESIAN_POINT('',(8.91515738866,-20.59388374444,5.38012858714)
  );
#594 = CARTESIAN_POINT('',(8.893064572039,-20.58032716792,5.395704713102
    ));
#595 = CARTESIAN_POINT('',(8.871395632108,-20.56491072542,5.412930569051
    ));
#596 = CARTESIAN_POINT('',(8.850203131434,-20.5471484925,5.43210852947)
  );
#597 = CARTESIAN_POINT('',(8.829557531314,-20.52640154814,5.453654017674
    ));
#598 = CARTESIAN_POINT('',(8.809559763839,-20.50172458995,5.478114321478
    ));
#599 = CARTESIAN_POINT('',(8.780766024477,-20.45644860636,5.520150804916
    ));
#600 = CARTESIAN_POINT('',(8.754324319667,-20.39255164198,5.571662129));
#601 = CARTESIAN_POINT('',(8.745801163265,-20.36884946216,5.589963993575
    ));
#602 = CARTESIAN_POINT('',(8.737607475599,-20.34228253623,5.609471858783
    ));
#603 = CARTESIAN_POINT('',(8.729785685515,-20.31232495123,5.630240371441
    ));
#604 = CARTESIAN_POINT('',(8.722384180798,-20.27834878188,5.652294199122
    ));
#605 = CARTESIAN_POINT('',(8.715462047039,-20.23954024127,5.675600769171
    ));
#606 = CARTESIAN_POINT('',(8.709090912888,-20.19482409626,5.700002786664
    ));
#607 = CARTESIAN_POINT('',(8.70334852318,-20.14285080813,5.725087522762)
  );
#608 = CARTESIAN_POINT('',(8.693248798983,-20.02135090881,5.774852206719
    ));
#609 = CARTESIAN_POINT('',(8.68596204157,-19.85909025818,5.817072540282)
  );
#610 = CARTESIAN_POINT('',(8.683044111466,-19.7663003459,5.834742342253)
  );
#611 = CARTESIAN_POINT('',(8.680742386341,-19.66097565741,5.845878355606
    ));
#612 = CARTESIAN_POINT('',(8.67900670473,-19.5421870419,5.848361386286)
  );
#613 = CARTESIAN_POINT('',(8.677489693017,-19.41048360755,5.836772831753
    ));
#614 = CARTESIAN_POINT('',(8.67545135139,-19.27089622569,5.80468081591)
  );
#615 = CARTESIAN_POINT('',(8.672074340573,-19.13334998032,5.750764304065
    ));
#616 = CARTESIAN_POINT('',(8.666925914301,-19.00776291507,5.680504594398
    ));
#617 = CARTESIAN_POINT('',(8.646545904378,-18.67589729594,5.439424438454
    ));
#618 = CARTESIAN_POINT('',(8.613282004665,-18.48970513421,5.156243317484
    ));
#619 = CARTESIAN_POINT('',(8.587143543196,-18.43992118945,4.992905676239
    ));
#620 = CARTESIAN_POINT('',(8.562370116256,-18.41547201861,4.884808496205
    ));
#621 = CARTESIAN_POINT('',(8.537939797276,-18.39835642235,4.790281962128
    ));
#622 = CARTESIAN_POINT('',(8.51388245355,-18.3910323466,4.713203713629)
  );
#623 = CARTESIAN_POINT('',(8.490713086657,-18.38966872303,4.657710249446
    ));
#624 = CARTESIAN_POINT('',(8.467897168782,-18.38746700402,4.605448708592
    ));
#625 = CARTESIAN_POINT('',(8.445587891649,-18.38825167785,4.564235992462
    ));
#626 = CARTESIAN_POINT('',(8.401754534089,-18.39069646147,4.493260692683
    ));
#627 = CARTESIAN_POINT('',(8.35932354725,-18.39482844146,4.442339280904)
  );
#628 = CARTESIAN_POINT('',(8.338409490152,-18.39699013944,4.420644528723
    ));
#629 = CARTESIAN_POINT('',(8.317757453812,-18.39908748213,4.401856355059
    ));
#630 = CARTESIAN_POINT('',(8.297335883771,-18.40106136255,4.385385394729
    ));
#631 = CARTESIAN_POINT('',(8.277119441161,-18.40290357025,4.370817901446
    ));
#632 = CARTESIAN_POINT('',(8.257087591354,-18.40462174322,4.357845098641
    ));
#633 = CARTESIAN_POINT('',(8.237223426787,-18.40621933154,4.346216272281
    ));
#634 = CARTESIAN_POINT('',(8.217512723964,-18.40769057272,4.335715605621
    ));
#635 = CARTESIAN_POINT('',(8.041387319841,-18.41974972753,4.24973995849)
  );
#636 = CARTESIAN_POINT('',(7.875829644135,-18.42285435135,4.230772935657
    ));
#637 = CARTESIAN_POINT('',(7.731655080297,-18.4239668583,4.200663937608)
  );
#638 = CARTESIAN_POINT('',(7.590818750724,-18.42831681409,4.190587182305
    ));
#639 = CARTESIAN_POINT('',(7.450687213574,-18.43427797541,4.167117098037
    ));
#640 = CARTESIAN_POINT('',(7.310658815927,-18.44488350032,4.139429911318
    ));
#641 = CARTESIAN_POINT('',(7.170904029922,-18.46240744763,4.113864558508
    ));
#642 = CARTESIAN_POINT('',(7.03146620191,-18.4862267501,4.072735671318)
  );
#643 = CARTESIAN_POINT('',(6.893738196491,-18.51821449166,4.027152551997
    ));
#644 = CARTESIAN_POINT('',(6.757730350056,-18.55809070536,3.972539897952
    ));
#645 = CARTESIAN_POINT('',(6.623228652329,-18.60613392529,3.909361175986
    ));
#646 = CARTESIAN_POINT('',(6.460059905773,-18.64424449716,3.87353124401)
  );
#647 = CARTESIAN_POINT('',(6.296064113548,-18.69058599029,3.832989658834
    ));
#648 = CARTESIAN_POINT('',(6.129431116773,-18.74374098316,3.789685845925
    ));
#649 = CARTESIAN_POINT('',(5.958563003252,-18.80386161214,3.74569641553)
  );
#650 = CARTESIAN_POINT('',(5.782145399253,-18.87048771874,3.702611894546
    ));
#651 = CARTESIAN_POINT('',(5.598916175968,-18.94392868734,3.662561878109
    ));
#652 = CARTESIAN_POINT('',(5.408185296178,-19.02669870867,3.628318972668
    ));
#653 = CARTESIAN_POINT('',(5.211186755588,-19.12313467122,3.601636758027
    ));
#654 = CARTESIAN_POINT('',(5.012370802282,-19.23696534999,3.580691851607
    ));
#655 = CARTESIAN_POINT('',(4.625172891153,-19.49951470775,3.537738176166
    ));
#656 = CARTESIAN_POINT('',(4.275742229979,-19.81466187553,3.470276154976
    ));
#657 = CARTESIAN_POINT('',(4.114957381345,-19.98163820646,3.424851491083
    ));
#658 = CARTESIAN_POINT('',(3.970648668206,-20.14919692827,3.361582951006
    ));
#659 = CARTESIAN_POINT('',(3.840965396976,-20.30921171018,3.279378131307
    ));
#660 = CARTESIAN_POINT('',(3.722058164185,-20.45669157492,3.180993295946
    ));
#661 = CARTESIAN_POINT('',(3.61096158937,-20.5898091349,3.069983337105)
  );
#662 = CARTESIAN_POINT('',(3.506628229965,-20.7085126328,2.948786003845)
  );
#663 = CARTESIAN_POINT('',(3.408811723885,-20.81280232203,2.818880968071
    ));
#664 = CARTESIAN_POINT('',(3.316529164546,-20.90183536291,2.681929711839
    ));
#665 = CARTESIAN_POINT('',(3.229864672467,-20.97510704967,2.538767634576
    ));
#666 = CARTESIAN_POINT('',(3.224654466875,-20.95585719155,2.520286783333
    ));
#667 = CARTESIAN_POINT('',(3.220136518188,-20.93447064568,2.501149610902
    ));
#668 = CARTESIAN_POINT('',(3.216465660356,-20.91068322983,2.481225482728
    ));
#669 = CARTESIAN_POINT('',(3.213874078285,-20.88414476658,2.460327234881
    ));
#670 = CARTESIAN_POINT('',(3.212648534663,-20.85447974063,2.4382353637)
  );
#671 = CARTESIAN_POINT('',(3.213158898108,-20.82126847932,2.4146799132)
  );
#672 = CARTESIAN_POINT('',(3.215924681615,-20.78400506471,2.389298546365
    ));
#673 = CARTESIAN_POINT('',(3.221706300078,-20.74208818547,2.361589286407
    ));
#674 = CARTESIAN_POINT('',(3.231607755879,-20.69490113694,2.330876414151
    ));
#675 = CARTESIAN_POINT('',(3.262747166787,-20.58917321826,2.261739601074
    ));
#676 = CARTESIAN_POINT('',(3.324873538308,-20.46165822726,2.173258823352
    ));
#677 = CARTESIAN_POINT('',(3.365677026246,-20.39251627805,2.123208627778
    ));
#678 = CARTESIAN_POINT('',(3.419154855283,-20.31978403108,2.066274251072
    ));
#679 = CARTESIAN_POINT('',(3.487157060633,-20.24410221332,2.001676307726
    ));
#680 = CARTESIAN_POINT('',(3.573616712647,-20.16983423392,1.928386462672
    ));
#681 = CARTESIAN_POINT('',(3.680571635851,-20.10586369298,1.847277918805
    ));
#682 = CARTESIAN_POINT('',(3.802338666368,-20.06094687283,1.7630390944)
  );
#683 = CARTESIAN_POINT('',(3.927478330926,-20.03810984392,1.682000898639
    ));
#684 = CARTESIAN_POINT('',(4.292742887818,-20.02523534492,1.456267553626
    ));
#685 = CARTESIAN_POINT('',(4.584978547001,-20.14504560753,1.296372018102
    ));
#686 = CARTESIAN_POINT('',(4.709804380784,-20.2524495317,1.230845970023)
  );
#687 = CARTESIAN_POINT('',(4.775657753008,-20.32458649472,1.18724922285)
  );
#688 = CARTESIAN_POINT('',(4.846874733419,-20.39734727125,1.140968716144
    ));
#689 = CARTESIAN_POINT('',(4.873873763976,-20.4553264291,1.113450909482)
  );
#690 = CARTESIAN_POINT('',(4.909150041149,-20.50565808004,1.07991583327)
  );
#691 = CARTESIAN_POINT('',(4.927519009524,-20.55017214376,1.053321080475
    ));
#692 = CARTESIAN_POINT('',(4.942851984788,-20.58926423847,1.026789248498
    ));
#693 = CARTESIAN_POINT('',(4.974798629195,-20.69464473084,0.950739616709
    ));
#694 = CARTESIAN_POINT('',(4.976996306635,-20.77131494591,0.880516934315
    ));
#695 = CARTESIAN_POINT('',(4.973105106345,-20.8163741463,0.833703240081)
  );
#696 = CARTESIAN_POINT('',(4.965775273143,-20.85858533198,0.786638251746
    ));
#697 = CARTESIAN_POINT('',(4.95593058761,-20.89991710269,0.739366076991)
  );
#698 = CARTESIAN_POINT('',(4.944606784145,-20.94188655436,0.691912106312
    ));
#699 = CARTESIAN_POINT('',(4.932635058479,-20.9856603919,0.644526567501)
  );
#700 = CARTESIAN_POINT('',(4.920380092719,-21.03199876607,0.597794759474
    ));
#701 = CARTESIAN_POINT('',(4.908060692573,-21.0813066538,0.552393253176)
  );
#702 = CARTESIAN_POINT('',(4.872575685498,-21.23877064397,0.421442661527
    ));
#703 = CARTESIAN_POINT('',(4.843015415086,-21.42508364503,0.310198345936
    ));
#704 = CARTESIAN_POINT('',(4.827814900719,-21.56249654349,0.24809398251)
  );
#705 = CARTESIAN_POINT('',(4.817455018089,-21.7103142695,0.199443185464)
  );
#706 = CARTESIAN_POINT('',(4.810849427169,-21.86890646937,0.16160146206)
  );
#707 = CARTESIAN_POINT('',(4.807168524878,-22.04100832066,0.132418327745
    ));
#708 = CARTESIAN_POINT('',(4.806259321621,-22.22970294433,0.111698242106
    ));
#709 = CARTESIAN_POINT('',(4.808023226012,-22.43755445632,
    9.953012217681E-02));
#710 = CARTESIAN_POINT('',(4.812109661417,-22.66691447057,
    9.532809294746E-02));
#711 = CARTESIAN_POINT('',(4.818536363843,-22.92031671296,
    9.954726751603E-02));
#712 = CARTESIAN_POINT('',(4.827210546879,-23.2,0.112379150784));
#713 = CARTESIAN_POINT('',(10.26,-19.7,6.10325106037));
#714 = CARTESIAN_POINT('',(10.139739994519,-19.69306730133,6.10325106037
    ));
#715 = CARTESIAN_POINT('',(10.023249461668,-19.68435710276,
    6.104018082868));
#716 = CARTESIAN_POINT('',(9.910372765355,-19.67391710693,6.10557498703)
  );
#717 = CARTESIAN_POINT('',(9.800983221092,-19.66095000316,6.107425110858
    ));
#718 = CARTESIAN_POINT('',(9.694912369813,-19.64568564739,6.109792973932
    ));
#719 = CARTESIAN_POINT('',(9.592002834752,-19.62807165666,6.112826391253
    ));
#720 = CARTESIAN_POINT('',(9.492144078759,-19.60686266025,6.116025113909
    ));
#721 = CARTESIAN_POINT('',(9.395247844194,-19.58030258022,6.118717365371
    ));
#722 = CARTESIAN_POINT('',(9.301217521542,-19.5472084438,6.120961894396)
  );
#723 = CARTESIAN_POINT('',(9.187274566764,-19.49429584037,6.123271299711
    ));
#724 = CARTESIAN_POINT('',(9.078804245187,-19.40280847506,6.115825458984
    ));
#725 = CARTESIAN_POINT('',(9.057337849419,-19.38272188837,6.1138302254)
  );
#726 = CARTESIAN_POINT('',(9.036114614459,-19.36053623898,6.111248266031
    ));
#727 = CARTESIAN_POINT('',(9.015150576155,-19.33586308119,6.107904500751
    ));
#728 = CARTESIAN_POINT('',(8.994463570542,-19.30821189332,6.103520380409
    ));
#729 = CARTESIAN_POINT('',(8.97407795996,-19.27694669727,6.097740227306)
  );
#730 = CARTESIAN_POINT('',(8.954028856208,-19.2412119842,6.090107789308)
  );
#731 = CARTESIAN_POINT('',(8.934361868173,-19.19981705366,6.079907831537
    ));
#732 = CARTESIAN_POINT('',(8.905505668101,-19.12669328353,6.058727468578
    ));
#733 = CARTESIAN_POINT('',(8.87767907413,-19.03155748175,6.022709616598)
  );
#734 = CARTESIAN_POINT('',(8.868521393719,-18.99710598106,6.00873264491)
  );
#735 = CARTESIAN_POINT('',(8.859482473152,-18.95954686409,5.992318704036
    ));
#736 = CARTESIAN_POINT('',(8.850559884807,-18.91849429484,5.97291842544)
  );
#737 = CARTESIAN_POINT('',(8.841746084581,-18.87353246251,5.949851197743
    ));
#738 = CARTESIAN_POINT('',(8.833023863696,-18.82419383545,5.922195698553
    ));
#739 = CARTESIAN_POINT('',(8.824357248852,-18.76998696541,5.888665074139
    ));
#740 = CARTESIAN_POINT('',(8.81567606709,-18.7105329504,5.847513060356)
  );
#741 = CARTESIAN_POINT('',(8.798028716871,-18.58120637782,5.745521616317
    ));
#742 = CARTESIAN_POINT('',(8.778934849332,-18.43498573461,5.593789380588
    ));
#743 = CARTESIAN_POINT('',(8.768821361399,-18.35846010765,5.502913544794
    ));
#744 = CARTESIAN_POINT('',(8.757766639114,-18.28139544571,5.394173790931
    ));
#745 = CARTESIAN_POINT('',(8.745509636518,-18.20555834664,5.265249663609
    ));
#746 = CARTESIAN_POINT('',(8.731428481614,-18.13727509263,5.113447635668
    ));
#747 = CARTESIAN_POINT('',(8.714857810266,-18.08676375712,4.940420078195
    ));
#748 = CARTESIAN_POINT('',(8.695811863367,-18.06162332677,4.756353058621
    ));
#749 = CARTESIAN_POINT('',(8.67510047943,-18.06193318177,4.575569093857)
  );
#750 = CARTESIAN_POINT('',(8.610320387019,-18.12410114151,4.064462239027
    ));
#751 = CARTESIAN_POINT('',(8.543516329647,-18.32286547424,3.688986789677
    ));
#752 = CARTESIAN_POINT('',(8.503426303355,-18.4732351328,3.536484426833)
  );
#753 = CARTESIAN_POINT('',(8.470460728298,-18.57823836951,3.445670322074
    ));
#754 = CARTESIAN_POINT('',(8.439438579113,-18.67277742967,3.371221794813
    ));
#755 = CARTESIAN_POINT('',(8.410855012985,-18.75408821263,3.318221586732
    ));
#756 = CARTESIAN_POINT('',(8.38513103705,-18.81523042487,3.284945512838)
  );
#757 = CARTESIAN_POINT('',(8.360003437764,-18.87227438766,3.252682078003
    ));
#758 = CARTESIAN_POINT('',(8.336451672333,-18.91894875593,3.230427223836
    ));
#759 = CARTESIAN_POINT('',(8.291167887711,-19.00016691248,3.193799816803
    ));
#760 = CARTESIAN_POINT('',(8.249189709946,-19.06022519986,3.171126078019
    ));
#761 = CARTESIAN_POINT('',(8.228875608874,-19.08613993208,3.162154902098
    ));
#762 = CARTESIAN_POINT('',(8.209133358045,-19.1087896084,3.15484705073)
  );
#763 = CARTESIAN_POINT('',(8.189893163156,-19.12878764889,3.148776484066
    ));
#764 = CARTESIAN_POINT('',(8.171106671945,-19.14658485698,3.143680553562
    ));
#765 = CARTESIAN_POINT('',(8.152738104838,-19.16252579239,3.139378152059
    ));
#766 = CARTESIAN_POINT('',(8.134758417438,-19.17688819802,3.135718951701
    ));
#767 = CARTESIAN_POINT('',(8.117142494897,-19.18990548103,3.132563729692
    ));
#768 = CARTESIAN_POINT('',(7.961684443919,-19.29670638203,3.107652199536
    ));
#769 = CARTESIAN_POINT('',(7.832896494186,-19.32201144516,3.109923473877
    ));
#770 = CARTESIAN_POINT('',(7.731926132674,-19.35576081055,3.098456697404
    ));
#771 = CARTESIAN_POINT('',(7.648601647382,-19.36580052892,3.098765972728
    ));
#772 = CARTESIAN_POINT('',(7.5783205239,-19.38624556035,3.088540439881)
  );
#773 = CARTESIAN_POINT('',(7.52173425591,-19.40663733761,3.07683369361)
  );
#774 = CARTESIAN_POINT('',(7.47697168356,-19.4179311794,3.070649500961)
  );
#775 = CARTESIAN_POINT('',(7.436492282284,-19.43677635469,3.058385631723
    ));
#776 = CARTESIAN_POINT('',(7.396085934816,-19.45315450264,3.046738460619
    ));
#777 = CARTESIAN_POINT('',(7.351357070518,-19.47353992633,3.030330924158
    ));
#778 = CARTESIAN_POINT('',(7.299759609567,-19.499456526,3.007422190848)
  );
#779 = CARTESIAN_POINT('',(7.228123088441,-19.48008071861,2.983312012023
    ));
#780 = CARTESIAN_POINT('',(7.136304301715,-19.463324968,2.948830690362)
  );
#781 = CARTESIAN_POINT('',(7.027177038625,-19.44848520901,2.903628044766
    ));
#782 = CARTESIAN_POINT('',(6.901980952914,-19.43384500149,2.849592148272
    ));
#783 = CARTESIAN_POINT('',(6.761716096183,-19.41705840459,2.788127154176
    ));
#784 = CARTESIAN_POINT('',(6.605807041214,-19.39562056662,2.7214639598)
  );
#785 = CARTESIAN_POINT('',(6.431745562491,-19.36820673296,2.654011034287
    ));
#786 = CARTESIAN_POINT('',(6.237150977035,-19.33662960748,2.591699319455
    ));
#787 = CARTESIAN_POINT('',(6.023417384515,-19.3071342365,2.539221695474)
  );
#788 = CARTESIAN_POINT('',(5.572276978521,-19.27030339807,2.454806476108
    ));
#789 = CARTESIAN_POINT('',(5.107630101233,-19.29281523385,2.398252786204
    ));
#790 = CARTESIAN_POINT('',(4.88012424499,-19.32317231841,2.374154897875)
  );
#791 = CARTESIAN_POINT('',(4.668302625139,-19.3727413059,2.34673115273)
  );
#792 = CARTESIAN_POINT('',(4.477671154918,-19.43522117458,2.310413461026
    ));
#793 = CARTESIAN_POINT('',(4.308531475491,-19.50208568135,2.263512071312
    ));
#794 = CARTESIAN_POINT('',(4.158984360041,-19.56692664725,2.207547205715
    ));
#795 = CARTESIAN_POINT('',(4.027401253175,-19.62672747812,2.145624376282
    ));
#796 = CARTESIAN_POINT('',(3.912949073529,-19.67990067678,2.08105718568)
  );
#797 = CARTESIAN_POINT('',(3.814717335081,-19.72398337371,2.016991558435
    ));
#798 = CARTESIAN_POINT('',(3.73196057069,-19.75894517299,1.957335491814)
  );
#799 = CARTESIAN_POINT('',(3.751820711639,-19.75162369876,1.935553950029
    ));
#800 = CARTESIAN_POINT('',(3.774129353933,-19.74399556982,1.912283763299
    ));
#801 = CARTESIAN_POINT('',(3.799270098084,-19.73611153581,1.887343009703
    ));
#802 = CARTESIAN_POINT('',(3.827769411732,-19.72807234794,1.860489579984
    ));
#803 = CARTESIAN_POINT('',(3.860218823755,-19.7200320652,1.831461084479)
  );
#804 = CARTESIAN_POINT('',(3.897314509737,-19.71222302805,1.799960578236
    ));
#805 = CARTESIAN_POINT('',(3.939947752553,-19.70501506406,1.765624216439
    ));
#806 = CARTESIAN_POINT('',(3.989279762084,-19.69902148987,1.72800695226)
  );
#807 = CARTESIAN_POINT('',(4.046734337772,-19.69526447403,1.686622389259
    ));
#808 = CARTESIAN_POINT('',(4.180949378293,-19.69556017599,1.595523411621
    ));
#809 = CARTESIAN_POINT('',(4.358839226756,-19.72202024982,1.487555291851
    ));
#810 = CARTESIAN_POINT('',(4.460078198054,-19.7442388091,1.429206529689)
  );
#811 = CARTESIAN_POINT('',(4.573904094738,-19.77991863693,1.367325369496
    ));
#812 = CARTESIAN_POINT('',(4.701007977635,-19.83162622534,1.302148381099
    ));
#813 = CARTESIAN_POINT('',(4.839797353155,-19.90635739352,1.236008049571
    ));
#814 = CARTESIAN_POINT('',(4.98273884072,-20.01111333238,1.174227671542)
  );
#815 = CARTESIAN_POINT('',(5.116905040773,-20.14345440715,1.122837877232
    ));
#816 = CARTESIAN_POINT('',(5.231067759471,-20.29102866086,1.084911356484
    ));
#817 = CARTESIAN_POINT('',(5.509898860602,-20.74942450553,1.007136870538
    ));
#818 = CARTESIAN_POINT('',(5.602310413501,-21.18571938042,1.020796200492
    ));
#819 = CARTESIAN_POINT('',(5.586355881813,-21.40515847134,1.055141885007
    ));
#820 = CARTESIAN_POINT('',(5.564696395671,-21.53460533758,1.074896043869
    ));
#821 = CARTESIAN_POINT('',(5.546995008438,-21.67059412555,1.09556386952)
  );
#822 = CARTESIAN_POINT('',(5.513463464067,-21.74500364293,1.112737185791
    ));
#823 = CARTESIAN_POINT('',(5.494494491154,-21.82526687286,1.125416382252
    ));
#824 = CARTESIAN_POINT('',(5.470239947172,-21.88168038784,1.137306269124
    ));
#825 = CARTESIAN_POINT('',(5.450276132548,-21.93126739407,1.14721422036)
  );
#826 = CARTESIAN_POINT('',(5.395402057504,-22.05561966156,1.174137402388
    ));
#827 = CARTESIAN_POINT('',(5.357732074268,-22.12484780373,1.195443173009
    ));
#828 = CARTESIAN_POINT('',(5.339404105283,-22.15899745021,1.210266228762
    ));
#829 = CARTESIAN_POINT('',(5.326234082625,-22.18448899071,1.227118867499
    ));
#830 = CARTESIAN_POINT('',(5.317104840266,-22.2026757079,1.246596603351)
  );
#831 = CARTESIAN_POINT('',(5.311304968647,-22.21473805138,1.268707753663
    ));
#832 = CARTESIAN_POINT('',(5.308095590519,-22.22153821489,1.2928952277)
  );
#833 = CARTESIAN_POINT('',(5.306544303298,-22.22353834015,1.318129350362
    ));
#834 = CARTESIAN_POINT('',(5.305765618302,-22.22145701522,1.343168477237
    ));
#835 = CARTESIAN_POINT('',(5.304220716907,-22.20804434836,1.414375056498
    ));
#836 = CARTESIAN_POINT('',(5.300664835519,-22.18583216633,1.466561818051
    ));
#837 = CARTESIAN_POINT('',(5.293735312506,-22.17883148301,1.486324617808
    ));
#838 = CARTESIAN_POINT('',(5.281604081368,-22.19599629031,1.489244815074
    ));
#839 = CARTESIAN_POINT('',(5.267280269342,-22.24452667313,1.484029608004
    ));
#840 = CARTESIAN_POINT('',(5.253021375834,-22.32490292617,1.47802061993)
  );
#841 = CARTESIAN_POINT('',(5.239190285362,-22.43622924185,1.473368300835
    ));
#842 = CARTESIAN_POINT('',(5.225979282593,-22.57878361125,1.471445562379
    ));
#843 = CARTESIAN_POINT('',(5.214269802748,-22.75338303086,1.475384172035
    ));
#844 = CARTESIAN_POINT('',(5.203908307394,-22.96015883113,1.485559923416
    ));
#845 = CARTESIAN_POINT('',(5.195039717539,-23.2,1.503031889305));
#846 = CARTESIAN_POINT('',(10.26,-18.62643650346,5.14581972766));
#847 = CARTESIAN_POINT('',(10.141120013326,-18.62377715319,
    5.141028041107));
#848 = CARTESIAN_POINT('',(10.025919528642,-18.61992445609,
    5.136397916833));
#849 = CARTESIAN_POINT('',(9.914235894492,-18.6148735917,5.13187192309)
  );
#850 = CARTESIAN_POINT('',(9.805854088997,-18.60865156986,5.126612287961
    ));
#851 = CARTESIAN_POINT('',(9.700616354768,-18.60118430826,5.120768980132
    ));
#852 = CARTESIAN_POINT('',(9.59835002094,-18.59234127816,5.11426998279)
  );
#853 = CARTESIAN_POINT('',(9.498816006703,-18.58197785023,5.105973574269
    ));
#854 = CARTESIAN_POINT('',(9.40175036532,-18.56986996428,5.094321752324)
  );
#855 = CARTESIAN_POINT('',(9.306941092232,-18.55551023927,5.078433261604
    ));
#856 = CARTESIAN_POINT('',(9.190955083741,-18.53338385519,5.050859193575
    ));
#857 = CARTESIAN_POINT('',(9.076866157033,-18.50299375305,4.993327636429
    ));
#858 = CARTESIAN_POINT('',(9.054109818574,-18.49656986188,4.980407295517
    ));
#859 = CARTESIAN_POINT('',(9.031402366971,-18.48973580839,4.965826427251
    ));
#860 = CARTESIAN_POINT('',(9.00872350525,-18.48246213958,4.949248267399)
  );
#861 = CARTESIAN_POINT('',(8.986044294163,-18.47475137411,4.93022602217)
  );
#862 = CARTESIAN_POINT('',(8.96332862413,-18.46660305083,4.908182875673)
  );
#863 = CARTESIAN_POINT('',(8.940530733715,-18.4580012833,4.882351803427)
  );
#864 = CARTESIAN_POINT('',(8.917582443961,-18.44897941063,4.851635227359
    ));
#865 = CARTESIAN_POINT('',(8.882754444765,-18.43523479765,4.795699207871
    ));
#866 = CARTESIAN_POINT('',(8.846813870905,-18.42321341114,4.718896056509
    ));
#867 = CARTESIAN_POINT('',(8.834683019474,-18.41950674767,4.690650225837
    ));
#868 = CARTESIAN_POINT('',(8.822363201986,-18.41627993123,4.659327370417
    ));
#869 = CARTESIAN_POINT('',(8.809809847463,-18.41376305642,4.624451177012
    ));
#870 = CARTESIAN_POINT('',(8.796968500636,-18.41226523378,4.585474623346
    ));
#871 = CARTESIAN_POINT('',(8.783766593833,-18.41224175571,4.541723256195
    ));
#872 = CARTESIAN_POINT('',(8.770104620311,-18.41439101229,4.492366912407
    ));
#873 = CARTESIAN_POINT('',(8.755850719525,-18.41977204357,4.436478407464
    ));
#874 = CARTESIAN_POINT('',(8.725834649803,-18.44009518772,4.309997024651
    ));
#875 = CARTESIAN_POINT('',(8.692085592481,-18.48822040889,4.152888220421
    ));
#876 = CARTESIAN_POINT('',(8.674098113933,-18.52132318202,4.066255896768
    ));
#877 = CARTESIAN_POINT('',(8.654819198338,-18.56654814557,3.97244916405)
  );
#878 = CARTESIAN_POINT('',(8.634098455495,-18.62617995881,3.871806788885
    ));
#879 = CARTESIAN_POINT('',(8.611805885026,-18.70452316848,3.767680729264
    ));
#880 = CARTESIAN_POINT('',(8.588170746011,-18.80438630345,3.667770348572
    ));
#881 = CARTESIAN_POINT('',(8.5640210235,-18.92167434145,3.581211139545)
  );
#882 = CARTESIAN_POINT('',(8.54041048448,-19.0465303299,3.513509706784)
  );
#883 = CARTESIAN_POINT('',(8.472619245459,-19.42319054773,3.364664294487
    ));
#884 = CARTESIAN_POINT('',(8.416563374543,-19.75899341322,3.361934092755
    ));
#885 = CARTESIAN_POINT('',(8.386743687258,-19.92223064428,3.409686882099
    ));
#886 = CARTESIAN_POINT('',(8.361199966039,-20.02534065989,3.449504549075
    ));
#887 = CARTESIAN_POINT('',(8.336977066443,-20.11310286114,3.488284210164
    ));
#888 = CARTESIAN_POINT('',(8.314422763499,-20.18094024113,3.526046088014
    ));
#889 = CARTESIAN_POINT('',(8.29334281072,-20.22736087175,3.557329336675)
  );
#890 = CARTESIAN_POINT('',(8.272533182425,-20.27149382917,3.586129967006
    ));
#891 = CARTESIAN_POINT('',(8.252589879576,-20.30470483954,3.611531109674
    ));
#892 = CARTESIAN_POINT('',(8.213637696909,-20.36098782056,3.656869049621
    ));
#893 = CARTESIAN_POINT('',(8.176457278817,-20.39944180164,3.692729068673
    ));
#894 = CARTESIAN_POINT('',(8.158240766391,-20.41544103934,3.708674204536
    ));
#895 = CARTESIAN_POINT('',(8.140356002415,-20.42902573579,3.722953422308
    ));
#896 = CARTESIAN_POINT('',(8.122778758242,-20.4407271388,3.735827664585)
  );
#897 = CARTESIAN_POINT('',(8.10549503978,-20.45090084171,3.74750760733)
  );
#898 = CARTESIAN_POINT('',(8.088495694324,-20.45980508025,3.758161514559
    ));
#899 = CARTESIAN_POINT('',(8.071773109285,-20.46765101686,3.767923201342
    ));
#900 = CARTESIAN_POINT('',(8.055320002709,-20.47462501254,3.776900105157
    ));
#901 = CARTESIAN_POINT('',(7.90961272939,-20.53094587558,3.851432348818)
  );
#902 = CARTESIAN_POINT('',(7.785089213373,-20.53667428026,3.876051278119
    ));
#903 = CARTESIAN_POINT('',(7.689552098809,-20.55518387658,3.897064709012
    ));
#904 = CARTESIAN_POINT('',(7.610844062451,-20.55618501388,3.902503722836
    ));
#905 = CARTESIAN_POINT('',(7.546921903035,-20.56826036987,3.907873955239
    ));
#906 = CARTESIAN_POINT('',(7.497741455458,-20.5811368342,3.910141755292)
  );
#907 = CARTESIAN_POINT('',(7.460551073737,-20.58638511569,3.907538153882
    ));
#908 = CARTESIAN_POINT('',(7.428376754938,-20.59818520365,3.908044142237
    ));
#909 = CARTESIAN_POINT('',(7.395450034713,-20.60776178409,3.904884556885
    ));
#910 = CARTESIAN_POINT('',(7.357242698856,-20.6211456089,3.897706212118)
  );
#911 = CARTESIAN_POINT('',(7.310869791611,-20.64001102691,3.883906835469
    ));
#912 = CARTESIAN_POINT('',(7.266727618272,-20.63774315496,3.837185878345
    ));
#913 = CARTESIAN_POINT('',(7.206312776993,-20.64019002208,3.775360791479
    ));
#914 = CARTESIAN_POINT('',(7.134160547533,-20.64696209404,3.69696941124)
  );
#915 = CARTESIAN_POINT('',(7.053340269731,-20.65532359426,3.602139556527
    ));
#916 = CARTESIAN_POINT('',(6.966453924484,-20.66266809405,3.491113870959
    ));
#917 = CARTESIAN_POINT('',(6.874842555377,-20.66549770697,3.364230200075
    ));
#918 = CARTESIAN_POINT('',(6.777792289924,-20.6590150995,3.222853990518)
  );
#919 = CARTESIAN_POINT('',(6.672763072132,-20.63900726868,3.070537742143
    ));
#920 = CARTESIAN_POINT('',(6.556894571011,-20.60526977608,2.913461088053
    ));
#921 = CARTESIAN_POINT('',(6.301655593902,-20.52150995512,2.604506155042
    ));
#922 = CARTESIAN_POINT('',(6.010556620301,-20.42881683946,2.321211133832
    ));
#923 = CARTESIAN_POINT('',(5.858360354542,-20.38598930939,2.190163366133
    ));
#924 = CARTESIAN_POINT('',(5.705828827051,-20.35431931543,2.070863860112
    ));
#925 = CARTESIAN_POINT('',(5.559557192811,-20.33583230068,1.96088915111)
  );
#926 = CARTESIAN_POINT('',(5.424146648601,-20.3277111861,1.856942531357)
  );
#927 = CARTESIAN_POINT('',(5.301625883194,-20.32560026161,1.757391326096
    ));
#928 = CARTESIAN_POINT('',(5.192313304,-20.32597017851,1.662936223044));
#929 = CARTESIAN_POINT('',(5.096336518081,-20.32633596699,1.575395632235
    ));
#930 = CARTESIAN_POINT('',(5.014500292864,-20.324384173,1.496277512461)
  );
#931 = CARTESIAN_POINT('',(4.946668969601,-20.31932937921,1.42850056012)
  );
#932 = CARTESIAN_POINT('',(4.959928635903,-20.33623135165,1.41722661647)
  );
#933 = CARTESIAN_POINT('',(4.974422852297,-20.35496073729,1.405477817852
    ));
#934 = CARTESIAN_POINT('',(4.990291031988,-20.37582499185,1.393246210997
    ));
#935 = CARTESIAN_POINT('',(5.007704843522,-20.39925592692,1.380534196859
    ));
#936 = CARTESIAN_POINT('',(5.026831292043,-20.42575158922,1.367360957193
    ));
#937 = CARTESIAN_POINT('',(5.047834560701,-20.45591423963,1.35376961558)
  );
#938 = CARTESIAN_POINT('',(5.070878872753,-20.4905378631,1.339844351702)
  );
#939 = CARTESIAN_POINT('',(5.096094634967,-20.53069864049,1.325746687591
    ));
#940 = CARTESIAN_POINT('',(5.123470122861,-20.57780181326,1.311780164646
    ));
#941 = CARTESIAN_POINT('',(5.181791813902,-20.68927493113,1.28520509564)
  );
#942 = CARTESIAN_POINT('',(5.242825091642,-20.84246832855,1.265111052202
    ));
#943 = CARTESIAN_POINT('',(5.273081169326,-20.93131476619,1.257545986648
    ));
#944 = CARTESIAN_POINT('',(5.300367292856,-21.03405257399,1.254176768534
    ));
#945 = CARTESIAN_POINT('',(5.323363554802,-21.15201435212,1.255965258439
    ));
#946 = CARTESIAN_POINT('',(5.33691509135,-21.28620815624,1.265730232763)
  );
#947 = CARTESIAN_POINT('',(5.33320449246,-21.43312597225,1.286683452153)
  );
#948 = CARTESIAN_POINT('',(5.307997096384,-21.58214419199,1.318764121487
    ));
#949 = CARTESIAN_POINT('',(5.264118165248,-21.72076477983,1.35799965098)
  );
#950 = CARTESIAN_POINT('',(5.093941317801,-22.09301344043,1.486030472213
    ));
#951 = CARTESIAN_POINT('',(4.854201425014,-22.31565846689,1.618627635035
    ));
#952 = CARTESIAN_POINT('',(4.705057319198,-22.38181319052,1.685440313509
    ));
#953 = CARTESIAN_POINT('',(4.610698067028,-22.41427946406,1.719259126957
    ));
#954 = CARTESIAN_POINT('',(4.514200621379,-22.45126130334,1.756600419706
    ));
#955 = CARTESIAN_POINT('',(4.449964798163,-22.45593691963,1.772643668885
    ));
#956 = CARTESIAN_POINT('',(4.388812033408,-22.4729408557,1.791409800036)
  );
#957 = CARTESIAN_POINT('',(4.340699196057,-22.47768971505,1.802791362969
    ));
#958 = CARTESIAN_POINT('',(4.299101437017,-22.48288263211,1.812758636482
    ));
#959 = CARTESIAN_POINT('',(4.192770413873,-22.49251310887,1.837496947669
    ));
#960 = CARTESIAN_POINT('',(4.131065837186,-22.49152184028,1.853762323439
    ));
#961 = CARTESIAN_POINT('',(4.101234461706,-22.4892997612,1.865881706478)
  );
#962 = CARTESIAN_POINT('',(4.079538837604,-22.48515361942,1.880674416536
    ));
#963 = CARTESIAN_POINT('',(4.064195064292,-22.47843072539,1.898615999314
    ));
#964 = CARTESIAN_POINT('',(4.05361857985,-22.46879729749,1.91975022589)
  );
#965 = CARTESIAN_POINT('',(4.046408288097,-22.45602578227,1.94346225436)
  );
#966 = CARTESIAN_POINT('',(4.041481135662,-22.43998826429,1.968439609438
    ));
#967 = CARTESIAN_POINT('',(4.037935937483,-22.42110874517,1.993115922984
    ));
#968 = CARTESIAN_POINT('',(4.028599352881,-22.36003944883,2.062615525841
    ));
#969 = CARTESIAN_POINT('',(4.018263572524,-22.29769741992,2.109556811904
    ));
#970 = CARTESIAN_POINT('',(4.006219641227,-22.26639963096,2.122982788719
    ));
#971 = CARTESIAN_POINT('',(3.988170543755,-22.26293602851,2.11625588526)
  );
#972 = CARTESIAN_POINT('',(3.967486867126,-22.29468227976,2.099202918716
    ));
#973 = CARTESIAN_POINT('',(3.946705819677,-22.36149316149,2.080109042052
    ));
#974 = CARTESIAN_POINT('',(3.926234465718,-22.46181977448,2.061321845241
    ));
#975 = CARTESIAN_POINT('',(3.906294588767,-22.59553275168,2.044307940777
    ));
#976 = CARTESIAN_POINT('',(3.887888667347,-22.76312874792,2.032558110678
    ));
#977 = CARTESIAN_POINT('',(3.870856845387,-22.96439626956,2.02640779189)
  );
#978 = CARTESIAN_POINT('',(3.855378764479,-23.2,2.026980234842));
#979 = CARTESIAN_POINT('',(10.26,-18.7612281623,3.985));
#980 = CARTESIAN_POINT('',(10.133189446435,-18.76374995343,
    3.980809935411));
#981 = CARTESIAN_POINT('',(10.01017730088,-18.76568453536,3.976937195761
    ));
#982 = CARTESIAN_POINT('',(9.89083434921,-18.76705988121,3.973248405721)
  );
#983 = CARTESIAN_POINT('',(9.774965339711,-18.76852261942,3.969291067602
    ));
#984 = CARTESIAN_POINT('',(9.662454303487,-18.76991279843,3.964972168134
    ));
#985 = CARTESIAN_POINT('',(9.553164482057,-18.77121844489,3.960058210791
    ));
#986 = CARTESIAN_POINT('',(9.446868295499,-18.77324937558,3.953833418573
    ));
#987 = CARTESIAN_POINT('',(9.343300842513,-18.77710302871,3.945337929874
    ));
#988 = CARTESIAN_POINT('',(9.242248481857,-18.78322838701,3.933692887736
    ));
#989 = CARTESIAN_POINT('',(9.11869050782,-18.79497711601,3.912957278703)
  );
#990 = CARTESIAN_POINT('',(8.996643511177,-18.82616338855,3.873014663953
    ));
#991 = CARTESIAN_POINT('',(8.972274303081,-18.83333785649,3.864149171957
    ));
#992 = CARTESIAN_POINT('',(8.947921974274,-18.84161105455,3.854246509202
    ));
#993 = CARTESIAN_POINT('',(8.923556067212,-18.8512298476,3.843133558023)
  );
#994 = CARTESIAN_POINT('',(8.899137308505,-18.86254042802,3.830613330093
    ));
#995 = CARTESIAN_POINT('',(8.874615591588,-18.87598808363,3.816429067156
    ));
#996 = CARTESIAN_POINT('',(8.849924854024,-18.89215810647,3.800228004307
    ));
#997 = CARTESIAN_POINT('',(8.824972091071,-18.9119131949,3.781549402934)
  );
#998 = CARTESIAN_POINT('',(8.786940575264,-18.94906745445,3.749017489128
    ));
#999 = CARTESIAN_POINT('',(8.747517038247,-19.00311217146,3.708606493182
    ));
#1000 = CARTESIAN_POINT('',(8.734194945119,-19.02330464407,
    3.694200749187));
#1001 = CARTESIAN_POINT('',(8.720657618845,-19.04608900604,
    3.678807272498));
#1002 = CARTESIAN_POINT('',(8.706867594807,-19.07193636147,
    3.662393533138));
#1003 = CARTESIAN_POINT('',(8.692782342519,-19.10140786751,3.64495693316
    ));
#1004 = CARTESIAN_POINT('',(8.678350250571,-19.13522867176,
    3.626551745058));
#1005 = CARTESIAN_POINT('',(8.663509270756,-19.17435321937,
    3.607351656018));
#1006 = CARTESIAN_POINT('',(8.648192975149,-19.21997263325,
    3.587766726718));
#1007 = CARTESIAN_POINT('',(8.616504585116,-19.32685710839,
    3.549500420145));
#1008 = CARTESIAN_POINT('',(8.582690219203,-19.469866594,3.519222761545)
  );
#1009 = CARTESIAN_POINT('',(8.56523749542,-19.55166490408,3.507512832271
    ));
#1010 = CARTESIAN_POINT('',(8.54734493769,-19.64444092428,3.502017360179
    ));
#1011 = CARTESIAN_POINT('',(8.529063370671,-19.74895741016,3.5046548766)
  );
#1012 = CARTESIAN_POINT('',(8.510713733287,-19.86455532977,
    3.520239628435));
#1013 = CARTESIAN_POINT('',(8.492961526081,-19.9865463804,3.554348836789
    ));
#1014 = CARTESIAN_POINT('',(8.47652063198,-20.1060367149,3.607848897525)
  );
#1015 = CARTESIAN_POINT('',(8.461746097026,-20.21435160049,
    3.675540797287));
#1016 = CARTESIAN_POINT('',(8.422021846073,-20.49831301357,
    3.904208072137));
#1017 = CARTESIAN_POINT('',(8.39424508991,-20.65105449056,4.165786083177
    ));
#1018 = CARTESIAN_POINT('',(8.379340198785,-20.68738302154,
    4.315116397401));
#1019 = CARTESIAN_POINT('',(8.3633102873,-20.70286139043,4.414362067354)
  );
#1020 = CARTESIAN_POINT('',(8.347192248625,-20.71224456769,
    4.501242172757));
#1021 = CARTESIAN_POINT('',(8.330942488884,-20.71346385874,
    4.572219565922));
#1022 = CARTESIAN_POINT('',(8.31409529107,-20.71006823502,4.62372351583)
  );
#1023 = CARTESIAN_POINT('',(8.297178711646,-20.70754989531,
    4.672330078213));
#1024 = CARTESIAN_POINT('',(8.280027600785,-20.7027445058,4.710946615807
    ));
#1025 = CARTESIAN_POINT('',(8.245486577094,-20.69277790372,
    4.777849126276));
#1026 = CARTESIAN_POINT('',(8.210610517537,-20.68207695721,
    4.826621106931));
#1027 = CARTESIAN_POINT('',(8.193132547849,-20.67679711696,
    4.847594724985));
#1028 = CARTESIAN_POINT('',(8.175648572312,-20.67170618481,
    4.865924916693));
#1029 = CARTESIAN_POINT('',(8.158184706602,-20.66684083691,
    4.882136693444));
#1030 = CARTESIAN_POINT('',(8.140761023948,-20.66219784862,
    4.896596870322));
#1031 = CARTESIAN_POINT('',(8.123393040486,-20.65776314554,
    4.909578162925));
#1032 = CARTESIAN_POINT('',(8.106092909929,-20.65352820766,
    4.921301642693));
#1033 = CARTESIAN_POINT('',(8.088870327647,-20.64949382644,
    4.931957550824));
#1034 = CARTESIAN_POINT('',(7.934635675566,-20.61500032277,
    5.019679829779));
#1035 = CARTESIAN_POINT('',(7.787830912977,-20.59523808181,
    5.042235044032));
#1036 = CARTESIAN_POINT('',(7.666343107507,-20.58363196799,
    5.068427930898));
#1037 = CARTESIAN_POINT('',(7.551668784009,-20.57591478385,
    5.069706454097));
#1038 = CARTESIAN_POINT('',(7.444472865599,-20.57375212773,
    5.074691500861));
#1039 = CARTESIAN_POINT('',(7.343494793045,-20.575997548,5.073862791813)
  );
#1040 = CARTESIAN_POINT('',(7.246870268971,-20.58212834155,
    5.060239152579));
#1041 = CARTESIAN_POINT('',(7.153006718941,-20.5934275195,5.048374261692
    ));
#1042 = CARTESIAN_POINT('',(7.059037171182,-20.60975058404,
    5.027124229395));
#1043 = CARTESIAN_POINT('',(6.963308850397,-20.63236868285,
    4.999402408639));
#1044 = CARTESIAN_POINT('',(6.864312781772,-20.66220478258,
    4.963613048097));
#1045 = CARTESIAN_POINT('',(6.773877631858,-20.70769201726,
    4.896764098646));
#1046 = CARTESIAN_POINT('',(6.682242951061,-20.76278595185,
    4.816025095515));
#1047 = CARTESIAN_POINT('',(6.591713406081,-20.82679074957,
    4.720868003021));
#1048 = CARTESIAN_POINT('',(6.504454344949,-20.89766675291,
    4.610590181256));
#1049 = CARTESIAN_POINT('',(6.422389962636,-20.97392755008,
    4.484927748075));
#1050 = CARTESIAN_POINT('',(6.347443386949,-21.05341830702,
    4.343122022307));
#1051 = CARTESIAN_POINT('',(6.281092220831,-21.13202278783,
    4.183790375366));
#1052 = CARTESIAN_POINT('',(6.223127994909,-21.20394205437,
    4.006398144063));
#1053 = CARTESIAN_POINT('',(6.170422901956,-21.26378340451,
    3.813573583122));
#1054 = CARTESIAN_POINT('',(6.064421303454,-21.35480394978,
    3.410332740041));
#1055 = CARTESIAN_POINT('',(5.944713732065,-21.39527517696,
    2.996520268394));
#1056 = CARTESIAN_POINT('',(5.878079467222,-21.40407371421,
    2.793084404234));
#1057 = CARTESIAN_POINT('',(5.802934112285,-21.40718971929,
    2.599876191882));
#1058 = CARTESIAN_POINT('',(5.721543236596,-21.4099524329,2.419175279693
    ));
#1059 = CARTESIAN_POINT('',(5.638067557502,-21.41501242183,2.24978603351
    ));
#1060 = CARTESIAN_POINT('',(5.555957092579,-21.42219388445,2.0897235554)
  );
#1061 = CARTESIAN_POINT('',(5.476977063365,-21.42967227788,
    1.937934931232));
#1062 = CARTESIAN_POINT('',(5.402169662782,-21.43553710618,
    1.794199139117));
#1063 = CARTESIAN_POINT('',(5.333223343242,-21.43863990249,
    1.658140922948));
#1064 = CARTESIAN_POINT('',(5.270888827653,-21.43746763205,1.53008580797
    ));
#1065 = CARTESIAN_POINT('',(5.263789650527,-21.45955353587,
    1.526730232141));
#1066 = CARTESIAN_POINT('',(5.256090400451,-21.48340230652,
    1.524007552363));
#1067 = CARTESIAN_POINT('',(5.247644746666,-21.50925021621,
    1.522038667445));
#1068 = CARTESIAN_POINT('',(5.238234673239,-21.53740731907,
    1.520995612538));
#1069 = CARTESIAN_POINT('',(5.227592596428,-21.56820431615,
    1.521079276435));
#1070 = CARTESIAN_POINT('',(5.215375297325,-21.60200830468,
    1.522535644326));
#1071 = CARTESIAN_POINT('',(5.201103175788,-21.63925790496,
    1.525693378111));
#1072 = CARTESIAN_POINT('',(5.184078331875,-21.68046825778,
    1.531005546623));
#1073 = CARTESIAN_POINT('',(5.163294980773,-21.72615638574,1.53907831782
    ));
#1074 = CARTESIAN_POINT('',(5.111416434096,-21.82711843706,
    1.562260532747));
#1075 = CARTESIAN_POINT('',(5.03150041884,-21.94617524206,1.602957501263
    ));
#1076 = CARTESIAN_POINT('',(4.982750760847,-22.01011022714,
    1.628541910629));
#1077 = CARTESIAN_POINT('',(4.922635430143,-22.07676293164,
    1.660279668915));
#1078 = CARTESIAN_POINT('',(4.849517028941,-22.14550708801,
    1.698847119886));
#1079 = CARTESIAN_POINT('',(4.76000133164,-22.2123357091,1.745078942821)
  );
#1080 = CARTESIAN_POINT('',(4.652519648283,-22.26928899888,
    1.798062326466));
#1081 = CARTESIAN_POINT('',(4.532407626351,-22.30878586134,
    1.853528233002));
#1082 = CARTESIAN_POINT('',(4.409986365071,-22.32853667403,
    1.905855127207));
#1083 = CARTESIAN_POINT('',(4.053624954482,-22.33869296232,
    2.046744876084));
#1084 = CARTESIAN_POINT('',(3.767062349618,-22.23350645044,
    2.127870324584));
#1085 = CARTESIAN_POINT('',(3.639719098519,-22.14140984784,2.14551327649
    ));
#1086 = CARTESIAN_POINT('',(3.564397552274,-22.08283324111,
    2.144594023098));
#1087 = CARTESIAN_POINT('',(3.484565132118,-22.02371182634,
    2.146208322544));
#1088 = CARTESIAN_POINT('',(3.444137989337,-21.97949959168,
    2.131739386756));
#1089 = CARTESIAN_POINT('',(3.396350661282,-21.94210199831,
    2.122896348729));
#1090 = CARTESIAN_POINT('',(3.363787167238,-21.9108136683,2.108255701503
    ));
#1091 = CARTESIAN_POINT('',(3.334046018656,-21.88486012563,
    2.093877240717));
#1092 = CARTESIAN_POINT('',(3.257833819023,-21.81945443378,
    2.048540083486));
#1093 = CARTESIAN_POINT('',(3.209739131064,-21.78528196817,
    2.000834391814));
#1094 = CARTESIAN_POINT('',(3.183314469782,-21.77059253119,
    1.970249921198));
#1095 = CARTESIAN_POINT('',(3.160892757967,-21.76152547869,
    1.941162720975));
#1096 = CARTESIAN_POINT('',(3.141693145829,-21.75674964269,
    1.913614254203));
#1097 = CARTESIAN_POINT('',(3.124825394984,-21.75533356496,
    1.887678980693));
#1098 = CARTESIAN_POINT('',(3.109578902695,-21.75666119801,
    1.863250765071));
#1099 = CARTESIAN_POINT('',(3.095656487257,-21.76048333299,
    1.839943854562));
#1100 = CARTESIAN_POINT('',(3.082887199187,-21.76685407828,
    1.817298687114));
#1101 = CARTESIAN_POINT('',(3.046610613401,-21.79420170532,
    1.750628853217));
#1102 = CARTESIAN_POINT('',(3.015193615427,-21.84955355246,
    1.685385246566));
#1103 = CARTESIAN_POINT('',(2.994837082328,-21.90166351807,
    1.640598966239));
#1104 = CARTESIAN_POINT('',(2.974757011926,-21.9743955869,1.594128810189
    ));
#1105 = CARTESIAN_POINT('',(2.955780581888,-22.0706513263,1.548815833501
    ));
#1106 = CARTESIAN_POINT('',(2.938531753993,-22.19145408448,
    1.507107782013));
#1107 = CARTESIAN_POINT('',(2.923096485193,-22.3375619241,1.469889927103
    ));
#1108 = CARTESIAN_POINT('',(2.909517995652,-22.51015350656,
    1.437820818004));
#1109 = CARTESIAN_POINT('',(2.898040335699,-22.71057804969,1.41209926081
    ));
#1110 = CARTESIAN_POINT('',(2.888614797472,-22.9400449428,1.393091825326
    ));
#1111 = CARTESIAN_POINT('',(2.881280866373,-23.2,1.381376241421));
#1112 = CARTESIAN_POINT('',(10.26,-19.7,3.985));
#1113 = CARTESIAN_POINT('',(10.126912894272,-19.70252179112,3.985));
#1114 = CARTESIAN_POINT('',(9.99777319951,-19.7043896402,3.985898883197)
  );
#1115 = CARTESIAN_POINT('',(9.872479113529,-19.70569457135,3.98757726266
    ));
#1116 = CARTESIAN_POINT('',(9.750918302908,-19.70683498495,
    3.990104728938));
#1117 = CARTESIAN_POINT('',(9.632993629855,-19.7078356463,3.993288540477
    ));
#1118 = CARTESIAN_POINT('',(9.51860392537,-19.70882398596,3.996963857279
    ));
#1119 = CARTESIAN_POINT('',(9.407630982375,-19.7103613876,4.001201574625
    ));
#1120 = CARTESIAN_POINT('',(9.299948489569,-19.71319500623,
    4.006134981535));
#1121 = CARTESIAN_POINT('',(9.195433173656,-19.71786352807,
    4.011631636121));
#1122 = CARTESIAN_POINT('',(9.068545412506,-19.7273568058,4.019044613269
    ));
#1123 = CARTESIAN_POINT('',(8.945749511844,-19.75037376252,
    4.030284597659));
#1124 = CARTESIAN_POINT('',(8.921348343244,-19.75560932248,4.03272608217
    ));
#1125 = CARTESIAN_POINT('',(8.897097075576,-19.76159148938,
    4.035388659274));
#1126 = CARTESIAN_POINT('',(8.872987400512,-19.76846325497,
    4.038334279424));
#1127 = CARTESIAN_POINT('',(8.849010354899,-19.77640474143,
    4.041662530259));
#1128 = CARTESIAN_POINT('',(8.825154601618,-19.78564898119,
    4.045501055175));
#1129 = CARTESIAN_POINT('',(8.801404893403,-19.79650886169,
    4.050014081834));
#1130 = CARTESIAN_POINT('',(8.777742164635,-19.80941919736,
    4.055460043695));
#1131 = CARTESIAN_POINT('',(8.742348961891,-19.83278723801,4.06576389457
    ));
#1132 = CARTESIAN_POINT('',(8.707078542404,-19.86415079469,
    4.081454850816));
#1133 = CARTESIAN_POINT('',(8.695333814054,-19.87560078133,
    4.087400797965));
#1134 = CARTESIAN_POINT('',(8.683600523818,-19.88818032655,
    4.094231646697));
#1135 = CARTESIAN_POINT('',(8.671879245345,-19.90202999111,
    4.102147014623));
#1136 = CARTESIAN_POINT('',(8.660172413425,-19.91730123917,
    4.111394259352));
#1137 = CARTESIAN_POINT('',(8.648485978396,-19.93416434852,
    4.122308297893));
#1138 = CARTESIAN_POINT('',(8.636832716259,-19.9527982967,4.135357010431
    ));
#1139 = CARTESIAN_POINT('',(8.625237843243,-19.97334112217,
    4.151175389153));
#1140 = CARTESIAN_POINT('',(8.602257323935,-20.01821739772,
    4.189967796165));
#1141 = CARTESIAN_POINT('',(8.580012866089,-20.0692414851,4.246841284934
    ));
#1142 = CARTESIAN_POINT('',(8.569148885184,-20.09599670364,
    4.280734572639));
#1143 = CARTESIAN_POINT('',(8.558679134001,-20.12294905623,
    4.321122411082));
#1144 = CARTESIAN_POINT('',(8.548698259428,-20.14945614895,
    4.368848656336));
#1145 = CARTESIAN_POINT('',(8.539432159975,-20.17321698828,
    4.424892870508));
#1146 = CARTESIAN_POINT('',(8.531122554548,-20.19051492926,4.48865378144
    ));
#1147 = CARTESIAN_POINT('',(8.523763953576,-20.19858602807,
    4.556425957856));
#1148 = CARTESIAN_POINT('',(8.517061466323,-20.19740162157,
    4.622999321862));
#1149 = CARTESIAN_POINT('',(8.498066462784,-20.17157972693,
    4.811339508434));
#1150 = CARTESIAN_POINT('',(8.480254865068,-20.09609332892,
    4.950298118904));
#1151 = CARTESIAN_POINT('',(8.466959488022,-20.03928424796,
    5.007334986079));
#1152 = CARTESIAN_POINT('',(8.451266366385,-19.99899089385,
    5.041908983979));
#1153 = CARTESIAN_POINT('',(8.435057639328,-19.96251915754,5.07050464593
    ));
#1154 = CARTESIAN_POINT('',(8.418150716612,-19.9308761828,5.091271373026
    ));
#1155 = CARTESIAN_POINT('',(8.400389980321,-19.90658821677,
    5.104834607529));
#1156 = CARTESIAN_POINT('',(8.382596206319,-19.88381132249,
    5.117998979647));
#1157 = CARTESIAN_POINT('',(8.364410638701,-19.86482841501,
    5.127490451586));
#1158 = CARTESIAN_POINT('',(8.327735456416,-19.83132255155,
    5.143538217944));
#1159 = CARTESIAN_POINT('',(8.290563731029,-19.80561526021,
    5.154367420384));
#1160 = CARTESIAN_POINT('',(8.271906334609,-19.79428533879,
    5.158884039394));
#1161 = CARTESIAN_POINT('',(8.253212445841,-19.78417187922,5.16275642962
    ));
#1162 = CARTESIAN_POINT('',(8.234504977383,-19.77505344137,
    5.166137828908));
#1163 = CARTESIAN_POINT('',(8.215799042287,-19.76676773744,
    5.169122041006));
#1164 = CARTESIAN_POINT('',(8.197105180245,-19.75919112612,
    5.171773208715));
#1165 = CARTESIAN_POINT('',(8.178431481011,-19.75222427092,
    5.174144278777));
#1166 = CARTESIAN_POINT('',(8.159784604951,-19.74578396264,
    5.176284158425));
#1167 = CARTESIAN_POINT('',(7.992250467257,-19.69193825237,
    5.193828805554));
#1168 = CARTESIAN_POINT('',(7.827504654313,-19.67102883586,
    5.197327268848));
#1169 = CARTESIAN_POINT('',(7.684751470604,-19.65181632632,
    5.201168288908));
#1170 = CARTESIAN_POINT('',(7.542913270828,-19.64556332036,
    5.195662971587));
#1171 = CARTESIAN_POINT('',(7.402396911746,-19.64072740189,
    5.188038388289));
#1172 = CARTESIAN_POINT('',(7.261698088016,-19.64197991676,
    5.174112690532));
#1173 = CARTESIAN_POINT('',(7.12023011751,-19.65347790536,5.150449661163
    ));
#1174 = CARTESIAN_POINT('',(6.979468567509,-19.67003215212,
    5.120381073542));
#1175 = CARTESIAN_POINT('',(6.839677559067,-19.69615387644,5.08058252545
    ));
#1176 = CARTESIAN_POINT('',(6.701188672493,-19.73035503888,5.03212136611
    ));
#1177 = CARTESIAN_POINT('',(6.563660729945,-19.77294832477,
    4.974742253823));
#1178 = CARTESIAN_POINT('',(6.421184505965,-19.83608991618,
    4.912655103615));
#1179 = CARTESIAN_POINT('',(6.284261921852,-19.91037556085,
    4.841221722396));
#1180 = CARTESIAN_POINT('',(6.152423276923,-19.99466000668,4.76140569737
    ));
#1181 = CARTESIAN_POINT('',(6.025793292464,-20.0881662562,4.673356443697
    ));
#1182 = CARTESIAN_POINT('',(5.904583845801,-20.19034629483,
    4.577399403879));
#1183 = CARTESIAN_POINT('',(5.789579899679,-20.30070991226,
    4.473559289658));
#1184 = CARTESIAN_POINT('',(5.68226947835,-20.4183376342,4.361068714115)
  );
#1185 = CARTESIAN_POINT('',(5.584094212069,-20.54116872581,
    4.238606486071));
#1186 = CARTESIAN_POINT('',(5.495122641926,-20.66553017368,
    4.105301763194));
#1187 = CARTESIAN_POINT('',(5.33142565261,-20.90796482028,3.818362606136
    ));
#1188 = CARTESIAN_POINT('',(5.186214165655,-21.12675292095,
    3.498917138731));
#1189 = CARTESIAN_POINT('',(5.115824780713,-21.22728238831,
    3.332917606362));
#1190 = CARTESIAN_POINT('',(5.044274623716,-21.31750563401,
    3.164207382735));
#1191 = CARTESIAN_POINT('',(4.970136550527,-21.39831331666,
    2.995648085876));
#1192 = CARTESIAN_POINT('',(4.893876487484,-21.47140552621,
    2.828690575948));
#1193 = CARTESIAN_POINT('',(4.816760933633,-21.53771190007,
    2.663618075053));
#1194 = CARTESIAN_POINT('',(4.739957930431,-21.5969283759,2.500137151046
    ));
#1195 = CARTESIAN_POINT('',(4.664346163136,-21.64823105282,
    2.337878678167));
#1196 = CARTESIAN_POINT('',(4.590832473193,-21.6911144494,2.176534524107
    ));
#1197 = CARTESIAN_POINT('',(4.520263675907,-21.72418826423,
    2.015519350181));
#1198 = CARTESIAN_POINT('',(4.505089058607,-21.73046778095,2.00901275352
    ));
#1199 = CARTESIAN_POINT('',(4.489077265673,-21.7367769711,2.003059711828
    ));
#1200 = CARTESIAN_POINT('',(4.472088708641,-21.74310217401,
    1.997727484921));
#1201 = CARTESIAN_POINT('',(4.453931830679,-21.74941154078,
    1.993105225945));
#1202 = CARTESIAN_POINT('',(4.434391408719,-21.75565383165,
    1.989289465115));
#1203 = CARTESIAN_POINT('',(4.413214154125,-21.7617493317,1.986389302233
    ));
#1204 = CARTESIAN_POINT('',(4.390075807365,-21.76756831466,
    1.984538172148));
#1205 = CARTESIAN_POINT('',(4.364553922101,-21.77289248432,
    1.983899047191));
#1206 = CARTESIAN_POINT('',(4.336130534209,-21.7773548233,1.984649940751
    ));
#1207 = CARTESIAN_POINT('',(4.272367288045,-21.78335173427,
    1.989223211341));
#1208 = CARTESIAN_POINT('',(4.192929197785,-21.77967656744,
    2.000019973477));
#1209 = CARTESIAN_POINT('',(4.148791102935,-21.77453550404,
    2.007028935879));
#1210 = CARTESIAN_POINT('',(4.100127370386,-21.76446878471,
    2.015346811443));
#1211 = CARTESIAN_POINT('',(4.046686572014,-21.74854763952,
    2.024888632284));
#1212 = CARTESIAN_POINT('',(3.989047929849,-21.72423211671,
    2.034807034696));
#1213 = CARTESIAN_POINT('',(3.929951682416,-21.68898031056,
    2.043166737784));
#1214 = CARTESIAN_POINT('',(3.874100159744,-21.64368444563,
    2.047775165815));
#1215 = CARTESIAN_POINT('',(3.825577600402,-21.59284238511,
    2.047515703252));
#1216 = CARTESIAN_POINT('',(3.70332312096,-21.43461423343,2.033731863874
    ));
#1217 = CARTESIAN_POINT('',(3.649352099242,-21.28446606787,
    1.986972977249));
#1218 = CARTESIAN_POINT('',(3.641794619782,-21.21040453629,1.94675448457
    ));
#1219 = CARTESIAN_POINT('',(3.636521608306,-21.16917284031,
    1.911987420431));
#1220 = CARTESIAN_POINT('',(3.630017678019,-21.12569477537,1.87704040301
    ));
#1221 = CARTESIAN_POINT('',(3.629480449349,-21.10478803862,1.84352560148
    ));
#1222 = CARTESIAN_POINT('',(3.623854050382,-21.08196206596,
    1.811815308414));
#1223 = CARTESIAN_POINT('',(3.620357885442,-21.06805997071,
    1.780570568454));
#1224 = CARTESIAN_POINT('',(3.615508124391,-21.05692790503,
    1.750233884216));
#1225 = CARTESIAN_POINT('',(3.599754006883,-21.03338625681,
    1.660829989083));
#1226 = CARTESIAN_POINT('',(3.579598810502,-21.03316912497,
    1.575309788272));
#1227 = CARTESIAN_POINT('',(3.564515772707,-21.03915211853,
    1.518958461094));
#1228 = CARTESIAN_POINT('',(3.548375105267,-21.05035352413,
    1.462825694687));
#1229 = CARTESIAN_POINT('',(3.531579817026,-21.06658825997,1.40676431778
    ));
#1230 = CARTESIAN_POINT('',(3.514385321628,-21.08773411279,
    1.350840753782));
#1231 = CARTESIAN_POINT('',(3.497057024173,-21.11378463595,
    1.295327095097));
#1232 = CARTESIAN_POINT('',(3.479930725218,-21.14487890298,
    1.240667338182));
#1233 = CARTESIAN_POINT('',(3.463325160239,-21.18106270426,
    1.187382584008));
#1234 = CARTESIAN_POINT('',(3.415615900607,-21.30395796106,
    1.033071451729));
#1235 = CARTESIAN_POINT('',(3.375793526557,-21.46802733641,
    0.898665569887));
#1236 = CARTESIAN_POINT('',(3.354056864896,-21.59390137959,
    0.820855739236));
#1237 = CARTESIAN_POINT('',(3.337338690821,-21.73277702128,
    0.756055521315));
#1238 = CARTESIAN_POINT('',(3.324517514025,-21.88449264018,
    0.701653236197));
#1239 = CARTESIAN_POINT('',(3.314745251212,-22.05133095997,
    0.655533936106));
#1240 = CARTESIAN_POINT('',(3.307862991255,-22.23607526592,
    0.617470979066));
#1241 = CARTESIAN_POINT('',(3.30377387927,-22.44108187031,0.587520555105
    ));
#1242 = CARTESIAN_POINT('',(3.30213037967,-22.66851102047,0.565099064892
    ));
#1243 = CARTESIAN_POINT('',(3.302961431817,-22.92077237695,
    0.550625403315));
#1244 = CARTESIAN_POINT('',(3.306187409508,-23.2,0.544269920303));
#1245 = DEFINITIONAL_REPRESENTATION('',(#1246),#1250);
#1246 = LINE('',#1247,#1248);
#1247 = CARTESIAN_POINT('',(6.28318530718,0.));
#1248 = VECTOR('',#1249,1.);
#1249 = DIRECTION('',(0.,1.));
#1250 = ( GEOMETRIC_REPRESENTATION_CONTEXT(2) 
PARAMETRIC_REPRESENTATION_CONTEXT() REPRESENTATION_CONTEXT('2D SPACE',''
  ) );
#1251 = PCURVE('',#313,#1252);
#1252 = DEFINITIONAL_REPRESENTATION('',(#1253),#1257);
#1253 = LINE('',#1254,#1255);
#1254 = CARTESIAN_POINT('',(0.,0.));
#1255 = VECTOR('',#1256,1.);
#1256 = DIRECTION('',(0.,1.));
#1257 = ( GEOMETRIC_REPRESENTATION_CONTEXT(2) 
PARAMETRIC_REPRESENTATION_CONTEXT() REPRESENTATION_CONTEXT('2D SPACE',''
  ) );
#1258 = ORIENTED_EDGE('',*,*,#1259,.F.);
#1259 = EDGE_CURVE('',#175,#175,#1260,.T.);
#1260 = SURFACE_CURVE('',#1261,(#1269,#1276),.PCURVE_S1.);
#1261 = ( BOUNDED_CURVE() B_SPLINE_CURVE(6,(#1262,#1263,#1264,#1265,
#1266,#1267,#1268),.UNSPECIFIED.,.T.,.F.) B_SPLINE_CURVE_WITH_KNOTS((1,6
    ,6,1),(-6.28318530718,0.,6.28318530718,12.566370614359),
.UNSPECIFIED.) CURVE() GEOMETRIC_REPRESENTATION_ITEM() 
RATIONAL_B_SPLINE_CURVE((1.669078461068,1.03672962321,1.038346699848,
    0.853534330196,1.038346699848,1.03672962321,1.669078461068)) 
REPRESENTATION_ITEM('') );
#1262 = CARTESIAN_POINT('',(3.306187409508,-23.2,0.544269920303));
#1263 = CARTESIAN_POINT('',(3.731093952643,-23.2,-0.292836400814));
#1264 = CARTESIAN_POINT('',(4.827210546879,-23.2,0.112379150784));
#1265 = CARTESIAN_POINT('',(5.195039717539,-23.2,1.503031889305));
#1266 = CARTESIAN_POINT('',(3.855378764479,-23.2,2.026980234842));
#1267 = CARTESIAN_POINT('',(2.881280866373,-23.2,1.381376241421));
#1268 = CARTESIAN_POINT('',(3.306187409508,-23.2,0.544269920303));
#1269 = PCURVE('',#313,#1270);
#1270 = DEFINITIONAL_REPRESENTATION('',(#1271),#1275);
#1271 = LINE('',#1272,#1273);
#1272 = CARTESIAN_POINT('',(0.,9.662379794108));
#1273 = VECTOR('',#1274,1.);
#1274 = DIRECTION('',(1.,0.));
#1275 = ( GEOMETRIC_REPRESENTATION_CONTEXT(2) 
PARAMETRIC_REPRESENTATION_CONTEXT() REPRESENTATION_CONTEXT('2D SPACE',''
  ) );
#1276 = PCURVE('',#1277,#1282);
#1277 = PLANE('',#1278);
#1278 = AXIS2_PLACEMENT_3D('',#1279,#1280,#1281);
#1279 = CARTESIAN_POINT('',(3.80992018438,-23.2,0.799959486414));
#1280 = DIRECTION('',(-2.625028272043E-15,-1.,1.903550803795E-14));
#1281 = DIRECTION('',(0.,-1.903550803795E-14,-1.));
#1282 = DEFINITIONAL_REPRESENTATION('',(#1283),#1291);
#1283 = ( BOUNDED_CURVE() B_SPLINE_CURVE(6,(#1284,#1285,#1286,#1287,
#1288,#1289,#1290),.UNSPECIFIED.,.T.,.F.) B_SPLINE_CURVE_WITH_KNOTS((1,6
    ,6,1),(-6.28318530718,0.,6.28318530718,12.566370614359),
.UNSPECIFIED.) CURVE() GEOMETRIC_REPRESENTATION_ITEM() 
RATIONAL_B_SPLINE_CURVE((1.669078461068,1.03672962321,1.038346699848,
    0.853534330196,1.038346699848,1.03672962321,1.669078461068)) 
REPRESENTATION_ITEM('') );
#1284 = CARTESIAN_POINT('',(0.25568956611,-0.503732774872));
#1285 = CARTESIAN_POINT('',(1.092795887228,-7.882623173635E-02));
#1286 = CARTESIAN_POINT('',(0.68758033563,1.017290362499));
#1287 = CARTESIAN_POINT('',(-0.703072402892,1.385119533159));
#1288 = CARTESIAN_POINT('',(-1.227020748428,4.545858009897E-02));
#1289 = CARTESIAN_POINT('',(-0.581416755007,-0.928639318007));
#1290 = CARTESIAN_POINT('',(0.25568956611,-0.503732774872));
#1291 = ( GEOMETRIC_REPRESENTATION_CONTEXT(2) 
PARAMETRIC_REPRESENTATION_CONTEXT() REPRESENTATION_CONTEXT('2D SPACE',''
  ) );
#1292 = ORIENTED_EDGE('',*,*,#172,.F.);
#1293 = ORIENTED_EDGE('',*,*,#1294,.T.);
#1294 = EDGE_CURVE('',#173,#173,#1295,.T.);
#1295 = SURFACE_CURVE('',#1296,(#1304,#1311),.PCURVE_S1.);
#1296 = ( BOUNDED_CURVE() B_SPLINE_CURVE(6,(#1297,#1298,#1299,#1300,
#1301,#1302,#1303),.UNSPECIFIED.,.T.,.F.) B_SPLINE_CURVE_WITH_KNOTS((1,6
    ,6,1),(-6.28318530718,0.,6.28318530718,12.566370614359),
.UNSPECIFIED.) CURVE() GEOMETRIC_REPRESENTATION_ITEM() 
RATIONAL_B_SPLINE_CURVE((1.669078461068,1.03672962321,1.038346699848,
    0.853534330196,1.038346699848,1.03672962321,1.669078461068)) 
REPRESENTATION_ITEM('') );
#1297 = CARTESIAN_POINT('',(10.26,-19.7,3.985));
#1298 = CARTESIAN_POINT('',(10.26,-20.63877183769,3.985));
#1299 = CARTESIAN_POINT('',(10.26,-20.77356349653,5.14581972766));
#1300 = CARTESIAN_POINT('',(10.26,-19.7,6.10325106037));
#1301 = CARTESIAN_POINT('',(10.26,-18.62643650346,5.14581972766));
#1302 = CARTESIAN_POINT('',(10.26,-18.7612281623,3.985));
#1303 = CARTESIAN_POINT('',(10.26,-19.7,3.985));
#1304 = PCURVE('',#313,#1305);
#1305 = DEFINITIONAL_REPRESENTATION('',(#1306),#1310);
#1306 = LINE('',#1307,#1308);
#1307 = CARTESIAN_POINT('',(0.,0.));
#1308 = VECTOR('',#1309,1.);
#1309 = DIRECTION('',(1.,0.));
#1310 = ( GEOMETRIC_REPRESENTATION_CONTEXT(2) 
PARAMETRIC_REPRESENTATION_CONTEXT() REPRESENTATION_CONTEXT('2D SPACE',''
  ) );
#1311 = PCURVE('',#1312,#1317);
#1312 = PLANE('',#1313);
#1313 = AXIS2_PLACEMENT_3D('',#1314,#1315,#1316);
#1314 = CARTESIAN_POINT('',(10.26,-19.7,4.549910490872));
#1315 = DIRECTION('',(-1.,3.628388586671E-15,-6.292979383693E-15));
#1316 = DIRECTION('',(6.292979383693E-15,0.,-1.));
#1317 = DEFINITIONAL_REPRESENTATION('',(#1318),#1326);
#1318 = ( BOUNDED_CURVE() B_SPLINE_CURVE(6,(#1319,#1320,#1321,#1322,
#1323,#1324,#1325),.UNSPECIFIED.,.T.,.F.) B_SPLINE_CURVE_WITH_KNOTS((1,6
    ,6,1),(-6.28318530718,0.,6.28318530718,12.566370614359),
.UNSPECIFIED.) CURVE() GEOMETRIC_REPRESENTATION_ITEM() 
RATIONAL_B_SPLINE_CURVE((1.669078461068,1.03672962321,1.038346699848,
    0.853534330196,1.038346699848,1.03672962321,1.669078461068)) 
REPRESENTATION_ITEM('') );
#1319 = CARTESIAN_POINT('',(0.564910490872,0.));
#1320 = CARTESIAN_POINT('',(0.564910490872,0.938771837698));
#1321 = CARTESIAN_POINT('',(-0.595909236787,1.073563496534));
#1322 = CARTESIAN_POINT('',(-1.553340569497,3.552713678801E-15));
#1323 = CARTESIAN_POINT('',(-0.595909236787,-1.073563496534));
#1324 = CARTESIAN_POINT('',(0.564910490872,-0.938771837698));
#1325 = CARTESIAN_POINT('',(0.564910490872,0.));
#1326 = ( GEOMETRIC_REPRESENTATION_CONTEXT(2) 
PARAMETRIC_REPRESENTATION_CONTEXT() REPRESENTATION_CONTEXT('2D SPACE',''
  ) );
#1327 = ADVANCED_FACE('',(#1328),#1312,.F.);
#1328 = FACE_BOUND('',#1329,.F.);
#1329 = EDGE_LOOP('',(#1330));
#1330 = ORIENTED_EDGE('',*,*,#1294,.T.);
#1331 = ADVANCED_FACE('',(#1332),#1277,.T.);
#1332 = FACE_BOUND('',#1333,.T.);
#1333 = EDGE_LOOP('',(#1334));
#1334 = ORIENTED_EDGE('',*,*,#1259,.T.);
#1335 = ( GEOMETRIC_REPRESENTATION_CONTEXT(3) 
GLOBAL_UNCERTAINTY_ASSIGNED_CONTEXT((#1339)) 
GLOBAL_UNIT_ASSIGNED_CONTEXT((#1336,#1337,#1338)) REPRESENTATION_CONTEXT
('Context #1','3D Context with UNIT and UNCERTAINTY') );
#1336 = ( LENGTH_UNIT() NAMED_UNIT(*) SI_UNIT(.MILLI.,.METRE.) );
#1337 = ( NAMED_UNIT(*) PLANE_ANGLE_UNIT() SI_UNIT($,.RADIAN.) );
#1338 = ( NAMED_UNIT(*) SI_UNIT($,.STERADIAN.) SOLID_ANGLE_UNIT() );
#1339 = UNCERTAINTY_MEASURE_WITH_UNIT(LENGTH_MEASURE(2.E-05),#1336,
  'distance_accuracy_value','confusion accuracy');
#1340 = CONTEXT_DEPENDENT_SHAPE_REPRESENTATION(#1341,#1343);
#1341 = ( REPRESENTATION_RELATIONSHIP('','',#165,#10) 
REPRESENTATION_RELATIONSHIP_WITH_TRANSFORMATION(#1342) 
SHAPE_REPRESENTATION_RELATIONSHIP() );
#1342 = ITEM_DEFINED_TRANSFORMATION('','',#11,#19);
#1343 = PRODUCT_DEFINITION_SHAPE('Placement','Placement of an item',
  #1344);
#1344 = NEXT_ASSEMBLY_USAGE_OCCURRENCE('77','cable_1','',#5,#160,$);
#1345 = PRODUCT_RELATED_PRODUCT_CATEGORY('part',$,(#162));
#1346 = SHAPE_DEFINITION_REPRESENTATION(#1347,#1353);
#1347 = PRODUCT_DEFINITION_SHAPE('','',#1348);
#1348 = PRODUCT_DEFINITION('design','',#1349,#1352);
#1349 = PRODUCT_DEFINITION_FORMATION('','',#1350);
#1350 = PRODUCT('sma_bulkhead_2','sma_bulkhead_2','',(#1351));
#1351 = PRODUCT_CONTEXT('',#2,'mechanical');
#1352 = PRODUCT_DEFINITION_CONTEXT('part definition',#2,'design');
#1353 = ADVANCED_BREP_SHAPE_REPRESENTATION('',(#11,#1354),#2110);
#1354 = MANIFOLD_SOLID_BREP('',#1355);
#1355 = CLOSED_SHELL('',(#1356,#1476,#1552,#1628,#1737,#1841,#1868,#1895
    ,#1902,#1957,#2012,#2016,#2051,#2106));
#1356 = ADVANCED_FACE('',(#1357),#1371,.F.);
#1357 = FACE_BOUND('',#1358,.F.);
#1358 = EDGE_LOOP('',(#1359,#1394,#1422,#1450));
#1359 = ORIENTED_EDGE('',*,*,#1360,.T.);
#1360 = EDGE_CURVE('',#1361,#1363,#1365,.T.);
#1361 = VERTEX_POINT('',#1362);
#1362 = CARTESIAN_POINT('',(8.428802173701,-27.2,0.8));
#1363 = VERTEX_POINT('',#1364);
#1364 = CARTESIAN_POINT('',(8.428802173701,-29.7,0.8));
#1365 = SURFACE_CURVE('',#1366,(#1370,#1382),.PCURVE_S1.);
#1366 = LINE('',#1367,#1368);
#1367 = CARTESIAN_POINT('',(8.428802173701,-27.2,0.8));
#1368 = VECTOR('',#1369,1.);
#1369 = DIRECTION('',(0.,-1.,1.110223024625E-16));
#1370 = PCURVE('',#1371,#1376);
#1371 = PLANE('',#1372);
#1372 = AXIS2_PLACEMENT_3D('',#1373,#1374,#1375);
#1373 = CARTESIAN_POINT('',(8.428802173701,-27.2,0.8));
#1374 = DIRECTION('',(-0.866025403784,-5.551115123126E-17,-0.5));
#1375 = DIRECTION('',(-0.5,9.614813431918E-17,0.866025403784));
#1376 = DEFINITIONAL_REPRESENTATION('',(#1377),#1381);
#1377 = LINE('',#1378,#1379);
#1378 = CARTESIAN_POINT('',(0.,0.));
#1379 = VECTOR('',#1380,1.);
#1380 = DIRECTION('',(0.,-1.));
#1381 = ( GEOMETRIC_REPRESENTATION_CONTEXT(2) 
PARAMETRIC_REPRESENTATION_CONTEXT() REPRESENTATION_CONTEXT('2D SPACE',''
  ) );
#1382 = PCURVE('',#1383,#1388);
#1383 = PLANE('',#1384);
#1384 = AXIS2_PLACEMENT_3D('',#1385,#1386,#1387);
#1385 = CARTESIAN_POINT('',(6.11940108685,-27.2,-3.20000001748));
#1386 = DIRECTION('',(-0.866025403784,5.551115123126E-17,0.5));
#1387 = DIRECTION('',(0.5,9.614813431918E-17,0.866025403784));
#1388 = DEFINITIONAL_REPRESENTATION('',(#1389),#1393);
#1389 = LINE('',#1390,#1391);
#1390 = CARTESIAN_POINT('',(4.618802173701,-4.440892117907E-16));
#1391 = VECTOR('',#1392,1.);
#1392 = DIRECTION('',(0.,-1.));
#1393 = ( GEOMETRIC_REPRESENTATION_CONTEXT(2) 
PARAMETRIC_REPRESENTATION_CONTEXT() REPRESENTATION_CONTEXT('2D SPACE',''
  ) );
#1394 = ORIENTED_EDGE('',*,*,#1395,.T.);
#1395 = EDGE_CURVE('',#1363,#1396,#1398,.T.);
#1396 = VERTEX_POINT('',#1397);
#1397 = CARTESIAN_POINT('',(6.11940108685,-29.7,4.80000001748));
#1398 = SURFACE_CURVE('',#1399,(#1403,#1410),.PCURVE_S1.);
#1399 = LINE('',#1400,#1401);
#1400 = CARTESIAN_POINT('',(8.428802173701,-29.7,0.8));
#1401 = VECTOR('',#1402,1.);
#1402 = DIRECTION('',(-0.5,9.614813431918E-17,0.866025403784));
#1403 = PCURVE('',#1371,#1404);
#1404 = DEFINITIONAL_REPRESENTATION('',(#1405),#1409);
#1405 = LINE('',#1406,#1407);
#1406 = CARTESIAN_POINT('',(-4.807406715959E-17,-2.5));
#1407 = VECTOR('',#1408,1.);
#1408 = DIRECTION('',(1.,0.));
#1409 = ( GEOMETRIC_REPRESENTATION_CONTEXT(2) 
PARAMETRIC_REPRESENTATION_CONTEXT() REPRESENTATION_CONTEXT('2D SPACE',''
  ) );
#1410 = PCURVE('',#1411,#1416);
#1411 = PLANE('',#1412);
#1412 = AXIS2_PLACEMENT_3D('',#1413,#1414,#1415);
#1413 = CARTESIAN_POINT('',(3.81,-29.7,0.8));
#1414 = DIRECTION('',(0.,-1.,1.110223024625E-16));
#1415 = DIRECTION('',(1.,0.,0.));
#1416 = DEFINITIONAL_REPRESENTATION('',(#1417),#1421);
#1417 = LINE('',#1418,#1419);
#1418 = CARTESIAN_POINT('',(4.618802173701,-2.22044604925E-16));
#1419 = VECTOR('',#1420,1.);
#1420 = DIRECTION('',(-0.5,0.866025403784));
#1421 = ( GEOMETRIC_REPRESENTATION_CONTEXT(2) 
PARAMETRIC_REPRESENTATION_CONTEXT() REPRESENTATION_CONTEXT('2D SPACE',''
  ) );
#1422 = ORIENTED_EDGE('',*,*,#1423,.F.);
#1423 = EDGE_CURVE('',#1424,#1396,#1426,.T.);
#1424 = VERTEX_POINT('',#1425);
#1425 = CARTESIAN_POINT('',(6.11940108685,-27.2,4.80000001748));
#1426 = SURFACE_CURVE('',#1427,(#1431,#1438),.PCURVE_S1.);
#1427 = LINE('',#1428,#1429);
#1428 = CARTESIAN_POINT('',(6.11940108685,-27.2,4.80000001748));
#1429 = VECTOR('',#1430,1.);
#1430 = DIRECTION('',(0.,-1.,1.110223024625E-16));
#1431 = PCURVE('',#1371,#1432);
#1432 = DEFINITIONAL_REPRESENTATION('',(#1433),#1437);
#1433 = LINE('',#1434,#1435);
#1434 = CARTESIAN_POINT('',(4.618802173701,-4.440892117907E-16));
#1435 = VECTOR('',#1436,1.);
#1436 = DIRECTION('',(0.,-1.));
#1437 = ( GEOMETRIC_REPRESENTATION_CONTEXT(2) 
PARAMETRIC_REPRESENTATION_CONTEXT() REPRESENTATION_CONTEXT('2D SPACE',''
  ) );
#1438 = PCURVE('',#1439,#1444);
#1439 = PLANE('',#1440);
#1440 = AXIS2_PLACEMENT_3D('',#1441,#1442,#1443);
#1441 = CARTESIAN_POINT('',(6.11940108685,-27.2,4.80000001748));
#1442 = DIRECTION('',(-1.92296267798E-16,-1.110223024625E-16,-1.));
#1443 = DIRECTION('',(-1.,2.134917440589E-32,1.92296267798E-16));
#1444 = DEFINITIONAL_REPRESENTATION('',(#1445),#1449);
#1445 = LINE('',#1446,#1447);
#1446 = CARTESIAN_POINT('',(0.,0.));
#1447 = VECTOR('',#1448,1.);
#1448 = DIRECTION('',(0.,-1.));
#1449 = ( GEOMETRIC_REPRESENTATION_CONTEXT(2) 
PARAMETRIC_REPRESENTATION_CONTEXT() REPRESENTATION_CONTEXT('2D SPACE',''
  ) );
#1450 = ORIENTED_EDGE('',*,*,#1451,.F.);
#1451 = EDGE_CURVE('',#1361,#1424,#1452,.T.);
#1452 = SURFACE_CURVE('',#1453,(#1457,#1464),.PCURVE_S1.);
#1453 = LINE('',#1454,#1455);
#1454 = CARTESIAN_POINT('',(8.428802173701,-27.2,0.8));
#1455 = VECTOR('',#1456,1.);
#1456 = DIRECTION('',(-0.5,9.614813431918E-17,0.866025403784));
#1457 = PCURVE('',#1371,#1458);
#1458 = DEFINITIONAL_REPRESENTATION('',(#1459),#1463);
#1459 = LINE('',#1460,#1461);
#1460 = CARTESIAN_POINT('',(0.,0.));
#1461 = VECTOR('',#1462,1.);
#1462 = DIRECTION('',(1.,0.));
#1463 = ( GEOMETRIC_REPRESENTATION_CONTEXT(2) 
PARAMETRIC_REPRESENTATION_CONTEXT() REPRESENTATION_CONTEXT('2D SPACE',''
  ) );
#1464 = PCURVE('',#1465,#1470);
#1465 = PLANE('',#1466);
#1466 = AXIS2_PLACEMENT_3D('',#1467,#1468,#1469);
#1467 = CARTESIAN_POINT('',(3.81,-27.2,0.8));
#1468 = DIRECTION('',(0.,-1.,1.110223024625E-16));
#1469 = DIRECTION('',(1.,0.,0.));
#1470 = DEFINITIONAL_REPRESENTATION('',(#1471),#1475);
#1471 = LINE('',#1472,#1473);
#1472 = CARTESIAN_POINT('',(4.618802173701,-1.110223024625E-16));
#1473 = VECTOR('',#1474,1.);
#1474 = DIRECTION('',(-0.5,0.866025403784));
#1475 = ( GEOMETRIC_REPRESENTATION_CONTEXT(2) 
PARAMETRIC_REPRESENTATION_CONTEXT() REPRESENTATION_CONTEXT('2D SPACE',''
  ) );
#1476 = ADVANCED_FACE('',(#1477),#1383,.F.);
#1477 = FACE_BOUND('',#1478,.F.);
#1478 = EDGE_LOOP('',(#1479,#1509,#1530,#1531));
#1479 = ORIENTED_EDGE('',*,*,#1480,.T.);
#1480 = EDGE_CURVE('',#1481,#1483,#1485,.T.);
#1481 = VERTEX_POINT('',#1482);
#1482 = CARTESIAN_POINT('',(6.11940108685,-27.2,-3.20000001748));
#1483 = VERTEX_POINT('',#1484);
#1484 = CARTESIAN_POINT('',(6.11940108685,-29.7,-3.20000001748));
#1485 = SURFACE_CURVE('',#1486,(#1490,#1497),.PCURVE_S1.);
#1486 = LINE('',#1487,#1488);
#1487 = CARTESIAN_POINT('',(6.11940108685,-27.2,-3.20000001748));
#1488 = VECTOR('',#1489,1.);
#1489 = DIRECTION('',(0.,-1.,1.110223024625E-16));
#1490 = PCURVE('',#1383,#1491);
#1491 = DEFINITIONAL_REPRESENTATION('',(#1492),#1496);
#1492 = LINE('',#1493,#1494);
#1493 = CARTESIAN_POINT('',(0.,0.));
#1494 = VECTOR('',#1495,1.);
#1495 = DIRECTION('',(0.,-1.));
#1496 = ( GEOMETRIC_REPRESENTATION_CONTEXT(2) 
PARAMETRIC_REPRESENTATION_CONTEXT() REPRESENTATION_CONTEXT('2D SPACE',''
  ) );
#1497 = PCURVE('',#1498,#1503);
#1498 = PLANE('',#1499);
#1499 = AXIS2_PLACEMENT_3D('',#1500,#1501,#1502);
#1500 = CARTESIAN_POINT('',(1.50059891315,-27.2,-3.20000001748));
#1501 = DIRECTION('',(5.768888033941E-16,1.110223024625E-16,1.));
#1502 = DIRECTION('',(1.,-6.404752321766E-32,-5.768888033941E-16));
#1503 = DEFINITIONAL_REPRESENTATION('',(#1504),#1508);
#1504 = LINE('',#1505,#1506);
#1505 = CARTESIAN_POINT('',(4.618802173701,2.958228394579E-31));
#1506 = VECTOR('',#1507,1.);
#1507 = DIRECTION('',(0.,-1.));
#1508 = ( GEOMETRIC_REPRESENTATION_CONTEXT(2) 
PARAMETRIC_REPRESENTATION_CONTEXT() REPRESENTATION_CONTEXT('2D SPACE',''
  ) );
#1509 = ORIENTED_EDGE('',*,*,#1510,.T.);
#1510 = EDGE_CURVE('',#1483,#1363,#1511,.T.);
#1511 = SURFACE_CURVE('',#1512,(#1516,#1523),.PCURVE_S1.);
#1512 = LINE('',#1513,#1514);
#1513 = CARTESIAN_POINT('',(6.11940108685,-29.7,-3.20000001748));
#1514 = VECTOR('',#1515,1.);
#1515 = DIRECTION('',(0.5,9.614813431918E-17,0.866025403784));
#1516 = PCURVE('',#1383,#1517);
#1517 = DEFINITIONAL_REPRESENTATION('',(#1518),#1522);
#1518 = LINE('',#1519,#1520);
#1519 = CARTESIAN_POINT('',(-2.403703357979E-16,-2.5));
#1520 = VECTOR('',#1521,1.);
#1521 = DIRECTION('',(1.,0.));
#1522 = ( GEOMETRIC_REPRESENTATION_CONTEXT(2) 
PARAMETRIC_REPRESENTATION_CONTEXT() REPRESENTATION_CONTEXT('2D SPACE',''
  ) );
#1523 = PCURVE('',#1411,#1524);
#1524 = DEFINITIONAL_REPRESENTATION('',(#1525),#1529);
#1525 = LINE('',#1526,#1527);
#1526 = CARTESIAN_POINT('',(2.30940108685,-4.00000001748));
#1527 = VECTOR('',#1528,1.);
#1528 = DIRECTION('',(0.5,0.866025403784));
#1529 = ( GEOMETRIC_REPRESENTATION_CONTEXT(2) 
PARAMETRIC_REPRESENTATION_CONTEXT() REPRESENTATION_CONTEXT('2D SPACE',''
  ) );
#1530 = ORIENTED_EDGE('',*,*,#1360,.F.);
#1531 = ORIENTED_EDGE('',*,*,#1532,.F.);
#1532 = EDGE_CURVE('',#1481,#1361,#1533,.T.);
#1533 = SURFACE_CURVE('',#1534,(#1538,#1545),.PCURVE_S1.);
#1534 = LINE('',#1535,#1536);
#1535 = CARTESIAN_POINT('',(6.11940108685,-27.2,-3.20000001748));
#1536 = VECTOR('',#1537,1.);
#1537 = DIRECTION('',(0.5,9.614813431918E-17,0.866025403784));
#1538 = PCURVE('',#1383,#1539);
#1539 = DEFINITIONAL_REPRESENTATION('',(#1540),#1544);
#1540 = LINE('',#1541,#1542);
#1541 = CARTESIAN_POINT('',(0.,0.));
#1542 = VECTOR('',#1543,1.);
#1543 = DIRECTION('',(1.,0.));
#1544 = ( GEOMETRIC_REPRESENTATION_CONTEXT(2) 
PARAMETRIC_REPRESENTATION_CONTEXT() REPRESENTATION_CONTEXT('2D SPACE',''
  ) );
#1545 = PCURVE('',#1465,#1546);
#1546 = DEFINITIONAL_REPRESENTATION('',(#1547),#1551);
#1547 = LINE('',#1548,#1549);
#1548 = CARTESIAN_POINT('',(2.30940108685,-4.00000001748));
#1549 = VECTOR('',#1550,1.);
#1550 = DIRECTION('',(0.5,0.866025403784));
#1551 = ( GEOMETRIC_REPRESENTATION_CONTEXT(2) 
PARAMETRIC_REPRESENTATION_CONTEXT() REPRESENTATION_CONTEXT('2D SPACE',''
  ) );
#1552 = ADVANCED_FACE('',(#1553),#1439,.F.);
#1553 = FACE_BOUND('',#1554,.F.);
#1554 = EDGE_LOOP('',(#1555,#1556,#1579,#1607));
#1555 = ORIENTED_EDGE('',*,*,#1423,.T.);
#1556 = ORIENTED_EDGE('',*,*,#1557,.T.);
#1557 = EDGE_CURVE('',#1396,#1558,#1560,.T.);
#1558 = VERTEX_POINT('',#1559);
#1559 = CARTESIAN_POINT('',(1.50059891315,-29.7,4.80000001748));
#1560 = SURFACE_CURVE('',#1561,(#1565,#1572),.PCURVE_S1.);
#1561 = LINE('',#1562,#1563);
#1562 = CARTESIAN_POINT('',(6.11940108685,-29.7,4.80000001748));
#1563 = VECTOR('',#1564,1.);
#1564 = DIRECTION('',(-1.,2.134917440589E-32,1.92296267798E-16));
#1565 = PCURVE('',#1439,#1566);
#1566 = DEFINITIONAL_REPRESENTATION('',(#1567),#1571);
#1567 = LINE('',#1568,#1569);
#1568 = CARTESIAN_POINT('',(-5.337293601472E-32,-2.5));
#1569 = VECTOR('',#1570,1.);
#1570 = DIRECTION('',(1.,0.));
#1571 = ( GEOMETRIC_REPRESENTATION_CONTEXT(2) 
PARAMETRIC_REPRESENTATION_CONTEXT() REPRESENTATION_CONTEXT('2D SPACE',''
  ) );
#1572 = PCURVE('',#1411,#1573);
#1573 = DEFINITIONAL_REPRESENTATION('',(#1574),#1578);
#1574 = LINE('',#1575,#1576);
#1575 = CARTESIAN_POINT('',(2.30940108685,4.00000001748));
#1576 = VECTOR('',#1577,1.);
#1577 = DIRECTION('',(-1.,1.92296267798E-16));
#1578 = ( GEOMETRIC_REPRESENTATION_CONTEXT(2) 
PARAMETRIC_REPRESENTATION_CONTEXT() REPRESENTATION_CONTEXT('2D SPACE',''
  ) );
#1579 = ORIENTED_EDGE('',*,*,#1580,.F.);
#1580 = EDGE_CURVE('',#1581,#1558,#1583,.T.);
#1581 = VERTEX_POINT('',#1582);
#1582 = CARTESIAN_POINT('',(1.50059891315,-27.2,4.80000001748));
#1583 = SURFACE_CURVE('',#1584,(#1588,#1595),.PCURVE_S1.);
#1584 = LINE('',#1585,#1586);
#1585 = CARTESIAN_POINT('',(1.50059891315,-27.2,4.80000001748));
#1586 = VECTOR('',#1587,1.);
#1587 = DIRECTION('',(0.,-1.,1.110223024625E-16));
#1588 = PCURVE('',#1439,#1589);
#1589 = DEFINITIONAL_REPRESENTATION('',(#1590),#1594);
#1590 = LINE('',#1591,#1592);
#1591 = CARTESIAN_POINT('',(4.618802173701,-9.860761315263E-32));
#1592 = VECTOR('',#1593,1.);
#1593 = DIRECTION('',(0.,-1.));
#1594 = ( GEOMETRIC_REPRESENTATION_CONTEXT(2) 
PARAMETRIC_REPRESENTATION_CONTEXT() REPRESENTATION_CONTEXT('2D SPACE',''
  ) );
#1595 = PCURVE('',#1596,#1601);
#1596 = PLANE('',#1597);
#1597 = AXIS2_PLACEMENT_3D('',#1598,#1599,#1600);
#1598 = CARTESIAN_POINT('',(1.50059891315,-27.2,4.80000001748));
#1599 = DIRECTION('',(0.866025403784,-5.551115123126E-17,-0.5));
#1600 = DIRECTION('',(-0.5,-9.614813431918E-17,-0.866025403784));
#1601 = DEFINITIONAL_REPRESENTATION('',(#1602),#1606);
#1602 = LINE('',#1603,#1604);
#1603 = CARTESIAN_POINT('',(-0.,0.));
#1604 = VECTOR('',#1605,1.);
#1605 = DIRECTION('',(0.,-1.));
#1606 = ( GEOMETRIC_REPRESENTATION_CONTEXT(2) 
PARAMETRIC_REPRESENTATION_CONTEXT() REPRESENTATION_CONTEXT('2D SPACE',''
  ) );
#1607 = ORIENTED_EDGE('',*,*,#1608,.F.);
#1608 = EDGE_CURVE('',#1424,#1581,#1609,.T.);
#1609 = SURFACE_CURVE('',#1610,(#1614,#1621),.PCURVE_S1.);
#1610 = LINE('',#1611,#1612);
#1611 = CARTESIAN_POINT('',(6.11940108685,-27.2,4.80000001748));
#1612 = VECTOR('',#1613,1.);
#1613 = DIRECTION('',(-1.,2.134917440589E-32,1.92296267798E-16));
#1614 = PCURVE('',#1439,#1615);
#1615 = DEFINITIONAL_REPRESENTATION('',(#1616),#1620);
#1616 = LINE('',#1617,#1618);
#1617 = CARTESIAN_POINT('',(0.,0.));
#1618 = VECTOR('',#1619,1.);
#1619 = DIRECTION('',(1.,0.));
#1620 = ( GEOMETRIC_REPRESENTATION_CONTEXT(2) 
PARAMETRIC_REPRESENTATION_CONTEXT() REPRESENTATION_CONTEXT('2D SPACE',''
  ) );
#1621 = PCURVE('',#1465,#1622);
#1622 = DEFINITIONAL_REPRESENTATION('',(#1623),#1627);
#1623 = LINE('',#1624,#1625);
#1624 = CARTESIAN_POINT('',(2.30940108685,4.00000001748));
#1625 = VECTOR('',#1626,1.);
#1626 = DIRECTION('',(-1.,1.92296267798E-16));
#1627 = ( GEOMETRIC_REPRESENTATION_CONTEXT(2) 
PARAMETRIC_REPRESENTATION_CONTEXT() REPRESENTATION_CONTEXT('2D SPACE',''
  ) );
#1628 = ADVANCED_FACE('',(#1629,#1706),#1465,.F.);
#1629 = FACE_BOUND('',#1630,.F.);
#1630 = EDGE_LOOP('',(#1631,#1632,#1633,#1656,#1684,#1705));
#1631 = ORIENTED_EDGE('',*,*,#1451,.T.);
#1632 = ORIENTED_EDGE('',*,*,#1608,.T.);
#1633 = ORIENTED_EDGE('',*,*,#1634,.T.);
#1634 = EDGE_CURVE('',#1581,#1635,#1637,.T.);
#1635 = VERTEX_POINT('',#1636);
#1636 = CARTESIAN_POINT('',(-0.808802173701,-27.2,0.8));
#1637 = SURFACE_CURVE('',#1638,(#1642,#1649),.PCURVE_S1.);
#1638 = LINE('',#1639,#1640);
#1639 = CARTESIAN_POINT('',(1.50059891315,-27.2,4.80000001748));
#1640 = VECTOR('',#1641,1.);
#1641 = DIRECTION('',(-0.5,-9.614813431918E-17,-0.866025403784));
#1642 = PCURVE('',#1465,#1643);
#1643 = DEFINITIONAL_REPRESENTATION('',(#1644),#1648);
#1644 = LINE('',#1645,#1646);
#1645 = CARTESIAN_POINT('',(-2.30940108685,4.00000001748));
#1646 = VECTOR('',#1647,1.);
#1647 = DIRECTION('',(-0.5,-0.866025403784));
#1648 = ( GEOMETRIC_REPRESENTATION_CONTEXT(2) 
PARAMETRIC_REPRESENTATION_CONTEXT() REPRESENTATION_CONTEXT('2D SPACE',''
  ) );
#1649 = PCURVE('',#1596,#1650);
#1650 = DEFINITIONAL_REPRESENTATION('',(#1651),#1655);
#1651 = LINE('',#1652,#1653);
#1652 = CARTESIAN_POINT('',(-0.,0.));
#1653 = VECTOR('',#1654,1.);
#1654 = DIRECTION('',(1.,0.));
#1655 = ( GEOMETRIC_REPRESENTATION_CONTEXT(2) 
PARAMETRIC_REPRESENTATION_CONTEXT() REPRESENTATION_CONTEXT('2D SPACE',''
  ) );
#1656 = ORIENTED_EDGE('',*,*,#1657,.T.);
#1657 = EDGE_CURVE('',#1635,#1658,#1660,.T.);
#1658 = VERTEX_POINT('',#1659);
#1659 = CARTESIAN_POINT('',(1.50059891315,-27.2,-3.20000001748));
#1660 = SURFACE_CURVE('',#1661,(#1665,#1672),.PCURVE_S1.);
#1661 = LINE('',#1662,#1663);
#1662 = CARTESIAN_POINT('',(-0.808802173701,-27.2,0.8));
#1663 = VECTOR('',#1664,1.);
#1664 = DIRECTION('',(0.5,-9.614813431918E-17,-0.866025403784));
#1665 = PCURVE('',#1465,#1666);
#1666 = DEFINITIONAL_REPRESENTATION('',(#1667),#1671);
#1667 = LINE('',#1668,#1669);
#1668 = CARTESIAN_POINT('',(-4.618802173701,4.440892098501E-16));
#1669 = VECTOR('',#1670,1.);
#1670 = DIRECTION('',(0.5,-0.866025403784));
#1671 = ( GEOMETRIC_REPRESENTATION_CONTEXT(2) 
PARAMETRIC_REPRESENTATION_CONTEXT() REPRESENTATION_CONTEXT('2D SPACE',''
  ) );
#1672 = PCURVE('',#1673,#1678);
#1673 = PLANE('',#1674);
#1674 = AXIS2_PLACEMENT_3D('',#1675,#1676,#1677);
#1675 = CARTESIAN_POINT('',(-0.808802173701,-27.2,0.8));
#1676 = DIRECTION('',(0.866025403784,5.551115123126E-17,0.5));
#1677 = DIRECTION('',(0.5,-9.614813431918E-17,-0.866025403784));
#1678 = DEFINITIONAL_REPRESENTATION('',(#1679),#1683);
#1679 = LINE('',#1680,#1681);
#1680 = CARTESIAN_POINT('',(0.,0.));
#1681 = VECTOR('',#1682,1.);
#1682 = DIRECTION('',(1.,0.));
#1683 = ( GEOMETRIC_REPRESENTATION_CONTEXT(2) 
PARAMETRIC_REPRESENTATION_CONTEXT() REPRESENTATION_CONTEXT('2D SPACE',''
  ) );
#1684 = ORIENTED_EDGE('',*,*,#1685,.T.);
#1685 = EDGE_CURVE('',#1658,#1481,#1686,.T.);
#1686 = SURFACE_CURVE('',#1687,(#1691,#1698),.PCURVE_S1.);
#1687 = LINE('',#1688,#1689);
#1688 = CARTESIAN_POINT('',(1.50059891315,-27.2,-3.20000001748));
#1689 = VECTOR('',#1690,1.);
#1690 = DIRECTION('',(1.,-6.404752321766E-32,-5.768888033941E-16));
#1691 = PCURVE('',#1465,#1692);
#1692 = DEFINITIONAL_REPRESENTATION('',(#1693),#1697);
#1693 = LINE('',#1694,#1695);
#1694 = CARTESIAN_POINT('',(-2.30940108685,-4.00000001748));
#1695 = VECTOR('',#1696,1.);
#1696 = DIRECTION('',(1.,-5.768888033941E-16));
#1697 = ( GEOMETRIC_REPRESENTATION_CONTEXT(2) 
PARAMETRIC_REPRESENTATION_CONTEXT() REPRESENTATION_CONTEXT('2D SPACE',''
  ) );
#1698 = PCURVE('',#1498,#1699);
#1699 = DEFINITIONAL_REPRESENTATION('',(#1700),#1704);
#1700 = LINE('',#1701,#1702);
#1701 = CARTESIAN_POINT('',(0.,0.));
#1702 = VECTOR('',#1703,1.);
#1703 = DIRECTION('',(1.,0.));
#1704 = ( GEOMETRIC_REPRESENTATION_CONTEXT(2) 
PARAMETRIC_REPRESENTATION_CONTEXT() REPRESENTATION_CONTEXT('2D SPACE',''
  ) );
#1705 = ORIENTED_EDGE('',*,*,#1532,.T.);
#1706 = FACE_BOUND('',#1707,.F.);
#1707 = EDGE_LOOP('',(#1708));
#1708 = ORIENTED_EDGE('',*,*,#1709,.F.);
#1709 = EDGE_CURVE('',#1710,#1710,#1712,.T.);
#1710 = VERTEX_POINT('',#1711);
#1711 = CARTESIAN_POINT('',(5.61,-27.2,0.8));
#1712 = SURFACE_CURVE('',#1713,(#1718,#1725),.PCURVE_S1.);
#1713 = CIRCLE('',#1714,1.8);
#1714 = AXIS2_PLACEMENT_3D('',#1715,#1716,#1717);
#1715 = CARTESIAN_POINT('',(3.81,-27.2,0.8));
#1716 = DIRECTION('',(0.,-1.,1.110223024625E-16));
#1717 = DIRECTION('',(1.,0.,0.));
#1718 = PCURVE('',#1465,#1719);
#1719 = DEFINITIONAL_REPRESENTATION('',(#1720),#1724);
#1720 = CIRCLE('',#1721,1.8);
#1721 = AXIS2_PLACEMENT_2D('',#1722,#1723);
#1722 = CARTESIAN_POINT('',(0.,3.330669073875E-16));
#1723 = DIRECTION('',(1.,0.));
#1724 = ( GEOMETRIC_REPRESENTATION_CONTEXT(2) 
PARAMETRIC_REPRESENTATION_CONTEXT() REPRESENTATION_CONTEXT('2D SPACE',''
  ) );
#1725 = PCURVE('',#1726,#1731);
#1726 = CYLINDRICAL_SURFACE('',#1727,1.8);
#1727 = AXIS2_PLACEMENT_3D('',#1728,#1729,#1730);
#1728 = CARTESIAN_POINT('',(3.81,-23.2,0.8));
#1729 = DIRECTION('',(-0.,1.,-1.110223024625E-16));
#1730 = DIRECTION('',(1.,0.,0.));
#1731 = DEFINITIONAL_REPRESENTATION('',(#1732),#1736);
#1732 = LINE('',#1733,#1734);
#1733 = CARTESIAN_POINT('',(-0.,-4.));
#1734 = VECTOR('',#1735,1.);
#1735 = DIRECTION('',(-1.,0.));
#1736 = ( GEOMETRIC_REPRESENTATION_CONTEXT(2) 
PARAMETRIC_REPRESENTATION_CONTEXT() REPRESENTATION_CONTEXT('2D SPACE',''
  ) );
#1737 = ADVANCED_FACE('',(#1738,#1810),#1411,.T.);
#1738 = FACE_BOUND('',#1739,.T.);
#1739 = EDGE_LOOP('',(#1740,#1741,#1742,#1765,#1788,#1809));
#1740 = ORIENTED_EDGE('',*,*,#1395,.T.);
#1741 = ORIENTED_EDGE('',*,*,#1557,.T.);
#1742 = ORIENTED_EDGE('',*,*,#1743,.T.);
#1743 = EDGE_CURVE('',#1558,#1744,#1746,.T.);
#1744 = VERTEX_POINT('',#1745);
#1745 = CARTESIAN_POINT('',(-0.808802173701,-29.7,0.8));
#1746 = SURFACE_CURVE('',#1747,(#1751,#1758),.PCURVE_S1.);
#1747 = LINE('',#1748,#1749);
#1748 = CARTESIAN_POINT('',(1.50059891315,-29.7,4.80000001748));
#1749 = VECTOR('',#1750,1.);
#1750 = DIRECTION('',(-0.5,-9.614813431918E-17,-0.866025403784));
#1751 = PCURVE('',#1411,#1752);
#1752 = DEFINITIONAL_REPRESENTATION('',(#1753),#1757);
#1753 = LINE('',#1754,#1755);
#1754 = CARTESIAN_POINT('',(-2.30940108685,4.00000001748));
#1755 = VECTOR('',#1756,1.);
#1756 = DIRECTION('',(-0.5,-0.866025403784));
#1757 = ( GEOMETRIC_REPRESENTATION_CONTEXT(2) 
PARAMETRIC_REPRESENTATION_CONTEXT() REPRESENTATION_CONTEXT('2D SPACE',''
  ) );
#1758 = PCURVE('',#1596,#1759);
#1759 = DEFINITIONAL_REPRESENTATION('',(#1760),#1764);
#1760 = LINE('',#1761,#1762);
#1761 = CARTESIAN_POINT('',(3.513926382605E-16,-2.5));
#1762 = VECTOR('',#1763,1.);
#1763 = DIRECTION('',(1.,0.));
#1764 = ( GEOMETRIC_REPRESENTATION_CONTEXT(2) 
PARAMETRIC_REPRESENTATION_CONTEXT() REPRESENTATION_CONTEXT('2D SPACE',''
  ) );
#1765 = ORIENTED_EDGE('',*,*,#1766,.T.);
#1766 = EDGE_CURVE('',#1744,#1767,#1769,.T.);
#1767 = VERTEX_POINT('',#1768);
#1768 = CARTESIAN_POINT('',(1.50059891315,-29.7,-3.20000001748));
#1769 = SURFACE_CURVE('',#1770,(#1774,#1781),.PCURVE_S1.);
#1770 = LINE('',#1771,#1772);
#1771 = CARTESIAN_POINT('',(-0.808802173701,-29.7,0.8));
#1772 = VECTOR('',#1773,1.);
#1773 = DIRECTION('',(0.5,-9.614813431918E-17,-0.866025403784));
#1774 = PCURVE('',#1411,#1775);
#1775 = DEFINITIONAL_REPRESENTATION('',(#1776),#1780);
#1776 = LINE('',#1777,#1778);
#1777 = CARTESIAN_POINT('',(-4.618802173701,4.440892098501E-16));
#1778 = VECTOR('',#1779,1.);
#1779 = DIRECTION('',(0.5,-0.866025403784));
#1780 = ( GEOMETRIC_REPRESENTATION_CONTEXT(2) 
PARAMETRIC_REPRESENTATION_CONTEXT() REPRESENTATION_CONTEXT('2D SPACE',''
  ) );
#1781 = PCURVE('',#1673,#1782);
#1782 = DEFINITIONAL_REPRESENTATION('',(#1783),#1787);
#1783 = LINE('',#1784,#1785);
#1784 = CARTESIAN_POINT('',(-4.807406715959E-17,-2.5));
#1785 = VECTOR('',#1786,1.);
#1786 = DIRECTION('',(1.,0.));
#1787 = ( GEOMETRIC_REPRESENTATION_CONTEXT(2) 
PARAMETRIC_REPRESENTATION_CONTEXT() REPRESENTATION_CONTEXT('2D SPACE',''
  ) );
#1788 = ORIENTED_EDGE('',*,*,#1789,.T.);
#1789 = EDGE_CURVE('',#1767,#1483,#1790,.T.);
#1790 = SURFACE_CURVE('',#1791,(#1795,#1802),.PCURVE_S1.);
#1791 = LINE('',#1792,#1793);
#1792 = CARTESIAN_POINT('',(1.50059891315,-29.7,-3.20000001748));
#1793 = VECTOR('',#1794,1.);
#1794 = DIRECTION('',(1.,-6.404752321766E-32,-5.768888033941E-16));
#1795 = PCURVE('',#1411,#1796);
#1796 = DEFINITIONAL_REPRESENTATION('',(#1797),#1801);
#1797 = LINE('',#1798,#1799);
#1798 = CARTESIAN_POINT('',(-2.30940108685,-4.00000001748));
#1799 = VECTOR('',#1800,1.);
#1800 = DIRECTION('',(1.,-5.768888033941E-16));
#1801 = ( GEOMETRIC_REPRESENTATION_CONTEXT(2) 
PARAMETRIC_REPRESENTATION_CONTEXT() REPRESENTATION_CONTEXT('2D SPACE',''
  ) );
#1802 = PCURVE('',#1498,#1803);
#1803 = DEFINITIONAL_REPRESENTATION('',(#1804),#1808);
#1804 = LINE('',#1805,#1806);
#1805 = CARTESIAN_POINT('',(-9.607128482649E-32,-2.5));
#1806 = VECTOR('',#1807,1.);
#1807 = DIRECTION('',(1.,0.));
#1808 = ( GEOMETRIC_REPRESENTATION_CONTEXT(2) 
PARAMETRIC_REPRESENTATION_CONTEXT() REPRESENTATION_CONTEXT('2D SPACE',''
  ) );
#1809 = ORIENTED_EDGE('',*,*,#1510,.T.);
#1810 = FACE_BOUND('',#1811,.T.);
#1811 = EDGE_LOOP('',(#1812));
#1812 = ORIENTED_EDGE('',*,*,#1813,.F.);
#1813 = EDGE_CURVE('',#1814,#1814,#1816,.T.);
#1814 = VERTEX_POINT('',#1815);
#1815 = CARTESIAN_POINT('',(6.985,-29.7,0.8));
#1816 = SURFACE_CURVE('',#1817,(#1822,#1829),.PCURVE_S1.);
#1817 = CIRCLE('',#1818,3.175);
#1818 = AXIS2_PLACEMENT_3D('',#1819,#1820,#1821);
#1819 = CARTESIAN_POINT('',(3.81,-29.7,0.8));
#1820 = DIRECTION('',(0.,-1.,1.110223024625E-16));
#1821 = DIRECTION('',(1.,0.,0.));
#1822 = PCURVE('',#1411,#1823);
#1823 = DEFINITIONAL_REPRESENTATION('',(#1824),#1828);
#1824 = CIRCLE('',#1825,3.175);
#1825 = AXIS2_PLACEMENT_2D('',#1826,#1827);
#1826 = CARTESIAN_POINT('',(0.,-4.440892098501E-16));
#1827 = DIRECTION('',(1.,0.));
#1828 = ( GEOMETRIC_REPRESENTATION_CONTEXT(2) 
PARAMETRIC_REPRESENTATION_CONTEXT() REPRESENTATION_CONTEXT('2D SPACE',''
  ) );
#1829 = PCURVE('',#1830,#1835);
#1830 = CYLINDRICAL_SURFACE('',#1831,3.175);
#1831 = AXIS2_PLACEMENT_3D('',#1832,#1833,#1834);
#1832 = CARTESIAN_POINT('',(3.81,-29.7,0.8));
#1833 = DIRECTION('',(-0.,1.,-1.110223024625E-16));
#1834 = DIRECTION('',(1.,0.,0.));
#1835 = DEFINITIONAL_REPRESENTATION('',(#1836),#1840);
#1836 = LINE('',#1837,#1838);
#1837 = CARTESIAN_POINT('',(-0.,0.));
#1838 = VECTOR('',#1839,1.);
#1839 = DIRECTION('',(-1.,0.));
#1840 = ( GEOMETRIC_REPRESENTATION_CONTEXT(2) 
PARAMETRIC_REPRESENTATION_CONTEXT() REPRESENTATION_CONTEXT('2D SPACE',''
  ) );
#1841 = ADVANCED_FACE('',(#1842),#1498,.F.);
#1842 = FACE_BOUND('',#1843,.F.);
#1843 = EDGE_LOOP('',(#1844,#1865,#1866,#1867));
#1844 = ORIENTED_EDGE('',*,*,#1845,.T.);
#1845 = EDGE_CURVE('',#1658,#1767,#1846,.T.);
#1846 = SURFACE_CURVE('',#1847,(#1851,#1858),.PCURVE_S1.);
#1847 = LINE('',#1848,#1849);
#1848 = CARTESIAN_POINT('',(1.50059891315,-27.2,-3.20000001748));
#1849 = VECTOR('',#1850,1.);
#1850 = DIRECTION('',(0.,-1.,1.110223024625E-16));
#1851 = PCURVE('',#1498,#1852);
#1852 = DEFINITIONAL_REPRESENTATION('',(#1853),#1857);
#1853 = LINE('',#1854,#1855);
#1854 = CARTESIAN_POINT('',(0.,0.));
#1855 = VECTOR('',#1856,1.);
#1856 = DIRECTION('',(0.,-1.));
#1857 = ( GEOMETRIC_REPRESENTATION_CONTEXT(2) 
PARAMETRIC_REPRESENTATION_CONTEXT() REPRESENTATION_CONTEXT('2D SPACE',''
  ) );
#1858 = PCURVE('',#1673,#1859);
#1859 = DEFINITIONAL_REPRESENTATION('',(#1860),#1864);
#1860 = LINE('',#1861,#1862);
#1861 = CARTESIAN_POINT('',(4.618802173701,4.440892117907E-16));
#1862 = VECTOR('',#1863,1.);
#1863 = DIRECTION('',(0.,-1.));
#1864 = ( GEOMETRIC_REPRESENTATION_CONTEXT(2) 
PARAMETRIC_REPRESENTATION_CONTEXT() REPRESENTATION_CONTEXT('2D SPACE',''
  ) );
#1865 = ORIENTED_EDGE('',*,*,#1789,.T.);
#1866 = ORIENTED_EDGE('',*,*,#1480,.F.);
#1867 = ORIENTED_EDGE('',*,*,#1685,.F.);
#1868 = ADVANCED_FACE('',(#1869),#1596,.F.);
#1869 = FACE_BOUND('',#1870,.F.);
#1870 = EDGE_LOOP('',(#1871,#1872,#1873,#1894));
#1871 = ORIENTED_EDGE('',*,*,#1580,.T.);
#1872 = ORIENTED_EDGE('',*,*,#1743,.T.);
#1873 = ORIENTED_EDGE('',*,*,#1874,.F.);
#1874 = EDGE_CURVE('',#1635,#1744,#1875,.T.);
#1875 = SURFACE_CURVE('',#1876,(#1880,#1887),.PCURVE_S1.);
#1876 = LINE('',#1877,#1878);
#1877 = CARTESIAN_POINT('',(-0.808802173701,-27.2,0.8));
#1878 = VECTOR('',#1879,1.);
#1879 = DIRECTION('',(0.,-1.,1.110223024625E-16));
#1880 = PCURVE('',#1596,#1881);
#1881 = DEFINITIONAL_REPRESENTATION('',(#1882),#1886);
#1882 = LINE('',#1883,#1884);
#1883 = CARTESIAN_POINT('',(4.618802173701,4.440892117907E-16));
#1884 = VECTOR('',#1885,1.);
#1885 = DIRECTION('',(0.,-1.));
#1886 = ( GEOMETRIC_REPRESENTATION_CONTEXT(2) 
PARAMETRIC_REPRESENTATION_CONTEXT() REPRESENTATION_CONTEXT('2D SPACE',''
  ) );
#1887 = PCURVE('',#1673,#1888);
#1888 = DEFINITIONAL_REPRESENTATION('',(#1889),#1893);
#1889 = LINE('',#1890,#1891);
#1890 = CARTESIAN_POINT('',(0.,0.));
#1891 = VECTOR('',#1892,1.);
#1892 = DIRECTION('',(0.,-1.));
#1893 = ( GEOMETRIC_REPRESENTATION_CONTEXT(2) 
PARAMETRIC_REPRESENTATION_CONTEXT() REPRESENTATION_CONTEXT('2D SPACE',''
  ) );
#1894 = ORIENTED_EDGE('',*,*,#1634,.F.);
#1895 = ADVANCED_FACE('',(#1896),#1673,.F.);
#1896 = FACE_BOUND('',#1897,.F.);
#1897 = EDGE_LOOP('',(#1898,#1899,#1900,#1901));
#1898 = ORIENTED_EDGE('',*,*,#1874,.T.);
#1899 = ORIENTED_EDGE('',*,*,#1766,.T.);
#1900 = ORIENTED_EDGE('',*,*,#1845,.F.);
#1901 = ORIENTED_EDGE('',*,*,#1657,.F.);
#1902 = ADVANCED_FACE('',(#1903),#1726,.T.);
#1903 = FACE_BOUND('',#1904,.F.);
#1904 = EDGE_LOOP('',(#1905,#1928,#1929,#1930));
#1905 = ORIENTED_EDGE('',*,*,#1906,.T.);
#1906 = EDGE_CURVE('',#1907,#1710,#1909,.T.);
#1907 = VERTEX_POINT('',#1908);
#1908 = CARTESIAN_POINT('',(5.61,-23.2,0.8));
#1909 = SEAM_CURVE('',#1910,(#1914,#1921),.PCURVE_S1.);
#1910 = LINE('',#1911,#1912);
#1911 = CARTESIAN_POINT('',(5.61,-23.2,0.8));
#1912 = VECTOR('',#1913,1.);
#1913 = DIRECTION('',(0.,-1.,1.110223024625E-16));
#1914 = PCURVE('',#1726,#1915);
#1915 = DEFINITIONAL_REPRESENTATION('',(#1916),#1920);
#1916 = LINE('',#1917,#1918);
#1917 = CARTESIAN_POINT('',(-0.,0.));
#1918 = VECTOR('',#1919,1.);
#1919 = DIRECTION('',(-0.,-1.));
#1920 = ( GEOMETRIC_REPRESENTATION_CONTEXT(2) 
PARAMETRIC_REPRESENTATION_CONTEXT() REPRESENTATION_CONTEXT('2D SPACE',''
  ) );
#1921 = PCURVE('',#1726,#1922);
#1922 = DEFINITIONAL_REPRESENTATION('',(#1923),#1927);
#1923 = LINE('',#1924,#1925);
#1924 = CARTESIAN_POINT('',(-6.28318530718,0.));
#1925 = VECTOR('',#1926,1.);
#1926 = DIRECTION('',(-0.,-1.));
#1927 = ( GEOMETRIC_REPRESENTATION_CONTEXT(2) 
PARAMETRIC_REPRESENTATION_CONTEXT() REPRESENTATION_CONTEXT('2D SPACE',''
  ) );
#1928 = ORIENTED_EDGE('',*,*,#1709,.T.);
#1929 = ORIENTED_EDGE('',*,*,#1906,.F.);
#1930 = ORIENTED_EDGE('',*,*,#1931,.F.);
#1931 = EDGE_CURVE('',#1907,#1907,#1932,.T.);
#1932 = SURFACE_CURVE('',#1933,(#1938,#1945),.PCURVE_S1.);
#1933 = CIRCLE('',#1934,1.8);
#1934 = AXIS2_PLACEMENT_3D('',#1935,#1936,#1937);
#1935 = CARTESIAN_POINT('',(3.81,-23.2,0.8));
#1936 = DIRECTION('',(0.,-1.,1.110223024625E-16));
#1937 = DIRECTION('',(1.,0.,0.));
#1938 = PCURVE('',#1726,#1939);
#1939 = DEFINITIONAL_REPRESENTATION('',(#1940),#1944);
#1940 = LINE('',#1941,#1942);
#1941 = CARTESIAN_POINT('',(-0.,0.));
#1942 = VECTOR('',#1943,1.);
#1943 = DIRECTION('',(-1.,0.));
#1944 = ( GEOMETRIC_REPRESENTATION_CONTEXT(2) 
PARAMETRIC_REPRESENTATION_CONTEXT() REPRESENTATION_CONTEXT('2D SPACE',''
  ) );
#1945 = PCURVE('',#1946,#1951);
#1946 = PLANE('',#1947);
#1947 = AXIS2_PLACEMENT_3D('',#1948,#1949,#1950);
#1948 = CARTESIAN_POINT('',(3.81,-23.2,0.8));
#1949 = DIRECTION('',(0.,-1.,1.110223024625E-16));
#1950 = DIRECTION('',(1.,0.,0.));
#1951 = DEFINITIONAL_REPRESENTATION('',(#1952),#1956);
#1952 = CIRCLE('',#1953,1.8);
#1953 = AXIS2_PLACEMENT_2D('',#1954,#1955);
#1954 = CARTESIAN_POINT('',(0.,-1.110223024625E-16));
#1955 = DIRECTION('',(1.,0.));
#1956 = ( GEOMETRIC_REPRESENTATION_CONTEXT(2) 
PARAMETRIC_REPRESENTATION_CONTEXT() REPRESENTATION_CONTEXT('2D SPACE',''
  ) );
#1957 = ADVANCED_FACE('',(#1958),#1830,.T.);
#1958 = FACE_BOUND('',#1959,.F.);
#1959 = EDGE_LOOP('',(#1960,#1983,#2010,#2011));
#1960 = ORIENTED_EDGE('',*,*,#1961,.T.);
#1961 = EDGE_CURVE('',#1814,#1962,#1964,.T.);
#1962 = VERTEX_POINT('',#1963);
#1963 = CARTESIAN_POINT('',(6.985,-39.2,0.8));
#1964 = SEAM_CURVE('',#1965,(#1969,#1976),.PCURVE_S1.);
#1965 = LINE('',#1966,#1967);
#1966 = CARTESIAN_POINT('',(6.985,-29.7,0.8));
#1967 = VECTOR('',#1968,1.);
#1968 = DIRECTION('',(0.,-1.,1.110223024625E-16));
#1969 = PCURVE('',#1830,#1970);
#1970 = DEFINITIONAL_REPRESENTATION('',(#1971),#1975);
#1971 = LINE('',#1972,#1973);
#1972 = CARTESIAN_POINT('',(-0.,0.));
#1973 = VECTOR('',#1974,1.);
#1974 = DIRECTION('',(-0.,-1.));
#1975 = ( GEOMETRIC_REPRESENTATION_CONTEXT(2) 
PARAMETRIC_REPRESENTATION_CONTEXT() REPRESENTATION_CONTEXT('2D SPACE',''
  ) );
#1976 = PCURVE('',#1830,#1977);
#1977 = DEFINITIONAL_REPRESENTATION('',(#1978),#1982);
#1978 = LINE('',#1979,#1980);
#1979 = CARTESIAN_POINT('',(-6.28318530718,0.));
#1980 = VECTOR('',#1981,1.);
#1981 = DIRECTION('',(-0.,-1.));
#1982 = ( GEOMETRIC_REPRESENTATION_CONTEXT(2) 
PARAMETRIC_REPRESENTATION_CONTEXT() REPRESENTATION_CONTEXT('2D SPACE',''
  ) );
#1983 = ORIENTED_EDGE('',*,*,#1984,.T.);
#1984 = EDGE_CURVE('',#1962,#1962,#1985,.T.);
#1985 = SURFACE_CURVE('',#1986,(#1991,#1998),.PCURVE_S1.);
#1986 = CIRCLE('',#1987,3.175);
#1987 = AXIS2_PLACEMENT_3D('',#1988,#1989,#1990);
#1988 = CARTESIAN_POINT('',(3.81,-39.2,0.8));
#1989 = DIRECTION('',(0.,-1.,1.110223024625E-16));
#1990 = DIRECTION('',(1.,0.,0.));
#1991 = PCURVE('',#1830,#1992);
#1992 = DEFINITIONAL_REPRESENTATION('',(#1993),#1997);
#1993 = LINE('',#1994,#1995);
#1994 = CARTESIAN_POINT('',(-0.,-9.5));
#1995 = VECTOR('',#1996,1.);
#1996 = DIRECTION('',(-1.,0.));
#1997 = ( GEOMETRIC_REPRESENTATION_CONTEXT(2) 
PARAMETRIC_REPRESENTATION_CONTEXT() REPRESENTATION_CONTEXT('2D SPACE',''
  ) );
#1998 = PCURVE('',#1999,#2004);
#1999 = PLANE('',#2000);
#2000 = AXIS2_PLACEMENT_3D('',#2001,#2002,#2003);
#2001 = CARTESIAN_POINT('',(3.81,-39.2,0.8));
#2002 = DIRECTION('',(0.,-1.,1.110223024625E-16));
#2003 = DIRECTION('',(1.,0.,0.));
#2004 = DEFINITIONAL_REPRESENTATION('',(#2005),#2009);
#2005 = CIRCLE('',#2006,3.175);
#2006 = AXIS2_PLACEMENT_2D('',#2007,#2008);
#2007 = CARTESIAN_POINT('',(0.,-2.22044604925E-16));
#2008 = DIRECTION('',(1.,0.));
#2009 = ( GEOMETRIC_REPRESENTATION_CONTEXT(2) 
PARAMETRIC_REPRESENTATION_CONTEXT() REPRESENTATION_CONTEXT('2D SPACE',''
  ) );
#2010 = ORIENTED_EDGE('',*,*,#1961,.F.);
#2011 = ORIENTED_EDGE('',*,*,#1813,.F.);
#2012 = ADVANCED_FACE('',(#2013),#1946,.F.);
#2013 = FACE_BOUND('',#2014,.F.);
#2014 = EDGE_LOOP('',(#2015));
#2015 = ORIENTED_EDGE('',*,*,#1931,.T.);
#2016 = ADVANCED_FACE('',(#2017,#2020),#1999,.T.);
#2017 = FACE_BOUND('',#2018,.T.);
#2018 = EDGE_LOOP('',(#2019));
#2019 = ORIENTED_EDGE('',*,*,#1984,.T.);
#2020 = FACE_BOUND('',#2021,.T.);
#2021 = EDGE_LOOP('',(#2022));
#2022 = ORIENTED_EDGE('',*,*,#2023,.F.);
#2023 = EDGE_CURVE('',#2024,#2024,#2026,.T.);
#2024 = VERTEX_POINT('',#2025);
#2025 = CARTESIAN_POINT('',(5.86,-39.2,0.8));
#2026 = SURFACE_CURVE('',#2027,(#2032,#2039),.PCURVE_S1.);
#2027 = CIRCLE('',#2028,2.05);
#2028 = AXIS2_PLACEMENT_3D('',#2029,#2030,#2031);
#2029 = CARTESIAN_POINT('',(3.81,-39.2,0.8));
#2030 = DIRECTION('',(0.,-1.,1.110223024625E-16));
#2031 = DIRECTION('',(1.,0.,0.));
#2032 = PCURVE('',#1999,#2033);
#2033 = DEFINITIONAL_REPRESENTATION('',(#2034),#2038);
#2034 = CIRCLE('',#2035,2.05);
#2035 = AXIS2_PLACEMENT_2D('',#2036,#2037);
#2036 = CARTESIAN_POINT('',(0.,-6.661338147751E-16));
#2037 = DIRECTION('',(1.,0.));
#2038 = ( GEOMETRIC_REPRESENTATION_CONTEXT(2) 
PARAMETRIC_REPRESENTATION_CONTEXT() REPRESENTATION_CONTEXT('2D SPACE',''
  ) );
#2039 = PCURVE('',#2040,#2045);
#2040 = CYLINDRICAL_SURFACE('',#2041,2.05);
#2041 = AXIS2_PLACEMENT_3D('',#2042,#2043,#2044);
#2042 = CARTESIAN_POINT('',(3.81,-33.2,0.8));
#2043 = DIRECTION('',(-0.,1.,-1.110223024625E-16));
#2044 = DIRECTION('',(1.,0.,0.));
#2045 = DEFINITIONAL_REPRESENTATION('',(#2046),#2050);
#2046 = LINE('',#2047,#2048);
#2047 = CARTESIAN_POINT('',(-0.,-6.));
#2048 = VECTOR('',#2049,1.);
#2049 = DIRECTION('',(-1.,0.));
#2050 = ( GEOMETRIC_REPRESENTATION_CONTEXT(2) 
PARAMETRIC_REPRESENTATION_CONTEXT() REPRESENTATION_CONTEXT('2D SPACE',''
  ) );
#2051 = ADVANCED_FACE('',(#2052),#2040,.F.);
#2052 = FACE_BOUND('',#2053,.T.);
#2053 = EDGE_LOOP('',(#2054,#2077,#2078,#2079));
#2054 = ORIENTED_EDGE('',*,*,#2055,.T.);
#2055 = EDGE_CURVE('',#2056,#2024,#2058,.T.);
#2056 = VERTEX_POINT('',#2057);
#2057 = CARTESIAN_POINT('',(5.86,-33.2,0.8));
#2058 = SEAM_CURVE('',#2059,(#2063,#2070),.PCURVE_S1.);
#2059 = LINE('',#2060,#2061);
#2060 = CARTESIAN_POINT('',(5.86,-33.2,0.8));
#2061 = VECTOR('',#2062,1.);
#2062 = DIRECTION('',(0.,-1.,1.110223024625E-16));
#2063 = PCURVE('',#2040,#2064);
#2064 = DEFINITIONAL_REPRESENTATION('',(#2065),#2069);
#2065 = LINE('',#2066,#2067);
#2066 = CARTESIAN_POINT('',(-0.,0.));
#2067 = VECTOR('',#2068,1.);
#2068 = DIRECTION('',(-0.,-1.));
#2069 = ( GEOMETRIC_REPRESENTATION_CONTEXT(2) 
PARAMETRIC_REPRESENTATION_CONTEXT() REPRESENTATION_CONTEXT('2D SPACE',''
  ) );
#2070 = PCURVE('',#2040,#2071);
#2071 = DEFINITIONAL_REPRESENTATION('',(#2072),#2076);
#2072 = LINE('',#2073,#2074);
#2073 = CARTESIAN_POINT('',(-6.28318530718,0.));
#2074 = VECTOR('',#2075,1.);
#2075 = DIRECTION('',(-0.,-1.));
#2076 = ( GEOMETRIC_REPRESENTATION_CONTEXT(2) 
PARAMETRIC_REPRESENTATION_CONTEXT() REPRESENTATION_CONTEXT('2D SPACE',''
  ) );
#2077 = ORIENTED_EDGE('',*,*,#2023,.T.);
#2078 = ORIENTED_EDGE('',*,*,#2055,.F.);
#2079 = ORIENTED_EDGE('',*,*,#2080,.F.);
#2080 = EDGE_CURVE('',#2056,#2056,#2081,.T.);
#2081 = SURFACE_CURVE('',#2082,(#2087,#2094),.PCURVE_S1.);
#2082 = CIRCLE('',#2083,2.05);
#2083 = AXIS2_PLACEMENT_3D('',#2084,#2085,#2086);
#2084 = CARTESIAN_POINT('',(3.81,-33.2,0.8));
#2085 = DIRECTION('',(0.,-1.,1.110223024625E-16));
#2086 = DIRECTION('',(1.,0.,0.));
#2087 = PCURVE('',#2040,#2088);
#2088 = DEFINITIONAL_REPRESENTATION('',(#2089),#2093);
#2089 = LINE('',#2090,#2091);
#2090 = CARTESIAN_POINT('',(-0.,0.));
#2091 = VECTOR('',#2092,1.);
#2092 = DIRECTION('',(-1.,0.));
#2093 = ( GEOMETRIC_REPRESENTATION_CONTEXT(2) 
PARAMETRIC_REPRESENTATION_CONTEXT() REPRESENTATION_CONTEXT('2D SPACE',''
  ) );
#2094 = PCURVE('',#2095,#2100);
#2095 = PLANE('',#2096);
#2096 = AXIS2_PLACEMENT_3D('',#2097,#2098,#2099);
#2097 = CARTESIAN_POINT('',(3.81,-33.2,0.8));
#2098 = DIRECTION('',(0.,-1.,1.110223024625E-16));
#2099 = DIRECTION('',(1.,0.,0.));
#2100 = DEFINITIONAL_REPRESENTATION('',(#2101),#2105);
#2101 = CIRCLE('',#2102,2.05);
#2102 = AXIS2_PLACEMENT_2D('',#2103,#2104);
#2103 = CARTESIAN_POINT('',(0.,-1.110223024625E-16));
#2104 = DIRECTION('',(1.,0.));
#2105 = ( GEOMETRIC_REPRESENTATION_CONTEXT(2) 
PARAMETRIC_REPRESENTATION_CONTEXT() REPRESENTATION_CONTEXT('2D SPACE',''
  ) );
#2106 = ADVANCED_FACE('',(#2107),#2095,.T.);
#2107 = FACE_BOUND('',#2108,.T.);
#2108 = EDGE_LOOP('',(#2109));
#2109 = ORIENTED_EDGE('',*,*,#2080,.T.);
#2110 = ( GEOMETRIC_REPRESENTATION_CONTEXT(3) 
GLOBAL_UNCERTAINTY_ASSIGNED_CONTEXT((#2114)) 
GLOBAL_UNIT_ASSIGNED_CONTEXT((#2111,#2112,#2113)) REPRESENTATION_CONTEXT
('Context #1','3D Context with UNIT and UNCERTAINTY') );
#2111 = ( LENGTH_UNIT() NAMED_UNIT(*) SI_UNIT(.MILLI.,.METRE.) );
#2112 = ( NAMED_UNIT(*) PLANE_ANGLE_UNIT() SI_UNIT($,.RADIAN.) );
#2113 = ( NAMED_UNIT(*) SI_UNIT($,.STERADIAN.) SOLID_ANGLE_UNIT() );
#2114 = UNCERTAINTY_MEASURE_WITH_UNIT(LENGTH_MEASURE(1.E-07),#2111,
  'distance_accuracy_value','confusion accuracy');
#2115 = CONTEXT_DEPENDENT_SHAPE_REPRESENTATION(#2116,#2118);
#2116 = ( REPRESENTATION_RELATIONSHIP('','',#1353,#10) 
REPRESENTATION_RELATIONSHIP_WITH_TRANSFORMATION(#2117) 
SHAPE_REPRESENTATION_RELATIONSHIP() );
#2117 = ITEM_DEFINED_TRANSFORMATION('','',#11,#23);
#2118 = PRODUCT_DEFINITION_SHAPE('Placement','Placement of an item',
  #2119);
#2119 = NEXT_ASSEMBLY_USAGE_OCCURRENCE('78','sma_bulkhead_2','',#5,#1348
  ,$);
#2120 = PRODUCT_RELATED_PRODUCT_CATEGORY('part',$,(#1350));
#2121 = SHAPE_DEFINITION_REPRESENTATION(#2122,#2128);
#2122 = PRODUCT_DEFINITION_SHAPE('','',#2123);
#2123 = PRODUCT_DEFINITION('design','',#2124,#2127);
#2124 = PRODUCT_DEFINITION_FORMATION('','',#2125);
#2125 = PRODUCT('sma_pin_3','sma_pin_3','',(#2126));
#2126 = PRODUCT_CONTEXT('',#2,'mechanical');
#2127 = PRODUCT_DEFINITION_CONTEXT('part definition',#2,'design');
#2128 = ADVANCED_BREP_SHAPE_REPRESENTATION('',(#11,#2129),#2227);
#2129 = MANIFOLD_SOLID_BREP('',#2130);
#2130 = CLOSED_SHELL('',(#2131,#2219,#2223));
#2131 = ADVANCED_FACE('',(#2132),#2146,.T.);
#2132 = FACE_BOUND('',#2133,.F.);
#2133 = EDGE_LOOP('',(#2134,#2164,#2191,#2192));
#2134 = ORIENTED_EDGE('',*,*,#2135,.T.);
#2135 = EDGE_CURVE('',#2136,#2138,#2140,.T.);
#2136 = VERTEX_POINT('',#2137);
#2137 = CARTESIAN_POINT('',(4.45,-33.2,0.8));
#2138 = VERTEX_POINT('',#2139);
#2139 = CARTESIAN_POINT('',(4.45,-39.2,0.8));
#2140 = SEAM_CURVE('',#2141,(#2145,#2157),.PCURVE_S1.);
#2141 = LINE('',#2142,#2143);
#2142 = CARTESIAN_POINT('',(4.45,-33.2,0.8));
#2143 = VECTOR('',#2144,1.);
#2144 = DIRECTION('',(0.,-1.,1.110223024625E-16));
#2145 = PCURVE('',#2146,#2151);
#2146 = CYLINDRICAL_SURFACE('',#2147,0.64);
#2147 = AXIS2_PLACEMENT_3D('',#2148,#2149,#2150);
#2148 = CARTESIAN_POINT('',(3.81,-33.2,0.8));
#2149 = DIRECTION('',(-0.,1.,-1.110223024625E-16));
#2150 = DIRECTION('',(1.,0.,0.));
#2151 = DEFINITIONAL_REPRESENTATION('',(#2152),#2156);
#2152 = LINE('',#2153,#2154);
#2153 = CARTESIAN_POINT('',(-0.,0.));
#2154 = VECTOR('',#2155,1.);
#2155 = DIRECTION('',(-0.,-1.));
#2156 = ( GEOMETRIC_REPRESENTATION_CONTEXT(2) 
PARAMETRIC_REPRESENTATION_CONTEXT() REPRESENTATION_CONTEXT('2D SPACE',''
  ) );
#2157 = PCURVE('',#2146,#2158);
#2158 = DEFINITIONAL_REPRESENTATION('',(#2159),#2163);
#2159 = LINE('',#2160,#2161);
#2160 = CARTESIAN_POINT('',(-6.28318530718,0.));
#2161 = VECTOR('',#2162,1.);
#2162 = DIRECTION('',(-0.,-1.));
#2163 = ( GEOMETRIC_REPRESENTATION_CONTEXT(2) 
PARAMETRIC_REPRESENTATION_CONTEXT() REPRESENTATION_CONTEXT('2D SPACE',''
  ) );
#2164 = ORIENTED_EDGE('',*,*,#2165,.T.);
#2165 = EDGE_CURVE('',#2138,#2138,#2166,.T.);
#2166 = SURFACE_CURVE('',#2167,(#2172,#2179),.PCURVE_S1.);
#2167 = CIRCLE('',#2168,0.64);
#2168 = AXIS2_PLACEMENT_3D('',#2169,#2170,#2171);
#2169 = CARTESIAN_POINT('',(3.81,-39.2,0.8));
#2170 = DIRECTION('',(0.,-1.,1.110223024625E-16));
#2171 = DIRECTION('',(1.,0.,0.));
#2172 = PCURVE('',#2146,#2173);
#2173 = DEFINITIONAL_REPRESENTATION('',(#2174),#2178);
#2174 = LINE('',#2175,#2176);
#2175 = CARTESIAN_POINT('',(-0.,-6.));
#2176 = VECTOR('',#2177,1.);
#2177 = DIRECTION('',(-1.,0.));
#2178 = ( GEOMETRIC_REPRESENTATION_CONTEXT(2) 
PARAMETRIC_REPRESENTATION_CONTEXT() REPRESENTATION_CONTEXT('2D SPACE',''
  ) );
#2179 = PCURVE('',#2180,#2185);
#2180 = PLANE('',#2181);
#2181 = AXIS2_PLACEMENT_3D('',#2182,#2183,#2184);
#2182 = CARTESIAN_POINT('',(3.81,-39.2,0.8));
#2183 = DIRECTION('',(0.,-1.,1.110223024625E-16));
#2184 = DIRECTION('',(1.,0.,0.));
#2185 = DEFINITIONAL_REPRESENTATION('',(#2186),#2190);
#2186 = CIRCLE('',#2187,0.64);
#2187 = AXIS2_PLACEMENT_2D('',#2188,#2189);
#2188 = CARTESIAN_POINT('',(0.,0.));
#2189 = DIRECTION('',(1.,0.));
#2190 = ( GEOMETRIC_REPRESENTATION_CONTEXT(2) 
PARAMETRIC_REPRESENTATION_CONTEXT() REPRESENTATION_CONTEXT('2D SPACE',''
  ) );
#2191 = ORIENTED_EDGE('',*,*,#2135,.F.);
#2192 = ORIENTED_EDGE('',*,*,#2193,.F.);
#2193 = EDGE_CURVE('',#2136,#2136,#2194,.T.);
#2194 = SURFACE_CURVE('',#2195,(#2200,#2207),.PCURVE_S1.);
#2195 = CIRCLE('',#2196,0.64);
#2196 = AXIS2_PLACEMENT_3D('',#2197,#2198,#2199);
#2197 = CARTESIAN_POINT('',(3.81,-33.2,0.8));
#2198 = DIRECTION('',(0.,-1.,1.110223024625E-16));
#2199 = DIRECTION('',(1.,0.,0.));
#2200 = PCURVE('',#2146,#2201);
#2201 = DEFINITIONAL_REPRESENTATION('',(#2202),#2206);
#2202 = LINE('',#2203,#2204);
#2203 = CARTESIAN_POINT('',(-0.,0.));
#2204 = VECTOR('',#2205,1.);
#2205 = DIRECTION('',(-1.,0.));
#2206 = ( GEOMETRIC_REPRESENTATION_CONTEXT(2) 
PARAMETRIC_REPRESENTATION_CONTEXT() REPRESENTATION_CONTEXT('2D SPACE',''
  ) );
#2207 = PCURVE('',#2208,#2213);
#2208 = PLANE('',#2209);
#2209 = AXIS2_PLACEMENT_3D('',#2210,#2211,#2212);
#2210 = CARTESIAN_POINT('',(3.81,-33.2,0.8));
#2211 = DIRECTION('',(0.,-1.,1.110223024625E-16));
#2212 = DIRECTION('',(1.,0.,0.));
#2213 = DEFINITIONAL_REPRESENTATION('',(#2214),#2218);
#2214 = CIRCLE('',#2215,0.64);
#2215 = AXIS2_PLACEMENT_2D('',#2216,#2217);
#2216 = CARTESIAN_POINT('',(0.,0.));
#2217 = DIRECTION('',(1.,0.));
#2218 = ( GEOMETRIC_REPRESENTATION_CONTEXT(2) 
PARAMETRIC_REPRESENTATION_CONTEXT() REPRESENTATION_CONTEXT('2D SPACE',''
  ) );
#2219 = ADVANCED_FACE('',(#2220),#2208,.F.);
#2220 = FACE_BOUND('',#2221,.F.);
#2221 = EDGE_LOOP('',(#2222));
#2222 = ORIENTED_EDGE('',*,*,#2193,.T.);
#2223 = ADVANCED_FACE('',(#2224),#2180,.T.);
#2224 = FACE_BOUND('',#2225,.T.);
#2225 = EDGE_LOOP('',(#2226));
#2226 = ORIENTED_EDGE('',*,*,#2165,.T.);
#2227 = ( GEOMETRIC_REPRESENTATION_CONTEXT(3) 
GLOBAL_UNCERTAINTY_ASSIGNED_CONTEXT((#2231)) 
GLOBAL_UNIT_ASSIGNED_CONTEXT((#2228,#2229,#2230)) REPRESENTATION_CONTEXT
('Context #1','3D Context with UNIT and UNCERTAINTY') );
#2228 = ( LENGTH_UNIT() NAMED_UNIT(*) SI_UNIT(.MILLI.,.METRE.) );
#2229 = ( NAMED_UNIT(*) PLANE_ANGLE_UNIT() SI_UNIT($,.RADIAN.) );
#2230 = ( NAMED_UNIT(*) SI_UNIT($,.STERADIAN.) SOLID_ANGLE_UNIT() );
#2231 = UNCERTAINTY_MEASURE_WITH_UNIT(LENGTH_MEASURE(1.E-07),#2228,
  'distance_accuracy_value','confusion accuracy');
#2232 = CONTEXT_DEPENDENT_SHAPE_REPRESENTATION(#2233,#2235);
#2233 = ( REPRESENTATION_RELATIONSHIP('','',#2128,#10) 
REPRESENTATION_RELATIONSHIP_WITH_TRANSFORMATION(#2234) 
SHAPE_REPRESENTATION_RELATIONSHIP() );
#2234 = ITEM_DEFINED_TRANSFORMATION('','',#11,#27);
#2235 = PRODUCT_DEFINITION_SHAPE('Placement','Placement of an item',
  #2236);
#2236 = NEXT_ASSEMBLY_USAGE_OCCURRENCE('79','sma_pin_3','',#5,#2123,$);
#2237 = PRODUCT_RELATED_PRODUCT_CATEGORY('part',$,(#2125));
#2238 = SHAPE_DEFINITION_REPRESENTATION(#2239,#2245);
#2239 = PRODUCT_DEFINITION_SHAPE('','',#2240);
#2240 = PRODUCT_DEFINITION('design','',#2241,#2244);
#2241 = PRODUCT_DEFINITION_FORMATION('','',#2242);
#2242 = PRODUCT('sma_nut_4','sma_nut_4','',(#2243));
#2243 = PRODUCT_CONTEXT('',#2,'mechanical');
#2244 = PRODUCT_DEFINITION_CONTEXT('part definition',#2,'design');
#2245 = ADVANCED_BREP_SHAPE_REPRESENTATION('',(#11,#2246),#2816);
#2246 = MANIFOLD_SOLID_BREP('',#2247);
#2247 = CLOSED_SHELL('',(#2248,#2368,#2444,#2520,#2629,#2728,#2755,#2782
    ,#2789));
#2248 = ADVANCED_FACE('',(#2249),#2263,.F.);
#2249 = FACE_BOUND('',#2250,.F.);
#2250 = EDGE_LOOP('',(#2251,#2286,#2314,#2342));
#2251 = ORIENTED_EDGE('',*,*,#2252,.T.);
#2252 = EDGE_CURVE('',#2253,#2255,#2257,.T.);
#2253 = VERTEX_POINT('',#2254);
#2254 = CARTESIAN_POINT('',(8.428802173701,-32.2,0.8));
#2255 = VERTEX_POINT('',#2256);
#2256 = CARTESIAN_POINT('',(8.428802173701,-34.6,0.8));
#2257 = SURFACE_CURVE('',#2258,(#2262,#2274),.PCURVE_S1.);
#2258 = LINE('',#2259,#2260);
#2259 = CARTESIAN_POINT('',(8.428802173701,-32.2,0.8));
#2260 = VECTOR('',#2261,1.);
#2261 = DIRECTION('',(0.,-1.,1.110223024625E-16));
#2262 = PCURVE('',#2263,#2268);
#2263 = PLANE('',#2264);
#2264 = AXIS2_PLACEMENT_3D('',#2265,#2266,#2267);
#2265 = CARTESIAN_POINT('',(8.428802173701,-32.2,0.8));
#2266 = DIRECTION('',(-0.866025403784,-5.551115123126E-17,-0.5));
#2267 = DIRECTION('',(-0.5,9.614813431918E-17,0.866025403784));
#2268 = DEFINITIONAL_REPRESENTATION('',(#2269),#2273);
#2269 = LINE('',#2270,#2271);
#2270 = CARTESIAN_POINT('',(0.,0.));
#2271 = VECTOR('',#2272,1.);
#2272 = DIRECTION('',(0.,-1.));
#2273 = ( GEOMETRIC_REPRESENTATION_CONTEXT(2) 
PARAMETRIC_REPRESENTATION_CONTEXT() REPRESENTATION_CONTEXT('2D SPACE',''
  ) );
#2274 = PCURVE('',#2275,#2280);
#2275 = PLANE('',#2276);
#2276 = AXIS2_PLACEMENT_3D('',#2277,#2278,#2279);
#2277 = CARTESIAN_POINT('',(6.11940108685,-32.2,-3.20000001748));
#2278 = DIRECTION('',(-0.866025403784,5.551115123126E-17,0.5));
#2279 = DIRECTION('',(0.5,9.614813431918E-17,0.866025403784));
#2280 = DEFINITIONAL_REPRESENTATION('',(#2281),#2285);
#2281 = LINE('',#2282,#2283);
#2282 = CARTESIAN_POINT('',(4.618802173701,-4.440892117907E-16));
#2283 = VECTOR('',#2284,1.);
#2284 = DIRECTION('',(0.,-1.));
#2285 = ( GEOMETRIC_REPRESENTATION_CONTEXT(2) 
PARAMETRIC_REPRESENTATION_CONTEXT() REPRESENTATION_CONTEXT('2D SPACE',''
  ) );
#2286 = ORIENTED_EDGE('',*,*,#2287,.T.);
#2287 = EDGE_CURVE('',#2255,#2288,#2290,.T.);
#2288 = VERTEX_POINT('',#2289);
#2289 = CARTESIAN_POINT('',(6.11940108685,-34.6,4.80000001748));
#2290 = SURFACE_CURVE('',#2291,(#2295,#2302),.PCURVE_S1.);
#2291 = LINE('',#2292,#2293);
#2292 = CARTESIAN_POINT('',(8.428802173701,-34.6,0.8));
#2293 = VECTOR('',#2294,1.);
#2294 = DIRECTION('',(-0.5,9.614813431918E-17,0.866025403784));
#2295 = PCURVE('',#2263,#2296);
#2296 = DEFINITIONAL_REPRESENTATION('',(#2297),#2301);
#2297 = LINE('',#2298,#2299);
#2298 = CARTESIAN_POINT('',(-3.845925372767E-17,-2.4));
#2299 = VECTOR('',#2300,1.);
#2300 = DIRECTION('',(1.,0.));
#2301 = ( GEOMETRIC_REPRESENTATION_CONTEXT(2) 
PARAMETRIC_REPRESENTATION_CONTEXT() REPRESENTATION_CONTEXT('2D SPACE',''
  ) );
#2302 = PCURVE('',#2303,#2308);
#2303 = PLANE('',#2304);
#2304 = AXIS2_PLACEMENT_3D('',#2305,#2306,#2307);
#2305 = CARTESIAN_POINT('',(3.81,-34.6,0.8));
#2306 = DIRECTION('',(0.,-1.,1.110223024625E-16));
#2307 = DIRECTION('',(1.,0.,0.));
#2308 = DEFINITIONAL_REPRESENTATION('',(#2309),#2313);
#2309 = LINE('',#2310,#2311);
#2310 = CARTESIAN_POINT('',(4.618802173701,-2.22044604925E-16));
#2311 = VECTOR('',#2312,1.);
#2312 = DIRECTION('',(-0.5,0.866025403784));
#2313 = ( GEOMETRIC_REPRESENTATION_CONTEXT(2) 
PARAMETRIC_REPRESENTATION_CONTEXT() REPRESENTATION_CONTEXT('2D SPACE',''
  ) );
#2314 = ORIENTED_EDGE('',*,*,#2315,.F.);
#2315 = EDGE_CURVE('',#2316,#2288,#2318,.T.);
#2316 = VERTEX_POINT('',#2317);
#2317 = CARTESIAN_POINT('',(6.11940108685,-32.2,4.80000001748));
#2318 = SURFACE_CURVE('',#2319,(#2323,#2330),.PCURVE_S1.);
#2319 = LINE('',#2320,#2321);
#2320 = CARTESIAN_POINT('',(6.11940108685,-32.2,4.80000001748));
#2321 = VECTOR('',#2322,1.);
#2322 = DIRECTION('',(0.,-1.,1.110223024625E-16));
#2323 = PCURVE('',#2263,#2324);
#2324 = DEFINITIONAL_REPRESENTATION('',(#2325),#2329);
#2325 = LINE('',#2326,#2327);
#2326 = CARTESIAN_POINT('',(4.618802173701,-4.440892117907E-16));
#2327 = VECTOR('',#2328,1.);
#2328 = DIRECTION('',(0.,-1.));
#2329 = ( GEOMETRIC_REPRESENTATION_CONTEXT(2) 
PARAMETRIC_REPRESENTATION_CONTEXT() REPRESENTATION_CONTEXT('2D SPACE',''
  ) );
#2330 = PCURVE('',#2331,#2336);
#2331 = PLANE('',#2332);
#2332 = AXIS2_PLACEMENT_3D('',#2333,#2334,#2335);
#2333 = CARTESIAN_POINT('',(6.11940108685,-32.2,4.80000001748));
#2334 = DIRECTION('',(-1.92296267798E-16,-1.110223024625E-16,-1.));
#2335 = DIRECTION('',(-1.,2.134917440589E-32,1.92296267798E-16));
#2336 = DEFINITIONAL_REPRESENTATION('',(#2337),#2341);
#2337 = LINE('',#2338,#2339);
#2338 = CARTESIAN_POINT('',(0.,0.));
#2339 = VECTOR('',#2340,1.);
#2340 = DIRECTION('',(0.,-1.));
#2341 = ( GEOMETRIC_REPRESENTATION_CONTEXT(2) 
PARAMETRIC_REPRESENTATION_CONTEXT() REPRESENTATION_CONTEXT('2D SPACE',''
  ) );
#2342 = ORIENTED_EDGE('',*,*,#2343,.F.);
#2343 = EDGE_CURVE('',#2253,#2316,#2344,.T.);
#2344 = SURFACE_CURVE('',#2345,(#2349,#2356),.PCURVE_S1.);
#2345 = LINE('',#2346,#2347);
#2346 = CARTESIAN_POINT('',(8.428802173701,-32.2,0.8));
#2347 = VECTOR('',#2348,1.);
#2348 = DIRECTION('',(-0.5,9.614813431918E-17,0.866025403784));
#2349 = PCURVE('',#2263,#2350);
#2350 = DEFINITIONAL_REPRESENTATION('',(#2351),#2355);
#2351 = LINE('',#2352,#2353);
#2352 = CARTESIAN_POINT('',(0.,0.));
#2353 = VECTOR('',#2354,1.);
#2354 = DIRECTION('',(1.,0.));
#2355 = ( GEOMETRIC_REPRESENTATION_CONTEXT(2) 
PARAMETRIC_REPRESENTATION_CONTEXT() REPRESENTATION_CONTEXT('2D SPACE',''
  ) );
#2356 = PCURVE('',#2357,#2362);
#2357 = PLANE('',#2358);
#2358 = AXIS2_PLACEMENT_3D('',#2359,#2360,#2361);
#2359 = CARTESIAN_POINT('',(3.81,-32.2,0.8));
#2360 = DIRECTION('',(0.,-1.,1.110223024625E-16));
#2361 = DIRECTION('',(1.,0.,0.));
#2362 = DEFINITIONAL_REPRESENTATION('',(#2363),#2367);
#2363 = LINE('',#2364,#2365);
#2364 = CARTESIAN_POINT('',(4.618802173701,-1.110223024625E-16));
#2365 = VECTOR('',#2366,1.);
#2366 = DIRECTION('',(-0.5,0.866025403784));
#2367 = ( GEOMETRIC_REPRESENTATION_CONTEXT(2) 
PARAMETRIC_REPRESENTATION_CONTEXT() REPRESENTATION_CONTEXT('2D SPACE',''
  ) );
#2368 = ADVANCED_FACE('',(#2369),#2275,.F.);
#2369 = FACE_BOUND('',#2370,.F.);
#2370 = EDGE_LOOP('',(#2371,#2401,#2422,#2423));
#2371 = ORIENTED_EDGE('',*,*,#2372,.T.);
#2372 = EDGE_CURVE('',#2373,#2375,#2377,.T.);
#2373 = VERTEX_POINT('',#2374);
#2374 = CARTESIAN_POINT('',(6.11940108685,-32.2,-3.20000001748));
#2375 = VERTEX_POINT('',#2376);
#2376 = CARTESIAN_POINT('',(6.11940108685,-34.6,-3.20000001748));
#2377 = SURFACE_CURVE('',#2378,(#2382,#2389),.PCURVE_S1.);
#2378 = LINE('',#2379,#2380);
#2379 = CARTESIAN_POINT('',(6.11940108685,-32.2,-3.20000001748));
#2380 = VECTOR('',#2381,1.);
#2381 = DIRECTION('',(0.,-1.,1.110223024625E-16));
#2382 = PCURVE('',#2275,#2383);
#2383 = DEFINITIONAL_REPRESENTATION('',(#2384),#2388);
#2384 = LINE('',#2385,#2386);
#2385 = CARTESIAN_POINT('',(0.,0.));
#2386 = VECTOR('',#2387,1.);
#2387 = DIRECTION('',(0.,-1.));
#2388 = ( GEOMETRIC_REPRESENTATION_CONTEXT(2) 
PARAMETRIC_REPRESENTATION_CONTEXT() REPRESENTATION_CONTEXT('2D SPACE',''
  ) );
#2389 = PCURVE('',#2390,#2395);
#2390 = PLANE('',#2391);
#2391 = AXIS2_PLACEMENT_3D('',#2392,#2393,#2394);
#2392 = CARTESIAN_POINT('',(1.50059891315,-32.2,-3.20000001748));
#2393 = DIRECTION('',(5.768888033941E-16,1.110223024625E-16,1.));
#2394 = DIRECTION('',(1.,-6.404752321766E-32,-5.768888033941E-16));
#2395 = DEFINITIONAL_REPRESENTATION('',(#2396),#2400);
#2396 = LINE('',#2397,#2398);
#2397 = CARTESIAN_POINT('',(4.618802173701,2.958228394579E-31));
#2398 = VECTOR('',#2399,1.);
#2399 = DIRECTION('',(0.,-1.));
#2400 = ( GEOMETRIC_REPRESENTATION_CONTEXT(2) 
PARAMETRIC_REPRESENTATION_CONTEXT() REPRESENTATION_CONTEXT('2D SPACE',''
  ) );
#2401 = ORIENTED_EDGE('',*,*,#2402,.T.);
#2402 = EDGE_CURVE('',#2375,#2255,#2403,.T.);
#2403 = SURFACE_CURVE('',#2404,(#2408,#2415),.PCURVE_S1.);
#2404 = LINE('',#2405,#2406);
#2405 = CARTESIAN_POINT('',(6.11940108685,-34.6,-3.20000001748));
#2406 = VECTOR('',#2407,1.);
#2407 = DIRECTION('',(0.5,9.614813431918E-17,0.866025403784));
#2408 = PCURVE('',#2275,#2409);
#2409 = DEFINITIONAL_REPRESENTATION('',(#2410),#2414);
#2410 = LINE('',#2411,#2412);
#2411 = CARTESIAN_POINT('',(-2.30755522366E-16,-2.4));
#2412 = VECTOR('',#2413,1.);
#2413 = DIRECTION('',(1.,0.));
#2414 = ( GEOMETRIC_REPRESENTATION_CONTEXT(2) 
PARAMETRIC_REPRESENTATION_CONTEXT() REPRESENTATION_CONTEXT('2D SPACE',''
  ) );
#2415 = PCURVE('',#2303,#2416);
#2416 = DEFINITIONAL_REPRESENTATION('',(#2417),#2421);
#2417 = LINE('',#2418,#2419);
#2418 = CARTESIAN_POINT('',(2.30940108685,-4.00000001748));
#2419 = VECTOR('',#2420,1.);
#2420 = DIRECTION('',(0.5,0.866025403784));
#2421 = ( GEOMETRIC_REPRESENTATION_CONTEXT(2) 
PARAMETRIC_REPRESENTATION_CONTEXT() REPRESENTATION_CONTEXT('2D SPACE',''
  ) );
#2422 = ORIENTED_EDGE('',*,*,#2252,.F.);
#2423 = ORIENTED_EDGE('',*,*,#2424,.F.);
#2424 = EDGE_CURVE('',#2373,#2253,#2425,.T.);
#2425 = SURFACE_CURVE('',#2426,(#2430,#2437),.PCURVE_S1.);
#2426 = LINE('',#2427,#2428);
#2427 = CARTESIAN_POINT('',(6.11940108685,-32.2,-3.20000001748));
#2428 = VECTOR('',#2429,1.);
#2429 = DIRECTION('',(0.5,9.614813431918E-17,0.866025403784));
#2430 = PCURVE('',#2275,#2431);
#2431 = DEFINITIONAL_REPRESENTATION('',(#2432),#2436);
#2432 = LINE('',#2433,#2434);
#2433 = CARTESIAN_POINT('',(0.,0.));
#2434 = VECTOR('',#2435,1.);
#2435 = DIRECTION('',(1.,0.));
#2436 = ( GEOMETRIC_REPRESENTATION_CONTEXT(2) 
PARAMETRIC_REPRESENTATION_CONTEXT() REPRESENTATION_CONTEXT('2D SPACE',''
  ) );
#2437 = PCURVE('',#2357,#2438);
#2438 = DEFINITIONAL_REPRESENTATION('',(#2439),#2443);
#2439 = LINE('',#2440,#2441);
#2440 = CARTESIAN_POINT('',(2.30940108685,-4.00000001748));
#2441 = VECTOR('',#2442,1.);
#2442 = DIRECTION('',(0.5,0.866025403784));
#2443 = ( GEOMETRIC_REPRESENTATION_CONTEXT(2) 
PARAMETRIC_REPRESENTATION_CONTEXT() REPRESENTATION_CONTEXT('2D SPACE',''
  ) );
#2444 = ADVANCED_FACE('',(#2445),#2331,.F.);
#2445 = FACE_BOUND('',#2446,.F.);
#2446 = EDGE_LOOP('',(#2447,#2448,#2471,#2499));
#2447 = ORIENTED_EDGE('',*,*,#2315,.T.);
#2448 = ORIENTED_EDGE('',*,*,#2449,.T.);
#2449 = EDGE_CURVE('',#2288,#2450,#2452,.T.);
#2450 = VERTEX_POINT('',#2451);
#2451 = CARTESIAN_POINT('',(1.50059891315,-34.6,4.80000001748));
#2452 = SURFACE_CURVE('',#2453,(#2457,#2464),.PCURVE_S1.);
#2453 = LINE('',#2454,#2455);
#2454 = CARTESIAN_POINT('',(6.11940108685,-34.6,4.80000001748));
#2455 = VECTOR('',#2456,1.);
#2456 = DIRECTION('',(-1.,2.134917440589E-32,1.92296267798E-16));
#2457 = PCURVE('',#2331,#2458);
#2458 = DEFINITIONAL_REPRESENTATION('',(#2459),#2463);
#2459 = LINE('',#2460,#2461);
#2460 = CARTESIAN_POINT('',(-5.123801857413E-32,-2.4));
#2461 = VECTOR('',#2462,1.);
#2462 = DIRECTION('',(1.,0.));
#2463 = ( GEOMETRIC_REPRESENTATION_CONTEXT(2) 
PARAMETRIC_REPRESENTATION_CONTEXT() REPRESENTATION_CONTEXT('2D SPACE',''
  ) );
#2464 = PCURVE('',#2303,#2465);
#2465 = DEFINITIONAL_REPRESENTATION('',(#2466),#2470);
#2466 = LINE('',#2467,#2468);
#2467 = CARTESIAN_POINT('',(2.30940108685,4.00000001748));
#2468 = VECTOR('',#2469,1.);
#2469 = DIRECTION('',(-1.,1.92296267798E-16));
#2470 = ( GEOMETRIC_REPRESENTATION_CONTEXT(2) 
PARAMETRIC_REPRESENTATION_CONTEXT() REPRESENTATION_CONTEXT('2D SPACE',''
  ) );
#2471 = ORIENTED_EDGE('',*,*,#2472,.F.);
#2472 = EDGE_CURVE('',#2473,#2450,#2475,.T.);
#2473 = VERTEX_POINT('',#2474);
#2474 = CARTESIAN_POINT('',(1.50059891315,-32.2,4.80000001748));
#2475 = SURFACE_CURVE('',#2476,(#2480,#2487),.PCURVE_S1.);
#2476 = LINE('',#2477,#2478);
#2477 = CARTESIAN_POINT('',(1.50059891315,-32.2,4.80000001748));
#2478 = VECTOR('',#2479,1.);
#2479 = DIRECTION('',(0.,-1.,1.110223024625E-16));
#2480 = PCURVE('',#2331,#2481);
#2481 = DEFINITIONAL_REPRESENTATION('',(#2482),#2486);
#2482 = LINE('',#2483,#2484);
#2483 = CARTESIAN_POINT('',(4.618802173701,-9.860761315263E-32));
#2484 = VECTOR('',#2485,1.);
#2485 = DIRECTION('',(0.,-1.));
#2486 = ( GEOMETRIC_REPRESENTATION_CONTEXT(2) 
PARAMETRIC_REPRESENTATION_CONTEXT() REPRESENTATION_CONTEXT('2D SPACE',''
  ) );
#2487 = PCURVE('',#2488,#2493);
#2488 = PLANE('',#2489);
#2489 = AXIS2_PLACEMENT_3D('',#2490,#2491,#2492);
#2490 = CARTESIAN_POINT('',(1.50059891315,-32.2,4.80000001748));
#2491 = DIRECTION('',(0.866025403784,-5.551115123126E-17,-0.5));
#2492 = DIRECTION('',(-0.5,-9.614813431918E-17,-0.866025403784));
#2493 = DEFINITIONAL_REPRESENTATION('',(#2494),#2498);
#2494 = LINE('',#2495,#2496);
#2495 = CARTESIAN_POINT('',(-0.,0.));
#2496 = VECTOR('',#2497,1.);
#2497 = DIRECTION('',(0.,-1.));
#2498 = ( GEOMETRIC_REPRESENTATION_CONTEXT(2) 
PARAMETRIC_REPRESENTATION_CONTEXT() REPRESENTATION_CONTEXT('2D SPACE',''
  ) );
#2499 = ORIENTED_EDGE('',*,*,#2500,.F.);
#2500 = EDGE_CURVE('',#2316,#2473,#2501,.T.);
#2501 = SURFACE_CURVE('',#2502,(#2506,#2513),.PCURVE_S1.);
#2502 = LINE('',#2503,#2504);
#2503 = CARTESIAN_POINT('',(6.11940108685,-32.2,4.80000001748));
#2504 = VECTOR('',#2505,1.);
#2505 = DIRECTION('',(-1.,2.134917440589E-32,1.92296267798E-16));
#2506 = PCURVE('',#2331,#2507);
#2507 = DEFINITIONAL_REPRESENTATION('',(#2508),#2512);
#2508 = LINE('',#2509,#2510);
#2509 = CARTESIAN_POINT('',(0.,0.));
#2510 = VECTOR('',#2511,1.);
#2511 = DIRECTION('',(1.,0.));
#2512 = ( GEOMETRIC_REPRESENTATION_CONTEXT(2) 
PARAMETRIC_REPRESENTATION_CONTEXT() REPRESENTATION_CONTEXT('2D SPACE',''
  ) );
#2513 = PCURVE('',#2357,#2514);
#2514 = DEFINITIONAL_REPRESENTATION('',(#2515),#2519);
#2515 = LINE('',#2516,#2517);
#2516 = CARTESIAN_POINT('',(2.30940108685,4.00000001748));
#2517 = VECTOR('',#2518,1.);
#2518 = DIRECTION('',(-1.,1.92296267798E-16));
#2519 = ( GEOMETRIC_REPRESENTATION_CONTEXT(2) 
PARAMETRIC_REPRESENTATION_CONTEXT() REPRESENTATION_CONTEXT('2D SPACE',''
  ) );
#2520 = ADVANCED_FACE('',(#2521,#2598),#2357,.F.);
#2521 = FACE_BOUND('',#2522,.F.);
#2522 = EDGE_LOOP('',(#2523,#2524,#2525,#2548,#2576,#2597));
#2523 = ORIENTED_EDGE('',*,*,#2343,.T.);
#2524 = ORIENTED_EDGE('',*,*,#2500,.T.);
#2525 = ORIENTED_EDGE('',*,*,#2526,.T.);
#2526 = EDGE_CURVE('',#2473,#2527,#2529,.T.);
#2527 = VERTEX_POINT('',#2528);
#2528 = CARTESIAN_POINT('',(-0.808802173701,-32.2,0.8));
#2529 = SURFACE_CURVE('',#2530,(#2534,#2541),.PCURVE_S1.);
#2530 = LINE('',#2531,#2532);
#2531 = CARTESIAN_POINT('',(1.50059891315,-32.2,4.80000001748));
#2532 = VECTOR('',#2533,1.);
#2533 = DIRECTION('',(-0.5,-9.614813431918E-17,-0.866025403784));
#2534 = PCURVE('',#2357,#2535);
#2535 = DEFINITIONAL_REPRESENTATION('',(#2536),#2540);
#2536 = LINE('',#2537,#2538);
#2537 = CARTESIAN_POINT('',(-2.30940108685,4.00000001748));
#2538 = VECTOR('',#2539,1.);
#2539 = DIRECTION('',(-0.5,-0.866025403784));
#2540 = ( GEOMETRIC_REPRESENTATION_CONTEXT(2) 
PARAMETRIC_REPRESENTATION_CONTEXT() REPRESENTATION_CONTEXT('2D SPACE',''
  ) );
#2541 = PCURVE('',#2488,#2542);
#2542 = DEFINITIONAL_REPRESENTATION('',(#2543),#2547);
#2543 = LINE('',#2544,#2545);
#2544 = CARTESIAN_POINT('',(-0.,0.));
#2545 = VECTOR('',#2546,1.);
#2546 = DIRECTION('',(1.,0.));
#2547 = ( GEOMETRIC_REPRESENTATION_CONTEXT(2) 
PARAMETRIC_REPRESENTATION_CONTEXT() REPRESENTATION_CONTEXT('2D SPACE',''
  ) );
#2548 = ORIENTED_EDGE('',*,*,#2549,.T.);
#2549 = EDGE_CURVE('',#2527,#2550,#2552,.T.);
#2550 = VERTEX_POINT('',#2551);
#2551 = CARTESIAN_POINT('',(1.50059891315,-32.2,-3.20000001748));
#2552 = SURFACE_CURVE('',#2553,(#2557,#2564),.PCURVE_S1.);
#2553 = LINE('',#2554,#2555);
#2554 = CARTESIAN_POINT('',(-0.808802173701,-32.2,0.8));
#2555 = VECTOR('',#2556,1.);
#2556 = DIRECTION('',(0.5,-9.614813431918E-17,-0.866025403784));
#2557 = PCURVE('',#2357,#2558);
#2558 = DEFINITIONAL_REPRESENTATION('',(#2559),#2563);
#2559 = LINE('',#2560,#2561);
#2560 = CARTESIAN_POINT('',(-4.618802173701,4.440892098501E-16));
#2561 = VECTOR('',#2562,1.);
#2562 = DIRECTION('',(0.5,-0.866025403784));
#2563 = ( GEOMETRIC_REPRESENTATION_CONTEXT(2) 
PARAMETRIC_REPRESENTATION_CONTEXT() REPRESENTATION_CONTEXT('2D SPACE',''
  ) );
#2564 = PCURVE('',#2565,#2570);
#2565 = PLANE('',#2566);
#2566 = AXIS2_PLACEMENT_3D('',#2567,#2568,#2569);
#2567 = CARTESIAN_POINT('',(-0.808802173701,-32.2,0.8));
#2568 = DIRECTION('',(0.866025403784,5.551115123126E-17,0.5));
#2569 = DIRECTION('',(0.5,-9.614813431918E-17,-0.866025403784));
#2570 = DEFINITIONAL_REPRESENTATION('',(#2571),#2575);
#2571 = LINE('',#2572,#2573);
#2572 = CARTESIAN_POINT('',(0.,0.));
#2573 = VECTOR('',#2574,1.);
#2574 = DIRECTION('',(1.,0.));
#2575 = ( GEOMETRIC_REPRESENTATION_CONTEXT(2) 
PARAMETRIC_REPRESENTATION_CONTEXT() REPRESENTATION_CONTEXT('2D SPACE',''
  ) );
#2576 = ORIENTED_EDGE('',*,*,#2577,.T.);
#2577 = EDGE_CURVE('',#2550,#2373,#2578,.T.);
#2578 = SURFACE_CURVE('',#2579,(#2583,#2590),.PCURVE_S1.);
#2579 = LINE('',#2580,#2581);
#2580 = CARTESIAN_POINT('',(1.50059891315,-32.2,-3.20000001748));
#2581 = VECTOR('',#2582,1.);
#2582 = DIRECTION('',(1.,-6.404752321766E-32,-5.768888033941E-16));
#2583 = PCURVE('',#2357,#2584);
#2584 = DEFINITIONAL_REPRESENTATION('',(#2585),#2589);
#2585 = LINE('',#2586,#2587);
#2586 = CARTESIAN_POINT('',(-2.30940108685,-4.00000001748));
#2587 = VECTOR('',#2588,1.);
#2588 = DIRECTION('',(1.,-5.768888033941E-16));
#2589 = ( GEOMETRIC_REPRESENTATION_CONTEXT(2) 
PARAMETRIC_REPRESENTATION_CONTEXT() REPRESENTATION_CONTEXT('2D SPACE',''
  ) );
#2590 = PCURVE('',#2390,#2591);
#2591 = DEFINITIONAL_REPRESENTATION('',(#2592),#2596);
#2592 = LINE('',#2593,#2594);
#2593 = CARTESIAN_POINT('',(0.,0.));
#2594 = VECTOR('',#2595,1.);
#2595 = DIRECTION('',(1.,0.));
#2596 = ( GEOMETRIC_REPRESENTATION_CONTEXT(2) 
PARAMETRIC_REPRESENTATION_CONTEXT() REPRESENTATION_CONTEXT('2D SPACE',''
  ) );
#2597 = ORIENTED_EDGE('',*,*,#2424,.T.);
#2598 = FACE_BOUND('',#2599,.F.);
#2599 = EDGE_LOOP('',(#2600));
#2600 = ORIENTED_EDGE('',*,*,#2601,.F.);
#2601 = EDGE_CURVE('',#2602,#2602,#2604,.T.);
#2602 = VERTEX_POINT('',#2603);
#2603 = CARTESIAN_POINT('',(7.01,-32.2,0.8));
#2604 = SURFACE_CURVE('',#2605,(#2610,#2617),.PCURVE_S1.);
#2605 = CIRCLE('',#2606,3.2);
#2606 = AXIS2_PLACEMENT_3D('',#2607,#2608,#2609);
#2607 = CARTESIAN_POINT('',(3.81,-32.2,0.8));
#2608 = DIRECTION('',(0.,-1.,1.110223024625E-16));
#2609 = DIRECTION('',(1.,0.,0.));
#2610 = PCURVE('',#2357,#2611);
#2611 = DEFINITIONAL_REPRESENTATION('',(#2612),#2616);
#2612 = CIRCLE('',#2613,3.2);
#2613 = AXIS2_PLACEMENT_2D('',#2614,#2615);
#2614 = CARTESIAN_POINT('',(0.,-1.110223024625E-16));
#2615 = DIRECTION('',(1.,0.));
#2616 = ( GEOMETRIC_REPRESENTATION_CONTEXT(2) 
PARAMETRIC_REPRESENTATION_CONTEXT() REPRESENTATION_CONTEXT('2D SPACE',''
  ) );
#2617 = PCURVE('',#2618,#2623);
#2618 = CYLINDRICAL_SURFACE('',#2619,3.2);
#2619 = AXIS2_PLACEMENT_3D('',#2620,#2621,#2622);
#2620 = CARTESIAN_POINT('',(3.81,-32.2,0.8));
#2621 = DIRECTION('',(-0.,1.,-1.110223024625E-16));
#2622 = DIRECTION('',(1.,0.,0.));
#2623 = DEFINITIONAL_REPRESENTATION('',(#2624),#2628);
#2624 = LINE('',#2625,#2626);
#2625 = CARTESIAN_POINT('',(-0.,0.));
#2626 = VECTOR('',#2627,1.);
#2627 = DIRECTION('',(-1.,0.));
#2628 = ( GEOMETRIC_REPRESENTATION_CONTEXT(2) 
PARAMETRIC_REPRESENTATION_CONTEXT() REPRESENTATION_CONTEXT('2D SPACE',''
  ) );
#2629 = ADVANCED_FACE('',(#2630,#2702),#2303,.T.);
#2630 = FACE_BOUND('',#2631,.T.);
#2631 = EDGE_LOOP('',(#2632,#2633,#2634,#2657,#2680,#2701));
#2632 = ORIENTED_EDGE('',*,*,#2287,.T.);
#2633 = ORIENTED_EDGE('',*,*,#2449,.T.);
#2634 = ORIENTED_EDGE('',*,*,#2635,.T.);
#2635 = EDGE_CURVE('',#2450,#2636,#2638,.T.);
#2636 = VERTEX_POINT('',#2637);
#2637 = CARTESIAN_POINT('',(-0.808802173701,-34.6,0.8));
#2638 = SURFACE_CURVE('',#2639,(#2643,#2650),.PCURVE_S1.);
#2639 = LINE('',#2640,#2641);
#2640 = CARTESIAN_POINT('',(1.50059891315,-34.6,4.80000001748));
#2641 = VECTOR('',#2642,1.);
#2642 = DIRECTION('',(-0.5,-9.614813431918E-17,-0.866025403784));
#2643 = PCURVE('',#2303,#2644);
#2644 = DEFINITIONAL_REPRESENTATION('',(#2645),#2649);
#2645 = LINE('',#2646,#2647);
#2646 = CARTESIAN_POINT('',(-2.30940108685,4.00000001748));
#2647 = VECTOR('',#2648,1.);
#2648 = DIRECTION('',(-0.5,-0.866025403784));
#2649 = ( GEOMETRIC_REPRESENTATION_CONTEXT(2) 
PARAMETRIC_REPRESENTATION_CONTEXT() REPRESENTATION_CONTEXT('2D SPACE',''
  ) );
#2650 = PCURVE('',#2488,#2651);
#2651 = DEFINITIONAL_REPRESENTATION('',(#2652),#2656);
#2652 = LINE('',#2653,#2654);
#2653 = CARTESIAN_POINT('',(3.417778248285E-16,-2.4));
#2654 = VECTOR('',#2655,1.);
#2655 = DIRECTION('',(1.,0.));
#2656 = ( GEOMETRIC_REPRESENTATION_CONTEXT(2) 
PARAMETRIC_REPRESENTATION_CONTEXT() REPRESENTATION_CONTEXT('2D SPACE',''
  ) );
#2657 = ORIENTED_EDGE('',*,*,#2658,.T.);
#2658 = EDGE_CURVE('',#2636,#2659,#2661,.T.);
#2659 = VERTEX_POINT('',#2660);
#2660 = CARTESIAN_POINT('',(1.50059891315,-34.6,-3.20000001748));
#2661 = SURFACE_CURVE('',#2662,(#2666,#2673),.PCURVE_S1.);
#2662 = LINE('',#2663,#2664);
#2663 = CARTESIAN_POINT('',(-0.808802173701,-34.6,0.8));
#2664 = VECTOR('',#2665,1.);
#2665 = DIRECTION('',(0.5,-9.614813431918E-17,-0.866025403784));
#2666 = PCURVE('',#2303,#2667);
#2667 = DEFINITIONAL_REPRESENTATION('',(#2668),#2672);
#2668 = LINE('',#2669,#2670);
#2669 = CARTESIAN_POINT('',(-4.618802173701,3.330669073875E-16));
#2670 = VECTOR('',#2671,1.);
#2671 = DIRECTION('',(0.5,-0.866025403784));
#2672 = ( GEOMETRIC_REPRESENTATION_CONTEXT(2) 
PARAMETRIC_REPRESENTATION_CONTEXT() REPRESENTATION_CONTEXT('2D SPACE',''
  ) );
#2673 = PCURVE('',#2565,#2674);
#2674 = DEFINITIONAL_REPRESENTATION('',(#2675),#2679);
#2675 = LINE('',#2676,#2677);
#2676 = CARTESIAN_POINT('',(3.845925372767E-17,-2.4));
#2677 = VECTOR('',#2678,1.);
#2678 = DIRECTION('',(1.,0.));
#2679 = ( GEOMETRIC_REPRESENTATION_CONTEXT(2) 
PARAMETRIC_REPRESENTATION_CONTEXT() REPRESENTATION_CONTEXT('2D SPACE',''
  ) );
#2680 = ORIENTED_EDGE('',*,*,#2681,.T.);
#2681 = EDGE_CURVE('',#2659,#2375,#2682,.T.);
#2682 = SURFACE_CURVE('',#2683,(#2687,#2694),.PCURVE_S1.);
#2683 = LINE('',#2684,#2685);
#2684 = CARTESIAN_POINT('',(1.50059891315,-34.6,-3.20000001748));
#2685 = VECTOR('',#2686,1.);
#2686 = DIRECTION('',(1.,-6.404752321766E-32,-5.768888033941E-16));
#2687 = PCURVE('',#2303,#2688);
#2688 = DEFINITIONAL_REPRESENTATION('',(#2689),#2693);
#2689 = LINE('',#2690,#2691);
#2690 = CARTESIAN_POINT('',(-2.30940108685,-4.00000001748));
#2691 = VECTOR('',#2692,1.);
#2692 = DIRECTION('',(1.,-5.768888033941E-16));
#2693 = ( GEOMETRIC_REPRESENTATION_CONTEXT(2) 
PARAMETRIC_REPRESENTATION_CONTEXT() REPRESENTATION_CONTEXT('2D SPACE',''
  ) );
#2694 = PCURVE('',#2390,#2695);
#2695 = DEFINITIONAL_REPRESENTATION('',(#2696),#2700);
#2696 = LINE('',#2697,#2698);
#2697 = CARTESIAN_POINT('',(-1.024760371483E-31,-2.4));
#2698 = VECTOR('',#2699,1.);
#2699 = DIRECTION('',(1.,0.));
#2700 = ( GEOMETRIC_REPRESENTATION_CONTEXT(2) 
PARAMETRIC_REPRESENTATION_CONTEXT() REPRESENTATION_CONTEXT('2D SPACE',''
  ) );
#2701 = ORIENTED_EDGE('',*,*,#2402,.T.);
#2702 = FACE_BOUND('',#2703,.T.);
#2703 = EDGE_LOOP('',(#2704));
#2704 = ORIENTED_EDGE('',*,*,#2705,.F.);
#2705 = EDGE_CURVE('',#2706,#2706,#2708,.T.);
#2706 = VERTEX_POINT('',#2707);
#2707 = CARTESIAN_POINT('',(7.01,-34.6,0.8));
#2708 = SURFACE_CURVE('',#2709,(#2714,#2721),.PCURVE_S1.);
#2709 = CIRCLE('',#2710,3.2);
#2710 = AXIS2_PLACEMENT_3D('',#2711,#2712,#2713);
#2711 = CARTESIAN_POINT('',(3.81,-34.6,0.8));
#2712 = DIRECTION('',(0.,-1.,1.110223024625E-16));
#2713 = DIRECTION('',(1.,0.,0.));
#2714 = PCURVE('',#2303,#2715);
#2715 = DEFINITIONAL_REPRESENTATION('',(#2716),#2720);
#2716 = CIRCLE('',#2717,3.2);
#2717 = AXIS2_PLACEMENT_2D('',#2718,#2719);
#2718 = CARTESIAN_POINT('',(0.,-2.22044604925E-16));
#2719 = DIRECTION('',(1.,0.));
#2720 = ( GEOMETRIC_REPRESENTATION_CONTEXT(2) 
PARAMETRIC_REPRESENTATION_CONTEXT() REPRESENTATION_CONTEXT('2D SPACE',''
  ) );
#2721 = PCURVE('',#2618,#2722);
#2722 = DEFINITIONAL_REPRESENTATION('',(#2723),#2727);
#2723 = LINE('',#2724,#2725);
#2724 = CARTESIAN_POINT('',(-0.,-2.4));
#2725 = VECTOR('',#2726,1.);
#2726 = DIRECTION('',(-1.,0.));
#2727 = ( GEOMETRIC_REPRESENTATION_CONTEXT(2) 
PARAMETRIC_REPRESENTATION_CONTEXT() REPRESENTATION_CONTEXT('2D SPACE',''
  ) );
#2728 = ADVANCED_FACE('',(#2729),#2390,.F.);
#2729 = FACE_BOUND('',#2730,.F.);
#2730 = EDGE_LOOP('',(#2731,#2752,#2753,#2754));
#2731 = ORIENTED_EDGE('',*,*,#2732,.T.);
#2732 = EDGE_CURVE('',#2550,#2659,#2733,.T.);
#2733 = SURFACE_CURVE('',#2734,(#2738,#2745),.PCURVE_S1.);
#2734 = LINE('',#2735,#2736);
#2735 = CARTESIAN_POINT('',(1.50059891315,-32.2,-3.20000001748));
#2736 = VECTOR('',#2737,1.);
#2737 = DIRECTION('',(0.,-1.,1.110223024625E-16));
#2738 = PCURVE('',#2390,#2739);
#2739 = DEFINITIONAL_REPRESENTATION('',(#2740),#2744);
#2740 = LINE('',#2741,#2742);
#2741 = CARTESIAN_POINT('',(0.,0.));
#2742 = VECTOR('',#2743,1.);
#2743 = DIRECTION('',(0.,-1.));
#2744 = ( GEOMETRIC_REPRESENTATION_CONTEXT(2) 
PARAMETRIC_REPRESENTATION_CONTEXT() REPRESENTATION_CONTEXT('2D SPACE',''
  ) );
#2745 = PCURVE('',#2565,#2746);
#2746 = DEFINITIONAL_REPRESENTATION('',(#2747),#2751);
#2747 = LINE('',#2748,#2749);
#2748 = CARTESIAN_POINT('',(4.618802173701,4.440892117907E-16));
#2749 = VECTOR('',#2750,1.);
#2750 = DIRECTION('',(0.,-1.));
#2751 = ( GEOMETRIC_REPRESENTATION_CONTEXT(2) 
PARAMETRIC_REPRESENTATION_CONTEXT() REPRESENTATION_CONTEXT('2D SPACE',''
  ) );
#2752 = ORIENTED_EDGE('',*,*,#2681,.T.);
#2753 = ORIENTED_EDGE('',*,*,#2372,.F.);
#2754 = ORIENTED_EDGE('',*,*,#2577,.F.);
#2755 = ADVANCED_FACE('',(#2756),#2488,.F.);
#2756 = FACE_BOUND('',#2757,.F.);
#2757 = EDGE_LOOP('',(#2758,#2759,#2760,#2781));
#2758 = ORIENTED_EDGE('',*,*,#2472,.T.);
#2759 = ORIENTED_EDGE('',*,*,#2635,.T.);
#2760 = ORIENTED_EDGE('',*,*,#2761,.F.);
#2761 = EDGE_CURVE('',#2527,#2636,#2762,.T.);
#2762 = SURFACE_CURVE('',#2763,(#2767,#2774),.PCURVE_S1.);
#2763 = LINE('',#2764,#2765);
#2764 = CARTESIAN_POINT('',(-0.808802173701,-32.2,0.8));
#2765 = VECTOR('',#2766,1.);
#2766 = DIRECTION('',(0.,-1.,1.110223024625E-16));
#2767 = PCURVE('',#2488,#2768);
#2768 = DEFINITIONAL_REPRESENTATION('',(#2769),#2773);
#2769 = LINE('',#2770,#2771);
#2770 = CARTESIAN_POINT('',(4.618802173701,4.440892117907E-16));
#2771 = VECTOR('',#2772,1.);
#2772 = DIRECTION('',(0.,-1.));
#2773 = ( GEOMETRIC_REPRESENTATION_CONTEXT(2) 
PARAMETRIC_REPRESENTATION_CONTEXT() REPRESENTATION_CONTEXT('2D SPACE',''
  ) );
#2774 = PCURVE('',#2565,#2775);
#2775 = DEFINITIONAL_REPRESENTATION('',(#2776),#2780);
#2776 = LINE('',#2777,#2778);
#2777 = CARTESIAN_POINT('',(0.,0.));
#2778 = VECTOR('',#2779,1.);
#2779 = DIRECTION('',(0.,-1.));
#2780 = ( GEOMETRIC_REPRESENTATION_CONTEXT(2) 
PARAMETRIC_REPRESENTATION_CONTEXT() REPRESENTATION_CONTEXT('2D SPACE',''
  ) );
#2781 = ORIENTED_EDGE('',*,*,#2526,.F.);
#2782 = ADVANCED_FACE('',(#2783),#2565,.F.);
#2783 = FACE_BOUND('',#2784,.F.);
#2784 = EDGE_LOOP('',(#2785,#2786,#2787,#2788));
#2785 = ORIENTED_EDGE('',*,*,#2761,.T.);
#2786 = ORIENTED_EDGE('',*,*,#2658,.T.);
#2787 = ORIENTED_EDGE('',*,*,#2732,.F.);
#2788 = ORIENTED_EDGE('',*,*,#2549,.F.);
#2789 = ADVANCED_FACE('',(#2790),#2618,.F.);
#2790 = FACE_BOUND('',#2791,.T.);
#2791 = EDGE_LOOP('',(#2792,#2813,#2814,#2815));
#2792 = ORIENTED_EDGE('',*,*,#2793,.T.);
#2793 = EDGE_CURVE('',#2602,#2706,#2794,.T.);
#2794 = SEAM_CURVE('',#2795,(#2799,#2806),.PCURVE_S1.);
#2795 = LINE('',#2796,#2797);
#2796 = CARTESIAN_POINT('',(7.01,-32.2,0.8));
#2797 = VECTOR('',#2798,1.);
#2798 = DIRECTION('',(0.,-1.,1.110223024625E-16));
#2799 = PCURVE('',#2618,#2800);
#2800 = DEFINITIONAL_REPRESENTATION('',(#2801),#2805);
#2801 = LINE('',#2802,#2803);
#2802 = CARTESIAN_POINT('',(-0.,0.));
#2803 = VECTOR('',#2804,1.);
#2804 = DIRECTION('',(-0.,-1.));
#2805 = ( GEOMETRIC_REPRESENTATION_CONTEXT(2) 
PARAMETRIC_REPRESENTATION_CONTEXT() REPRESENTATION_CONTEXT('2D SPACE',''
  ) );
#2806 = PCURVE('',#2618,#2807);
#2807 = DEFINITIONAL_REPRESENTATION('',(#2808),#2812);
#2808 = LINE('',#2809,#2810);
#2809 = CARTESIAN_POINT('',(-6.28318530718,0.));
#2810 = VECTOR('',#2811,1.);
#2811 = DIRECTION('',(-0.,-1.));
#2812 = ( GEOMETRIC_REPRESENTATION_CONTEXT(2) 
PARAMETRIC_REPRESENTATION_CONTEXT() REPRESENTATION_CONTEXT('2D SPACE',''
  ) );
#2813 = ORIENTED_EDGE('',*,*,#2705,.T.);
#2814 = ORIENTED_EDGE('',*,*,#2793,.F.);
#2815 = ORIENTED_EDGE('',*,*,#2601,.F.);
#2816 = ( GEOMETRIC_REPRESENTATION_CONTEXT(3) 
GLOBAL_UNCERTAINTY_ASSIGNED_CONTEXT((#2820)) 
GLOBAL_UNIT_ASSIGNED_CONTEXT((#2817,#2818,#2819)) REPRESENTATION_CONTEXT
('Context #1','3D Context with UNIT and UNCERTAINTY') );
#2817 = ( LENGTH_UNIT() NAMED_UNIT(*) SI_UNIT(.MILLI.,.METRE.) );
#2818 = ( NAMED_UNIT(*) PLANE_ANGLE_UNIT() SI_UNIT($,.RADIAN.) );
#2819 = ( NAMED_UNIT(*) SI_UNIT($,.STERADIAN.) SOLID_ANGLE_UNIT() );
#2820 = UNCERTAINTY_MEASURE_WITH_UNIT(LENGTH_MEASURE(1.E-07),#2817,
  'distance_accuracy_value','confusion accuracy');
#2821 = CONTEXT_DEPENDENT_SHAPE_REPRESENTATION(#2822,#2824);
#2822 = ( REPRESENTATION_RELATIONSHIP('','',#2245,#10) 
REPRESENTATION_RELATIONSHIP_WITH_TRANSFORMATION(#2823) 
SHAPE_REPRESENTATION_RELATIONSHIP() );
#2823 = ITEM_DEFINED_TRANSFORMATION('','',#11,#31);
#2824 = PRODUCT_DEFINITION_SHAPE('Placement','Placement of an item',
  #2825);
#2825 = NEXT_ASSEMBLY_USAGE_OCCURRENCE('80','sma_nut_4','',#5,#2240,$);
#2826 = PRODUCT_RELATED_PRODUCT_CATEGORY('part',$,(#2242));
#2827 = MECHANICAL_DESIGN_GEOMETRIC_PRESENTATION_REPRESENTATION('',(
    #2828),#147);
#2828 = STYLED_ITEM('color',(#2829),#49);
#2829 = PRESENTATION_STYLE_ASSIGNMENT((#2830));
#2830 = SURFACE_STYLE_USAGE(.BOTH.,#2831);
#2831 = SURFACE_SIDE_STYLE('',(#2832));
#2832 = SURFACE_STYLE_FILL_AREA(#2833);
#2833 = FILL_AREA_STYLE('',(#2834));
#2834 = FILL_AREA_STYLE_COLOUR('',#2835);
#2835 = COLOUR_RGB('',0.750000000934,0.760000013601,0.78000000177);
#2836 = MECHANICAL_DESIGN_GEOMETRIC_PRESENTATION_REPRESENTATION('',(
    #2837),#1335);
#2837 = STYLED_ITEM('color',(#2838),#166);
#2838 = PRESENTATION_STYLE_ASSIGNMENT((#2839));
#2839 = SURFACE_STYLE_USAGE(.BOTH.,#2840);
#2840 = SURFACE_SIDE_STYLE('',(#2841));
#2841 = SURFACE_STYLE_FILL_AREA(#2842);
#2842 = FILL_AREA_STYLE('',(#2843));
#2843 = FILL_AREA_STYLE_COLOUR('',#2844);
#2844 = COLOUR_RGB('',0.199999998682,0.199999998682,0.219999994989);
#2845 = MECHANICAL_DESIGN_GEOMETRIC_PRESENTATION_REPRESENTATION('',(
    #2846),#2227);
#2846 = STYLED_ITEM('color',(#2847),#2129);
#2847 = PRESENTATION_STYLE_ASSIGNMENT((#2848));
#2848 = SURFACE_STYLE_USAGE(.BOTH.,#2849);
#2849 = SURFACE_SIDE_STYLE('',(#2850));
#2850 = SURFACE_STYLE_FILL_AREA(#2851);
#2851 = FILL_AREA_STYLE('',(#2852));
#2852 = FILL_AREA_STYLE_COLOUR('',#2853);
#2853 = COLOUR_RGB('',0.800000010877,0.649999988539,0.250000000672);
#2854 = MECHANICAL_DESIGN_GEOMETRIC_PRESENTATION_REPRESENTATION('',(
    #2855),#2816);
#2855 = STYLED_ITEM('color',(#2856),#2246);
#2856 = PRESENTATION_STYLE_ASSIGNMENT((#2857));
#2857 = SURFACE_STYLE_USAGE(.BOTH.,#2858);
#2858 = SURFACE_SIDE_STYLE('',(#2859));
#2859 = SURFACE_STYLE_FILL_AREA(#2860);
#2860 = FILL_AREA_STYLE('',(#2861));
#2861 = FILL_AREA_STYLE_COLOUR('',#2835);
#2862 = MECHANICAL_DESIGN_GEOMETRIC_PRESENTATION_REPRESENTATION('',(
    #2863),#2110);
#2863 = STYLED_ITEM('color',(#2864),#1354);
#2864 = PRESENTATION_STYLE_ASSIGNMENT((#2865));
#2865 = SURFACE_STYLE_USAGE(.BOTH.,#2866);
#2866 = SURFACE_SIDE_STYLE('',(#2867));
#2867 = SURFACE_STYLE_FILL_AREA(#2868);
#2868 = FILL_AREA_STYLE('',(#2869));
#2869 = FILL_AREA_STYLE_COLOUR('',#2853);
ENDSEC;
END-ISO-10303-21;
